as_of_date,ticker,headline,news_text,source,url,sentiment_score,bullish_probability,bearish_probability,neutral_probability,sentiment_category,confidence
2025-04-30 05:49:04,BA,Three Reasons To Watch This Boeing Supplier — And One Point Of Caution,Three Reasons To Watch This Boeing Supplier — And One Point Of Caution,DowJones,https://finnhub.io/api/news?id=6746be888069ff502b692f76d5e84c8fc0e33ad13b2cdd302d738776a812c70a,0.0594653598760979,0.0812019903577234,0.0217366304816255,0.8970613791606511,bullish,0.8970613791606511
2025-04-30 04:00:00,BA,Boeing 787 Dreamliner Fleet Eclipses 1 Billion Passengers,"Boeing [NYSE: BA] shared today that the 787 Dreamliner fleet has surpassed 1 billion passengers faster than any widebody commercial airplane in history, accomplishing the feat in less than 14 years since entering service. The global 787 fleet of more than 1,175 airplanes has flown nearly 5 million flights covering more than 30 million flight hours.",Yahoo,https://finnhub.io/api/news?id=232895e74aa86d16bb5d884f7ca65fbe7101f5603267ccd0a19e885bb391ffa7,0.0888868269200414,0.1041823238481442,0.0152954969281028,0.8805221792237529,bullish,0.8805221792237529
2025-04-30 02:03:58,BA,Howmet (HWM) Q1 Earnings Report Preview: What To Look For,Aerospace and defense company Howmet (NYSE:HWM) will be announcing earnings results tomorrow before market hours. Here’s what to expect.,Yahoo,https://finnhub.io/api/news?id=6285f00c065a1458aed022b4ead67b173f1ff22d4e5a9f75ce7a55a8c7ce1a41,-0.0204885414969602,0.0244626513702323,0.0449511928671926,0.930586155762575,neutral,0.930586155762575
2025-04-29 19:39:00,BA,“We’ll Happily Take Them All”: Boeing Stock (NYSE:BA) Gains as Another Buyer for the Chinese Planes Emerges,"It was just a few days ago when we heard that Air India was interested in buying the refused Chinese planes that China turned away as the result of the tariff war. And that gave aerospace stock Boeing (BA) a boost back then. Now, another potential buyer has come forward, ready to deal, and that is also giving Boeing a boost. As a result, Boeing shares are up over 2% in Monday afternoon’s trading. Aeroflot stepped in after hearing several Boeing aircraft were available for immediate purchase, tho",Yahoo,https://finnhub.io/api/news?id=b2e2f752079ed26a9ded6c0938369656b3d01eccfe1b91750c2e3a494661505a,0.9260045001657492,0.945245241569178,0.0192407414034285,0.0355140170273936,bullish,0.945245241569178
2025-04-29 15:48:39,BA,Watch These Boeing Stock Price Levels After 5-Session Winning Streak Snapped,Boeing shares closed slightly lower on Tuesday to put an end to a five-day winning streak during which the stock gained 14%. Put these major chart levels on the radar.,Yahoo,https://finnhub.io/api/news?id=1f3bee3bf206f1fcae0c22ba207689b85e5176f26b8ca0607cc8c01147f3fa90,0.1200259542463276,0.1369034786753097,0.0168775244289821,0.8462189968957081,bullish,0.8462189968957081
2025-04-29 14:54:18,BA,Trump touts 100-day record in Michigan amid concern about economy,"WARREN, Michigan -President Donald Trump touted what he described as a series of major economic wins and forcefully attacked Democrats, including former President Joe Biden, during a rally in...",Finnhub,https://finnhub.io/api/news?id=203c8bc1787b721b74e3a25a264ffff01bb32368d186daaa834a71e501bb8101,0.4569968892038795,0.6653432647781591,0.2083463755742795,0.1263103596475613,bullish,0.6653432647781591
2025-04-29 10:08:30,BA,Trump Is Finally Coming Face to Face With Voters After Approval Rating Falls,"(Bloomberg) -- President Donald Trump is finally getting on the road to promote his agenda, after spending much of his first 100 days in office ensconced in the White House or his private clubs.Most Read from BloombergNew York City Transit System Chips Away at Subway Fare EvasionNYC’s Congestion Toll Raised $159 Million in the First QuarterNewsom Says California Is Now the World’s Fourth-Biggest EconomyThe Last Thing US Transit Agencies Should Do NowAt Bryn Mawr, a Monumental Plaza Traces the St",Yahoo,https://finnhub.io/api/news?id=be4d4faecfa07437fe6a34715d8dce9ca56b67d74b4b06013abff94cee1f80d8,0.3657682741547864,0.3845598158919784,0.018791541737192,0.5966486423708296,bullish,0.5966486423708296
2025-04-29 09:40:47,BA,UBS Recently Raised Its Price Target on Boeing (BA) Stock,"Swiss bank UBS recently increased its price target on Boeing (BA) to $207 from $190 and kept a Buy rating on the shares. After BA reported its first-quarter results last week, UBS is upbeat on the company’s new management team. Other Reasons That UBS Is Bullish on Boeing BA has taken steps to ensure that […]",Yahoo,https://finnhub.io/api/news?id=844526295309b0ecea88bfb0bf5953cd2d6d60560ebb3e80ea94e3344d48eb61,0.892524932180392,0.902967328747917,0.0104423965675249,0.086590274684558,bullish,0.902967328747917
2025-04-29 08:44:49,BA,India's $67 Billion Boeing Bet Could Rewrite the US Trade Playbook,New Delhi unleashes private plane orders to dodge tariffs and tilt the balance in high-stakes US talks.,Yahoo,https://finnhub.io/api/news?id=b40eb8b6f7c143fd0ca9d36990e860e47eae370ecb6f158ca22909a8905caee2,0.0613051433958496,0.1264277855040713,0.0651226421082216,0.808449572387707,bullish,0.808449572387707
2025-04-29 08:00:13,BA,Is Trending Stock The Boeing Company (BA) a Buy Now?,"Zacks.com users have recently been watching Boeing (BA) quite a bit. Thus, it is worth knowing the facts that could determine the stock's prospects.",Yahoo,https://finnhub.io/api/news?id=f333aa46ee07281bbf2ac135d80da6552bc4e44a3b3bf376645f1a226ac651be,0.0774418688582817,0.0936731519200458,0.0162312830617641,0.89009556501819,bullish,0.89009556501819
2025-04-29 07:18:23,BA,"Emirates CEO on Aircraft Order Talks With Boeing, Airbus","Emirates Chairman and Chief Executive Officer Sheikh Ahmed bin Saeed Al Maktoum says the airline is in negotiations with Boeing Co. and Airbus SE to order more jets to upgrade and expand its fleet of long-distance aircraft. The CEO also says he's ""optimistic that Boeing will be able to deliver that in about a year plus from now."" He speaks in an interview with Bloomberg's Joumanna Bercetche.",Yahoo,https://finnhub.io/api/news?id=932fc6f3e715f53e11ce28de7838d21af4381cbbbe412d984ba0bb2b3888424e,0.0528633825989651,0.0739054568027096,0.0210420742037445,0.905052468993546,bullish,0.905052468993546
2025-04-29 06:45:56,BA,Q2 2025 Woodward Inc Earnings Call,Q2 2025 Woodward Inc Earnings Call,Yahoo,https://finnhub.io/api/news?id=1dd3437447364038be7d1741457a724022446a6c077b4db596b4d2aaec69ef43,-0.224363483344977,0.0319225245170092,0.2562860078619862,0.7117914676210045,bearish,0.7117914676210045
2025-04-29 06:32:39,BA,"Spirit AeroSystems, Airbus reach $439M divestiture deal","The agreement includes the sale of some fuselage assets and production at Spirit AeroSystems’ Wichita, Kansas, factory.",Yahoo,https://finnhub.io/api/news?id=09d211e9ad22dd1dbf446186231063e31f168195de7d3639deea18c0b5437c19,0.068844623411616,0.0846500339566737,0.0158054105450576,0.8995445554982686,bullish,0.8995445554982686
2025-04-29 05:30:01,BA,Xi Is Trying to Turn World Against US as Trump Cuts Trade Deals,"(Bloomberg) -- Supply Lines is a daily newsletter that tracks global trade. Sign up here.Most Read from BloombergNew York City Transit System Chips Away at Subway Fare EvasionNYC’s Congestion Toll Raised $159 Million in the First QuarterNewsom Says California Is Now the World’s Fourth-Biggest EconomyThe Last Thing US Transit Agencies Should Do NowAt Bryn Mawr, a Monumental Plaza Traces the Steps of Black HistoryPresident Xi Jinping’s diplomats are fanning out across the world with a clear messag",Yahoo,https://finnhub.io/api/news?id=82dae76833aa16b8b8ef65a6e59d5e4c607af014945c812b4a6a42b3cd69025c,-0.7460774752110714,0.0615990634709771,0.8076765386820485,0.1307243978469744,bearish,0.8076765386820485
2025-04-29 05:00:15,BA,Elon Musk Lost 25% of Fortune During His Quest to Gut the US Government,"(Bloomberg) -- Elon Musk bounded into Washington as a special government employee earlier this year. Gaining unprecedented access to the corridors of power and data, the billionaire injected a sense of chaos across the US government. He joined President Donald Trump’s meetings with foreign leaders and Cabinet Secretaries, weighed in on defense and tariff policies, and most notably, gutted dozens of agencies as the public face of DOGE.Most Read from BloombergNew York City Transit System Chips Awa",Yahoo,https://finnhub.io/api/news?id=bba93100bcba292c9996f478927de950ffe9296f2f6bf4e51845aac49ea0578c,-0.8029702677419105,0.018318813171721,0.8212890809136315,0.1603921059146475,bearish,0.8212890809136315
2025-04-29 04:52:00,BA,"Stock Market News for Apr 29, 2025",Wall Street closed mixed on Monday after a choppy session.,Yahoo,https://finnhub.io/api/news?id=f5a7fe4c88c802b4326d3d09156f44cdf8eb9787a141dfb74b8e0ead29451d21,-0.033780312857746,0.0221914374159757,0.0559717502737217,0.9218368123103023,neutral,0.9218368123103023
2025-04-29 04:45:00,BA,"Dow up 125 points on gains for Sherwin-Williams Co., Honeywell shares","Dow up 125 points on gains for Sherwin-Williams Co., Honeywell shares",MarketWatch,https://finnhub.io/api/news?id=45cd770616bf94d971e0a1d6d69f4351bdfdcf794842a90b51203356ef4de88a,0.8842647285025337,0.9194638249557706,0.0351990964532369,0.0453370785909924,bullish,0.9194638249557706
2025-04-29 04:17:21,BA,"Elon Musk Taps Friends, Associates For Private Sales Of Business Empire","Elon Musk Taps Friends, Associates For Private Sales Of Business Empire",DowJones,https://finnhub.io/api/news?id=ea63a1f2be976aced9e0d0ec300a3d75d97826e83ccad566a6d730d58ca0a2b4,0.0622472742040862,0.0755220522308884,0.0132747780268022,0.9112031697423092,bullish,0.9112031697423092
2025-04-29 04:02:29,BA,"China's largest airlines deepen losses in first quarter as competition, US tariffs to weigh","BEIJING -China's three biggest airlines reported deeper first-quarter losses on Tuesday from the same period a year ago, amid intensifying competition and economic pressures on consumers, and a...",Finnhub,https://finnhub.io/api/news?id=fc6ef70dd1bc4049be6f58157a0866d7313c0d0609da36c45ab6bae5bc017a0a,-0.9280589580830616,0.0294600909792254,0.9575190490622872,0.0130208599584874,bearish,0.9575190490622872
2025-04-29 03:17:17,BA,Boeing Announces Winners of University Innovation Program,BENGALURU - Boeing [NYSE: BA] announced seven teams comprising university students and early-stage start-up entrepreneurs as winners of the fourth edition of the Boeing University Innovation...,Finnhub,https://finnhub.io/api/news?id=55ff68bc0bac490e4f7d874f77bc2cf941b96fd62b9fdabd2fcd126b61f8e0af,0.3810103668678801,0.4190452554397013,0.0380348885718211,0.5429198559884775,bullish,0.5429198559884775
2025-04-29 02:54:44,BA,China blames US tariffs for halting Boeing plane deliveries,,Fintel,https://finnhub.io/api/news?id=7742888eb046a2b0f3f3613eaed816ea3dd38183cd9ee02c9669f569359cf1d0,-0.9484924551242278,0.0106160372907005,0.9591084924149283,0.030275470294371,bearish,0.9591084924149283
2025-04-29 02:42:00,BA,Competition For Elon Musk’s SpaceX? Amazon Has Satellites Too.,Competition For Elon Musk’s SpaceX? Amazon Has Satellites Too.,MarketWatch,https://finnhub.io/api/news?id=c32133657ac439623e7361880a100ccb3878f6bc3c3ec09e5316e54d61e6ef4a,0.0539547463731663,0.0653876212783619,0.0114328749051955,0.9231795038164424,bullish,0.9231795038164424
2025-04-29 01:05:00,BA,China Offers Olive Branch to U.S. Firms After Boeing Delivery Halt,"Beijing is willing to support normal business cooperation with American firms, China’s commerce ministry said, coming days after Chinese airlines were ordered to stop taking delivery of Boeing aircraft.",Yahoo,https://finnhub.io/api/news?id=01d93154bfb3897bca1857784f187ffb0315b562ce517ebb75910f40ed50c1b7,0.658598310880044,0.6738180900832498,0.0152197792032058,0.3109621307135444,bullish,0.6738180900832498
2025-04-28 22:42:18,BA,"Chinese airlines and Boeing severely hit by tariffs, Beijing says","BEIJING (Reuters) -Chinese airlines and Boeing have been severely affected by U.S.-imposed tariffs, China's commerce ministry said on Tuesday, saying it hopes Washington will listen to companies' concerns and create a stable trade environment.  The statement is Beijing's first comment on the impact of tariffs on the aviation industry since U.S. planemaker Boeing flew three 737 MAX planes that had been stationed in China for delivery to Chinese customers back to the United States.",Yahoo,https://finnhub.io/api/news?id=42cf2fed5f87b8f6ac1abd24a364a2a6cb0962f56369c90a6885524eb26c6658,-0.9544355525665154,0.0134901334430138,0.9679256860095292,0.0185841805474569,bearish,0.9679256860095292
2025-04-28 19:03:39,BA,Bernstein Upgrades Boeing (BA),,Fintel,https://finnhub.io/api/news?id=8f6f382eb856b46939a5b6585ef4da77d5c3b5d19c84188675042c592fef7425,0.1558182365325356,0.1735838774802703,0.0177656409477347,0.808650481571995,bullish,0.808650481571995
2025-04-28 18:42:18,BA,China says its airlines and Boeing have been severely affected by tariffs,"BEIJING -Chinese airlines and Boeing have been severely impacted by U.S.-imposed tariffs, disrupting regular trade and investment activities of many businesses, the Chinese commerce ministry said in...",Finnhub,https://finnhub.io/api/news?id=da02a3a05fb7dadee745bd49705904432849b066a5aa0d9810c2272fe3f4aa11,-0.9488487641477188,0.0111084057432434,0.959957169890962,0.0289344243657943,bearish,0.959957169890962
2025-04-28 17:15:31,BA,S&P removes Boeing's rating from CreditWatch negative on improving aircraft production,"The U.S. planemaker's rating was placed on CreditWatch negative after about 33,000 of its workers went on a strike, which halted production of its best-selling jets.  S&P said on Monday that Boeing appears to be on track to recover from the 2024 strike-driven production halt and persistent manufacturing quality problems.",Yahoo,https://finnhub.io/api/news?id=446314fbe519ff36e8cd8eaaa4d45b0a17316a8924fdec677a5b5f9ebab573d4,-0.7116720788862386,0.1143240004767924,0.8259960793630311,0.0596799201601764,bearish,0.8259960793630311
2025-04-28 16:49:15,BA,Boeing outlook remains negative as S&P cites recovery risks,"Investing.com -- S&P Global Ratings affirmed Boeing Co ’s (NYSE:BA) ’BBB-’ credit rating Monday and removed the aerospace giant from CreditWatch Negative, citing improved production levels and declining cash burn. However, the ratings agency maintained a negative outlook due to ongoing uncertainty around the pace of recovery in aircraft deliveries.",Yahoo,https://finnhub.io/api/news?id=06f099a07de41be9b3698c8ef5efe53a1bbc9055978ff044c14c279c3b6a7394,-0.951729374311345,0.0077475488995596,0.9594769232109046,0.0327755278895357,bearish,0.9594769232109046
2025-04-28 15:57:42,BA,"Stocks to Watch Recap: Domino’s Pizza, Nvidia, Boeing, Plug Power","↘️ Nvidia (NVDA): Huawei Technologies is gearing up to test its newest AI processor, which the Chinese company hopes could replace some Nvidia products. The U.S. chip stock fell 2.1% Monday. ↗️ Domino's Pizza (DPZ): The chain posted mixed quarterly results, including a decline in U.",Yahoo,https://finnhub.io/api/news?id=a21a90d44ee7068062dd0c0fd6998529b9c793515d7f8532b1bbe20f6d91f54d,0.0385907090287737,0.0592388598187735,0.0206481507899997,0.9201129893912268,neutral,0.9201129893912268
2025-04-28 15:34:00,BA,Boeing Stock Rose Today for 2 Reasons,"Bernstein upgraded Boeing stock to Buy from Hold. Airbus agreed to take facilities back from Spirit AeroSystems, which is being acquired by Boeing.",Yahoo,https://finnhub.io/api/news?id=e6e3df90a6a2efcb41793b1f9ce5542407e989f7a5d21b051c343d35e1297c69,0.844870466449988,0.8738680498187766,0.0289975833687886,0.0971343668124347,bullish,0.8738680498187766
2025-04-28 15:07:27,BA,Boeing Stock Rises as Company Gets Double Dose of Good News,"Boeing shares rose Monday after the manufacturer got two pieces of good news as its stock was upgraded by Bernstein analysts, and the company's deal to reacquire Spirit AeroSystems cleared another hurdle.",Yahoo,https://finnhub.io/api/news?id=4bbfee25d1a3b22d68f59c52d8dc3fedb0c05aeb1f1072f84fe83583a0ec4f9a,0.8588672228634855,0.8985972611842091,0.0397300383207236,0.0616727004950672,bullish,0.8985972611842091
2025-04-28 13:32:11,BA,Dow Jones Aerospace Giant Boeing Nears Buy Point; Spotify Earnings Imminent,"Dow Jones aerospace giant Boeing is approaching a new buy point, while Spotify earnings loom ahead of the market open Tuesday.",Yahoo,https://finnhub.io/api/news?id=f33b4dfb055219487384ad488b4a5336db94f9010b8bb58addfdb16793f5695e,0.892722128365815,0.9313337282463688,0.0386115998805537,0.0300546718730774,bullish,0.9313337282463688
2025-04-28 11:17:01,BA,"Boeing Stock Climbs On Upgrade, China Jet Offer; Airbus To Buy Spirit AeroSystems Plants","Boeing Stock Climbs On Upgrade, China Jet Offer; Airbus To Buy Spirit AeroSystems Plants",DowJones,https://finnhub.io/api/news?id=00b144db9bb990a3dd0e1f64fc1d6f4bc1e28bc1b08f2b067acd4146b830adf2,0.8471251032347756,0.8893494903886862,0.0422243871539105,0.0684261224574033,bullish,0.8893494903886862
2025-04-28 10:22:00,BA,"Boeing, IBM share gains contribute to Dow's 100-point climb","Boeing, IBM share gains contribute to Dow's 100-point climb",MarketWatch,https://finnhub.io/api/news?id=83b2322e6ba4998ed6f19591491fb74af43c92479b33a8619cac3a4c38e60b40,0.9046254308701356,0.9221612323235916,0.017535801453456,0.0603029662229523,bullish,0.9221612323235916
2025-04-28 09:53:49,BA,Stocks Churn as Busy Earnings Week to Test Rally: Markets Wrap,"(Bloomberg) -- Wall Street traders bracing for a deluge of corporate earnings and key economic data sent stocks churning on Monday as they awaited more insights on the impacts of President Donald Trump’s trade war.Most Read from BloombergNewsom Says California Is Now the World’s Fourth-Biggest EconomyAt Bryn Mawr, a Monumental Plaza Traces the Steps of Black HistoryLos Angeles Downgraded to AA- by S&P Due to Budget WoesUS Cricket Deepens Bet on Texas With HQ Shift From CaliforniaThe Last Thing U",Yahoo,https://finnhub.io/api/news?id=068217683677097bf96c79dd9b3261221bf57f20be61457d35169a1cde3284dd,-0.3715762700375359,0.1575207584726923,0.5290970285102282,0.3133822130170794,bearish,0.5290970285102282
2025-04-28 09:13:16,BA,"Boeing, Jack in the Box, Eli Lilly: Trending Tickers","Brad Smith and Madison Mills take a closer look at some of today's trending tickers and top calls from Wall Street analysts on Morning Brief. Boeing (BA) is in focus after Bernstein analysts upgraded the stock to Outperform from Market Perform. Jack in the Box (JACK) also saw a rating upgrade from Stifel analysts, who upgraded the company's stock to Buy from Hold. Eli Lilly (LLY), on the other hand, saw a double downgrade from HSBC analysts. To watch more expert insights and analysis on the latest market action, check out more Morning Brief here.",Yahoo,https://finnhub.io/api/news?id=eae2a324ac2d27d2017cbbeb863566777439a9cec76f5a9262ddb853d09408f6,0.0047585814836726,0.038571085493482,0.0338125040098093,0.9276164104967086,neutral,0.9276164104967086
2025-04-28 09:11:32,BA,"Fears for 2,000 UK jobs as Airbus and Boeing carve up Belfast factory","More than 2,000 jobs are under threat at one of the UK’s biggest aerospace plants after some workers were left out of a deal between Boeing and Airbus to carve up the site.",Yahoo,https://finnhub.io/api/news?id=cd23bdbd13ba4b6240ed50a6bedfa8c7f204e89bda15607a7afe7a04516bc602,-0.9381100085294152,0.0127158375984731,0.9508258461278885,0.0364583162736384,bearish,0.9508258461278885
2025-04-28 08:51:00,BA,Boeing Stock Is Rising for Two Reasons,"Bernstein upgraded Boeing stock to Buy from Hold. Airbus agreed to take facilities back from Spirit AeroSystems, which is being acquired by Boeing.",Yahoo,https://finnhub.io/api/news?id=5da307cdbfaf70857841af3e23a39f546b3c4af1cedc18889f128ffdecdf7d85,0.803527795510263,0.8655996886432182,0.0620718931329552,0.0723284182238265,bullish,0.8655996886432182
2025-04-28 08:42:23,BA,"Boeing upgraded, Chipotle downgraded: Wall Street's top analyst calls","Boeing upgraded, Chipotle downgraded: Wall Street's top analyst calls",Yahoo,https://finnhub.io/api/news?id=ccfd38b3216a7de003a6cfbf7db5194bf3734b965eabd281af8d80aff9bb1b36,0.0330325643400809,0.3176163543691424,0.2845837900290614,0.3977998556017961,neutral,0.3977998556017961
2025-04-28 08:37:00,BA,How Should an Investor Play Boeing Stock After Q1 Earnings Beat?,"Investors interested in BA stock should wait for a better entry point, considering its poor ROIC and dismal performance at the bourses.",Yahoo,https://finnhub.io/api/news?id=58b38074f32da43ae8f42a7a6a209e3371e5e525f651b025c5b3c47ebe56017a,-0.029504059426305,0.0337192624634834,0.0632233218897884,0.903057415646728,neutral,0.903057415646728
2025-04-28 08:33:35,BA,"Stocks to Watch Monday: Domino’s Pizza, Spirit AeroSystems, Nvidia, DoorDash","↘️ Nvidia (NVDA): The Wall Street Journal reported Huawei Technologies is gearing up to test its newest AI processor, which the Chinese company hopes could replace some higher-end Nvidia products. The U.",Yahoo,https://finnhub.io/api/news?id=80dd1b667a729633f2d5b4cf04a8d964f063a264d95680d4f1f575edb19d2083,0.0229056778983127,0.0515142761396508,0.0286085982413381,0.919877125619011,neutral,0.919877125619011
2025-04-28 06:55:00,BA,Turbulence Ahead? Airlines Look To Navigate Uncertain Tourism Outlook,Uncertainty around trade and economic growth are weighing on travel and tourism. Can the airline sector navigate the turbulence? TD Asset Management's David Mau shares his views.,SeekingAlpha,https://finnhub.io/api/news?id=f4159df7881dbf946427e898ea8217e2478c8fb16c8610e4f83f3f648119cb3e,-0.6117653848932196,0.0344865440295365,0.6462519289227562,0.3192615270477072,bearish,0.6462519289227562
2025-04-28 06:37:00,BA,"Boeing is getting back to 2023, analyst says. Investors can buy the stock again.","Boeing is getting back to 2023, analyst says. Investors can buy the stock again.",MarketWatch,https://finnhub.io/api/news?id=d23b8a2a992bdd15f9129d5cc5aefdc4cb80aabce7ef818055e6857e7daa0b0c,0.143019995513633,0.1549235232386301,0.0119035277249971,0.8331729490363726,bullish,0.8331729490363726
2025-04-28 06:15:09,BA,Boeing shares up in premarket as Bernstein upgrades to Buy on improved outlook,"Investing.com -- Bernstein has upgraded Boeing (NYSE:BA) to Outperform from Market-Perform, hiking its price target to $218 from $181, citing a clearer path to growth across both its commercial and defense units.",Yahoo,https://finnhub.io/api/news?id=953e0cb48d907675eb1f695f0aca52382bd3567ff1d8a9172d5aee364e169530,0.914538352726456,0.9426349506821664,0.0280965979557104,0.0292684513621231,bullish,0.9426349506821664
2025-04-28 05:53:39,BA,Market Chatter: Riyadh Air Offers to Buy Boeing Jets Blocked From China Amid Trade Tensions,Riyadh Air is ready to purchase Boeing planes originally intended for Chinese carriers if deliveries,Yahoo,https://finnhub.io/api/news?id=4ee8659a397754d54519c9d990503ecd915f4b658b2c42eb6fee6ca44e2dc33d,-0.9473450778942344,0.0130682862638884,0.9604133641581228,0.0265183495779888,bearish,0.9604133641581228
2025-04-28 05:50:00,BA,"Dow's 175-point rally highlighted by gains for shares of Boeing, Caterpillar","Dow's 175-point rally highlighted by gains for shares of Boeing, Caterpillar",MarketWatch,https://finnhub.io/api/news?id=5b91356091aefb076d0bc490b953b80451158b818da5a5213e2fd31a256f5b40,0.7880596466696052,0.8570769940064545,0.0690173473368494,0.073905658656696,bullish,0.8570769940064545
2025-04-28 05:23:34,BA,XLI: The Pick If You Are Bullish On U.S. Manufacturing,"Discover how U.S. manufacturing rebound, government spending, and tariffs could boost industrials.",SeekingAlpha,https://finnhub.io/api/news?id=dd6a1b140aff87954e8c59240f457d321c3ba456210a156e281f83ac7f401cc4,0.1239213242761667,0.1433668719291047,0.0194455476529379,0.8371875804179574,bullish,0.8371875804179574
2025-04-28 05:03:28,BA,"US aviation industry slammed by tariffs, seeks exemptions","CHICAGO (Reuters) -The U.S. aviation industry, reeling from President Donald Trump's trade war and a slump in travel demand, is lobbying the White House for exemptions from tariffs.  Industry officials have held meetings with senior members of the Trump administration including the President, asking them to restore the tariff-free regime under the 1979 Civil Aircraft Agreement, under which the sector enjoyed a $75 billion annual trade surplus.  Trump's tariffs have ended its decades-old duty-free status.",Yahoo,https://finnhub.io/api/news?id=6f6d2e3981ac11b1100b9599f497572348bc399b69a01869e1cbc3246fccfcda,-0.8558747906014198,0.0340183174025009,0.8898931080039207,0.0760885745935782,bearish,0.8898931080039207
2025-04-28 04:47:27,BA,"Riyadh Air willing to buy Boeing planes from cancelled Chinese orders, CEO says","DUBAI (Reuters) -Riyadh Air CEO Tony Douglas said on Monday the Saudi startup carrier would be ready to buy Boeing aircraft destined for Chinese airlines if they are not delivered due to the escalating trade war between the United States and China.  Boeing is looking to resell potentially dozens of planes locked out of China by tariffs after repatriating a third jet to the United States in a delivery standoff that drew new criticism of Beijing from U.S. President Donald Trump.  ""What we've done... is made it quite clear to Boeing, should that ever happen, and the keyword there is should, we'll happily take them all,"" Douglas said in an interview with Reuters on the sidelines of the Arabian Travel Market conference.",Yahoo,https://finnhub.io/api/news?id=5bad7b6a6e448cb5d107c0e8e79ee687b4cc6c6b839d0e8fcf590653921f27bd,0.8918037596784671,0.915762785508345,0.0239590258298778,0.0602781886617771,bullish,0.915762785508345
2025-04-28 04:45:00,BA,"Boeing, Goldman Sachs share gains contribute to Dow's 280-point jump","Boeing, Goldman Sachs share gains contribute to Dow's 280-point jump",MarketWatch,https://finnhub.io/api/news?id=fc1c1378d89193d31e846b12de2727d91702d2b20c596ae69a35c4bbfbc4a470,0.8530034659502824,0.8867207237052486,0.0337172577549661,0.0795620185397852,bullish,0.8867207237052486
2025-04-28 04:31:00,BA,Airbus Reaches Deal to Buy Spirit AeroSystems Plants,"Airbus will buy some Spirit AeroSystems facilities that make parts for its jets, moving to take direct control of production in a bid to stabilize supply chains after months of disruption.",Yahoo,https://finnhub.io/api/news?id=60d0938b5b4dee83af6502e2965458012dec6ed99aa786656a66ac2332ab6491,0.6443407299990314,0.6571875477759769,0.0128468177769455,0.3299656344470775,bullish,0.6571875477759769
2025-04-28 03:48:56,BA,"Riyadh Air CEO on Tariffs, Cabins, Orders, Deliveries","Riyadh Air CEO Tony Douglas speaks to Bloomberg's Joumanna Bercetche about the carrier's cabin design, existing aircraft orders, and the impact tariffs could have on the broader aviation sector.",Yahoo,https://finnhub.io/api/news?id=2fa7762de39508f283cc53d2b1397df269c2f8bb76efc91cb6e78a97834b814e,-0.0074889822637394,0.0255755113528242,0.0330644936165636,0.941359995030612,neutral,0.941359995030612
2025-04-28 01:11:11,BA,Joint Development Agreements And Trade Secrets - Sweat The Small Stuff,"Joint development, or teaming agreements regularly anticipate one party disclosing trade secret subject matter to its counterparty to facilitate the joint development effort. While most JDAs involve...",Finnhub,https://finnhub.io/api/news?id=f737498311841432dd8d1ebf69ff458cf116cf91879b850cd302d118c3e09248,0.0335043766776168,0.0597949562305788,0.0262905795529619,0.9139144642164592,neutral,0.9139144642164592
2025-04-27 23:12:06,BA,Unions warn on UK jobs as Airbus reaches Spirit Aero factory deal,"Airbus finalised an agreement on Monday to take over some plants from Spirit AeroSystems in a carve-up of the struggling supplier with rival Boeing, as unions voiced fears over thousands of jobs in Northern Ireland and Scotland.  The deal comes months after Boeing agreed to buy back its main fuselage supplier, two decades after spinning it off for $4.7 billion in stock, while Airbus moved to take on Spirit's loss-making Europe-focused activities.  The unprecedented coordinated decision between planemakers to prevent a collapse of the world's largest independent aerostructures supplier follows years of financial pressure on Spirit, brought to a head by Boeing's recent 737 MAX crisis.",Yahoo,https://finnhub.io/api/news?id=becff465859f1f01aadedab927abd7c6f336a4fdc665dd33bf84a21692725495,-0.8912321377285156,0.0232175761867845,0.9144497139153002,0.0623327098979153,bearish,0.9144497139153002
2025-04-27 22:09:52,BA,The Boeing Company (BA): Among the Best Military Drone Stocks to Buy Now,"We recently published a list of the 10 Best Military Drone Stocks to Buy Now. In this article, we will take a look at where The Boeing Company (NYSE:BA) stands against other best drone stocks. Modern warfare is rapidly evolving from being the sole domain of soldiers, tanks, and fighters. Swarms of UAVs, guided by […]",Yahoo,https://finnhub.io/api/news?id=3f0555b3df01d4ba0f6a61533cbdfe9baffa57822a354b9755a06bed33fc162f,0.7169808345618464,0.725725812704167,0.0087449781423206,0.2655292091535123,bullish,0.725725812704167
2025-04-27 05:06:00,BA,SpaceX Trounces Boeing and Lockheed as Space Force Hands Out $13 Billion in Launch Contracts,"There are a lot of space company winners in this new space launch contract, but only two losers: Boeing and Lockheed Martin.",Yahoo,https://finnhub.io/api/news?id=077c466f65bb435ba9d29a05b8731d50bfaf2e1a85b0d96495d09ea589a33164,-0.9058642210323876,0.0121172521149293,0.9179814731473168,0.0699012747377537,bearish,0.9179814731473168
2025-04-27 02:01:34,BA,Woodward (WWD) To Report Earnings Tomorrow: Here Is What To Expect,Aerospace and defense company Woodward (NASDAQ:WWD) will be reporting earnings tomorrow afternoon. Here’s what to expect.,Yahoo,https://finnhub.io/api/news?id=4961c15bbbd501420e0c9d4b5cea637f73125ab711ee995960f89a2a949a57e0,-0.0286260538855332,0.0200634855017777,0.0486895393873109,0.9312469751109114,neutral,0.9312469751109114
2025-04-26 14:00:00,BA,Private Credit’s Cracks Widened Before Turmoil,"(Bloomberg) -- The companies that get private credit loans are looking increasingly wobbly and banks are among those that could eventually be on the hook for losses.Most Read from BloombergWhy Car YouTuber Matt Farah Is Fighting for Walkable CitiesNewsom Says California Is Now the World’s Fourth-Biggest EconomyBackyard Micro-Flats Aim to Ease South Africa’s Housing CrisisAt Bryn Mawr, a Monumental Plaza Traces the Steps of Black HistoryLos Angeles Downgraded to AA- by S&P Due to Budget WoesMany",Yahoo,https://finnhub.io/api/news?id=a5948622f316b2086f8ab62246f05cdd3717750f4adb0e00625afef98e266a22,-0.247973438261752,0.2164701469154721,0.4644435851772242,0.3190862679073036,bearish,0.4644435851772242
2025-04-26 01:45:39,BA,What Moved Markets This Week,U.S. stocks recorded the second-best weekly advance of 2025 on Friday as tariff concerns eased. Read more about this week's major events on Wall Street.,SeekingAlpha,https://finnhub.io/api/news?id=9cbd8576e561e89b433c0b95f43fbbd1c93dda3f91d0ece9b74ac2a1e8fbff09,-0.0416423029564032,0.0364942048151748,0.078136507771578,0.885369287413247,neutral,0.885369287413247
2025-04-25 19:04:26,BA,"Boeing Faces Key Turnaround Challenges With Tariff Risks, China Orders: Analyst","BofA Securities analyst Ronald J. Epstein reiterated the Neutral rating on Boeing Company (NYSE:BA) on Thursday, with a price forecast of $185. The analyst states that Boeing still faces major hurdles in its turnaround efforts. Key among them is the need to stabilize 737 model production at 38 units per month before seeking FAA approval to increase output to 42. Additionally, Epstein remarks that the company must keep its loss-making defense programs on track to avoid further pressure on free ca",Yahoo,https://finnhub.io/api/news?id=7c88c60df8e09f43b8dd2aa71ffe917172a46553b45366c8b9888164b8a9e7b2,0.2693381233614659,0.320993675034234,0.0516555516727681,0.6273507732929978,bullish,0.6273507732929978
2025-04-25 15:39:00,BA,"The Score: Tesla, Capital One, Boeing and More Stocks That Defined the Week","Elon Musk  is planning more time at  Tesla  less time in the White House.  During Tesla’s earnings call, the billionaire chief executive talked about his plans to pull back from the Department of Government Efficiency, saying that he expects to continue spending “a day or two” each week on government matters.  Musk’s controversial work with the Trump administration and his political endorsements have weighed on Tesla demand and led to protests and vandalism at Tesla showrooms.",Yahoo,https://finnhub.io/api/news?id=67e932c1190d048ce27d9f2ddc245e9438fa29b313e9433cfd363a85f041bb38,0.0290788648279988,0.0501273785691686,0.0210485137411697,0.9288241076896616,neutral,0.9288241076896616
2025-04-25 10:32:00,BA,"HWM Q1 Earnings Preview: Time to Buy, Sell or Hold the Stock?","As Howmet gears up to report first-quarter earnings, let us find out how the expectations stack up and whether it is the right time to buy, hold or sell the stock.",Yahoo,https://finnhub.io/api/news?id=f5bb8660f9e850c85de1da8de4af6e5418713183cdb85275f22b008ca16c40da,-0.0118594951485861,0.0301309450338373,0.0419904401824234,0.9278786147837392,neutral,0.9278786147837392
2025-04-25 09:55:31,BA,"Boeing ‘should default China’ for not taking committed planes, Trump says","President Donald Trump stated in a Truth Social post: “Boeing (BA) should default China for not taking the beautifully finished planes that China committed to purchase. This is just a small example of what China has done to the USA, for years… And, by the way, Fentanyl continues to pour into our Country from China, through Mexico and Canada, killing hundreds of thousands of our people, and it better stop, NOW!” Published first on TheFly – the ultimate source for real-time, market-moving breaking",Yahoo,https://finnhub.io/api/news?id=58f83a1b77e1bf3d005ff3b95cb36f4072f95e9fa1692108870e9773051186b7,-0.6483215548848411,0.0798404628109725,0.7281620176958136,0.1919975194932139,bearish,0.7281620176958136
2025-04-25 07:15:59,BA,Exclusive-US Congress Republicans seek $27 billion for Golden Dome in Trump tax bill,WASHINGTON -Republicans in the U.S. Congress plan to introduce a sweeping $150 billion defense package that will give an initial $27 billion boost to President Donald Trump's controversial Golden...,Finnhub,https://finnhub.io/api/news?id=71d98ae262c9f64437f9d8e22537c40d9b11809929c04c43966048e93e46d1c7,0.259934352602875,0.2818487421845812,0.0219143895817062,0.6962368682337126,bullish,0.6962368682337126
2025-04-25 06:01:54,BA,"Boeing will find it ‘relatively easy’ to find customers for China’s rejected planes, says jet leasing CEO",Boeing planned to complete 50 orders for Chinese customers this year but is now assessing options as China refuses Boeing plane deliveries due to the trade war.,Yahoo,https://finnhub.io/api/news?id=a835ce607becfc96aa3923e7c4255e057dd5aa9f6923378c9f5a38633bc6a489,0.7997111532573523,0.8099417233600178,0.0102305701026654,0.1798277065373167,bullish,0.8099417233600178
2025-04-25 01:30:00,BA,Airbus Stock Could Gain From Boeing’s Woes. Sizing Up the China Question.,The company has pulled ahead of longtime leader Boeing in airplane production. Europe’s military industry could well provide a further lift.,Yahoo,https://finnhub.io/api/news?id=132619ad378608e4d074bbcb0e99194734fc0d56d705effbd987d49df44610dd,0.171939307621368,0.1893147417948807,0.0173754341735127,0.7933098240316064,bullish,0.7933098240316064
2025-04-24 22:01:47,BA,Trump Says US Talking With China on Trade After Beijing’s Denial,"(Bloomberg) -- Supply Lines is a daily newsletter that tracks global trade. Sign up here.Most Read from BloombergTrump Gives New York ‘One Last Chance’ to End Congestion FeeWhy Car YouTuber Matt Farah Is Fighting for Walkable CitiesBackyard Micro-Flats Aim to Ease South Africa’s Housing CrisisThe Racial Wealth Gap Is Not Just About MoneyTo Fuel Affordable Housing, This Innovation Fund Targets Predevelopment CostsPresident Donald Trump said his administration was talking with China on trade, afte",Yahoo,https://finnhub.io/api/news?id=dfa7b89e2b9223b00d5da6512f22ec4ed98aa6a21ab75c2d371d2a762d3c6ab1,0.1479124003165826,0.1609816170141018,0.0130692166975192,0.8259491662883789,bullish,0.8259491662883789
2025-04-24 20:09:41,BA,Indonesia wants 'fair and square' trade in US tariff talks,"Indonesia is prioritising its national interests in its ongoing negotiations over U.S. tariffs, its senior economic minister and top negotiator said on Friday, as it wants a fair and square trade...",Finnhub,https://finnhub.io/api/news?id=f03518b9e4647263eb99a7b7fd1d02a8202341d420615f5b6bb51c4498927612,0.2445448416784852,0.2554630889987585,0.0109182473202732,0.7336186636809683,bullish,0.7336186636809683
2025-04-24 15:14:00,BA,"Boeing Sees Skies Clear After MAX, Covid, and Quality Woes Took a $240 Billion Toll",Wall Street is feeling more optimistic about shares of the maker of commercial jets after Boeing’s solid first-quarter earnings.,Yahoo,https://finnhub.io/api/news?id=cde8a5b4d1890bcd39c665cd2e4d5be0a2aaa1f0d0aa573ee1df2b9cb2420856,0.9037606984096712,0.928301029441498,0.0245403310318266,0.0471586395266753,bullish,0.928301029441498
2025-04-24 14:53:57,BA,March Durable Goods Orders Rise More Than Forecast Amid Commercial Aircraft Boost,"US durable goods orders increased more than expected in March, buoyed mainly by robust demand for co",Yahoo,https://finnhub.io/api/news?id=da7b28e0c2114312a45d7d1b6d4f3bfb25a8b2b5e44e60b5a30c508724b47ed3,0.8911609120770172,0.9333953047817511,0.0422343927047339,0.0243703025135149,bullish,0.9333953047817511
2025-04-24 14:36:18,BA,Airbus Executive: Tariffs Could Unravel Aerospace Supply Chain’s Post-Covid Recovery,"Airbus's CEO for North America, Robin Hayes, said tariffs threaten to undo progress made in restoring a global aerospace supply chain that had just started to recover from the Covid pandemic.  The world’s vast network of jet makers, engine manufacturers and parts suppliers have taken years to get back on track after the pandemic brought global air travel to a near standstill, he said.  Hayes said aerospace companies—from jet makers like Airbus and Boeing to global airlines and parts suppliers—have been working together to lobby the Trump Administration to restore a trade pact that has allowed much of the industry to operate without tariffs since the 1980s.",Yahoo,https://finnhub.io/api/news?id=23969124fd6a2f8ebff8ee43a246b5e614d48201f07d0dcd8d0151bca9b216bd,-0.9427429521704376,0.0133639045312873,0.9561068567017248,0.0305292387669878,bearish,0.9561068567017248
2025-04-24 13:49:59,BA,Trump Blasts China Over Boeing Jet Snub Amid Escalating Trade Feud,Trump criticizes China's Boeing snub as part of ongoing trade fight; Beijing denies any current negotiations,Yahoo,https://finnhub.io/api/news?id=d495ec594089a5d231278d33039bf6f6335afc54775535b08f43dd2b1c90e795,-0.8336610732247816,0.03602882024882,0.8696898934736016,0.0942812862775784,bearish,0.8696898934736016
2025-04-24 12:34:10,BA,"Air India in talks with Boeing to take 10 planes snubbed by Chinese airlines, sources say","NEW DELHI (Reuters) -Air India is in talks with U.S. planemaker Boeing to acquire around 10 737 MAX jets after Chinese customers started rejecting deliveries amid a trade war with the United States, two people familiar with the discussions told Reuters.  Boeing CEO Kelly Ortberg said on Wednesday that ""due to the tariffs, many of our customers in China have indicated that they will not take delivery"", and the company could redirect jets to other customers in need.  Two sources, who declined to be named as the discussions are private, said Air India was seeking around 10 narrowbody planes from Boeing for its budget carrier Air India Express, which has a fleet of more than 100 aircraft.",Yahoo,https://finnhub.io/api/news?id=73cd7ed4be2f44783349a9aabf272ada9ea4bab76e76401bbee5cd5bf73bbaa2,-0.1894076806919503,0.3646602414099926,0.5540679221019429,0.0812718364880644,bearish,0.5540679221019429
2025-04-24 12:13:57,BA,Trump Says Boeing Should ‘Default’ China Over Returned Planes,"President Trump said Boeing should “default” China after Chinese airlines returned three of the jet maker’s planes.  “Boeing should default China for not taking the beautifully finished planes that China committed to purchase,” Trump posted on Truth Social.  “This is just a small example of what China has done to the USA, for years.”",Yahoo,https://finnhub.io/api/news?id=ec41689d745d1013222251ea0f992b2b80e936f1a3c80a19a930c2e2b00992b2,-0.2460508456550916,0.2793524986216052,0.5254033442766969,0.1952441571016978,bearish,0.5254033442766969
2025-04-24 11:20:02,BA,American Airlines Doesn’t Want Tariff-Fueled Prices Increases on Planes,"American Airlines really doesn’t want to pay tariffs on new planes.  American is expecting European-built planes to be delivered at the end of the year that could potentially be subject to the levies.  “Certainly, this is not something we would intend to absorb,” Isom said, echoing similar objections from Delta Air Lines CEO Ed Bastian.",Yahoo,https://finnhub.io/api/news?id=fa3992fffafac31093f866292e021fc1f3e4059276bd44453d6fd45bd1e6997a,0.0251669887478201,0.0997649669612194,0.0745979782133993,0.8256370548253813,neutral,0.8256370548253813
2025-04-24 09:49:02,BA,Boeing CEO 'won't be shy' about bringing in new execs if needed,"“Won’t be shy about doing that, but again, I think the team is coming together pretty well,” Ortberg said in response to a question about whether Boeing is considering changes to upper management at its defense and commercial airplanes units.  “Having said that, if we need to continue to supplement the team going forward, not just direct reports to me but all the way up and down the organization, we will do that,” Ortberg said.  Ted Colbert, then head of Boeing's troubled space and defense unit, left the company last year in Ortberg's first management change, fueling speculation about additional moves.",Yahoo,https://finnhub.io/api/news?id=9e9dde952be8c9a1520439d6d8ed332924f725849a55f665ca01d3fb2e934b8f,0.2296922252166686,0.239553762055012,0.0098615368383434,0.7505847011066444,bullish,0.7505847011066444
2025-04-24 09:45:39,BA,Boeing says much of supply chain based in U.S.,"Says much of the company’s supply chain is based in the U.S. Says many of the company’s imports from Canada and Mexico are exempt under the USMCA agreement. Says currently paying a 10% tariff on components from Japan and Italy, but believes it should recover tariff costs for those aircraft that are subsequently exported, “which is a large portion of our widebody.” The company says it “hopes” over time that the tariffs can be resolved through negotiated agreements, will have to manage through inc",Yahoo,https://finnhub.io/api/news?id=4b6600bacb2323f1ce058d3fd98960093d6c889984c89d8d99b5b8e951a59fca,0.0772309837659349,0.087673103584782,0.0104421198188471,0.9018847765963708,bullish,0.9018847765963708
2025-04-24 09:42:00,BA,"Boeing's Q1 Earnings Top Estimates, Revenues Increase Y/Y (Revised)",BA's Q1 revenues of $19.50 billion outpace the Zacks Consensus Estimate by 1.1% and increase 17.7% year over year.,Yahoo,https://finnhub.io/api/news?id=3def9b10064a321da7b1efd7d2ab77e7612e33a58dfd18bf552234f6c2e71452,0.8720973454370469,0.9002964673425785,0.0281991219055316,0.0715044107518898,bullish,0.9002964673425785
2025-04-24 09:41:23,BA,"Lockheed Martin Delivers Strong Earnings, Upside Remains",Lockheed Martin's first quarter earnings showed strong improvement. Read more on what Wall Street expects from this defense giant in 2025.,SeekingAlpha,https://finnhub.io/api/news?id=4e93780ef4633ab7a48a140de39d09772108f77dd612b1ca60d275b90eff2336,0.9279528484767804,0.9492618918979002,0.0213090434211197,0.02942906468098,bullish,0.9492618918979002
2025-04-24 09:37:24,BA,"BA Q1 Earnings Call: Boeing Addresses Tariff Uncertainty and Production Ramp, Sees Progress on Recovery","Aerospace and defense company Boeing (NYSE:BA) fell short of the market’s revenue expectations in Q1 CY2025, but sales rose 17.7% year on year to $19.5 billion. Its non-GAAP loss of $0.37 per share was 71.3% above analysts’ consensus estimates. The stock traded up 6.2% to $172.49 after reporting and hosting the earnings call.",Yahoo,https://finnhub.io/api/news?id=dc2fa80fb0e9023c825ffe3734e1c4234e6c5bd6b046084ef11acc6da41d9917,0.889533992445223,0.9310920869227204,0.0415580944774973,0.0273498185997822,bullish,0.9310920869227204
2025-04-24 08:50:00,BA,"Stock Market News for Apr 24, 2025","U.S. stocks gained for the second straight day on Wednesday, but closed off their session highs, on renewed hopes that the trade tensions between the U.S. and China could ease, while President Donald Trump assured that he had no plans to fire Federal Reserve Chairman Jerome Powell.",Yahoo,https://finnhub.io/api/news?id=9f856330d25b743528b7db6fb8a980dd1aac29703b79e9f947ab6638887f22cd,-0.0335381283060949,0.0226310783683599,0.0561692066744549,0.9211997149571852,neutral,0.9211997149571852
2025-04-24 08:31:40,BA,"Qatar Airways CEO on Fleet, Aircraft Deliveries, Orders","Badr Mohammed Al-Meer, the chief executive officer of Qatar Airways, discusses the airline's fleet and the potential impact of delivery delays on the company. He also talks about Qatar Airways' wide-body and narrow-body aircraft strategies. Badr Mohammed Al-Meer speaks in an interview with Bloomberg's Joumanna Bercetche.",Yahoo,https://finnhub.io/api/news?id=b567de02bc09190bcb92ab926f5befc0450b6ad53ea8ed5dd908636cc3cbb99d,0.0065851286789603,0.0307899102284376,0.0242047815494773,0.945005308222085,neutral,0.945005308222085
2025-04-24 08:17:27,BA,"American Airlines, Carriers Pull Outlooks; Boeing Confirms China Boycott","American Airlines, Southwest, Alaska Air pull full-year outlooks with earnings. Boeing seeks buyers for China jet deliveries due to tariffs.",Yahoo,https://finnhub.io/api/news?id=508f8d8777fe47da51b81470eb275aefec73e2af4ec4ac8755a6062fb5d4c4b1,-0.9120356577311548,0.0172530810244063,0.9292887387555612,0.0534581802200323,bearish,0.9292887387555612
2025-04-24 08:03:57,BA,US durable goods orders soar on aircraft bookings in March,"WASHINGTON (Reuters) -Orders for long-lasting U.S. manufactured goods surged in March on strong demand for commercial aircraft, but activity elsewhere was muted, likely as businesses exercised caution against the backdrop of a darkening economic outlook caused by tariffs.  Orders for durable goods, items ranging from toasters to aircraft meant to last three years or more, jumped 9.2% last month after slightly downwardly revised 0.9% gain in February, the Commerce Department's Census Bureau said on Thursday.  Economists polled by Reuters had forecast durable goods orders advancing 2.0% after a previously reported 1.0% gain in February.",Yahoo,https://finnhub.io/api/news?id=752a3a5a1b4596c607278861592aea301840bf539e2922bed416f3c0450e8062,0.3569473630878094,0.6634287846524805,0.306481421564671,0.0300897937828484,bullish,0.6634287846524805
2025-04-24 07:51:48,BA,Boeing poised to resell jets as tariffs hit China trade,SEOUL/PARIS -Boeing is looking to resell potentially dozens of planes locked out of China by tariffs after repatriating a third jet to the United States in a delivery standoff that drew new criticism...,Finnhub,https://finnhub.io/api/news?id=72cd15acfb5a1bdaf3f21a38d71c71263364ec86604f9720c37a6681d100ef1e,0.7972334756210511,0.8643699674771712,0.0671364918561201,0.0684935406667086,bullish,0.8643699674771712
2025-04-24 06:37:42,BA,Boeing: A Very Bullish Outlook,"Boeing is boosting cash flow with higher production rates and inventory deliveries, despite short-term margin issues. Find out why BA stock is a buy.",SeekingAlpha,https://finnhub.io/api/news?id=4e88d211a65cf36ff05ab2fb2ac04d77453e0881521dfe7084306705b22f3b35,0.8759073980939398,0.905996116276693,0.0300887181827531,0.0639151655405539,bullish,0.905996116276693
2025-04-24 06:20:00,BA,Boeing Q1 revenue jumps to $19.5B as tariff impacts loom,"The company is successfully ramping back up production, but is dealing with fallout from the U.S.’s trade war as China customers refuse to accept deliveries.",Yahoo,https://finnhub.io/api/news?id=d080c7a56fd06cbf6b88c1d219d0183181317834676b3769963b815b719ea3f0,0.8983499279276469,0.937985180061338,0.0396352521336912,0.0223795678049706,bullish,0.937985180061338
2025-04-24 04:32:52,BA,"Trending tickers: Tesla, IBM, Boeing, Unilever and Asos",The latest investor updates on stocks that are trending on Thursday.,Yahoo,https://finnhub.io/api/news?id=fa9b6d0f135eb80857b03728b966959abdcd9fb9e12448dd3cb4b5c94f5fcad9,-0.0068468561218125,0.0219776716984012,0.0288245278202138,0.949197800481385,neutral,0.949197800481385
2025-04-24 04:24:32,BA,India's IndiGo appoints former FAA chief Whitaker as independent director,"Whitaker served as the head of the FAA, the U.S. agency in charge of air safety, efficiency, and the air traffic system, from October 2023 to January this year, during which he oversaw the agency's response to significant safety issues at Boeing.  IndiGo, the world's second-largest airline by market capitalisation, has been tapping India's growing outbound travel market to drive growth as capacity constraints hinder domestic growth.  The appointment comes as IndiGo has been expanding internationally, while also trying to attract more affluent passengers in a departure from its low-cost model focus.",Yahoo,https://finnhub.io/api/news?id=00f951f2d35e94dc4f6493596a120cbce59a8790696a214af7a8bea7562141cd,0.0288416971093669,0.0587493823282328,0.0299076852188659,0.9113429324529012,neutral,0.9113429324529012
2025-04-24 04:03:00,BA,Boeing contracts and tariff ‘front running’ boost durable-goods orders. It won’t last if trade wars keep raging.,Boeing contracts and tariff ‘front running’ boost durable-goods orders. It won’t last if trade wars keep raging.,MarketWatch,https://finnhub.io/api/news?id=d42792b06e61929c3e9111db64b66d2a43600edf32b683a4178969b62629f7eb,0.9029751597803596,0.9359577559667944,0.0329825961864347,0.0310596478467708,bullish,0.9359577559667944
2025-04-24 02:14:45,BA,Q1 2025 Boeing Co Earnings Call,Q1 2025 Boeing Co Earnings Call,Yahoo,https://finnhub.io/api/news?id=6778da32a5f292040fc0a052bd72b5d94755db019c1c49c55e753962565be196,-0.0528190692781691,0.0510102843828116,0.1038293536609807,0.8451603619562076,bearish,0.8451603619562076
2025-04-24 02:05:45,BA,Boeing Co (BA) Q1 2025 Earnings Call Highlights: Strong Revenue Growth Amid Tariff Challenges,"Boeing Co (BA) reports an 18% revenue increase and strategic wins, while navigating tariff impacts and financial pressures.",Yahoo,https://finnhub.io/api/news?id=46a571756a4a9028dd8bae97fb8305e4e1795a24840d0d08a8d6220a2f6c7f0f,0.932459863909187,0.9522420622074296,0.0197821982982427,0.0279757394943276,bullish,0.9522420622074296
2025-04-24 01:07:33,BA,Boeing ready to resell jets as tariffs hit China trade,SEOUL/PARIS -Boeing is looking to resell potentially dozens of planes locked out of China by tariffs after repatriating a third jet to the United States rather than store it without willing buyers. ...,Finnhub,https://finnhub.io/api/news?id=07516e70c1a24b6bf5e247da62c93cef433ff98f213a314fd40ae5403ace0fac,0.8404858149814334,0.8631618424859756,0.0226760275045422,0.1141621300094821,bullish,0.8631618424859756
2025-04-23 23:17:49,BA,"Vietnam Airlines to finalise 50 Boeing narrow-body order soon, sources say","Flag carrier Vietnam Airlines is close to finalising a provisional order for 50 Boeing 737 MAX jets that it made in 2023, industry sources said, as it signed a funding arrangement for 50 single-aisle...",Finnhub,https://finnhub.io/api/news?id=32eb706eb3bf622d7141d22aa69b489466abe5ecf6005231e78772304911524d,0.540647616208593,0.5579953266418861,0.017347710433293,0.4246569629248208,bullish,0.5579953266418861
2025-04-23 15:51:00,BA,Boeing Stock Surges on Earnings. There Is Still a Lot of Uncertainty Ahead.,"Boeing produced an earnings ‘beat.’ That’s good news. Coming into Q1, it had missed earnings estimates in 19 of the past 44 quarters, according to Bloomberg.",Yahoo,https://finnhub.io/api/news?id=a32908516e60135e5c80aae76476fad66f8c6b200e800f6a07a57cad9dc77cea,-0.4724252240404353,0.1387019968806507,0.6111272209210861,0.2501707821982633,bearish,0.6111272209210861
2025-04-23 15:30:00,BA,The Dow climbs 400 points as Trump backs off Powell and Tesla stock rallies,"U.S. stocks climbed Wednesday, buoyed in part by President Donald Trump’s retreat on the prospect of firing Federal Reserve Chair Jerome Powell and the president’s indication that tariffs on China “will come down substantially but it won’t be zero.”",Yahoo,https://finnhub.io/api/news?id=a9ed2cce14016f0dda47c901f62e78055fc03e0a831a8db25abb5b55aa249d45,-0.4489170960597886,0.1814372769640659,0.6303543730238544,0.1882083500120796,bearish,0.6303543730238544
2025-04-23 15:29:36,BA,"Stocks to Watch Recap: IBM, Shopify, Intuitive Surgical, Boeing","? After-Hours Earnings: Shares of IBM, Chipotle Mexican Grill and Las Vegas Sands fell in afterhours trading following post-close earnings announcements. Shares of Texas Instruments, ServiceNow and Whirlpool rose in response to their postmarket earnings.",Yahoo,https://finnhub.io/api/news?id=c2c18fbb10c33a9ce11e269a9d2345b905abd312750bc6d03a1ee307088cf689,0.0321483662550611,0.0499282284651807,0.0177798622101195,0.9322919093246996,neutral,0.9322919093246996
2025-04-23 15:22:38,BA,"Boeing Stock Surges On Q1 Results, Plus $10.6 Billion Deal",Boeing stock climbs earnings beat as operational performance improves. Dow Jones jet maker strikes deal for navigation business.,Yahoo,https://finnhub.io/api/news?id=63ab78a55911c3956474bd7fe49214d6917ea16e38e4ab54e7bac99d84b3d3d3,0.8524021538617473,0.9106272216795468,0.0582250678177993,0.0311477105026539,bullish,0.9106272216795468
2025-04-23 15:17:00,BA,"These Stocks Moved the Most Today: Tesla, Intel, Enphase, Bristol Myers, Boeing, AT&T, and More",Tesla stock rises as CEO Elon Musk says in May he’ll be cutting back ’significantly’ his work with the Trump administration’s Department of Government Efficiency.,Yahoo,https://finnhub.io/api/news?id=80cc144952ed318694a8763374e28be392c807d71dd6ece91fdb603c1299945e,0.1329555980903402,0.1701970081381834,0.0372414100478432,0.7925615818139734,bullish,0.7925615818139734
2025-04-23 15:10:30,BA,Traders Fixated on What Companies Spend More Than Earn,"(Bloomberg) -- Wall Street is already looking past what’s expected to be Corporate America’s slowest gain in quarterly earnings in a year, instead focusing on a number that rarely captures the limelight: capital expenditures.Most Read from BloombergTrump Gives New York ‘One Last Chance’ to End Congestion FeeWhy Car YouTuber Matt Farah Is Fighting for Walkable CitiesThe Racial Wealth Gap Is Not Just About MoneyBackyard Micro-Flats Aim to Ease South Africa’s Housing CrisisTo Fuel Affordable Housin",Yahoo,https://finnhub.io/api/news?id=37c57dec3b3d1adc70383510d5198d34ff15527a61198021c41778f1a6ec4246,-0.0863530026919692,0.0385127434356101,0.1248657461275794,0.8366215104368104,bearish,0.8366215104368104
2025-04-23 14:42:37,BA,Private Credit Just Crushed Wall Street--$4B Loan Fuels Thoma Bravo's $10.6B Boeing Buyout,"Apollo, Blackstone, and Citigroup are rewriting the M&A playbook--bankers are watching from the sidelines.",Yahoo,https://finnhub.io/api/news?id=47e8a3fe91e51176ca8b50cc5a33c479fe7bca8fd313b3d3ef811924b9846133,0.3853499476507321,0.6019589125526276,0.2166089649018953,0.181432122545477,bullish,0.6019589125526276
2025-04-23 14:05:09,BA,"Boeing CEO says trade uncertainty, China tensions not expected to affect aerospace giant’s rebound",Boeing CEO Kelly Ortberg says the aerospace giant will look to protect its turnaround efforts amid the ongoing trade tensions between the U.S. and trading partners like China.,Yahoo,https://finnhub.io/api/news?id=0db3084b508393ca5ae7042fee706ef3b882b179ff643068c6dfeec741dda37e,-0.12980935819305,0.039729245303044,0.169538603496094,0.7907321512008618,bearish,0.7907321512008618
2025-04-23 13:40:00,BA,"These Stocks Are Moving the Most Today: Tesla, Intel, Enphase, Bristol Myers, Boeing, AT&T, and More",Tesla stock rises as CEO Elon Musk says in May he’ll be cutting back ’significantly’ his work with the Trump administration’s Department of Government Efficiency.,Yahoo,https://finnhub.io/api/news?id=65f0d46e40689744cf36274fabe79ee925113c8103779627990ec5ebe2fe208e,0.1097394029912619,0.1488449954012783,0.0391055924100164,0.8120494121887053,bullish,0.8120494121887053
2025-04-23 12:44:02,BA,Why Is Boeing (BA) Stock Soaring Today,"Shares of aerospace and defense company Boeing (NYSE:BA) jumped 7.2% in the morning session after the company reported impressive first-quarter 2025 results, which significantly blew past analysts' EBITDA and EPS expectations, signaling improved profitability.",Yahoo,https://finnhub.io/api/news?id=90d021e1f0626f91490b06d839c97a83bc4f196a22f26a356549ce1120708032,-0.4468022610277442,0.0608093230607209,0.5076115840884652,0.4315790928508138,bearish,0.5076115840884652
2025-04-23 12:39:52,BA,America’s biggest exporter was already on the ropes. Then came tariffs,"Boeing’s problems the last six years have been legion. Tariffs could be yet another gut punch for the beleaguered company – and, given Boeing’s importance as the top US exporter, for the economy as a whole.",Yahoo,https://finnhub.io/api/news?id=da4ce62ef316448bafa9c646f5c04ec5b25b3df4d08764c7bb2b4b7b9aac6e2c,0.081342247684531,0.1445979730904706,0.0632557254059396,0.7921463015035897,bullish,0.7921463015035897
2025-04-23 12:38:00,BA,"Boeing Leans on Backlog, Looks for Alternatives to China Trade",The airplane maker reported a narrower first-quarter loss as CEO Kelly Ortberg said the company’s higher backlog has provided some flexibility amid the trade war.,Yahoo,https://finnhub.io/api/news?id=196585f21017388157b37465614c39007447794aee4994cfb8250ca3d6711713,0.1506415474920888,0.2034319414410016,0.0527903939489128,0.7437776646100854,bullish,0.7437776646100854
2025-04-23 11:52:00,BA,"Boeing Will Stop Making Jets for China if Airlines Won’t Accept Planes, CEO Says","This was the quarter  Boeing  was waiting for.  Then came President Trump’s trade war.  Instead, Chief Executive  Kelly Ortberg  spent much of the morning Wednesday talking about a pair of Boeing jets returned by China and issuing reassurances that tariff wars won’t derail the company’s turnaround.",Yahoo,https://finnhub.io/api/news?id=d333dc51f47c6a6863ad2eee53dc4f07ee11f64097c42c764b54d42fa77e700a,-0.779156694817301,0.0129023735201118,0.7920590683374129,0.1950385581424751,bearish,0.7920590683374129
2025-04-23 11:45:02,BA,Boeing Can Ride the Tariff De-Escalation Tailwind: Heard on the Street,"If Donald Trump truly de-escalates his trade war, Boeing could be an early winner.  On top of that, Boeing reported smaller losses and a less onerous cash burn for the first quarter than Wall Street analysts were forecasting.  Comments by GE Aerospace, RTX and Hexcel this week had suggested that the trade war with China could slow production of American-made jets.",Yahoo,https://finnhub.io/api/news?id=ea0c6b37a5d65d6c9d9a53b69d5a94acfff57f9afa601b70cf8a16431f2fd20a,0.0799405993514575,0.1251308484948894,0.0451902491434318,0.8296789023616787,bullish,0.8296789023616787
2025-04-23 11:40:41,BA,"Uncertain Outlook Likely to Keep Weighing on Boeing (BA), Investor Says","The “cloudiness of forecasts” for Boeing (BA) is likely to keep weighing on BA stock going forward, said Dave Mazza, the CEO of Roundhill Investments, on the Schwab Network recently. Specifically, the uncertainty of the outcome of trade battle between the U.S. and China, along with worries about the economy and doubts about the firm’s […]",Yahoo,https://finnhub.io/api/news?id=f89ad499aa5ff40864cf6f35c38ad708be4c4d0fa9e6a3d4668741743f27325a,-0.4073816388845444,0.2442498356103897,0.6516314744949341,0.1041186898946762,bearish,0.6516314744949341
2025-04-23 11:29:29,BA,"Stock Market Today: Dow Jones Fades As Trump Backs Down On China, Fed Powell; Cathie Wood Scoops Up Nvidia Stock (Live Coverage)","Stock Market Today: Dow Jones Fades As Trump Backs Down On China, Fed Powell; Cathie Wood Scoops Up Nvidia Stock (Live Coverage)",DowJones,https://finnhub.io/api/news?id=7fa97348d78205ae3e53dc56d04f7031e46144e003986c36b4a3fc37cec14bfd,0.0474914049923013,0.0944089812152177,0.0469175762229164,0.8586734425618658,neutral,0.8586734425618658
2025-04-23 11:15:00,BA,Here's Why Boeing Stock Rocketed Higher Today,"Boeing (NYSE: BA) stock rose by as much as 8.7% in trading before 10 a.m. today.  On the other hand, its well-regarded CEO, Kelly Ortberg, has a huge opportunity to engineer a turnaround at the company simply by executing well.  As such, Boeing is almost a ""self-help"" story, and the good news from this earnings report is that the company seems to be starting to help itself.",Yahoo,https://finnhub.io/api/news?id=54b1d07f1de0f6ebc1502eb1190ee9a2e53a8f8a8ee5b6e98ab3db895c6056ea,0.5214884932976874,0.5487710472601169,0.0272825539624295,0.4239463987774535,bullish,0.5487710472601169
2025-04-23 11:13:08,BA,"Top Stock Movers Now: Tesla, Boeing, Enphase, and More","U.S. stock indexes rallied at midday Wednesday as President Donald Trump said he has ""no intention"" of firing Federal Reserve Chair Jerome Powell and made further comments suggesting a de-escalation of the trade war with China.",Yahoo,https://finnhub.io/api/news?id=5b44e836b2d1757f1f46d9e619e697f425abb6c2c171fb571f768580056923b7,0.069118564373228,0.0802542507695825,0.0111356863963545,0.9086100628340628,bullish,0.9086100628340628
2025-04-23 11:02:44,BA,Top Midday Stories: Boeing to Ask FAA to Lift Production Cap; Musk Says His Government Commitment to 'Drop Significantly',"All three major US stock indexes were up sharply, with the Nasdaq Composite gaining nearly 3% in lat",Yahoo,https://finnhub.io/api/news?id=0d0a3314a49af396408734d9c53dde14f07e670204d7aec83fbdb856c046d400,0.1439254571204971,0.5393270213952137,0.3954015642747166,0.0652714143300696,bullish,0.5393270213952137
2025-04-23 10:27:45,BA,"Stocks to Watch Wednesday: Shopify, Intuitive Surgical, Boeing","↗️ Intuitive Surgical (ISRG): The maker of robotic-surgical systems reported higher profit and revenue but warned that tariffs could hurt its gross margin going forward. Shares rose 5%. ↗️ Shopify (SHOP; CA:SHOP): Shares in the e-commerce platform and other tariff-sensitive Canadian stocks rallied, after the Trump administration pared back some of its trade rhetoric.",Yahoo,https://finnhub.io/api/news?id=6c5da3790ee2234ed70210963824bdb28f2e62d9edf5e4bdce31a43aaf0b708f,0.0242761801476102,0.0471321865038346,0.0228560063562244,0.9300118071399408,neutral,0.9300118071399408
2025-04-23 10:19:00,BA,"Dow up 350 points on gains for shares of Boeing, Amazon.com Inc.","Dow up 350 points on gains for shares of Boeing, Amazon.com Inc.",MarketWatch,https://finnhub.io/api/news?id=434d4ef938d65a6076740f66dd18ef4605a31907a68dea3274e4cfaf3719a54a,0.8276595135397773,0.8786973992815026,0.0510378857417253,0.070264714976772,bullish,0.8786973992815026
2025-04-23 10:16:00,BA,Markets Await New Home Sales Data,Markets Await New Home Sales Data,Yahoo,https://finnhub.io/api/news?id=b4f1f21526a47ecc40a03f8f004e567f46cc64d7e0e602eb1b8e87265d0c8065,-0.050771215202761,0.0409503588292827,0.0917215740320438,0.8673280671386734,bearish,0.8673280671386734
2025-04-23 10:15:58,BA,"Tesla stock jumps, Boeing earnings beat, Adobe partners with NFL","As part of today's Market Minute, Madison Mills recaps some of the trending stories of the trading session. Tesla (TSLA) stock jumps despite the company's earnings miss after CEO Elon Musk told investors he would dedicate less time to his work in US President Trump's second administration starting in May. Boeing (BA) stock rises after the company's first quarter earnings report beat Wall Street's expectations. Adobe (ADBE) partners with the NFL to bring NFL-themed templates to Adobe Express. Stay up to date on the latest market action, minute-by-minute, with Yahoo Finance's Market Minute.",Yahoo,https://finnhub.io/api/news?id=b942d485e3853b401311f9fb48ff5106990086730b75fb83fd41f31cc124c006,0.8715225575010369,0.8907701854265022,0.0192476279254652,0.0899821866480324,bullish,0.8907701854265022
2025-04-23 10:10:21,BA,Boeing Stock Climbs as Loss Shrinks and Aircraft Deliveries Soar,"Boeing narrows Q1 loss, boosts 737 production outlook, and books over 200 aircraft orders despite cash flow challenges",Yahoo,https://finnhub.io/api/news?id=06af0e753819b78a54577159e039c4c4fe5e57f1eb3de6b036ea617876c9613a,0.8292302203980817,0.8949981265142699,0.0657679061161882,0.0392339673695417,bullish,0.8949981265142699
2025-04-23 10:10:19,BA,Boeing CEO Threatens to Stop Making Jets for China,"Boeing Chief Executive Kelly Ortberg threatened to stop making jets for China after airlines there returned a pair of planes.  Ortberg said Wednesday that the company would find other buyers for Boeing jets rejected by China in recent days if airlines there won’t take them.  China is restricting deliveries of Boeing-made jets, telling Chinese airlines not to place new orders for Boeing jets and requiring carriers to seek approval before taking delivery of already-ordered aircraft.",Yahoo,https://finnhub.io/api/news?id=967ccb67da49951914c3ee5eb7ea10fb73488cd90967c740e1ef7f30af9dee29,-0.8559648607984993,0.0123603338438123,0.8683251946423116,0.1193144715138761,bearish,0.8683251946423116
2025-04-23 10:08:21,BA,Thoma Bravo Says Boeing Carveout it Bought Will Sell Again | Wall Street Beat 04/23/2025,"The private equity firm Thoma Bravo bought Boeing's flight navigation unit for nearly $11 billion dollars. Holden Spaht, Thoma Bravo Managing Partner joined Wall Street Beat on Bloomberg Open Interest to talk about the deal and what's next for the unit.",Yahoo,https://finnhub.io/api/news?id=ef186a3edfc4960435a0231def6e073bb6c21f919eb6d3a51392aad4537f9e16,0.3730695452253453,0.3847404477706618,0.0116709025453165,0.6035886496840216,bullish,0.6035886496840216
2025-04-23 09:52:50,BA,Boeing: Why more 737 Max production is 'critical' for the company,"Boeing (BA) stock is climbing after the company reported a smaller-than-expected first quarter loss and reaffirmed its plans to hit peak production of its 737 Max aircraft by the end of 2025. Tony Bancroft, Gabelli Funds portfolio manager for the aerospace and defense ETF GCAD (GCAD), joins Morning Brief to discuss Boeing's trajectory and ""incremental"" progress. To watch more expert insights and analysis on the latest market action, check out more Morning Brief here.",Yahoo,https://finnhub.io/api/news?id=fcf86668ad875494422c4b43ce749347a8991711ea762641a509f53c27d42ae6,0.0029102339690126,0.1130298350819237,0.110119601112911,0.7768505638051652,neutral,0.7768505638051652
2025-04-23 09:37:52,BA,Boeing doesn't expect the US trade war with China to slow its recovery,"Boeing CEO Kelly Ortberg said Wednesday that he doesn’t expect the U.S. trade war with China to forestall the company's financial recovery, nor prevent it from reaching aircraft delivery targets with Chinese airlines now refusing to accept Boeing planes.  Speaking on CNBC, Ortberg said that Boeing had three airliners in China ready for delivery but brought two of them back to Seattle so far because the Chinese airlines that ordered the planes “stopped taking delivery of aircraft due to the the tariff environment.”  Beijing increased its import tax on American goods to 125% this month in retaliation for U.S. President Donald Trump raising the tariff on products made in China to 145%.",Yahoo,https://finnhub.io/api/news?id=ab1cd8b3a538db166501a56c99bb8ea92e52d0a35c64ce9a692fddeab7286241,0.1244606971740722,0.519478440284729,0.3950177431106567,0.0855038166046142,bullish,0.519478440284729
2025-04-23 09:36:00,BA,General Dynamics CEO on Trump tariffs: Don’t ask,General Dynamics CEO on Trump tariffs: Don’t ask,MarketWatch,https://finnhub.io/api/news?id=587dbd95ca4c95e7f38fb09ee86f6b4b0e11931bb253308da0370225e75a19e1,-0.0636492271656026,0.0373309522370053,0.100980179402608,0.8616888683603866,bearish,0.8616888683603866
2025-04-23 09:30:00,BA,Wall Street Lunch: Bessent Comments On China Tariffs,,SeekingAlpha,https://finnhub.io/api/news?id=e7ea83e080f16c21c176159e721c5c7fd7205b37567f23db5202d27b2d3f878b,0.0237780656847646,0.0635490408010923,0.0397709751163277,0.8966799840825799,neutral,0.8966799840825799
2025-04-23 09:29:00,BA,Boeing stock jumps after surprise earnings beat despite China tensions,Boeing (BA) stock rose more than 6%on Wednesday after the aerospace giant reported a lower-than-expected first-quarter loss and reaffirmed its full-year forecast — a rare upside surprise for a company that’s spent months under a microscope.,Yahoo,https://finnhub.io/api/news?id=55d03c47c06eada85a7ea849aa36676657fb0081b75437de0637e2d1458f862c,0.2312898933887481,0.5474659204483032,0.316176027059555,0.1363580524921417,bullish,0.5474659204483032
2025-04-23 09:23:39,BA,Boeing's Quarterly Loss Unexpectedly Narrows as Commercial Airplane Revenue Surges,Boeing's (BA) first-quarter loss unexpectedly narrowed amid the plane maker's efforts to improve its,Yahoo,https://finnhub.io/api/news?id=1daa27a46162ce57216ce339dc6a05bcbf0b18e759d3f5fde5b9f7c5930dec76,-0.7228794003647644,0.1291590912190943,0.8520384915838587,0.0188024171970469,bearish,0.8520384915838587
2025-04-23 09:18:00,BA,"Dow rallies nearly 550 points on gains in shares of Boeing, Amazon.com Inc.","Dow rallies nearly 550 points on gains in shares of Boeing, Amazon.com Inc.",MarketWatch,https://finnhub.io/api/news?id=a3cb08a06aed5b717156e2e05a75871a23ba9da15043356c78021671851adf5c,0.8361785963889473,0.8823686077749616,0.0461900113860143,0.0714413808390241,bullish,0.8823686077749616
2025-04-23 08:48:21,BA,The Boeing Company 2025 Q1 - Results - Earnings Call Presentation,,SeekingAlpha,https://finnhub.io/api/news?id=db5cda8aae914fcbca6a683fe44cc629c0c0540830f4367c7d2cd9b850844455,-0.012928225292686,0.0366814775270443,0.0496097028197303,0.9137088196532251,neutral,0.9137088196532251
2025-04-23 08:47:34,BA,The Boeing Company (BA) Q1 2025 Earnings Call Transcript,,SeekingAlpha,https://finnhub.io/api/news?id=167573688ffa70a23f6a1ee7f14f63e21ebb1b5d72453c6d8a9b7564f4c2e0ba,0.0108912663294563,0.0457562177740963,0.03486495144464,0.9193788307812636,neutral,0.9193788307812636
2025-04-23 08:21:07,BA,Correction to Boeing 1Q Loss Narrows Article,"Boeing reported a first-quarter loss of $37 million, compared with a loss of $343 million a year ago. Boeing 1Q Loss Narrows, Backlog and Sales Grow, at 7:56 a.m. ET, and a subsequent update,...",Finnhub,https://finnhub.io/api/news?id=cafedf1cb21876cbdceb7882b49ceaa286d3e4474b42d916a8e79a3149760ea3,-0.584515475313534,0.1585405558891387,0.7430560312026727,0.0984034129081885,bearish,0.7430560312026727
2025-04-23 08:17:00,BA,"Dow's 669-point rally highlighted by gains in shares of Boeing, NVIDIA Corp.","Dow's 669-point rally highlighted by gains in shares of Boeing, NVIDIA Corp.",MarketWatch,https://finnhub.io/api/news?id=6705f144a5c7e6d9c14da2a8f200c89a121d2135fb2f599031ed316b71d3dd7d,0.8429481555850971,0.8958328466396724,0.0528846910545754,0.0512824623057521,bullish,0.8958328466396724
2025-04-23 08:12:14,BA,"Boeing Leans on Backlog, Looks for Alternatives to China Trade -- 2nd Update",By Katherine Hamilton Boeing is counting on a large backlog to keep it on course as tariffs and an order stoppage from China threaten to stall its recovery. The aircraft maker said Wednesday...,Finnhub,https://finnhub.io/api/news?id=88e1b43c1b3ad41532562e1b954e9374c3115c4b09836adc88d920f309e5c53f,0.0995125452065606,0.1289512661677761,0.0294387209612154,0.8416100128710083,bullish,0.8416100128710083
2025-04-23 08:05:00,BA,"Boeing 1Q Loss Narrows, Backlog and Sales Grow","Boeing 1Q Loss Narrows, Backlog and Sales Grow",MarketWatch,https://finnhub.io/api/news?id=4f8ed47228ad649ceb773e7283bf66f1da5c58731ba48bc6f694dd800c90330c,-0.9455142952353032,0.0122458333644045,0.9577601285997076,0.0299940380358876,bearish,0.9577601285997076
2025-04-23 07:36:24,BA,"Boeing tackles US-China trade threat, shares rise on smaller-than-expected loss","Boeing's CEO pledged on Wednesday to protect the U.S. planemaker's recovery from the effects of a U.S.-China trade war, after reporting a smaller-than-expected quarterly loss and higher jet output...",Finnhub,https://finnhub.io/api/news?id=67faf80029b1fbba26a4c2bef6bc120784767044e40a0309b0912ce47b6d28ae,0.4876486811742579,0.7217435621695649,0.2340948809953069,0.0441615568351281,bullish,0.7217435621695649
2025-04-23 07:30:30,BA,Boeing first-quarter loss narrows as commercial plane deliveries jump,,Fintel,https://finnhub.io/api/news?id=93d3f5d974165c22f515f6ca4c5b139c5e888d55427241166d84068874fc7c8b,-0.8821791127729995,0.0512714246524763,0.933450537425476,0.0152780379220477,bearish,0.933450537425476
2025-04-23 07:01:00,BA,"Dow up 568 points on gains for shares of Boeing, Amazon.com Inc.","Dow up 568 points on gains for shares of Boeing, Amazon.com Inc.",MarketWatch,https://finnhub.io/api/news?id=6ef1ec7ae3500ff86c1fc9f1dfe53439120db454909e7a3ff1664d583384c2d6,0.8380843391015409,0.8865455851392381,0.0484612460376972,0.0649931688230647,bullish,0.8865455851392381
2025-04-23 06:31:34,BA,"Stocks attempt a recovery this week, and attention is now shifting toward 'choppy' earnings, one strategist says","Stocks attempt a recovery this week, and attention is now shifting toward 'choppy' earnings, one strategist says",MarketWatch,https://finnhub.io/api/news?id=da618262da6826aa3241e6da1feb8f8db8bb22e922ad92514d0cfbb33293d2c9,-0.7193340428111521,0.1256264757888994,0.8449605186000515,0.029413005611049,bearish,0.8449605186000515
2025-04-23 06:01:50,BA,Boeing results: investors relieved,"Investors were eagerly awaiting Boeing's quarterly results. After several turbulent months, the aircraft manufacturer had an opportunity to send a positive signal. The figures published were...",Finnhub,https://finnhub.io/api/news?id=fa4698ea71b746a70e295aa55ff588bb90ff139b1c2cb3074a64404aa526bc55,-0.0651165306914628,0.0757681784979661,0.1408847091894289,0.783347112312605,bearish,0.783347112312605
2025-04-23 06:00:00,BA,"Boeing, Amazon.com Inc. share gains contribute to Dow's 850-point surge","Boeing, Amazon.com Inc. share gains contribute to Dow's 850-point surge",MarketWatch,https://finnhub.io/api/news?id=cfa6cbf28ab0e0761ef04d9f62506cfee46eca6033bcefad8a11e1776c71495f,0.880612633400136,0.916796599209182,0.0361839658090459,0.0470194349817721,bullish,0.916796599209182
2025-04-23 05:45:00,BA,The Key Takeaways From Boeing's 1st-Qtr Results,"Tony Bancroft, Gabelli Funds portfolio manager, reacts to Boeing's first-quarter results. Boeing reported first-quarter results that exceeded Wall Street's estimates, with a smaller-than-expected...",Finnhub,https://finnhub.io/api/news?id=75a713a9e55a5cf3d5687dcc8857d5a1041fdc50b2e7ef6d2f54d74deadb7f2c,0.0723050473230129,0.0925679771858759,0.0202629298628629,0.8871690929512611,bullish,0.8871690929512611
2025-04-23 05:11:55,BA,"Boeing reports smaller-than-expected loss on higher jet deliveries, shares jump","Boeing reported a smaller-than-expected quarterly loss on Wednesday, as the U.S. planemaker produced and delivered more jets, after quality problems and a crippling strike shuttered most of its...",Finnhub,https://finnhub.io/api/news?id=270c8be4d698501dbab87bcbcb90010146e63a1a36810495a8153b60572fbb50,-0.8606220452172872,0.0599304554977496,0.9205525007150368,0.0195170437872134,bearish,0.9205525007150368
2025-04-23 05:06:14,BA,Boeing Launches Its African Office in Addis Ababa,"Boeing Company has officially inaugurated its new African office in Addis Ababa, the Ministry of Transport and Logistics announced.Speaking at the inauguration ceremony, Ethiopia's Minister of...",Finnhub,https://finnhub.io/api/news?id=62d5e216c687332e61c09dc7ee3a316c00001cb87aceffcd30f809752d459025,0.0355554109232225,0.060999455908288,0.0254440449850654,0.9135564991066464,neutral,0.9135564991066464
2025-04-23 04:56:34,BA,"Dow Jones Surges 1,000 Points On Trump Comments; Apple, Nvidia, Tesla Rally","Dow Jones Surges 1,000 Points On Trump Comments; Apple, Nvidia, Tesla Rally",DowJones,https://finnhub.io/api/news?id=f77621b5cb789565e7a3fd718b56e98078015725eb604805bf110beb7566d3d4,0.2745359729906316,0.3270414520359255,0.0525054790452939,0.6204530689187805,bullish,0.6204530689187805
2025-04-23 04:45:00,BA,"Dow soars nearly 1050 points on gains for Amazon.com Inc., Boeing shares","Dow soars nearly 1050 points on gains for Amazon.com Inc., Boeing shares",MarketWatch,https://finnhub.io/api/news?id=2ff137c0a6eba3d0bdeee648ae71b3d4b98aa783cd1944e645544e78bced519b,0.8261775014834292,0.8749971324578141,0.0488196309743849,0.0761832365678009,bullish,0.8749971324578141
2025-04-23 04:04:35,BA,"Boeing Narrows 1Q Loss as Backlog Grows, Shares Rise -- Update",By Katherine Hamilton Boeing reported a narrower first-quarter loss as CEO Kelly Ortberg said the company's higher backlog has provided some flexibility amid the trade war. The airplane...,Finnhub,https://finnhub.io/api/news?id=7558f1f7cf0d63726253321494eac943810157e6438c39456755fba6bc7882b2,0.4731607629397341,0.6954412900930355,0.2222805271533013,0.0822781827536631,bullish,0.6954412900930355
2025-04-23 04:01:42,BA,Boeing reports smaller than expected loss on higher jet deliveries,"Boeing reported a smaller-than-expected quarterly loss on Wednesday, as the U.S. planemaker produced and delivered more jets, after quality problems and a crippling strike shuttered most of its...",Finnhub,https://finnhub.io/api/news?id=6c4b8287956602e5ddcceec1aeeccb9b07b6390c9ea3e8faaa7a43a5ae62bc96,-0.6569522349248901,0.1634856915804935,0.8204379265053836,0.0160763819141229,bearish,0.8204379265053836
2025-04-23 03:40:00,BA,"Boeing sees commercial airplane revenue surge, even after tariff announcements","Boeing sees commercial airplane revenue surge, even after tariff announcements",MarketWatch,https://finnhub.io/api/news?id=d5d8144294674b07ffd75bc012aa71289124981dc089e9dad475fecc4979bf8c,0.9315158364244176,0.952579634521322,0.0210637980969042,0.0263565673817738,bullish,0.952579634521322
2025-04-23 03:08:32,BA,Boeing: loss reduced as deliveries take off,Boeing announced on Wednesday that it had reduced its Q1 losses thanks to a sharp rise in revenue due to a significant increase in aircraft deliveries.The US aerospace group reported this morning a...,Finnhub,https://finnhub.io/api/news?id=a6d395ad31fdc8f6082d92746ec0d846eda6164d4d9b36e8ad607095946dff99,0.7417628676783985,0.8583941443666925,0.1166312766882939,0.0249745789450135,bullish,0.8583941443666925
2025-04-23 02:36:17,BA,Boeing: Q1 Earnings Snapshot,"ARLINGTON, Va. — ARLINGTON, Va. — Boeing Co. on Wednesday reported a loss of $37 million in its first quarter. On a per-share basis, the Arlington, Virginia-based company said it had a loss...",Finnhub,https://finnhub.io/api/news?id=a4563ba2a00af5ce5e2580e96b97b842d076b82e2c2c1f4779f57fb3011269f8,-0.5859221816062927,0.0337784886360168,0.6197006702423096,0.3465208411216736,bearish,0.6197006702423096
2025-04-23 02:31:08,BA,Boeing Reports First Quarter Results,"ARLINGTON, Va., April 23, 2025 /PRNewswire/ --First Quarter 2025737 production gradually increased in the quarter; still expected to reach 38 per month this yearRevenue increased to $19.5 billion...",Finnhub,https://finnhub.io/api/news?id=fbaa3c2e0c4d8350a47002763368cdd408d1aeb776169d036e8389649696b7d3,-0.1597656914469588,0.0676661094550994,0.2274318009020582,0.7049020896428423,bearish,0.7049020896428423
2025-04-22 23:04:18,BA,"Boeing, IBM and Lam Research among raft of companies reporting results","Boeing, IBM and Lam Research among raft of companies reporting results",MarketWatch,https://finnhub.io/api/news?id=82118b66fbd2e20da5b849a1bad8184529f13b18ed64b2668a51ae93fc0b9fd8,0.0370351575591121,0.0675597780611386,0.0305246205020265,0.9019156014368348,neutral,0.9019156014368348
2025-04-22 22:40:00,BA,Magnificent 7 Earnings Out This Week Will Shed Light On Big Tech's Tariff Concerns,,SeekingAlpha,https://finnhub.io/api/news?id=eaac6e9c845c2f82b606d3d73abdf9f438e0115f65507451348e00074b95c29c,-0.4118469042022277,0.1309907722016484,0.5428376764038761,0.3261715513944754,bearish,0.5428376764038761
2025-04-22 18:00:00,BA,"Sec. Bessent speech, Boeing earnings, housing data: What to Watch","Market Domination anchor Julie Hyman outlines stories to watch on Wednesday, April 23. Treasury Secretary Scott Bessent will be speaking at the IIF Global Outlook Forum. A big batch of earnings will be published, including from Boeing (BA), IBM (IBM), AT&T, (T) and Chipotle (CMG). Several Federal Reserve officials will be providing commentary, including from Fed governor Christopher Waller, Chicago Fed president Austan Goolsbee, and Cleveland Fed president Beth Hammack. March new home sales data will be released in the morning, with economists forecasting a rise in sales to 684,000. To watch more expert insights and analysis on the latest market action, check out more Market Domination here.",Yahoo,https://finnhub.io/api/news?id=2f002ef84bc7c75706863d653f401dd84a3c1b121a3d6b29249046079696bd6f,-0.058241669938046,0.0209622448758336,0.0792039148138796,0.8998338403102868,bearish,0.8998338403102868
2025-04-22 17:50:11,BA,The Boeing Company (BA): One of the Top Defense Stock Picks from the Goldman Sachs Portfolio,"We recently published a list of Goldman Sachs Defense Stocks: Top 12 Stock Picks. In this article, we will take a look at where The Boeing Company (NYSE:BA) stands against other top defense stock picks from the Goldman Sachs Portfolio. After a subdued start to the year, American defense stocks are beginning to see improved […]",Yahoo,https://finnhub.io/api/news?id=25861e0eb4f8e765f44ec1ed15a7b342ed2ac5d6567d31fd56cd1fcce41d1245,0.5615622764144995,0.573386557221522,0.0118242808070224,0.4147891619714555,bullish,0.573386557221522
2025-04-22 16:19:00,BA,Investors Hope for No Surprises as Boeing Reports Earnings,"Boeing  quarterly results are coming.  Investors are concerned about depressed earnings amid constrained production, questionable quality, and cost-increasing trade wars.  Investors will want updates about all that, but what they might want most of all is less quarterly volatility.",Yahoo,https://finnhub.io/api/news?id=e8cc2170898490d09e68b853a7433bc34d0062307b16cbcf89b4ce60a0537ebb,0.0319558141850628,0.139126189247643,0.1071703750625802,0.7537034356897767,neutral,0.7537034356897767
2025-04-22 13:17:22,BA,Spirit AeroSystems top engineer to lead Wichita site after Boeing deal closes -letters,"(Reuters) -Spirit AeroSystems' chief engineer Sean Black will lead the supplier's site in Wichita, Kansas, after Boeing completes its acquisition of Spirit this year, according to letters to employees on Tuesday from both companies.  U.S. planemaker Boeing last year said it had reached an agreement to acquire the struggling aerostructures manufacturer, which it had spun off two decades ago.  Black will become general manager of Boeing Wichita, and hold responsibilities for parts of Spirit's portfolio in Prestwick, Scotland and Belfast, Northern Ireland, letters from Boeing Commercial Airplanes CEO Stephanie Pope and Spirit CEO Pat Shanahan show.",Yahoo,https://finnhub.io/api/news?id=f76b1dc3734def22d565d30e992f975209f4f08e7b1e6d9a682ef139e7901608,0.0885418856244885,0.101050259565008,0.0125083739405195,0.8864413664944725,bullish,0.8864413664944725
2025-04-22 12:33:00,BA,"Should You Buy, Hold or Sell Boeing Stock Before Q1 Earnings Release?","Investors interested in BA stock should wait until April 23, taking into account its dismal performance at the bourses and elevated leverage.",Yahoo,https://finnhub.io/api/news?id=fccaad2455c7b0af486cdeeaee969e35ddcfde96f45527f15085e41f207a053a,-0.0033504496198936,0.0288465405062005,0.0321969901260941,0.9389564693677052,neutral,0.9389564693677052
2025-04-22 11:06:05,BA,Top Midday Stories: Boeing to Sell Parts of Digital Aviation to Thoma Bravo for $10.55 Billion; RTX Projects $850 Million Tariff Hit,All three major US market indexes were up over 2.0% in late-morning trading Tuesday as stocks look t,Yahoo,https://finnhub.io/api/news?id=fa714acf34dee87269f9e071ef0a727c36a758b207370aad831c68ace533b7b9,0.1591091730462216,0.1694017943564769,0.0102926213102552,0.8203055843332678,bullish,0.8203055843332678
2025-04-22 10:36:32,BA,Boeing Sells Jeppesen Unit to Thoma Bravo for $10.6 Billion,"(Bloomberg) -- Boeing Co. agreed to sell its flight navigation unit and other digital assets to Thoma Bravo for $10.6 billion in cash, the first major portfolio transaction under Chief Executive Officer Kelly Ortberg as he seeks to shore up the planemaker’s finances. Most Read from BloombergTrump Gives New York ‘One Last Chance’ to End Congestion FeeDOGE Visits National Gallery of Art to Discuss Museum’s Legal StatusTrump Administration Takes Over New York Penn Station RevampThe Racial Wealth Ga",Yahoo,https://finnhub.io/api/news?id=9c2171c48923f3d085a5a425c4b09899069180d9d9ac95d3d8f2de5d900ef30d,0.0413712412570244,0.0550563807913132,0.0136851395342888,0.931258479674398,neutral,0.931258479674398
2025-04-22 10:23:19,BA,"Boeing's $10.6B deal, Verizon & 3M earnings: Trending tickers","Here are some of the stocks on the move on Tuesday, April 22. Boeing (BA) is selling portions of its Digital Aviation Solutions business to Thoma Bravo for $10.55 billion. Verizon (VZ) reported better-than-expected first quarter earnings, but its postpaid phone losses rose. 3M (MMM) shares are rising after posting first quarter results that topped Wall Street estimates, though it did warn about the impact of tariffs. To watch more expert insights and analysis on the latest market action, check out more Wealth here.",Yahoo,https://finnhub.io/api/news?id=31ffb3d4bbfc643383a74de7a8b6c6af8b16c5c01004cb2178c34ef1178e40fc,-0.0740396544588857,0.0547647403200345,0.1288043947789203,0.8164308649010451,bearish,0.8164308649010451
2025-04-22 10:12:30,BA,Takeover Tuesday Takes Shape from Boeing to Barrick,"Boeing announced it will sell assets to Thoma Bravo for nearly $11 billion in cash. Nomura agreed to buy an asset management business in its most significant overseas acquisition since Lehman Brothers in 2008, while Barrick exits a mining business, in part to John Paulson. Does this signal more dealmaking? Bloomberg's Liana Baker joined Wall Street Beat on Open Interest with some insight.",Yahoo,https://finnhub.io/api/news?id=560349e2baa1bcd2cb61ea2a163be4769e7f4f4afe333c5e7e6660acc80f5b20,0.0292307166325341,0.046436147372079,0.0172054307395449,0.936358421888376,neutral,0.936358421888376
2025-04-22 09:51:00,BA,Boeing Stock Is Rising on Asset Sale. The Balance Sheet Is Fixed.,Aerospace firm Boeing announced sales of some of its operations in digital aviation solutions. Shares aren’t higher because it was expected.,Yahoo,https://finnhub.io/api/news?id=df480c71812007721d956acfda3a9ec29dd1ff9a7bafb7e498aeb567bb79f258,0.7641389216380204,0.8090025457777936,0.0448636241397731,0.1461338300824332,bullish,0.8090025457777936
2025-04-22 09:48:00,BA,GE Stock Rises. Earnings Provided Everything They Needed To.,"GE Aerospace  first-quarter earnings gave investors the calm they badly needed.  Results were better than expected and management’s financial guidance didn’t change despite the impact of difficult-to-quantify tariffs.  GE stock was up 3.4% at $184.50 in early trading, while the  and  were up 1.7%.",Yahoo,https://finnhub.io/api/news?id=36b0a5854291e50b47c5a48c3bd18790c15661a67daa1e220ca8b57fe0388509,0.5486973283763875,0.6071348212925152,0.0584374929161276,0.3344276857913572,bullish,0.6071348212925152
2025-04-22 09:41:00,BA,Boeing to Sell Some of Its Navigation Business in $10.55 Billion Deal,"The agreement includes the sale of Jeppesen, ForeFlight, AerData and OzRunways assets to software investment firm Thoma Bravo.",Yahoo,https://finnhub.io/api/news?id=53fbbba9b878722ad022c4e445a77df2421a2652013c2a566edb27e8f285b2d5,0.0503101287259471,0.0630939497790435,0.0127838210530963,0.92412222916786,bullish,0.92412222916786
2025-04-22 08:46:23,BA,Boeing Sells Jeppesen Unit in $10.6 Billion Thoma Bravo Deal,"Boeing agreed to sell its Jeppesen navigation unit and related assets to Thoma Bravo for $10.6 billion in cash, in a deal that also includes Boeing's ForeFlight, AerData and OzRunways businesses. Benedikt Kammel reports on Bloomberg Television.",Yahoo,https://finnhub.io/api/news?id=fc4b43d311abb48a71be7e00af5770aac83f8dd0e4b5e3ad147c4fa21004ee4e,0.0585375881686146,0.0720054240080057,0.0134678358393911,0.914526740152603,bullish,0.914526740152603
2025-04-22 08:44:44,BA,"GE Aerospace Plans to Offset Tariffs with Cost Cuts, Seek Refunds on Some Duties","GE Aerospace laid out a plan to offset tariffs Tuesday, while keeping its financial outlook unchanged, with some caveats. The jet engine maker said it aims to save $500 million by streamlining operations and seeking refunds for duties it pays on imported parts that are later exported.",Yahoo,https://finnhub.io/api/news?id=63cb333301add6ce6fdb24aa1780cf165a23b545b27a170e07284c3daf6e997e,0.8442283581906095,0.8643539096772395,0.0201255514866299,0.1155205388361305,bullish,0.8643539096772395
2025-04-22 08:37:16,BA,GE Aerospace’s CEO Met With Trump Seeking Relief on Tariffs,(Bloomberg) -- General Electric Co.’s top executive made a direct appeal to President Donald Trump as part of a broad push by the manufacturer to navigate the volatility stemming from the global trade war.Most Read from BloombergDOGE Visits National Gallery of Art to Discuss Museum’s Legal StatusTrump Gives New York ‘One Last Chance’ to End Congestion FeeTrump Administration Takes Over New York Penn Station RevampThe Racial Wealth Gap Is Not Just About MoneyChief Executive Officer Larry Culp spo,Yahoo,https://finnhub.io/api/news?id=597cf8e16a1c521dda5d506ad8ef4ec3d89c7d629ab9caecf2daab3b0d9cb6d3,0.180110657807867,0.4581516844585035,0.2780410266506365,0.2638072888908598,bullish,0.4581516844585035
2025-04-22 08:28:27,BA,Boeing sells digital aviation unit to Thoma Bravo for USD10.6 billion,,Fintel,https://finnhub.io/api/news?id=d720fa90bbb4983307ff9c3701d8c597cc5cca474b37c0009c93bb5a303656eb,0.0580690224805269,0.0685072989547761,0.0104382764742491,0.9210544245709748,bullish,0.9210544245709748
2025-04-22 08:09:00,BA,Boeing to sell parts of digital aviation solutions business to Thoma Bravo for $10.55 billion,Boeing said on Tuesday it will sell portions of its Digital Aviation Solutions business to private equity firm Thoma Bravo for $10.55 billion.,Yahoo,https://finnhub.io/api/news?id=6092e8cf962ec1ad433966f241ae56c24ee6f9a08ae0fc2c84affc21602812ad,0.0370507168543217,0.0500511691883636,0.0130004523340418,0.9369483784775944,neutral,0.9369483784775944
2025-04-22 08:00:00,BA,Boeing to Sell Portions of Digital Aviation Solutions to Thoma Bravo for $10.55 Billion,"Boeing [NYSE: BA] has entered into a definitive agreement to sell portions of its Digital Aviation Solutions business, including its Jeppesen, ForeFlight, AerData and OzRunways assets, to Thoma Bravo, a leading software investment firm. This all-cash transaction is valued at $10.55 billion.",Yahoo,https://finnhub.io/api/news?id=0208119474caa749bf7c8ef20e47e5584ee874ed88c5d77c9c2f701374a491cc,0.0409921906263553,0.0536365403768373,0.012644349750482,0.9337191098726806,neutral,0.9337191098726806
2025-04-22 07:51:00,BA,"The Zacks Analyst Blog Highlights Tesla, Alphabet, Boeing, Intel and Procter &  Gamble","Tesla, Alphabet, Boeing, Intel and Procter & Gamble are part of the Zacks top Analyst Blog.",Yahoo,https://finnhub.io/api/news?id=3a67f6c2d06e7d2ba46f21c2023d19079550d9c7b1715e04f91fe27103bb904e,0.0277731203369236,0.0449174991225451,0.0171443787856214,0.9379381220918336,neutral,0.9379381220918336
2025-04-22 07:43:00,BA,Boeing to sell some digital businesses for $10.55B,The sale to private equity firm Thoma Bravo comes as the aircraft maker strains to shore up its finances.,Yahoo,https://finnhub.io/api/news?id=62399d6353dbc4ae03fed3845cd0603a7eb312449106fc7d28b6f017ed39df9f,0.099740595911447,0.1094921977281781,0.009751601816731,0.8807562004550908,bullish,0.8807562004550908
2025-04-22 07:06:38,BA,"Air India CEO Wilson steps down as chair of low-cost airline arm, Aggarwal to take over","NEW DELHI -Air India CEO Campbell Wilson will step down as chair of the airline's low-cost subsidiary Air India Express and be replaced by chief commercial officer Nipun Aggarwal, a memo said on...",Finnhub,https://finnhub.io/api/news?id=1c1fdeccf901ed0cc2963916e9165b158c7427e4103f4b24562becc00db6a50d,-0.1902688928854755,0.020343387309989,0.2106122801954645,0.7690443324945464,bearish,0.7690443324945464
2025-04-22 05:36:00,BA,GE Aerospace Beats Earnings Estimates. The Stock Is Falling Anyway.,"GE Aerospace  posted solid first-quarter earnings.  The company on Tuesday reported operating profit of $2.1 billion and earnings per share of $1.49 from sales of $9 billion.  Wall Street was looking for an operating profit of $1.9 billion and earnings per share of $1.27 from sales of just under $9.1 billion, according to FactSet.",Yahoo,https://finnhub.io/api/news?id=ca5b9a849a25b0c2c26054791f61465a020d0bdbcf706c594242db7ae30f5718,-0.9479506470289684,0.0086529601356183,0.9566036071645868,0.0347434326997948,bearish,0.9566036071645868
2025-04-22 05:30:32,BA,"Earnings preview this week: Tesla, Chipotle, Alphabet, Boeing","The market faces a busy week on the earnings front with 120 S&P 500 (^GSPC) companies reporting quarterly results, including Tesla (TSLA), Chipotle (CMG), Alphabet (GOOG, GOOGL), Boeing (BA), and others. Yahoo Finance Contributor and Macro Talk News founder Hope King joins Catalysts to discuss what to watch during earnings announcements. To watch more expert insights and analysis on the latest market action, check out more Catalysts here.",Yahoo,https://finnhub.io/api/news?id=2d203930f49fb3cc87b3cdba718fa15c77b6aff1b72910b4a7f17a81b7c3d26c,-0.003318715976573,0.0546146802632565,0.0579333962398296,0.8874519234969137,neutral,0.8874519234969137
2025-04-22 04:56:07,BA,Boeing to Sell Certain Digital Aviation Solutions Assets to Thoma Bravo in $10.55 Billion Deal -- Update,By Adriano Marchese Boeing has agreed to sell portions of its Digital Aviation Solutions business to Thoma Bravo in an all-cash deal worth $10.55 billion as it looks to double down on its core...,Finnhub,https://finnhub.io/api/news?id=4bd928464e6ab2f26bd9b85b76cdb04412334e9b93706a6ea5b806a2c2dc2386,0.1287773102270771,0.1363942379101692,0.0076169276830921,0.8559888344067386,bullish,0.8559888344067386
2025-04-22 04:52:33,BA,Boeing: sells digital avionics assets,Boeing announced Tuesday that it has reached a definitive agreement to sell certain of its digital avionics assets to private equity firm Thoma Bravo in an all-cash transaction valued at $10.55bn.In a...,Finnhub,https://finnhub.io/api/news?id=be05f34af91bee44bcd5cbd8d178b77f053180e87a468685fbe7a722d8cdfe5f,0.052996915617035,0.0635194702161863,0.0105225545991513,0.9259579751846624,bullish,0.9259579751846624
2025-04-22 04:29:10,BA,Boeing to Sell Certain Digital Aviation Solutions Assets to Thoma Bravo in $10.55 Billion Deal,By Adriano Marchese Boeing has agreed to sell portions of its Digital Aviation Solutions business to Thoma Bravo in a deal worth $10.55 billion. The aerospace giant said Tuesday that the...,Finnhub,https://finnhub.io/api/news?id=4715e08e7721b4f6efe2b7da66d53a1f41dd881e8c6b018abfbaf2eb3d04c515,0.0650531987739883,0.075336901509427,0.0102837027354386,0.9143793957551344,bullish,0.9143793957551344
2025-04-22 04:25:58,BA,Boeing to sell Jeppesen unit to Thoma Bravo for $10.55 billion,"Boeing said on Tuesday it would sell portions of its Digital Aviation Solutions business, including navigation unit Jeppesen, to private equity firm Thoma Bravo for $10.55 billion. The...",Finnhub,https://finnhub.io/api/news?id=12f4e613b4e6c5f8297da5111e08f5ecb8cf602dab8a21703078343452b7765e,0.0388419368819964,0.0519276710298943,0.0130857341478978,0.9349865948222078,neutral,0.9349865948222078
2025-04-22 03:09:33,BA,"Thoma Bravo in advanced talks to buy Boeing's Jeppesen unit, source says","Private equity firm Thoma Bravo is in advanced talks to buy Boeing's Jeppesen navigation unit, with an announcement expected later this week, according to a source familiar with the matter. ...",Finnhub,https://finnhub.io/api/news?id=8f9d986e6e05a23ecc1b5f6c93e9228197da909ef108295000f17f6bbca890e1,0.1596141539585934,0.1745422002944685,0.0149280463358751,0.8105297533696564,bullish,0.8105297533696564
2025-04-22 00:10:10,BA,Fitch Affirms Snohomish County (WA) PUD No. 1's Elec Sys Revs at 'AA-'; Outlook Revised to Positive,"Fitch Ratings has affirmed Snohomish County Public Utility District No. 1's Issuer Default Rating , as well as the ratings on following bonds issued by the district at 'AA-'.$339.1 million electric...",Finnhub,https://finnhub.io/api/news?id=9737c2c78dec8f0b586825a4504cd9ef4ae39be5be9e6c48a155b4842bab5627,0.8888500833682703,0.9249896269293184,0.0361395435610481,0.0388708295096333,bullish,0.9249896269293184
2025-04-21 23:51:28,BA,Nomura bets big on US market rebound with $1.8 billion deal,"(Bloomberg) -- Nomura Holdings Inc. is telling clients to stay invested through the turmoil that’s pervaded financial markets during the escalating trade tensions. With its $1.8 billion acquisition of an asset management business, the Japanese brokerage is putting its money where its mouth is.Most Read from BloombergDOGE Visits National Gallery of Art to Discuss Museum’s Legal StatusTrump Gives New York ‘One Last Chance’ to End Congestion FeeTrump Administration Takes Over New York Penn Station",Yahoo,https://finnhub.io/api/news?id=35765f2d621fc33bb69a8fffb3a53cd98044f6ec908433d3ad894c2897db5d48,0.8389845956748493,0.8988683920227184,0.0598837963478691,0.0412478116294124,bullish,0.8988683920227184
2025-04-21 22:27:00,BA,Polaris Global Equity Composite Q1 2025 Commentary,,SeekingAlpha,https://finnhub.io/api/news?id=708da320ab507a8e11dc24e2827b42a1cdfdb1820663116abea6aab0aa95dfa7,0.0121684548449382,0.034766486447975,0.0225980316030367,0.9426354819489882,neutral,0.9426354819489882
2025-04-21 20:45:48,BA,"Dassault Aviation: More Risk, More Upside On European Defense Recapitalization",,SeekingAlpha,https://finnhub.io/api/news?id=b0407c17db51b5094f37496e6cdef88b6779dbc22ad92a325f84e81813f8028c,0.3975879367755436,0.4204546158328981,0.0228666790573545,0.5566787051097473,bullish,0.5566787051097473
2025-04-21 20:23:22,BA,"Buyout firm Thoma Bravo nears deal for Boeing's Jeppesen unit, Bloomberg News reports","The planned sale of Jeppesen is part of CEO Kelly Ortberg's strategy to streamline Boeing's operations and reduce its debt pile by selling non-core assets.  Boeing declined to comment, while Thoma Bravo did not immediately respond to Reuters' request for comment.  Reuters reported last month that Jeppesen, a provider of navigation products and software, had attracted interest from several private equity firms and at least one aerospace supplier, with final bids valuing the unit at over $8 billion.",Yahoo,https://finnhub.io/api/news?id=a33f00321fc18fa13dfdd45a5a99f6590cd62a7f969c7be405c73aac5d2d4c89,0.3453990221023559,0.3629208207130432,0.0175217986106872,0.6195573806762695,bullish,0.6195573806762695
2025-04-21 17:20:00,BA,Thoma Bravo Reportedly Nears Deal for Boeing?s Jeppesen Unit,"Thoma Bravo, L.P. is in advanced talks to buy The Boeing Company ?s Jeppesen navigation unit, according to people familiar with the matter. A deal could be announced later this week, the people said,...",Finnhub,https://finnhub.io/api/news?id=80aa3d93048e614ad27ba2f090994ca1429de3bec4040b8c903640144d443761,0.6075677215771089,0.6338324523201866,0.0262647307430776,0.3399028169367357,bullish,0.6338324523201866
2025-04-21 15:01:51,BA,"Boeing, Lockheed Partner Targets Breakout — And 1,441% Growth","Boosted by explosive growth and strong demand, Boeing and Lockheed supplier Loar stock navigates turbulent market.",Yahoo,https://finnhub.io/api/news?id=812e22bb00a572140463cd0c32ebf34659d406dc1f27cab1e31b73bb138d0bcb,0.8112961370139163,0.844509865179952,0.0332137281660356,0.1222764066540124,bullish,0.844509865179952
2025-04-21 12:10:59,BA,The Boeing Company (BA): Among Billionaire Rob Citrone’s Top Stock Picks,"We recently published a list of Billionaire Rob Citrone’s Top 10 Stock Picks. In this article, we are going to take a look at where The Boeing Company (NYSE:BA) stands against other billionaire Rob Citrone’s top stock picks. Robert K. Citrone is a well-known figure in the financial world. Rob, as many call him, is […]",Yahoo,https://finnhub.io/api/news?id=7a76ed931ce0304dfe50516edfb6fcaafe42dadca1f979f2f15290c16af6a6c8,0.0990201337171731,0.1106489013009602,0.0116287675837871,0.8777223311152527,bullish,0.8777223311152527
2025-04-21 11:18:00,BA,Boeing 737 MAX Jets in China Head Home. Can They Be Resold?,Boeing 737 MAX Jets in China Head Home. Can They Be Resold?,MarketWatch,https://finnhub.io/api/news?id=dee16df4a021df2430fb56019435318f7da008f9cf94e093969626681860a059,0.0727372452624864,0.0995375595607843,0.0268003142982978,0.8736621261409178,bullish,0.8736621261409178
2025-04-21 11:08:21,BA,Top Midday Stories: Capital One's Discover Acquisition Clears Regulatory Hurdles; Boeing Averts 737 Max Slowdown,All three major US stock indexes were down past 2.5% in late-morning trading Monday after President,Yahoo,https://finnhub.io/api/news?id=0391616aa60a4c9863e4acb18237ddb1b3094abdc8729a76c5d288fff0eb7e59,0.859712298175575,0.8893513133154324,0.0296390151398573,0.0810096715447102,bullish,0.8893513133154324
2025-04-21 09:10:37,BA,Jim Cramer Wants to See Cash Flow Before Buying The Boeing Company (BA),"We recently published a list of Jim Cramer’s Game Plan for Next Week: 25 Stocks in Focus. In this article, we are going to take a look at where The Boeing Company (NYSE:BA) stands against other stocks that Jim Cramer discussed. On Thursday, Jim Cramer, the host of Mad Money, walked viewers through what he […]",Yahoo,https://finnhub.io/api/news?id=0ce3cedf56d4a752b1cf4fb83cf739be9a76a0f4b8992ecf02bcfbc475ff86e5,0.0769586590359143,0.089476792970405,0.0125181339344906,0.8980050730951044,bullish,0.8980050730951044
2025-04-21 06:50:14,BA,Market Chatter: Boeing in Talks With Malaysia Airlines to Take Over Aircraft Delivery Slots,Boeing (BA) has been contacted by Malaysia Aviation Group about potentially speeding up the acquisit,Yahoo,https://finnhub.io/api/news?id=bb52f21c67ab37ac11f63721bcd025a858569ee312d5000b5e4e290745abdf46,0.2958576775778657,0.3595088449083927,0.063651167330527,0.5768399877610801,bullish,0.5768399877610801
2025-04-21 06:31:15,BA,Triumph Group: Saved By The Bell,,SeekingAlpha,https://finnhub.io/api/news?id=73cf8ad2b309199c1c13f2b039d2659dcb46adcc26c235e8db222383b5222e13,0.196059501053676,0.2504534199968999,0.0543939189432239,0.6951526610598762,bullish,0.6951526610598762
2025-04-21 06:02:00,BA,Wall Street Lunch: Dollar On Back Foot Amid Fed Independence Concerns,,SeekingAlpha,https://finnhub.io/api/news?id=9372e26ab5908c5aa2b965b2589dc03a058430b7530f5629a0e74bae6c9eca07,-0.4512582733852185,0.1869846675698558,0.6382429409550744,0.1747723914750698,bearish,0.6382429409550744
2025-04-21 05:16:58,BA,Market Chatter: Second Boeing Aircraft Begins Return From China,A second Boeing (BA) aircraft planned for use by China's Xiamen Airlines was heading back to the US,Yahoo,https://finnhub.io/api/news?id=0e3afc2aa045bef1f7a49b0561c110e0a94c6c700f1759f79aaa55b5a96aa6e3,0.4157746924774744,0.506600793401891,0.0908261009244166,0.4025731056736923,bullish,0.506600793401891
2025-04-21 05:05:26,BA,Boeing eases latest 737 MAX headache - a shortage of nuts and bolts,"SEATTLE (Reuters) -Boeing has secured new stocks of specialized nuts and bolts that hold together its top-selling commercial jet, two industry sources told Reuters, avoiding for now any slowdown in U.S. plane production due to a fire at a key supplier's factory.  Boeing had been running low on specific fasteners used to attach the landing gear on its 737 MAX jets because of the February fire, but secured new supplies in recent weeks, albeit at higher prices, one of the sources said.  A Boeing spokesperson said the company is taking steps to address fastener shortages but did not provide specifics.",Yahoo,https://finnhub.io/api/news?id=973f610c144419b54224a520b231c031e02481eaf73dbc4bdd6f20d3a5705099,0.0772798356515175,0.5132598261786259,0.4359799905271083,0.0507601832942657,bullish,0.5132598261786259
2025-04-21 04:45:00,BA,"NVIDIA Corp., UnitedHealth share losses contribute to Dow's 486-point drop","NVIDIA Corp., UnitedHealth share losses contribute to Dow's 486-point drop",MarketWatch,https://finnhub.io/api/news?id=3ab821f085a866c1fb1dcba776f966b7b64e0a1d1f39d006d8cc2fe8158134ff,-0.9514863806454472,0.015193828072891,0.9666802087183384,0.0181259632087707,bearish,0.9666802087183384
2025-04-21 03:30:19,BA,Boeing: China's Slap Isn't Enough To Ruin Likely Good Q1 Earnings Release,,SeekingAlpha,https://finnhub.io/api/news?id=f862d0a4286bc425b38dc82564e989d68bbe3d0a6bc24f47bff64cc815700fd0,-0.2261051313390813,0.3662944260859855,0.5923995574250669,0.0413060164889475,bearish,0.5923995574250669
2025-04-21 02:38:10,BA,"Boeing Secures Supplies Needed For 737 MAX Despite Fire at Key Supplier Factory, Reuters Reports","By Denny Jacob --Boeing has secured certain nuts and bolts that go into its top-selling commercial jet as it works to avoid a production slowdown due to a fire at a key supplier's factory, says...",Finnhub,https://finnhub.io/api/news?id=540fc83f0f6c14cc2f643efc0aefdd57f3de7dc43202c752eccd6025505ab3b7,0.3714477822174544,0.6381010080374252,0.2666532258199708,0.095245766142604,bullish,0.6381010080374252
2025-04-21 01:40:01,BA,Wall Street Breakfast Podcast: Airbus Delays Hydrogen Jet By A Decade,Airbus hits brakes on hydrogen jet plans after reportedly spending over $1.7B. Malaysia Airlines plans to buy Boeing jets dropped by China. Nvidia pushes for more power generation in Japan.,SeekingAlpha,https://finnhub.io/api/news?id=4cfad7a15d5c8c92ed0e062598be20acfb60ddd50dab02930930d9bf2474d2fd,-0.3684189982319138,0.0417260957600148,0.4101450939919286,0.5481288102480566,bearish,0.5481288102480566
2025-04-20 23:20:34,BA,"Second Boeing jet starts return from China, tracker shows","SEOUL -A second Boeing jet intended for use by a Chinese airline was heading back to the U.S. on Monday, flight tracking data showed, in what appeared to be another victim of the tit-for-tat...",Finnhub,https://finnhub.io/api/news?id=f7339b6adfcea9d04451fb76bfadd6b0c0e450156d7b4ce2c56d61324027489c,0.1263091413009241,0.1443181205731385,0.0180089792722144,0.837672900154647,bullish,0.837672900154647
2025-04-20 23:02:35,BA,Malaysia Airlines eyes new Boeing jets should China reject them,"SEOUL (Reuters) -Malaysia Airlines' parent company, Malaysia Aviation Group, is talking to Boeing about acquiring new jets that become available if Chinese airlines stop taking deliveries, its managing director told Malaysian state news outlet Bernama.  Boeing appears to be returning some of its 737 MAX jets to the U.S. from China, where it had placed them ahead of delivery to Chinese customers.",Yahoo,https://finnhub.io/api/news?id=173d17716462e2a537a32a71abc9e6f2127b53e80ca19ebce9a78b5dae7d30d1,0.5520822414740503,0.5654897584488661,0.0134075169748157,0.4211027245763182,bullish,0.5654897584488661
2025-04-20 21:30:23,BA,"Boeing jet returns to US from China, a victim of Trump’s tariff war","A Boeing jet intended for use by a Chinese airline landed back at the planemaker’s U.S. production hub on Sunday, a victim of the tit-for-tat bilateral tariffs launched by President Donald Trump in his global trade offensive.",Yahoo,https://finnhub.io/api/news?id=33808957f96bd369b704614392f326e42610035732f60533f4fc4731175686eb,-0.665165072989405,0.0530643106113843,0.7182293836007893,0.2287063057878264,bearish,0.7182293836007893
2025-04-20 12:19:39,BA,China begins returning Boeing aircraft to US,A Boeing 737 Max that was getting readied for a Chinese airline has reportedly returned to Seattle due to the ongoing tariff war between China and the U.S.,Yahoo,https://finnhub.io/api/news?id=5359bc376d48dbcd4f86cc918fa7a1e6757e965d97379c11890e9294c9c349f2,0.1403783792806034,0.1538839858902611,0.0135056066096577,0.8326104075000811,bullish,0.8326104075000811
2025-04-20 08:32:23,BA,"1 Stock to Buy, 1 Stock to Sell This Week: Philip Morris, Boeing","• Tesla, Alphabet earnings, and more Trump tariff news will be in focus this week.",Yahoo,https://finnhub.io/api/news?id=d7496e044a8ac4384dea5cbe01ba7835b962dfe0950ab796d7b3178bdfbbf4a5,0.0133964181962086,0.0340638172760839,0.0206673990798752,0.9452687836440408,neutral,0.9452687836440408
2025-04-20 06:39:16,BA,"Tesla, Alphabet highlight earnings rush as tariff fallout drives markets: What to know this week",More than 100 S&P 500 companies are set to report earnings as the market looks to find footing as the fallout from President Trump's tariffs has sent stocks into a tailspin.,Yahoo,https://finnhub.io/api/news?id=d80ffc803a436d9254f49eec8fa5b9bd4f1818ea269c058082635ede6f0c2cb3,-0.1405507327328985,0.0402671599248787,0.1808178926577773,0.7789149474173439,bearish,0.7789149474173439
2025-04-20 06:00:00,BA,"Google, Tesla, and IBM earnings lead a make-or-break week for stocks","Shaken by geopolitical shocks, the S&P 500 was flat last week and the Nasdaq nosed just into the red — but the Dow Jones Industrial Average finished significantly lower, weighed down by a double blow from UnitedHealth (UNH) and Nvidia (NVDA).",Yahoo,https://finnhub.io/api/news?id=12a584176f72505ed5d382c15935e3a77441e611cb3dafc2a85d3d07299ace82,0.3434215090188608,0.5641081417219064,0.2206866327030455,0.2152052255750481,bullish,0.5641081417219064
2025-04-20 05:10:00,BA,Jet2: Holiday And Airline Buys Do Not Come Stronger Than This,,SeekingAlpha,https://finnhub.io/api/news?id=f19a1cf2c6b779c4ecffe8dbc1501e0d76143adb141ce9bb41c0f3a384b0ab97,0.2374594282346794,0.4695148905967143,0.2320554623620349,0.2984296470412507,bullish,0.4695148905967143
2025-04-20 04:15:00,BA,"Selling America, Buying Europe - My Picks",,SeekingAlpha,https://finnhub.io/api/news?id=58194e6d71d5409933effd38aaf6120f6a1062adef614dc8ae47a2ce8df31280,0.0565822117458576,0.0709195563583576,0.0143373446124999,0.9147430990291424,bullish,0.9147430990291424
2025-03-31 16:59:00,BA,NASA Astronauts Say They Feel Good After 285 Days in Space,"Boeing leaders are scheduled to meet with the astronauts, according to Barry Wilmore, who spent nine months in orbit with Sunita Williams for a mission that was supposed to last for about eight days.",Yahoo,https://finnhub.io/api/news?id=37abf8db6c46cf41bfaffd9690f975a7d1ebb31ce14e7f21db8cd012199fbc39,0.8148466648037981,0.8401227249154822,0.0252760601116841,0.1346012149728336,bullish,0.8401227249154822
2025-03-31 15:43:00,BA,Formerly stranded astronauts don’t blame Boeing for their extended stay in space,Formerly stranded astronauts don’t blame Boeing for their extended stay in space,MarketWatch,https://finnhub.io/api/news?id=48861eb8c196ac01b2465496c3b3758c904424631499751b7531fc5d08f608b2,-0.4817869519654825,0.0939865680340955,0.575773519999578,0.3302399119663264,bearish,0.575773519999578
2025-03-31 15:37:00,BA,NASA Astronauts Get Used to Life on Earth After Orbital Saga,"Barry Wilmore said that astronauts, NASA and Boeing need to spend time analyzing the Starliner mission to improve future flights.",Yahoo,https://finnhub.io/api/news?id=f61f34b7fce94be0d091d2f99d750b92d8d7a4250b93df4667109d1498252e70,0.0698377134010535,0.0846059811941562,0.0147682677931026,0.9006257510127412,bullish,0.9006257510127412
2025-03-31 13:42:00,BA,Boeing Gets $2.46B U.S. Air Force Pact Modification for C-17 Globemaster III Sustainment,Boeing Gets $2.46B U.S. Air Force Pact Modification for C-17 Globemaster III Sustainment,MarketWatch,https://finnhub.io/api/news?id=1e707ca564a93f517dbea43edfaae3c3c491e34fbba223d85903de56aef1c1e9,0.9124950149798104,0.9320897483099966,0.019594733330186,0.0483155183598173,bullish,0.9320897483099966
2025-03-31 11:38:15,BA,Boeing Secures BOC Aviation Order For 50 737 Max Jets,Boeing (BA) has received a firm order from BOC Aviation for 50 737-8 Max jets as the Singapore-based,Yahoo,https://finnhub.io/api/news?id=5092db1c1fdd08af1e9eef36fd451b7d392ff5bd202bac8b0b37b288f16c1e6d,0.8911180008619278,0.9072358350171088,0.0161178341551808,0.0766463308277104,bullish,0.9072358350171088
2025-03-31 11:37:00,BA,Boeing Just Got an Order for 50 Jets. Why the Stock Is Falling.,Boeing Just Got an Order for 50 Jets. Why the Stock Is Falling.,MarketWatch,https://finnhub.io/api/news?id=689b856f2623ad6818e196610b999c057dfde87c44ae9c50bc984837fbb85cb9,-0.9358829461662505,0.0127321050213326,0.9486150511875828,0.0386528437910844,bearish,0.9486150511875828
2025-03-31 09:25:00,BA,Is Boeing Stock Going to $204? 1 Wall Street Analyst Thinks So.,"Boeing (NYSE: BA) is quietly having a good run.  In addition, Melius Research had some good news for investors when one of its analysts upgraded the stock to buy and slapped a $204 price target on the stock.  As previously discussed, there's a healthy bull and bear debate around Boeing stock, and Melius Research has come down on the bullish side, citing confidence in relatively new CEO Kelly Ortberg's turnaround plans.",Yahoo,https://finnhub.io/api/news?id=4f240b4dd74f33216ee103badaf9dc5546439e61679c8386ef33b3f371333c7c,0.0606556502613586,0.0834089922748298,0.0227533420134711,0.893837665711699,bullish,0.893837665711699
2025-03-31 09:00:00,BA,Boeing Wins Contract to Support F/A-18 Aircraft Program,BA is set to provide for the repair of the landing edge flap antenna used on the F/A-18 aircraft.,Yahoo,https://finnhub.io/api/news?id=c6e560048b3a82ca553fb3069f8de3612f06632ce17d4d99bffa1fe60ea640d5,0.9209538156042872,0.9409455902375994,0.0199917746333123,0.0390626351290883,bullish,0.9409455902375994
2025-03-31 08:39:00,BA,Lockheed Wins a $208M Contract to Aid JASSM Missile Program,LMT secures a $208.1 million contract to aid the Joint Air-to-Surface Standoff Missile program.,Yahoo,https://finnhub.io/api/news?id=a5ccc73b87b5fd42c759fe5817bbbc96aa7dce3e3d09c888840748843b1de54d,0.9243421590623584,0.9397540801391756,0.015411921076817,0.0448339987840074,bullish,0.9397540801391756
2025-03-31 06:26:00,BA,Boeing Stock Drops. Why It’s Falling Despite Some Good News.,"Asset sales and new orders typically would push up Boeing shares, but the stock market had other ideas Monday.",Yahoo,https://finnhub.io/api/news?id=d9d7fda81840115bf20b6c18cddc1f4045cd046fe42b9558a13e5b64b4de06d9,-0.9375380040154904,0.0137470218631704,0.9512850258786608,0.0349679522581685,bearish,0.9512850258786608
2025-03-31 05:40:46,BA,Weighing Northrop Grumman As The F/A-XX Program Winner (Rating Downgrade),Northrop Grumman Corporation could be selected as the prime contractor for the F/A-XX Program. Click here to read an analysis of NOC stock now.,SeekingAlpha,https://finnhub.io/api/news?id=8ee4d1989b9009d71d4be25f1c778bd93df1e2fb10f599defb0cfd74282a5ce3,0.0691050617251876,0.1160798218494773,0.0469747601242896,0.836945418026233,bullish,0.836945418026233
2025-03-31 05:08:11,BA,"Boeing : Contributes $100,000 to Support Tornado Recovery and Relief Efforts in Missouri","ARLINGTON, Va., March 31, 2025 - Boeing [NYSE: BA] is donating $100,000 from the Boeing Charitable Trust to The Salvation Army to support recovery efforts in the greater St. Louis area. ...",Finnhub,https://finnhub.io/api/news?id=48e8a253b5d9971e32aff46f6fb045b23f0ee8bc7ad145cbdce07f7b13477a3b,0.8527039774919754,0.8658749235379529,0.0131709460459775,0.1209541304160695,bullish,0.8658749235379529
2025-03-31 04:52:38,BA,"Airbus getting better at managing supply chain disruptions, senior executive says","Disruptions to the supply chain that are delaying aircraft deliveries are lessening and Airbus is getting much better at managing it, a senior company executive said on Monday.  The European planemaker, which delivered 766 jets last year, roughly in line with its target, has been facing industrial delays due partly to problems in the aerospace supply chain, which have also hampered the recovery of embattled U.S. rival Boeing.  Speaking to reporters in Taiwan, Airbus commercial aircraft executive vice president of sales Benoit de Saint-Exupery said it is taking a long time for the supply chain to get back on track, with a lot of disruptions in many suppliers.",Yahoo,https://finnhub.io/api/news?id=7673b36d64ac7425698b4874e760184ce06601063fc60baab7dc8a457ab3d44c,0.6854830228632636,0.791754024422186,0.1062710015589223,0.1019749740188916,bullish,0.791754024422186
2025-03-31 04:45:00,BA,"NVIDIA Corp., Amazon.com Inc. share losses lead Dow's 400-point fall","NVIDIA Corp., Amazon.com Inc. share losses lead Dow's 400-point fall",MarketWatch,https://finnhub.io/api/news?id=21ea3627c78b647882491c82cf3da4ec9ae9e45d5f418b4f803114b74d9a71f0,-0.9308627881892722,0.0228075757556905,0.9536703639449626,0.0235220602993468,bearish,0.9536703639449626
2025-03-30 21:24:30,BA,Air Canada: Trade Sell-Off Creates Huge Opportunity But With Risk,,SeekingAlpha,https://finnhub.io/api/news?id=25a82c27d3bb4c6e55723136c864b7ecb1fb0ec8feae0a3c54c1c5ffec5b82a7,0.2184944930448307,0.4544961520209335,0.2360016589761027,0.3095021890029637,bullish,0.4544961520209335
2025-03-30 19:56:00,BA,BOC Aviation Orders 50 Boeing 737 MAX Jets to Support Global Airlines,"Boeing [NYSE: BA] and BOC Aviation have announced a new, firm order for 50 737-8 jets, expanding the lessor's 737 MAX portfolio to 215 737-8s and 737-9s.",Yahoo,https://finnhub.io/api/news?id=8a77327b750a458e3c413c4c8c7f2ddf7fcab240f1b57144938c2c351db35465,0.8913806715657606,0.9126662256022754,0.0212855540365147,0.0660482203612097,bullish,0.9126662256022754
2025-03-30 19:23:42,BA,"BOC Aviation to buy 120 Boeing, Airbus aircraft in fleet expansion push","BOC Aviation, majority-owned by the Bank of China, will buy 70 A320NEO family aircraft from Airbus and 50 737-8 jets from Boeing.  The deal underscores the increasing demand for narrowbody aircraft as global travel surges, though production challenges, including workers' strike, regulatory scrutiny, and supply pressures, threaten to cause delivery delays.  Boeing and BOC Aviation did not disclose the details of the deal, while Airbus did not immediately respond to a Reuters request for comment.",Yahoo,https://finnhub.io/api/news?id=b1ad3e4986d2d7c2f05d766948137ed455b771b87fdd2f1858a579f7fe6045ab,0.7080819508098974,0.7172595000481,0.0091775492382025,0.2735629507136974,bullish,0.7172595000481
2025-03-30 09:07:00,BA,Veteran trader turns heads with Boeing stock price call,This prominent options trader and market technician takes a second look at the aerospace giant's stock.,Yahoo,https://finnhub.io/api/news?id=dabc263a782e754bec2eaa41f1f5117e78bd480cd394ac663e039f74ef24ff45,-0.4276368703300227,0.1118827296512912,0.5395195999813139,0.3485976703673948,bearish,0.5395195999813139
2025-03-30 04:05:00,BA,"Boeing Beats Lockheed Martin, and This F-47 Fighter Jet Contract Could Be Worth Hundreds of Billions",Boeing is back in the fighter jet business!,Yahoo,https://finnhub.io/api/news?id=862dd48ea1049f202ae7005d3aca0be2b5b3d0945eeba0f9cae34fb23155b8f9,0.1787311434745788,0.1950050294399261,0.0162738859653472,0.7887210845947266,bullish,0.7887210845947266
2025-03-29 08:51:07,BA,Jim Cramer on The Boeing Company (NYSE:BA): “Let’s watch Boeing on the march to 200.”,"We recently published a list of Jim Cramer Says Trump’s Tariff Strategy Is Working & Discusses These 11 Stocks. In this article, we are going to take a look at where The Boeing Company (NYSE:BA) stands against other stocks that Jim Cramer discussed. In a recent appearance on CNBC’s Squawk on the Street, Jim Cramer […]",Yahoo,https://finnhub.io/api/news?id=c391a8ffe806570bbbce62a782e19958efaa29eb90d2f57a761971d58c9cf920,0.0162374461007102,0.0439738345086781,0.0277363884079679,0.928289777083354,neutral,0.928289777083354
2025-03-28 14:16:00,BA,CoreWeave Debuts: A Big IPO in a Slow Year,CoreWeave Debuts: A Big IPO in a Slow Year,MarketWatch,https://finnhub.io/api/news?id=d505af9afe19c62dee05044a4dfe162b70e2e065684925675ab0420d522f109e,0.4248625040054321,0.4633751809597015,0.0385126769542694,0.498112142086029,bullish,0.498112142086029
2025-03-28 14:10:24,BA,"Market Chatter: Honeywell, Carlyle, Others Potentially Interested in Boeing's Jeppesen","Boeing (BA) navigation unit Jeppesen could attract bids from Honeywell (HON), Carlyle (CG), and othe",Yahoo,https://finnhub.io/api/news?id=a27834decdfbc02e66a8820259c668f9b38ef64d30581aec2ed97ac87d962137,0.0826860147525302,0.1061792499584341,0.0234932352059038,0.870327514835662,bullish,0.870327514835662
2025-03-28 12:40:43,BA,"Buyout, aerospace firms close in on $8 billion-plus Boeing navigation unit, sources say","Several private equity firms and at least one aerospace supplier are among the remaining bidders competing to buy Boeing's  Jeppesen navigation unit for more than $8 billion, according to people familiar with the matter.  Boeing is expected to invite bids for Jeppesen from the suitors in the coming weeks, six sources told Reuters, requesting anonymity as the discussions are confidential.  In recent weeks, several private equity firms have joined together to pursue a buyout of Jeppesen.",Yahoo,https://finnhub.io/api/news?id=543a8c63a9f47f02ab0de0b78d68d68cc3fda3bf619fdaeef894856e3dcbf373,0.4586738265651584,0.4804068082464946,0.0217329816813361,0.4978602100721692,bullish,0.4978602100721692
2025-03-28 12:40:43,BA,"Exclusive-Buyout, aerospace firms close in on $8 billion-plus Boeing navigation unit, sources say","Several private equity firms and at least one aerospace supplier are among the remaining bidders competing to buy Boeing's  Jeppesen navigation unit for more than $8 billion, according to people familiar with the matter.  Boeing is expected to invite bids for Jeppesen from the suitors in the coming weeks, six sources told Reuters, requesting anonymity as the discussions are confidential.  In recent weeks, several private equity firms have joined together to pursue a buyout of Jeppesen.",Yahoo,https://finnhub.io/api/news?id=c5f620ef9bced6d2222dd00a592d10b2a36aa531f680e2ef0b15c5c4b2435e0c,0.2711311460367297,0.2906315299623503,0.0195003839256206,0.6898680861120291,bullish,0.6898680861120291
2025-03-28 12:06:00,BA,Lockheed Martin Stock Loses 9% YTD: Should You Buy the Stock Now?,"Investors interested in LMT stock should wait for a better entry point, considering its higher debt-to-capital ratio.",Yahoo,https://finnhub.io/api/news?id=b7d02248f44a73db8c91bcac784865b77b1c15138241f6c4b3ca38ef7c409fec,-0.5453905806910153,0.0307754395964441,0.5761660202874594,0.3930585401160963,bearish,0.5761660202874594
2025-03-28 12:06:00,BA,Boeing Wins Order to Remanufacture 5 Chinooks: Time to Buy the Stock?,"Investors interested in BA stock should wait for a better entry point, considering its poor ROIC and downward revision in earnings estimates.",Yahoo,https://finnhub.io/api/news?id=1e22a82bb3e193edd1af5599f9664a65ed44d6e140a6c3074df589bb4b0fefd0,0.068783215725078,0.0874621140995682,0.0186788983744902,0.8938589875259415,bullish,0.8938589875259415
2025-03-28 11:14:10,BA,Fighter Jets Vs. Elon Musk: What U.S. Military Drones Mean For Defense Stocks,The U.S. is spending billions on advanced AI drones. That effort will forever change fighter jets' role in American defense. But the upshot for defense firms is complex.,Yahoo,https://finnhub.io/api/news?id=a5c2bcc6e0baf677cb6cca606077fbdffeafb330b758442c5282c798c7f8a3c8,0.0263676270842552,0.0472442619502544,0.0208766348659992,0.9318791031837464,neutral,0.9318791031837464
2025-03-28 10:12:00,BA,Boeing Secures a Contract to Support the P-8 Poseidon Aircraft,BA secures a $37.1 million contract to provide various commercial common consumables for the P-8 Poseidon jets.,Yahoo,https://finnhub.io/api/news?id=06c27aca77a8d56b4e60bcc11776efcfab1bb37230acd9c6f14349d144dc8356,0.9275900310000864,0.9427333850708468,0.0151433540707604,0.0421232608583927,bullish,0.9427333850708468
2025-03-28 08:26:16,BA,"Boeing And Airbus Top $10 Billion In Deliveries, Win More Airplane Orders","The Boeing Company outpaces Airbus SE in deliveries amid engine supply issues, while both stocks show strong buy potential. Click for my BA and EADSF update.",SeekingAlpha,https://finnhub.io/api/news?id=66d1181dc7ac6477d6d8331f761ac082457695eca1267c80b46c63c9d70d9269,0.9011372725690392,0.9207411421366056,0.0196038695675664,0.0596549882958278,bullish,0.9207411421366056
2025-03-28 08:25:00,BA,"Dow down 739 points on losses in shares of Amazon.com Inc., Nike","Dow down 739 points on losses in shares of Amazon.com Inc., Nike",MarketWatch,https://finnhub.io/api/news?id=596df0b48a141fd7058b696c5d780e24fdc37d3e7c6baeba33f92918d390cbb4,-0.953601203772428,0.0107877645842503,0.9643889683566782,0.0248232670590714,bearish,0.9643889683566782
2025-03-28 07:00:00,BA,"WestJet transitions out of freighter operations, cargo VP resigns","Canada’s WestJet is backing out of the cargo business after two years because of a difficult competitive environment. The post WestJet transitions out of freighter operations, cargo VP resigns appeared first on FreightWaves.",Yahoo,https://finnhub.io/api/news?id=23fa429d24f8b60815ee3bf09b0e1c93309808ea1948d5f811c1eef07939b962,-0.8012853198718289,0.0143292042662479,0.8156145241380769,0.1700562715956751,bearish,0.8156145241380769
2025-03-28 05:57:13,BA,Boeing's Starliner May Resume Test Flights by Late 2025,"NASA said Thursday it, along with Boeing (BA), expects the next flight of its Starliner craft to tak",Yahoo,https://finnhub.io/api/news?id=e1796e2b9ddbe0671a88a7dc2bfc6284dceee2b46912fb9324ac2263ebb102d1,0.0173361377219568,0.0465443137775682,0.0292081760556114,0.9242475101668202,neutral,0.9242475101668202
2025-03-28 05:46:00,BA,"Amazon.com Inc., Nike share losses contribute to Dow's 518-point drop","Amazon.com Inc., Nike share losses contribute to Dow's 518-point drop",MarketWatch,https://finnhub.io/api/news?id=b3e926ef68996f300278f8710a19385b02c818ee3eed8d17a7482b3fe9eada42,-0.9354954530151054,0.0219847702388533,0.9574802232539588,0.0205350065071878,bearish,0.9574802232539588
2025-03-28 04:45:00,BA,"Dow's nearly 200-point drop led by losses in McDonald's, Amazon.com Inc. shares","Dow's nearly 200-point drop led by losses in McDonald's, Amazon.com Inc. shares",MarketWatch,https://finnhub.io/api/news?id=6384399c63ec7652b70fce9feaae77fa1f4b835b9173b8117b32d802f09603c5,-0.9562650989910506,0.011916239335294,0.9681813383263448,0.0199024223383612,bearish,0.9681813383263448
2025-03-28 04:42:00,BA,Inside the Law Firm That Decided to Fight Back Against Trump’s Attack,Inside the Law Firm That Decided to Fight Back Against Trump’s Attack,DowJones,https://finnhub.io/api/news?id=e3e38f84a5174c6e16de650aba626e88ea0fce1791514ee8c528ef3c41edfa66,-0.041278064250946,0.1145985424518585,0.1558766067028045,0.7295248508453369,neutral,0.7295248508453369
2025-03-27 20:26:19,BA,What is Vietnam doing ahead of US tariffs?,"U.S. President DonaldTrump's looming global tariffs could hit virtually all ofVietnam's goods exports to its top market, worth more than $142billion last year, or about 30% of the Southeast Asian...",Finnhub,https://finnhub.io/api/news?id=ac13675db130db4631facd6eb58a032e0ed3237b57e9bb6c20813c1587bba8b2,-0.0430049987172149,0.0438427196072215,0.0868477183244364,0.869309562068342,neutral,0.869309562068342
2025-03-27 16:45:15,BA,Boeing (BA) Advances While Market Declines: Some Information for Investors,"Boeing (BA) closed the most recent trading day at $179.11, moving +0.31% from the previous trading session.",Yahoo,https://finnhub.io/api/news?id=c037225e880a8496f561c6cb5c6df6dab4acc41ccf31a0711a23b5ff96c72afe,0.0331560483829824,0.0679523122759449,0.0347962638929625,0.8972514238310925,neutral,0.8972514238310925
2025-03-27 15:23:40,BA,Jim Cramer: Boeing (BA) Is a Mess – And Trump’s Tariffs Could Make It Worse!,"We recently published a list of Did Jim Cramer Nail or Miss These 14 Stocks? In this article, we are going to take a look at where The Boeing Company (NYSE:BA) stands against other stocks that Jim Cramer discusses. During the most recent episode of Mad Money, Jim Cramer described the current stock market as […]",Yahoo,https://finnhub.io/api/news?id=12dfcf103a4a508393d16d54e73a918484b50b12c81a9ba98c68fb93d2df535f,-0.9419357558051228,0.0106970790453514,0.952632834850474,0.0366700861041744,bearish,0.952632834850474
2025-03-27 14:16:35,BA,"NASA, Boeing to start testing Starliner for next flight aimed at early 2026",NASA said on Thursday it was moving toward certifying Boeing's CST-100 Starliner for crewed flights later this year or by early 2026 after its inaugural mission to the International Space Station was...,Finnhub,https://finnhub.io/api/news?id=2961f5432c2eedfad41e4f14e1928abe99aeaead3d4e45065970afc47cd005e3,0.1741818443902513,0.1896774314728475,0.0154955870825961,0.7948269814445563,bullish,0.7948269814445563
2025-03-27 13:30:00,BA,Boeing Names Eric Hill as Investor Relations Leader,"Boeing [NYSE: BA] today named Eric Hill as vice president of Investor Relations. Hill will lead Boeing's engagement with the investment community to provide timely, accurate and transparent information on the company's market environment, business, performance and outlook.",Yahoo,https://finnhub.io/api/news?id=4b39ee68185a86d94d7fb749abca64f37b71908588fa81cb23d5f8002873b38a,0.0183357229332841,0.0358341607700038,0.0174984378367196,0.9466674013932764,neutral,0.9466674013932764
2025-03-27 12:31:43,BA,RSPA: New Option Income ETF With Low Fees,Invesco S&P 500 Equal Weight Income Advantage is a new derivative income ETF with a current yield of over 9%. Click here to read an analysis of RSPA ETF now.,SeekingAlpha,https://finnhub.io/api/news?id=722f54a8ba2c2710d7719515b15d8030fbe0ba213440a7469723595b043628c6,0.1685868160106732,0.1777618371778658,0.0091750211671925,0.8130631416549416,bullish,0.8130631416549416
2025-03-27 12:20:14,BA,"Nasa Says Nasa, Boeing Prepare For Starliner Testing","Boeing Co: * NASA: NASA, BOEING PREPARE FOR STARLINER TESTING * NASA: JOINT TEAMS ARE WORKING TO RESOLVE STARLINER’SIN-FLIGHTANOMALIES AND PREPARING FOR PROPULSION...",Finnhub,https://finnhub.io/api/news?id=0ae81245703e5968949989415db9face35c1a9c8dfff2a65a31db86bd68a5931,0.0365006915247261,0.0514010652359872,0.0149003737112611,0.9336985610527516,neutral,0.9336985610527516
2025-03-27 12:14:25,BA,HEICO: Tailwinds Will Keep It Flying High,HEICO's fair value of $290/share highlights a market discount. Click here to find out why HEI stock is a Buy.,SeekingAlpha,https://finnhub.io/api/news?id=05a2ce714953b6242b451fb2f9e01a83850ff47cbada3fa501d6516caa4b0c56,0.8120728424879665,0.8332013093523998,0.0211284668644332,0.1456702237831669,bullish,0.8332013093523998
2025-03-27 11:52:19,BA,Famous Investor Calls Boeing (BA) Her “Pick of the Year”,"Stephanie Link, Hightower Advisors’ Chief Investment Strategist, called Boeing (BA) her “pick of the year” in an appearance on CNBC earlier this week. The plane maker’s production levels are climbing, and its free cash flow is expected to improve in the second half of the year, Link noted. BA’s Execution Is Improving and Its Free […]",Yahoo,https://finnhub.io/api/news?id=91080299714de92086cebd326703c3bfc43c85d23c004fa7c68fd65faa6003c0,0.3537482673198213,0.3654959651489495,0.0117476978291282,0.6227563370219222,bullish,0.6227563370219222
2025-03-27 10:46:00,BA,GE Aerospace Wins Deal From Korean Air to Supply Engines,GE clinches a deal to supply Korean Air with GEnx and GE9X engines for the fleet of 787-10s and 777- 9s aircraft.,Yahoo,https://finnhub.io/api/news?id=78500fd1c86ea3c87a3e73fd39f31bd4309376166431ac878356560ee848e536,0.9000147498216737,0.913017953259424,0.0130032034377501,0.0739788433028258,bullish,0.913017953259424
2025-03-27 09:30:00,BA,Lockheed Stock Drops on Downgrade. Contract Lost to Boeing Isn’t the Only Problem.,RBC analyst Ken Herbert downgraded shares of Lockheed and upgraded shares of Northrop Grumman recently.,Yahoo,https://finnhub.io/api/news?id=bc179e06bce9832829d4b60e372381dbfe090e65198536af79883cd9eedb6d67,-0.9565316465798576,0.0100122656013613,0.9665439121812188,0.0234438222174196,bearish,0.9665439121812188
2025-03-27 09:23:16,BA,Ryanair CEO says Boeing executive downplayed aircraft tariff threat,"BRUSSELS (Reuters) -Ryanair's boss is confident that commercial jets will not be sucked into trade tensions between the United States and other trade powers, including Europe, after a meeting with a top Boeing executive.  Michael O'Leary, CEO of the European budget airline, said he had met Boeing Commercial Airplanes CEO Stephanie Pope earlier this week and the signs were that U.S. President Donald Trump would be supportive of Boeing, barring any repeat of high-profile safety incidents.  Speaking later to a conference hosted by the A4E European airline industry association, he said: ""I met with Boeing and they don't believe there will be tariffs on aircraft or parts"".",Yahoo,https://finnhub.io/api/news?id=d8ae0012d4063ac7cf417d3c77929384924e900d9b79560a218dcae6a3fd8f35,-0.9140611693438716,0.01523322492876,0.9292943942726318,0.055472380798608,bearish,0.9292943942726318
2025-03-27 08:07:59,BA,Polish airline LOT signs deal for two Boeing 787-8 Dreamliners,"Polish flag carrier LOT hassigned a deal for two Boeing 787-8 Dreamliners, Minister DariuszKlimczak said on social media platform X on Thursday, which willbe obtained through a lease deal according...",Finnhub,https://finnhub.io/api/news?id=fd11b8b214bec4259ec4f7f733890ff4bc14bd5771435ffc442fc368f7a33fd9,0.8939255248816051,0.9099456379766094,0.0160201130950042,0.0740342489283862,bullish,0.9099456379766094
2025-03-27 08:00:15,BA,The Boeing Company (BA) is Attracting Investor Attention: Here is What You Should Know,"Recently, Zacks.com users have been paying close attention to Boeing (BA). This makes it worthwhile to examine what the stock has in store.",Yahoo,https://finnhub.io/api/news?id=d04824c1373424525758691635d76efbdd92f5c30b274e8294a1899a53874e56,0.0576493030872663,0.0718499075871022,0.0142006044998359,0.9139494879130616,bullish,0.9139494879130616
2025-03-27 07:01:00,BA,Lockheed Stock Drops After Downgrade. It Has Bigger Problems Than Contract Lost to Boeing.,RBC analyst Ken Herbert downgraded shares of Lockheed and upgraded shares of Northrop Grumman recently.,Yahoo,https://finnhub.io/api/news?id=3af7fb4a0412378c505b84a3098861a1e16f8ad8380d17a3f6a1f7d900082b1d,-0.9533124719437912,0.0114415640808496,0.9647540360246408,0.0238043998945094,bearish,0.9647540360246408
2025-03-27 04:31:48,BA,"Polish airline LOT acquires two Boeing 787-8 Dreamliners, minister says","Polish flag carrier LOT hasacquired two additional Boeing 787-8 dreamliners, InfrastructureMinister Dariusz Klimczak said on social media platform X onThursday. In the face of global...",Finnhub,https://finnhub.io/api/news?id=0350eee322abed017da7966e2b9598ef881ab162bfaf6e3eb2900157567c04d7,0.8011476472447681,0.816089779737956,0.0149421324931879,0.1689680877688559,bullish,0.816089779737956
2025-03-27 04:05:10,BA,Aerospace Stocks Q4 Results: Benchmarking Hexcel (NYSE:HXL),"As the Q4 earnings season comes to a close, it’s time to take stock of this quarter’s best and worst performers in the aerospace industry, including Hexcel (NYSE:HXL) and its peers.",Yahoo,https://finnhub.io/api/news?id=257624ea89d1f19e7282abee502bc77cfbcbce536eff9ed783aa7bbdb6484596,0.0577597721591697,0.0760662222250261,0.0183064500658563,0.9056273277091176,bullish,0.9056273277091176
2025-03-27 04:04:46,BA,U.S. Army Special Operations Orders Five Additional Boeing MH-47G Block II Chinooks,Boeing Co: * U.S. ARMY SPECIAL OPERATIONS ORDERS FIVE ADDITIONAL BOEINGMH-47G BLOCK II CHINOOKS * BOEING: $240 MILLION CONTRACT TO REMANUFACTURE FIVE MH-47GBLOCKII...,Finnhub,https://finnhub.io/api/news?id=b955da18aa3251c40755ecc662df27d1948994e78d4fd0a3ac5208f304b9f8a1,0.1644488920107153,0.396755915783522,0.2323070237728066,0.3709370604436713,bullish,0.396755915783522
2025-03-26 17:47:00,BA,Boeing Stock: Bull vs. Bear; 2 Wall Street Analysts Battle It Out,"Boeing (NYSE: BA) has become a battleground among investors and Wall Street analysts.  As the Wells Fargo analyst notes, Boeing is nowhere near the outlook given on its investor day in 2025.  The outlook's cornerstone was that Boeing would hit $10 billion in free cash flow (FCF) in the 2025/2026 time frame.",Yahoo,https://finnhub.io/api/news?id=308c6b8f1c0683061eda0511fb8f743978a8eb8792a4859c2041e9124cf1341e,0.2157866761875144,0.3943038528289926,0.1785171766414782,0.4271789705295291,bullish,0.4271789705295291
2025-03-26 15:25:00,BA,"These Stocks Moved the Most Today: GameStop, Tesla, GM, Nvidia, Dollar Tree, Worthington, Cintas, Vertiv, and More","GameStop will add Bitcoin as a treasury reserve asset, Tesla stock falls after closing higher for five-straight sessions, and Dollar Tree reaches a deal to sell its Family Dollar business for more than $1 billion.",Yahoo,https://finnhub.io/api/news?id=52ea6460c8d78611e8927789276523d263f5aca65b290bf3843d5dacb102626c,0.1506572299428788,0.1798311564007221,0.0291739264578432,0.7909949171414346,bullish,0.7909949171414346
2025-03-26 14:35:25,BA,Judge Sets June Trial Date in Boeing 737 MAX Fraud Case,The trial follows the DOJ's accusation that Boeing violated a 2021 deferred prosecution agreement.,Yahoo,https://finnhub.io/api/news?id=534e3cd6dbd60a28da244b360251c5403dfaa6649392c3284cc19501163f6a91,-0.6412016397893673,0.0330700134198369,0.6742716532092042,0.2926583333709587,bearish,0.6742716532092042
2025-03-26 14:05:14,BA,Boeing on the Brink: Felony Trial Set After Shocking 737 MAX Revelations,"A criminal fraud trial, scrapped plea deal, and renewed safety fears put Boeing's future--and stock--under extreme pressure.",Yahoo,https://finnhub.io/api/news?id=8b1db04ca18ca4198d944df0ccd10e6728c40dce21a0e4c6b581c90f8d7e8e31,-0.2816153764724731,0.0565143525600433,0.3381297290325165,0.6053559184074402,bearish,0.6053559184074402
2025-03-26 13:57:34,BA,Boeing Just Stole Lockheed's Crown--And Wall Street's Watching,"A shocking defense win, a $7B market swing, and a potential comeback story investors can't ignore.",Yahoo,https://finnhub.io/api/news?id=90cd20cb881ac6ee01148181f0b2ee2572e4c0db9fcf3b26c7906ff6338860a8,-0.1401987076498905,0.0483546058145082,0.1885533134643987,0.7630920807210931,bearish,0.7630920807210931
2025-03-26 13:55:30,BA,"US FAA to hire 2,000 air traffic controllers this year, keep strict Boeing oversight","WASHINGTON (Reuters) -The Federal Aviation Administration plans to hire 2,000 air traffic controller trainees this year and maintain strict oversight of Boeing , the agency's acting administrator said in written testimony to be given to a U.S. Senate panel on Thursday.  The agency will also establish a panel to ""identify additional hazard areas involving helicopter and fixed-wing interactions,"" acting FAA Administrator Chris Rocheleau said in written testimony obtained by Reuters.  The FAA is about 3,500 air traffic controllers short of targeted staffing levels and has about 10% fewer controllers than it did in 2012.",Yahoo,https://finnhub.io/api/news?id=f81ee7c406c80bf8bad7dcc0061549d9b80ce43d8599504a8a1da04a1e5e8e6d,0.1099870966372951,0.1415947398780992,0.0316076432408041,0.8267976168810967,bullish,0.8267976168810967
2025-03-26 11:17:00,BA,Boeing Stock Could Gain From the Navy’s New Fighter Jet. How to Value the Decision.,Boeing Stock Could Gain From the Navy’s New Fighter Jet. How to Value the Decision.,MarketWatch,https://finnhub.io/api/news?id=097f2802215aec44c913b988bef8a4fa2dc6fc286d07ec76b87b945cb33dc69f,0.0933605100209925,0.1058013644959548,0.0124408544749623,0.8817577810290828,bullish,0.8817577810290828
2025-03-26 11:12:59,BA,Lufthansa CTO warns over maintenance demand on next jet engines,"The top procurement official at one of Europe's largest airlines urged GE Aerospace and other engine makers on Wednesday not to overlook durability when it comes to designing the next generation of fuel-saving engines.  Problems with durability - or the gap between scheduled maintenance visits to overcome wear and tear - have resulted in long waiting times at engine repair shops in recent years, leaving hundreds of airplanes grounded and pushing up fares.  ""Give me unlimited time on wing and I buy now,"" Lufthansa Chief Technology Officer Grazia Vittadini said at a Brussels aviation policy forum hosted by GE Aerospace.",Yahoo,https://finnhub.io/api/news?id=c31d3e5576a0c37eb2e1cd6801e6a020900d4810a73387474feea955839dfc25,-0.9492375690035564,0.0127353210142446,0.961972890017801,0.0252917889679544,bearish,0.961972890017801
2025-03-26 10:52:00,BA,"Dow falls nearly 125 points on losses in shares of NVIDIA Corp., Salesforce","Dow falls nearly 125 points on losses in shares of NVIDIA Corp., Salesforce",MarketWatch,https://finnhub.io/api/news?id=344d76216baae6e41455c48bae9703dd0ce6055c2e0770a9529aec918bc4abb2,-0.9431865953059336,0.0141153630722805,0.9573019583782144,0.028582678549505,bearish,0.9573019583782144
2025-03-26 10:40:34,BA,Why The Boeing Company (BA) Is Gaining This Week,"We recently published a list of Why These Defense Stocks Are Gaining This Week. In this article, we are going to take a look at where The Boeing Company (NYSE:BA) stands against other defense stocks that are gaining this week. On Friday, President Trump unveiled a new next-generation fighter jet, the F-47. According to media […]",Yahoo,https://finnhub.io/api/news?id=2243d27dd3665a187692a98dd88e9bd2d795e21388dd0e0b723d582e08be7e02,0.6030700492137426,0.6151400661059331,0.0120700168921904,0.3727899170018764,bullish,0.6151400661059331
2025-03-26 10:05:27,BA,Boeing-Lockheed's Vulcan cleared to launch US national security satellites,The U.S. Space Forcesaid on Wednesday it has cleared Boeing and LockheedMartin's Vulcan rocket to launch national securitysatellites for the United States. SpaceX was the first...,Finnhub,https://finnhub.io/api/news?id=b2993b87f1458821f42f31c4210445acc773f08442260c82ff9d8dff61bb6698,0.6193647154160287,0.6289052028877931,0.0095404874717643,0.3615543096404426,bullish,0.6289052028877931
2025-03-26 09:55:30,BA,"FAA to hire 2,000 air traffic controllers this year, maintain strict Boeing oversight","The acting head of the Federal Aviation Administration will tell a U.S. Senate subcommittee on Thursday the agency plans to hire 2,000 air traffic controller trainees this year and maintain strict...",Finnhub,https://finnhub.io/api/news?id=1a46f79d62968eda266b0198f395eed6605b173408be9b5ea051682dbeffb007,0.1534594106810112,0.1802931295735121,0.0268337188925009,0.792873151533987,bullish,0.792873151533987
2025-03-26 09:53:50,BA,How Boeing's 737 MAX case could impact stock's volatility,"Boeing (BA) is set to go to trial on June 23 for a criminal fraud case, which alleges that the company misled regulators about 737 MAX jetliners before two of the aircraft fatally crashed. Explosive Options technical analyst Bob Lang joins Catalysts host Madison Mills to discuss the trial and its potential impact on the company's stock. To watch more expert insights and analysis on the latest market action, check out more Catalysts here.",Yahoo,https://finnhub.io/api/news?id=8641fec223c47fb2baeb0f03fae90e63d8ad6ef35025d7a18d6a73fb5498dcf1,-0.164209176745047,0.0220926985122902,0.1863018752573372,0.7916054262303726,bearish,0.7916054262303726
2025-03-26 09:51:00,BA,"NVIDIA Corp., Salesforce share losses lead Dow's nearly 250-point drop","NVIDIA Corp., Salesforce share losses lead Dow's nearly 250-point drop",MarketWatch,https://finnhub.io/api/news?id=ca95b124ea2173ffbd83e9dde8869d4e56fa56c7aee11e1104d95b8f5573bb30,-0.9479602075714754,0.016496294322182,0.9644565018936574,0.0190472037841605,bearish,0.9644565018936574
2025-03-26 09:35:36,BA,"Boeing gets trial date, Sailpoint & Chewy earnings: Stocks in 30","Morning Brief hosts Madison Mills and Brad Smith review some of the day's trending stocks. Boeing (BA) is set to stand trial on June 23 in a criminal case tied to two fatal 737 MAX crashes, following a judge's decision after multiple extensions. Sailpoint's (SAIL) reported its first quarterly earnings print since going public, with analysts viewing the results as solid. Chewy (CHWY) stock is rising after beating fourth quarter estimates, reporting a net sales growth of nearly 15% from the previous year. To watch more expert insights and analysis on the latest market action, check out more Morning Brief here.",Yahoo,https://finnhub.io/api/news?id=1b0bc29126affe97bbc6465fb6a0c6023793ced29d7697fa34dcd5d2138755ba,0.2538357452701254,0.3978410779786431,0.1440053327085177,0.4581535893128391,bullish,0.4581535893128391
2025-03-26 09:13:00,BA,GE Aerospace Gets Engine Order From Korean Air for Boeing Fleet,GE Aerospace Gets Engine Order From Korean Air for Boeing Fleet,MarketWatch,https://finnhub.io/api/news?id=09bd84c0bd03a5ef009de7da16d272797de5e58a32ab47469aa9e9a35fc1e5ed,0.7737987353014725,0.7857086066418381,0.0119098713403655,0.2023815220177963,bullish,0.7857086066418381
2025-03-26 08:17:00,BA,"NVIDIA Corp., Salesforce share losses contribute to Dow's 134-point drop","NVIDIA Corp., Salesforce share losses contribute to Dow's 134-point drop",MarketWatch,https://finnhub.io/api/news?id=f99f2e635de8c3ccaa9ee112c69911ca49ff32a1fda24a8871ab2f7a37daa999,-0.9525479609997912,0.0146980142797768,0.9672459752795682,0.0180560104406548,bearish,0.9672459752795682
2025-03-26 07:38:03,BA,"Judge Orders Boeing, DOJ Trial to Start June 23",Boeing and the U.S. Department of Justice are set to go to trial this summer after a Texas judge scrapped an April 11 deadline for the sides to present a revised plea deal.,Yahoo,https://finnhub.io/api/news?id=77f191d092e07d10082fa27f532d8d56c5d5eb3904b1f5faa321f3a2dd131211,-0.1986312679818949,0.0262810944233191,0.2249123624052141,0.7488065431714668,bearish,0.7488065431714668
2025-03-26 06:43:45,BA,Boeing Says Korean Air Finalized Landmark Boeing Widebody Order,Boeing Co: * KOREAN AIR FINALIZES LANDMARK BOEING WIDEBODY ORDER * BOEING: KOREAN AIR FINALIZED A LANDMARK ORDER FOR UP TO50WIDEBODY AIRPLANESSource text:Further...,Finnhub,https://finnhub.io/api/news?id=de0deda5f48cebba21a78f7b8eeb91d12594b6eb4ed2eb89efda78f8064677b0,0.4758748880736629,0.4957724962437901,0.0198976081701271,0.4843298955860827,bullish,0.4957724962437901
2025-03-26 06:37:05,BA,Boeing : Korean Air Finalizes Landmark Boeing Widebody Order,"SEATTLE, Mar. 26, 2025 - Boeing [NYSE:BA] and Korean Air today finalized a landmark order for up to 50 widebody airplanes, including 20 777-9s, 20 787-10s and options for 10 additional 787...",Finnhub,https://finnhub.io/api/news?id=ada794536e00bdb7619015fcf67c855ee94c1607b5629d2be8a065427da66bb6,0.1407323267174451,0.1611121266873157,0.0203797999698705,0.8185080733428137,bullish,0.8185080733428137
2025-03-26 05:39:00,BA,"These Stocks Are Moving the Most Today: GameStop, Boeing, Tesla, Dollar Tree, UPS, Chewy, and More","GameStop will add Bitcoin as a treasury reserve asset, Boeing is ordered to trial in 737 MAX case, Tesla stock falls after closing higher for five-straight sessions, and Dollar Tree reaches a deal to sell its Family Dollar business for more than $1 billion.",Yahoo,https://finnhub.io/api/news?id=765db55c2eee22f7bbb63a64f4d10f099a7520af88943f5584ee9dc8580f92c0,0.1618511472111708,0.18815534010204,0.0263041928908692,0.7855404670070908,bullish,0.7855404670070908
2025-03-26 03:45:00,BA,Heavy metal: Durable-goods orders pop as manufacturers try to beat Trump tariffs,Heavy metal: Durable-goods orders pop as manufacturers try to beat Trump tariffs,MarketWatch,https://finnhub.io/api/news?id=7d8d0727d0476596596c40d649328cd77e078fc740e45d9d9154720b8163024c,-0.7686879626108696,0.1040413632255428,0.8727293258364124,0.0232293109380447,bearish,0.8727293258364124
2025-03-26 03:43:25,BA,Boeing to Reportedly Face June Jury Trial in 737 Max Case,Boeing (BA) will face a jury trial June 23 over allegedly deceiving regulators regarding the safety,Yahoo,https://finnhub.io/api/news?id=9730aadf4570720ada3bcf782a1619c566660c408230380de95c268e570ecdf7,-0.1718190952085669,0.0517168009717643,0.2235358961803313,0.7247473028479043,bearish,0.7247473028479043
2025-03-26 03:06:00,BA,Corning and 4 More Mid-Size Stocks to Buy in a Market Souring on Megacaps,Corning and 4 More Mid-Size Stocks to Buy in a Market Souring on Megacaps,MarketWatch,https://finnhub.io/api/news?id=8c8dd69c99c073861df859e2aa174d675db062b5871df3ac6c576c261339b444,-0.9121590546912272,0.0194962614198537,0.9316553161110808,0.0488484224690653,bearish,0.9316553161110808
2025-03-26 03:06:00,BA,Better Buy: Boeing vs. Lockheed Martin,"On March 21, Boeing (NYSE: BA) stock closed 3.1% higher while Lockheed Martin (NYSE: LMT) tumbled 5.8%.  The movements resulted from Boeing winning a contract from the Department of Defense for its new warfighter aircraft program -- a contract that Lockheed was the favorite to win.  Big-ticket defense contracts can mean steady cash flows and a reliable project backlog, so it's unsurprising both stocks would move on the news.",Yahoo,https://finnhub.io/api/news?id=3c77301dcbd14856dc33b7d18f91e11d9c7d0242409b0807844a1d3530301191,0.5104078931809942,0.5688663827044216,0.0584584895234273,0.372675127772151,bullish,0.5688663827044216
2025-03-26 02:17:00,BA,"These Stocks Are Moving the Most Today: GameStop, Boeing, Tesla, Dollar Tree, Nvidia, UPS, Chewy, and More","These Stocks Are Moving the Most Today: GameStop, Boeing, Tesla, Dollar Tree, Nvidia, UPS, Chewy, and More",MarketWatch,https://finnhub.io/api/news?id=ee51ed7e2444d01add1c5f06bcc839223f6450ba07545b6934d9aa50e5225b11,0.153917133808136,0.1804189980030059,0.0265018641948699,0.793079137802124,bullish,0.793079137802124
2025-03-26 00:25:00,BA,Allspring Income Plus Fund Q4 2024 Commentary,,SeekingAlpha,https://finnhub.io/api/news?id=8c77669c784fd2928f3bcbf59e09a547e70f32175c9c783832845b9e0e6fb57c,0.0345724815270801,0.0500974260693611,0.0155249445422809,0.934377629388358,neutral,0.934377629388358
2025-03-25 23:51:23,BA,"Australia's vast distances will drive shift to uncrewed defence systems, officials say","Australia'smilitary will rely more on autonomous systems to overcome thedisadvantage of having to protecting vast geography, saiddefence officials who predicted friction in the system as...",Finnhub,https://finnhub.io/api/news?id=dcb4ba2aeac14455cb374c65945d55280189324d09539dbd4a81034c4aaad0b9,0.4556332203677524,0.5122132396737717,0.0565800193060193,0.431206741020209,bullish,0.5122132396737717
2025-03-25 20:59:00,BA,Judge Orders Boeing to Trial on 737 MAX Case,"The federal judge overseeing the criminal case against  Boeing  has ordered a trial, increasing the odds the aerospace giant will have to plead guilty or defend against a charge it already said it committed.  The order came a day after The Wall Street Journal reported that Boeing had been seeking to withdraw an earlier agreement to plead guilty for deceiving regulators before two deadly crashes of 737 MAX jets.  Boeing and the Justice Department were expected to propose changes to the settlement by April 11.",Yahoo,https://finnhub.io/api/news?id=eec7a73fac47ac063a060cc8318d08ecd7eee060241ab6779893f5af53b842aa,-0.4822863859278915,0.0691757361468037,0.5514621220746952,0.379362141778501,bearish,0.5514621220746952
2025-03-25 20:33:33,BA,PRESS DIGEST- Wall Street Journal - March 26,March 26 - The following are the top storiesin the Wall Street Journal. Reuters has not verified thesestories and does not vouch for their accuracy. - A U.S. judge on...,Finnhub,https://finnhub.io/api/news?id=32e7be8362712e261e86b6d466dfc79e1428d228dae23dade5cb7871ba2161ea,-0.0232055668919656,0.0307504941066671,0.0539560609986328,0.9152934448947,neutral,0.9152934448947
2025-03-25 17:23:09,BA,Judge upends Boeing-DOJ legal saga and orders 737 Max trial for June,A federal judge overseeing plea deal negotiations between the Justice Department and Boeing has scrapped an order giving the parties more time to reach an agreement and instead ordered the giant jet maker to face a jury trial.,Yahoo,https://finnhub.io/api/news?id=960156bf47bc0bb009612f3418a686675595057aa6ede19e7e3bb55c19d8e5b7,-0.8519971299021046,0.0167091385171517,0.8687062684192564,0.1145845930635918,bearish,0.8687062684192564
2025-03-25 17:16:00,BA,Judge orders criminal-fraud trial over Boeing’s 737 Max to start in June,Judge orders criminal-fraud trial over Boeing’s 737 Max to start in June,MarketWatch,https://finnhub.io/api/news?id=caf9e4846b87e9808c307c522dd8d21788d2ffc1f17f59b49913f88e3d07b91f,-0.6761647934007287,0.0294073296382477,0.7055721230389764,0.2650205473227758,bearish,0.7055721230389764
2025-03-25 16:04:24,BA,Boeing Judge Sets June Criminal Trial Over 737 Max Crashes,"(Bloomberg) -- A federal judge in Texas ordered Boeing Co. to stand trial June 23 in a criminal case tied to two deadly crashes of its 737 Max aircraft, setting up a high-stakes public showdown in the planemaker’s long-running legal saga.Most Read from BloombergThey Built a Secret Apartment in a Mall. Now the Mall Is Dying.Why Did the Government Declare War on My Adorable Tiny Truck?Trump Slashed International Aid. Geneva Is Feeling the Impact.Chicago Transit Faces ‘Doomsday Scenario,’ Regional",Yahoo,https://finnhub.io/api/news?id=513625e42eb10015130d8b7421258aac17d0f6d9c3248b151820f69592f63e1a,-0.6823513821205381,0.040509980926476,0.7228613630470142,0.2366286560265097,bearish,0.7228613630470142
2025-03-25 15:21:00,BA,Boeing Goes for 2 Defense Wins in a Row With Navy Jet Fighter,"Boeing stock could see a wild trading day with the Navy’s decision on the next-generation jet fighter, and if the company withdraws a plea agreement linked to the 737 MAX crashes.",Yahoo,https://finnhub.io/api/news?id=5032086ef87f123b1cb6a4e74d75da829f9ac94ecda1e0d27e68e26f1b5f983d,0.8163433102318152,0.834180759874273,0.0178374496424578,0.1479817904832692,bullish,0.834180759874273
2025-03-25 15:01:13,BA,US judge sets Boeing 737 MAX fraud trial for June 23,"WASHINGTON (Reuters) -A U.S. judge on Tuesday abruptly set a June 23 trial date in the Justice Department's criminal fraud case against Boeing stemming from the planemaker's alleged misrepresentations to U.S. regulators about a key system on the 737 MAX.  In July, Boeing agreed to plead guilty to a criminal fraud conspiracy charge after two fatal 737 MAX crashes and to pay a fine of up to $487.2 million.  U.S. District Judge Reed O'Connor had previously given Boeing and DOJ until April 11 to come to an agreement on a new plea deal after he rejected the prior deal, faulting a diversity and inclusion provision.",Yahoo,https://finnhub.io/api/news?id=b8f83be0da1c835c6cf0797fafa272c31b92fa651b1f032bc4961ca263f68a1c,-0.6246278760982462,0.0383411121492004,0.6629689882474468,0.2986898996033527,bearish,0.6629689882474468
2025-03-25 11:58:07,BA,Judge orders a June trial for US government's felony case against Boeing,A federal judge in Texas has set a June trial date for the U.S. government's years-old conspiracy case against Boeing for misleading regulators about the 737 Max jetliner before two of the planes...,Finnhub,https://finnhub.io/api/news?id=cec6e3e1e6a256cd879cd79b451ec0a9cf15995ba7393ed2ab49a51be68cefcc,-0.6764559433524321,0.0531174716890329,0.729573415041465,0.217309113269502,bearish,0.729573415041465
2025-03-25 11:25:28,BA,Boeing or Northrop? Pentagon Nears Decision on Stealth Jet Deal Worth Hundreds of Billions,One winner. Trillions in future wars. The Navy's biggest airpower bet in decades is about to drop,Yahoo,https://finnhub.io/api/news?id=432a9be1719576a3ed28ff9a2df50de5c98790e02aa8966d3e1fbc887ebf4654,0.0501491818632625,0.1160412772015213,0.0658920953382587,0.81806662746022,bullish,0.81806662746022
2025-03-25 11:02:35,BA,Boeing production of Patriot component hits record,"Boeing said on Tuesday it had ramped up production of a critical component for Patriot air defense interceptor missiles - the seeker that identifies and tracks efforts to knock them down  - to meet growing demand from the U.S. and allies.  Eighteen countries, including Ukraine, use PAC-3 interceptors, which have proven effective against advanced threats such as Russia's Kinzhal missiles.  The U.S. Army and international partners are driving demand for the system, while the U.S. Navy is adding them to ships to protect its fleet.",Yahoo,https://finnhub.io/api/news?id=18ab72026b972442d6a4f565ef2f49a7aac7ca7ff90ce640f02b9cd5aa38c800,0.1187649298450392,0.5412900721257882,0.4225251422807489,0.0361847855934628,bullish,0.5412900721257882
2025-03-25 10:23:25,BA,Airbus sets out its stall ahead of new plane development,"Airbus on Tuesday gave a glimpse of technologies for its next airplane, a replacement for its best-selling A320neo family due to enter service between 10 and 15 years from now.  The question of when to replace the industry's top-selling model, which competes with Boeing's 737 MAX in the busiest part of the market, is one of the key decisions for Guillaume Faury as he enters a third three-year term as CEO next month.  Airbus said the new airplane would be 20-30% more efficient than the current A320neo family.",Yahoo,https://finnhub.io/api/news?id=b60d605a7b6c24f8850843283c5a1e50cd441e8582a48930d963b44d090275ff,-0.0314653020978431,0.0233009859557864,0.0547662880536295,0.921932725990584,neutral,0.921932725990584
2025-03-25 09:11:31,BA,"Tesla, Trump Media, Xiaomi, Boeing, BYD, Carvana, GameStop, McCormick: Stocks to watch today","Stocks fluctuated, giving up earlier gains, after U.S. economic indicators came in weaker than expected. The S&P 500 and Nasdaq Composite indexes were slightly higher, while the Dow Jones Industrial Average fell by about 28 points.",Yahoo,https://finnhub.io/api/news?id=c774f50ef9698c6c567a829480fd1a095232bb6d1dd1df5acf599b4258026c71,0.0155871569578698,0.0376701288192931,0.0220829718614233,0.9402468993192836,neutral,0.9402468993192836
2025-03-25 08:56:00,BA,"Stocks to Watch Tuesday: Trump Media, Tesla, Carvana, GameStop","↗️ Trump Media (DJT): Shares in the operator of Truth Social, majority owned by President Trump, jumped around 9% after it signed an agreement with Crypto.com to launch exchange-traded funds and products.",Yahoo,https://finnhub.io/api/news?id=38fd7a5fd30e668207060385a126f385aaa7904c777857238c5e209677e8d8ab,-0.0121197363869875,0.0309009474042697,0.0430206837912572,0.926078368804473,neutral,0.926078368804473
2025-03-25 08:48:00,BA,Boeing Goes for Two Defense Wins in a Row With Navy Jet Fighter,"Boeing stock could see a wild trading day with the Navy’s decision on the next-generation jet fighter, and if the company withdraws a plea agreement linked to the 737 MAX crashes.",Yahoo,https://finnhub.io/api/news?id=7f7e213f2ce19cd8efc389533ca79a6f535232436b0d7254fdfa070d3aba6a6c,0.8447959395471412,0.861702315152628,0.0169063756054867,0.1213913092418853,bullish,0.861702315152628
2025-03-25 08:37:00,BA,Boeing Wins Order to Supply Up to 60 737 MAX Jets to Malaysia Airlines,BA receives an order to supply up to 60 737 MAX commercial aircraft from Malaysia Aviation Group.,Yahoo,https://finnhub.io/api/news?id=ee01208e3a58a59416bfba34aebd483ce6f7b907951589c95ed9fd635e0ffe87,0.9220161525567148,0.939313813198685,0.0172976606419702,0.0433885261593447,bullish,0.939313813198685
2025-03-25 08:07:51,BA,Boeing wants Trump to resolve its biggest legal problem,"Boeing wants President Trump to let it out of a guilty criminal plea agreement the jet maker reached with the Biden administration, according to a report. Such an outcome would be a major victory for the company as it tries to show progress on several fronts.",Yahoo,https://finnhub.io/api/news?id=7207b94ad572b35f7c9d7bbee8c5186380886890c608a96d3cd5eb34527c9b9c,0.4538805375904245,0.5453705001898482,0.0914899625994237,0.363139537210728,bullish,0.5453705001898482
2025-03-25 07:21:11,BA,"Boeing Looking to Revise or Withdraw Guilty Plea, Report Says","Boeing is looking to have its guilty plea from last year rescinded or the punishment it will receive because of the plea reduced now that the Trump administration is in place, according to The Wall Street Journal.",Yahoo,https://finnhub.io/api/news?id=30f94baacb3e4be3f8f8e2fb949026d41883616d461f43c60334d94b3cd6999c,-0.777517888271883,0.0167454431171778,0.7942633313890608,0.1889912254937613,bearish,0.7942633313890608
2025-03-25 07:11:08,BA,Boeing : Japan Airlines Orders 17 Additional Boeing 737 MAX Jets to Refresh Fleet,"SEATTLE, Mar. 25, 2025 - Boeing [NYSE:BA] and Japan Airlines today finalized an order for 17 737-8s to leverage the fuel efficiency and flexibility of the 737 MAX. The airline aims to launch the new...",Finnhub,https://finnhub.io/api/news?id=13981577381807062e22f87be19f4b316f7877eb075a64f912849347d4764fd7,0.8681998612694468,0.905696852026566,0.037496990757119,0.056806157216315,bullish,0.905696852026566
2025-03-25 06:59:20,BA,5 Things to Know Before the Stock Market Opens,"News of the day for March 25, 2025",Yahoo,https://finnhub.io/api/news?id=c4536f7a95fe31b95cf81ed63a277719f13501efbd2718ceb713b43169a1cdf7,-0.0083217170714692,0.0292394560113751,0.0375611730828444,0.9331993709057804,neutral,0.9331993709057804
2025-03-25 06:34:43,BA,China's commerce minister meets with Boeing Global president,"China's Commerce Minister Wang Wentao met with President of Boeing Global Brendan Nelson on Tuesday, and called on the planemaker to deepen cooperation with China's aviation industry, the commerce ministry said in a statement.  China hopes Boeing will play a positive role in maintaining the stability and health of the global aviation industry ecosystem while also contributing to the development of China-U.S. economic and trade relations, Wang told Nelson.",Yahoo,https://finnhub.io/api/news?id=0686d19146029dd66426ff34cfaab5f33387aaaf08a0d20386e12e4b33947740,0.0707674820835936,0.0864254973230371,0.0156580152394434,0.8979164874375194,bullish,0.8979164874375194
2025-03-25 05:47:00,BA,Fidelity Corporate Bond Fund Q4 2024 Review,,SeekingAlpha,https://finnhub.io/api/news?id=6cb68db6f8bbc49ae91a5fda957c6fd8ae63b1cd1bb3bf4ff712ba2e28afb988,0.0182566317686791,0.0351579357958176,0.0169013040271385,0.947940760177044,neutral,0.947940760177044
2025-03-25 04:30:00,BA,Boeing Gets Lifeline in Pentagon Deal to Build Most Expensive Jet Fighter Ever,"The contract guarantees a profit for Boeing through the development phase, unlike its past defense deals.",Yahoo,https://finnhub.io/api/news?id=22325e7f6b52ba839afef9a03c36d416986fc3797fc8b9cb559586ba7cb807c9,0.8742422437633839,0.8925399882470807,0.0182977444836967,0.0891622672692224,bullish,0.8925399882470807
2025-03-25 04:13:08,BA,"Boeing : Patriot Seeker Deliveries Hit Record Highs, More Growth Ahead","HUNTSVILLE, Ala., March 25, 2025 - Boeing's [NYSE: BA] production of Patriot Advanced Capability-3 seekers reached an all-time high in 2024, resulting in more than 500 deliveries. In early 2025, the...",Finnhub,https://finnhub.io/api/news?id=11e8d4441a3b5af9f947bd8f343189ebf1e49fa3dd487bae57e1f2785d19d3d3,0.9206675102697536,0.9331570012034978,0.0124894909337441,0.0543535078627581,bullish,0.9331570012034978
2025-03-25 04:10:38,BA,Aerospace and Defense Stocks Q4 Highlights: Byrna (NASDAQ:BYRN),"Quarterly earnings results are a good time to check in on a company’s progress, especially compared to its peers in the same sector. Today we are looking at Byrna (NASDAQ:BYRN) and the best and worst performers in the aerospace and defense industry.",Yahoo,https://finnhub.io/api/news?id=ec992417af5a85f65056ece8f4b39cb5f6ccc0a91be3c45bb34d454a403103c1,-0.009792057706117,0.027823021376291,0.0376150790824081,0.9345618995413008,neutral,0.9345618995413008
2025-03-25 04:01:46,BA,"Boeing, Northrop Grumman await US Navy next-generation fighter contract this week, sources say","The U.S. Navy is expected to announce this week who will build its next-generation carrier-based stealth fighter - a program worth hundreds of billions over its lifetime and a key part of plans to confront China, people familiar with the decision said.  The Navy will choose one winner for the engineering and manufacturing development (EMD) phase - a significant milestone for the F/A-XX, which is meant to replace the Navy's F/A-18E/F Super Hornet fleet.  The new jet is expected to feature advanced stealth capabilities, improved range and endurance, and the ability to integrate with both uncrewed combat aircraft and the Navy's carrier-based air defense systems.",Yahoo,https://finnhub.io/api/news?id=3f675d0809b0ca192d0634de62e46f7aa8db84d02e5198ed5c2e5ebccf391b18,0.0726492346670307,0.1117487723771208,0.03909953771009,0.8491516899127891,bullish,0.8491516899127891
2025-03-25 03:35:00,BA,FPA Queens Road Value Fund Q4 2024 Commentary,FPA Queens Road Value Fund (âFundâ) returned -2.69% for the fourth quarter of 2024. Click here to read the full commentary. ,SeekingAlpha,https://finnhub.io/api/news?id=17a81e20d5a03775e9555ae79a76287f14088b5b02d56d10b009198be8fc98cc,0.0343167549273955,0.0508662513699266,0.0165494964425311,0.9325842521875424,neutral,0.9325842521875424
2025-03-25 03:06:00,BA,"Zacks Investment Ideas feature highlights Tesla, Lockheed Martin, Bank of America, Boeing and Super Micro Computer","Tesla, Lockheed Martin, Bank of America, Boeing and Super Micro Computer have been highlighted in this Investment Ideas article.",Yahoo,https://finnhub.io/api/news?id=bd427e46a7f19b4561df68e732d0a71537e9d4e7d5fd661e5ae9d394afffa159,0.0397368003276005,0.052900254055686,0.0131634537280855,0.9339362922162284,neutral,0.9339362922162284
2025-03-24 19:09:44,BA,PRESS DIGEST- Wall Street Journal - March 25,March 25 - The following are the top storiesin the Wall Street Journal. Reuters has not verified thesestories and does not vouch for their accuracy. - Postmaster...,Finnhub,https://finnhub.io/api/news?id=5de08c1adf28fb709642a51dc4f201597ce932ad2bd9ad122a8dd86a95944c87,-0.0211214537298841,0.0307687710684028,0.0518902247982869,0.9173410041333102,neutral,0.9173410041333102
2025-03-24 16:23:30,BA,"KB Home, Oklo, eToro, Boeing: After-hours newsmakers","Here are some of the companies making headlines after the market close on Monday, March 24. KB Home (KBH) shares fell sharply after the homebuilder reported earnings that fell short of estimates and lowered its full-year revenue outlook. Shares of Oklo (OKLO) slipped after reporting 2024 full-year results. eToro filed for its initial public offering. It has selected to list on the Nasdaq with the ticker ETOR. The Wall Street Journal is reporting that Boeing is looking to withdraw from an agreement it made with the Justice Department to plead guilty in relation to a case in which the aerospace giant is accused of deceiving regulators ahead of two deadly 737 MAX crashes. To watch more expert insights and analysis on the latest market action, check out more Asking for a Trend here.",Yahoo,https://finnhub.io/api/news?id=7e1c69c28b7d826df28d68a6272474624210936a061688445d048b8a46ee933d,-0.004108920785239,0.0312869071503037,0.0353958279355427,0.9333172649141536,neutral,0.9333172649141536
2025-03-24 15:54:58,BA,"Boeing seeks to withdraw guilty plea deal in deadly crashes of 737 MAX jets, WSJ reports","WASHINGTON (Reuters) -Boeing is seeking to withdraw an agreement to plead guilty in a criminal case that blamed the company for deceiving regulators before two deadly crashes of 737 MAX jets, the Wall Street Journal reported on Monday.  A U.S. judge in December rejected the deal, faulting a diversity and inclusion provision, and Boeing and the Justice Department have been negotiating toward a new agreement.  President Donald Trump took over on January 20, giving his administration a chance to weigh in on the deal.",Yahoo,https://finnhub.io/api/news?id=03210c66352f8d367ed8fd4d0fe28a7d7af07ba34d42bb37c509b0bb84cebbfc,-0.8918836963538425,0.0245796276682953,0.9164633240221378,0.0589570483095669,bearish,0.9164633240221378
2025-03-24 15:42:00,BA,Boeing Is Pushing to Withdraw Guilty Plea Agreement,The aerospace company is seeking the Justice Department’s support to scale back a deal it reached during the final months of the Biden administration.,Yahoo,https://finnhub.io/api/news?id=c238ac85c87c94b3408c2c110ec1e0dc4862e2697d3d3c7d809ddf9a9a24debc,-0.8101833153827122,0.0253211288605251,0.8355044442432373,0.1391744268962374,bearish,0.8355044442432373
2025-03-24 12:56:17,BA,Intuitive Machines Stock: Surges On Profit Outlook,Intuitive Machines recently reported earnings. Read how this aerospace company is positioning itself for 2025.,SeekingAlpha,https://finnhub.io/api/news?id=6097ae90a3a58dff6b68b86d3f714dd373a3db6043edb1d0ada25f9591f4fdf7,0.4221405889385479,0.6939630248454188,0.2718224359068709,0.0342145392477103,bullish,0.6939630248454188
2025-03-24 12:03:16,BA,Boeing's Free Cash Flow Estimates Raised by RBC Amid Robust Delivery Projections,"Boeing's (BA) first-half aircraft deliveries are expected to benefit from higher inventory levels, w",Yahoo,https://finnhub.io/api/news?id=80ee53eb50112e66febfadfe7107c6aceb2ca2853947c1c58960dad83f10803f,0.895556340412158,0.9364046154895396,0.0408482750773815,0.0227471094330788,bullish,0.9364046154895396
2025-03-24 11:05:00,BA,Boeing Space JV Cuts 2025 Launch Rate by 40%,"As if you needed one, here's another reason to avoid Boeing stock in 2025.",Yahoo,https://finnhub.io/api/news?id=1012b0a14d4cc333a980717ac158b09b71a26b4a3c0cd0236c92160484fd71c1,-0.7535607190139458,0.053504812465891,0.8070655314798368,0.1394296560542722,bearish,0.8070655314798368
2025-03-24 10:12:23,BA,Why Lockheed Martin Stock Is Down Today,"Wall Street is reacting to last week's news that Lockheed Martin (NYSE: LMT) has lost the battle to produce the Air Force's next-generation fighter.  The commentary is putting new pressure on Lockheed Martin shares, sending the stock down about 3% as of 10:30 a.m. ET.  Boeing won an initial $19 billion contract to fund continued research and development of the plane, which could produce upward of $250 billion in revenue for Boeing and its subcontractors in the decades to come.",Yahoo,https://finnhub.io/api/news?id=29b919824c4ee582bf4ff621f3c7053794a350bc73f5394d2490a63be69d7552,-0.8547848932777022,0.0144098503112517,0.869194743588954,0.1163954060997942,bearish,0.869194743588954
2025-03-24 10:10:27,BA,The Boeing Company (BA): A Bull Case Theory,"We came across a bullish thesis on The Boeing Company (BA) on Substack by DeepValue Capital by Kyler. In this article, we will summarize the bulls’ thesis on BA. The Boeing Company (BA)’s share was trading at $178.11 as of March 21st. BA’s forward P/E was 36.90 according to Yahoo Finance. Boeing has faced significant turbulence in […]",Yahoo,https://finnhub.io/api/news?id=e6fbef7c9904f88beb40c48079e7b19580fe850dd6a124231227ea9971ea6984,-0.0053059606162917,0.0386569860977832,0.043962946714075,0.9173800671881416,neutral,0.9173800671881416
2025-03-24 09:15:35,BA,"Boeing's Safety Push Recognized by FAA, But Production Limits Still in Place",FAA's acting chief says Boeing is improving safety but offers no timeline for lifting Max jet production cap,Yahoo,https://finnhub.io/api/news?id=e52e9bab58bec516145641399c246968b3cbf0a38e2872ac2690eadc580fe94f,-0.0981592343080386,0.1056493771530966,0.2038086114611352,0.6905420113857681,bearish,0.6905420113857681
2025-03-24 09:12:00,BA,Boeing Secures a Contract to Build a Next-Generation Fighter Aircraft,"Boeing receives a contract to design, build and deliver its next-generation fighter aircraft under the NGAD program.",Yahoo,https://finnhub.io/api/news?id=a9c6b95337b3ba11660f8e8c7b00f79ed1361eaa6c018bdc88c94cbfd30b63b6,0.9216868892502944,0.9344595409810272,0.0127726517307327,0.05276780728824,bullish,0.9344595409810272
2025-03-24 08:53:00,BA,Boeing Gains and Lockheed Stock Falls Further After Fighter Jet Upset,President Donald Trump announced Friday that Boeing would build a sixth-generation jet fighter for the Air Force.,Yahoo,https://finnhub.io/api/news?id=a18fa1cd03ce51727b416989825e503fcbd104d140a645af3c40d6096c134bb6,-0.840529558827339,0.0561974404825806,0.8967269993099197,0.0470755602074995,bearish,0.8967269993099197
2025-03-24 08:34:28,BA,"Boeing upgraded, Lockheed downgraded: Wall Street's top analyst calls","Boeing upgraded, Lockheed downgraded: Wall Street's top analyst calls",Yahoo,https://finnhub.io/api/news?id=268bc450810edb47a884d51248e43523026ca14b38ca4f3a6c49a42a916435ca,-0.0457588745879791,0.2538982109397116,0.2996570855276908,0.4464447035325975,neutral,0.4464447035325975
2025-03-24 08:21:53,BA,Lockheed stock attracts two Wall Street analyst rating cuts; Boeing upgraded,Investing.com -- Lockheed Martin (NYSE:LMT) shares dipped more than 2% in premarket trading Monday after the defense contractor’s stock was hit with two analyst downgrades on Wall Street.,Yahoo,https://finnhub.io/api/news?id=7700069fcdc71d8e86de18c5e51ffed24a2c266ae05d8a46633ad5aed7b72bfe,-0.9356097478110612,0.0174391165071363,0.9530488643181976,0.0295120191746659,bearish,0.9530488643181976
2025-03-24 08:02:00,BA,"NVIDIA Corp., Amazon.com Inc. share gains contribute to Dow's 450-point rally","NVIDIA Corp., Amazon.com Inc. share gains contribute to Dow's 450-point rally",MarketWatch,https://finnhub.io/api/news?id=06d61a0b5a607cc8daa4d8455b0f14187d42b7e92953646db6becea0f1a2fcc2,0.8834202416878238,0.9164282254209412,0.0330079837331172,0.0505637908459415,bullish,0.9164282254209412
2025-03-24 07:37:16,BA,Northrop Grumman: The Forgotten Winner Of Boeing's F-47,Boeing's win of the US Air Force NGAD contract is significant. Read why the NGAD deal positions Northrup Grumman for the next big Air Force deal.,SeekingAlpha,https://finnhub.io/api/news?id=d4deab461cb1ae39a3a9688bd237afcdf9d3d95af9168a9ea41b39a8c0f508d6,0.1680480352607941,0.1910996159918863,0.0230515807310921,0.7858488032770214,bullish,0.7858488032770214
2025-03-24 07:12:29,BA,GE Aerospace and Boeing Seal Billion-Dollar Deal with Korean Air,Korean Air Secures 50 New Aircraft in Landmark Fleet Renewal,Yahoo,https://finnhub.io/api/news?id=0051499f29b9f7b59e5493106cc51ddfdb25d596904ab58973f9775399382a52,0.90596119639104,0.9205161148540428,0.0145549184630029,0.0649289666829541,bullish,0.9205161148540428
2025-03-24 06:58:00,BA,Wall Street Lunch: Investors Could Suffer $3 Trillion Blow In Q1,"U.S. investors are set to see a decline in stock-based wealth of a whopping $3T for Q1 2025, according to estimates from BofA using private client equity data.",SeekingAlpha,https://finnhub.io/api/news?id=acbac22c941bb76831f74018b97e572e43256de2bfc5e8139b4bb9c408143266,-0.9468235489108092,0.0113247372769255,0.9581482861877348,0.0305269765353397,bearish,0.9581482861877348
2025-03-24 06:08:00,BA,"Dow's 561-point rally highlighted by gains in shares of NVIDIA Corp., Home Depot","Dow's 561-point rally highlighted by gains in shares of NVIDIA Corp., Home Depot",MarketWatch,https://finnhub.io/api/news?id=84fd77c63b161899e26436b234d0fc391842c801bb9ea8c394819536930e56f8,0.8790202130596292,0.9180071148721772,0.0389869018125481,0.0430059833152744,bullish,0.9180071148721772
2025-03-24 05:32:00,BA,Trump Tariffs Are the Stock Market’s Kryptonite. Why the Rally Won’t Last and 5 Other Things to Know Today.,"Boeing beats Lockheed on F-47 fighter jet contract, Canada calls snap elections as U.S. levies loom, and more news to start your day.",Yahoo,https://finnhub.io/api/news?id=dadcac5a2d7f8b8a6ba00f13676c604f1777430b55a9567bf42ab69ae39b8afd,-0.029100251211605,0.0273656665964412,0.0564659178080462,0.9161684155955124,neutral,0.9161684155955124
2025-03-24 05:24:42,BA,"Market Chatter: Boeing, Airbus Looking to Ramp, Speed Up Future Jet Production",Boeing (BA) and Airbus are looking to ramp up production of their next-generation jets to about 100,Yahoo,https://finnhub.io/api/news?id=3957c2285fdcdb9ecd2d35ebc7d2e2d67fdfb29aaf6be39bcb77f3fad4ce2f52,0.7503934744598912,0.7683295917388204,0.0179361172789291,0.2137342909822504,bullish,0.7683295917388204
2025-03-24 04:45:00,BA,"Home Depot, Amazon.com Inc. share gains contribute to Dow's 450-point rally","Home Depot, Amazon.com Inc. share gains contribute to Dow's 450-point rally",MarketWatch,https://finnhub.io/api/news?id=e4cad1359df1f93d056a8aba6e7a6134e30ffd5f99d445c186e7cfef3cb49096,0.8862926719530325,0.9165061252788622,0.0302134533258297,0.0532804213953081,bullish,0.9165061252788622
2025-03-24 04:18:56,BA,"Airbus, Boeing eye fast output as plastics loom for future jets","Airbus and Boeing are preparing the aerospace industry for sharp increases in output of the next generation of workhorse jets to some 100 a month each, as they explore lighter plastic materials and robotic assembly, industry sources said.  Facing weak supply chains and a potentially lengthy wait for future engine developments, the world's two largest planemakers are years away from launching projects to replace their decades-old Boeing 737 and Airbus A320 series, which remain in demand.  ""The goal is to recommend the best approach to transition...(to) the next airplane programme,"" Randy Wilkerson, who represents Boeing in a NASA research project for high-capacity manufacturing called HiCAM, told the JEC World conference in Paris.",Yahoo,https://finnhub.io/api/news?id=0b4085b9ef10b1b2ab502ccca0d5a172a9ae4a041487597b7765cad5e4a621af,0.6680128263679738,0.7002860177255046,0.0322731913575308,0.2674407909169646,bullish,0.7002860177255046
2025-03-24 00:05:00,BA,Artisan Value Income Fund Q4 2024 Commentary,The Artisan Value Income Fund  portfolio finished down in Q4 amid the broader weakness among dividend stocks and the bond market tumult. Click here to read the full commentary. ,SeekingAlpha,https://finnhub.io/api/news?id=b645f19e1857e436bdf25235d91e1a85d4b7012c4dea964446f8528ca12163cf,0.0206287016649316,0.0400761771193573,0.0194474754544257,0.9404763474262168,neutral,0.9404763474262168
2025-03-23 10:48:00,BA,"China’s premier meets with U.S. delegation, urges ‘dialogue over confrontation’","China’s premier meets with U.S. delegation, urges ‘dialogue over confrontation’",MarketWatch,https://finnhub.io/api/news?id=0db17f78ca69fa93e46fcc68e4b74a245363bbf69e0e9ea765ac469dc655aa1b,0.2339622882458397,0.2896705546254623,0.0557082663796226,0.654621178994915,bullish,0.654621178994915
2025-03-22 11:40:10,BA,Lockheed Martin says ‘disappointed’ in outcome of Air Force contract decision,"Lockheed Martin (LMT) issued the following statement after Boeing (BA) was selected to build a new, next-generation U.S. Air Force fighter jet: “Lockheed Martin continues to work to advance critical technologies to outpace emerging threats and deliver true 21st Century Security solutions to our nation’s military forces. We are committed to advancing the state of the art in air dominance to ensure America has the most revolutionary systems to counter the rapidly evolving threat environment. While",Yahoo,https://finnhub.io/api/news?id=0b6a20a1388d5a411b5996cf3bbf2d0bcf6caf29b51c049b9d1d07b5aa0f1f17,-0.8739012522060003,0.0434140213179357,0.9173152735239362,0.039270705158128,bearish,0.9173152735239362
2025-03-22 07:00:47,BA,Boeing’s double dose of good news: Fighter jets and cash,A positive outlook on cash flow and a deal to build the U.S. Air Force's next-generation fighter jet were part of a strong week for aerospace giant Boeing.,Yahoo,https://finnhub.io/api/news?id=ac4aaecd1051a0deeed40bfa07c53ed39b2422f524083bf33430b0488fc7f205,0.2284715644154649,0.2425892951465051,0.0141177307310402,0.7432929741224547,bullish,0.7432929741224547
2025-03-22 00:59:39,BA,"Three years after China Eastern plane crash, regulator has not released report","China's aviationregulator has not released an expected update on itsinvestigation into a deadly China Eastern Airlinescrash three years ago, leaving relatives and the aviationindustry with no...",Finnhub,https://finnhub.io/api/news?id=e201107149091b36d890f08540243198892373249fd2fc24661f453e7fb7dceb,-0.0891642847516573,0.0180288541663548,0.1071931389180122,0.8747780069156329,bearish,0.8747780069156329
2025-03-21 17:32:59,BA,"Market Today: Boeing Secures Major Contract, Chip Stocks Slide","Boeing Secures Major Contract, Chip Stocks Slide",Yahoo,https://finnhub.io/api/news?id=a1f68dad3a6b4090b6399400643796590d1b444e38810a3d58cbe7c4efb29589,0.7623670576600994,0.8584402831585716,0.0960732254984722,0.0454864913429561,bullish,0.8584402831585716
2025-03-21 17:03:00,BA,Boeing Wins Next-Generation Jet Fighter Contract,President Trump said the company has been selected to build what may turn out to be the most expensive fighter in history.,Yahoo,https://finnhub.io/api/news?id=ca4db65bfc032687630e997211598d30a9e3a3b141059ea9c9d1c2324de29c17,0.8624164732922919,0.8856492690249795,0.0232327957326876,0.0911179352423327,bullish,0.8856492690249795
2025-03-21 15:41:00,BA,Boeing Beat Lockheed Martin for the Pentagon’s Jet Fighter Contract. Here’s What to Know.,"Boeing  scored a contract to build the Pentagon’s next-generation jet fighter, beating out rival  Lockheed Martin   The deal has big implications for Boeing’s bottom line, its beleaguered defense unit and the jet maker’s strained relationship with the Trump administration.  Boeing shares rose 3% following the decision Friday, while Lockheed shares fell nearly 6%.  The Pentagon wants the new F-47 jet fighter to replace the stealthy F-22, a Lockheed aircraft, and fly alongside semiautonomous drones that are already well into development.",Yahoo,https://finnhub.io/api/news?id=4d95afcace86a987301f36cf743d8162e44832c4f6b11e0fc579543a7fc7fb5d,0.0435207188129425,0.0777685195207595,0.034247800707817,0.8879836797714233,neutral,0.8879836797714233
2025-03-21 15:26:41,BA,Boeing stock gains as Trump admin awards it fighter jet contract,"Investing.com -- It was announced Friday that Boeing (NYSE:BA) has been awarded the U.S. Air Force’s Next Generation Air Dominance (NGAD) 6th generation fighter jet contract, sending the company's shares up around 4%.",Yahoo,https://finnhub.io/api/news?id=ae538c582eb9a6c6a8c6f8fdff8e72ff16ec1b38ea1efdb5e4614d6e5f08323f,0.8199799149476709,0.8768269713649256,0.0568470564172547,0.0663259722178196,bullish,0.8768269713649256
2025-03-21 15:14:32,BA,Trump Picks Boeing Over Lockheed Martin For $20 Billion Fighter Contract,Boeing stock jumped Friday after President Trump awarded the Dow Jones manufacturer a $20 billion jet contract. Lockheed Martin retreats.,Yahoo,https://finnhub.io/api/news?id=3ed5e33801479560fba589136f93e7701e2831dd3e2603aadef5315542e12674,0.156392567495492,0.1749819014692822,0.0185893339737901,0.8064287645569276,bullish,0.8064287645569276
2025-03-21 15:11:00,BA,"Lockheed Stock Dropped, Boeing Popped on News of New Jet Fighter","The U.S. military awarded  Boeing  a key new contract to build the latest generation of jet fighters over rival  Lockheed  Martin.  Boeing stock added 3.1% on Friday, closing at $178.11, while the  and  added 0.1%.  Lockheed shares dropped 5.8% to $439.70.",Yahoo,https://finnhub.io/api/news?id=b5461737c538b4e3ef1cb62173b3bcb61e42a19f28cbff7cc0b8b86c6fd9ea72,-0.8938150454677559,0.0278714473588928,0.9216864928266488,0.0504420598144583,bearish,0.9216864928266488
2025-03-21 14:44:36,BA,"Boeing Stock Jumps, Lockheed Falls on Air Force Jet Fighter Contract News","Shares of Boeing surged Friday afternoon to lead Dow Jones Industrial Average gainers after President Donald Trump named the plane maker the winner of a contract to build the U.S. Air Force's next-generation fighter jet, the F-47.",Yahoo,https://finnhub.io/api/news?id=3e01cd17a0bdfd13054a2c10392c7209d3aac431e2edd578a8874e399eff4821,-0.8532845690329754,0.0323574593511672,0.8856420283841427,0.0820005122646899,bearish,0.8856420283841427
2025-03-21 14:26:00,BA,Boeing stock climbs 6% after Trump orders 'a lot' of fancy new fighter jets,Investors in the troubled aerospace giant Boeing (BA) received some good news on Friday when President Donald Trump awarded it a contract to build “a lot” of F-47 fighter jets for the U.S. Air Force — and possibly its allies.,Yahoo,https://finnhub.io/api/news?id=ae6425e3b2261b780c1cdba5f7273bb930d07725cc5271262a72c5d075a584e3,0.9077081008026529,0.9331267493462688,0.0254186485436161,0.041454602110115,bullish,0.9331267493462688
2025-03-21 13:50:14,BA,Why Boeing Rallied Today,"Shares of aircraft manufacturer Boeing (NYSE: BA) were rallying on Friday, up 5.9% as of 1:45 p.m. ET.  It has been a tough stretch for Boeing over the past few years and even in its most recent fourth quarter.  On Friday, President Donald Trump announced Boeing as the winner of the $20 billion initial contract to engineer and manufacture the F-47, which will be the DOD's sixth-generation warfighter, following the F-35.",Yahoo,https://finnhub.io/api/news?id=eb67795ef920e9b44a34f357e55e3191719e1d688b236918f5f8031991f31dd4,0.1830028295516967,0.2171490788459777,0.034146249294281,0.7487046718597412,bullish,0.7487046718597412
2025-03-21 13:39:34,BA,PPA: Strong Demand Fuels Aerospace And Defense Stocks,"Invesco Aerospace & Defense ETF stands out as strong long-term investment with diversified holdings, sector resilience, and growth. Click to read why PPA is a Buy.",SeekingAlpha,https://finnhub.io/api/news?id=5a91767afc7af7577778584fede4386dc929938f51b0859319a2ed29ce1b43ee,0.7688056560010771,0.7766118194276805,0.0078061634266034,0.2155820171457159,bullish,0.7766118194276805
2025-03-21 13:27:22,BA,"Boeing (BA) Shares Skyrocket, What You Need To Know","Shares of aerospace and defense company Boeing (NYSE:BA) jumped 5.7% in the afternoon session after the company announced that it secured the contract to produce the next generation of fighter jets for the U.S. military, successfully outbidding competitor Lockheed Martin. The contract, known as Next Generation Air Dominance, or NGAD, is supposed to help build jets (F-47) that will accompany a future fleet of drone aircraft to protect the US against its adversaries. According to the press release",Yahoo,https://finnhub.io/api/news?id=f8d8bf3c7d061cf03862101813c94d4baa3a5c96da29d16058e21fa046b40ec5,0.0039428284932469,0.0422111213956024,0.0382682929023555,0.919520585702042,neutral,0.919520585702042
2025-03-21 13:07:46,BA,"FedEx orders Boeing 777 and ATR cargo aircraft, delays MD-11 retirements","FedEx has switched from downsizing to incrementally growing its air cargo fleet by ordering large 777 freighters and postponing plans to retire older MD-11 jets. The post FedEx orders Boeing 777 and ATR cargo aircraft, delays MD-11 retirements appeared first on FreightWaves.",Yahoo,https://finnhub.io/api/news?id=7bb2bd00299aa1c1d05fab552e8172eefd2ddddbadb1e8c232547782c3b790ed,-0.8079885992717077,0.021212123102988,0.8292007223746958,0.1495871545223162,bearish,0.8292007223746958
2025-03-21 13:01:00,BA,U.S. Air Force Selects Boeing for Next-Generation Air Dominance Fighter Platform,"The U.S. Air Force announced Boeing [NYSE: BA] has been awarded a contract to design, build and deliver its next-generation fighter aircraft.",Yahoo,https://finnhub.io/api/news?id=bcd18bda973b1982824a401af7697ff6386d0691f8cf2a868d617c031acb9d8d,0.4085379111716719,0.423498000730779,0.0149600895591071,0.5615419097101138,bullish,0.5615419097101138
2025-03-21 12:49:49,BA,Sector Update: Tech Stocks Lower Friday Afternoon,"Tech stocks fell Friday afternoon, with the Technology Select Sector SPDR Fund (XLK) and the SPDR S",Yahoo,https://finnhub.io/api/news?id=a7a7545da305439099e3b00582a11686eede4b7c4afd4b904c4a35ead525fcc8,-0.943817366940042,0.0178012496650405,0.9616186166050824,0.020580133729877,bearish,0.9616186166050824
2025-03-21 12:35:43,BA,Trump Just Picked Boeing Over Lockheed in $20B Jet Deal--and Wall Street Exploded,Boeing's surprise win in America's next-gen fighter jet race sends shockwaves through markets and the future of air combat.,Yahoo,https://finnhub.io/api/news?id=b1ed483ef3cc27bdbc89e5ee7310c4ff09c51a3c51a8bb0bd2f944957590b655,0.1240729323192009,0.1354104236333027,0.0113374913141017,0.8532520850525955,bullish,0.8532520850525955
2025-03-21 12:16:30,BA,"Boeing contract, Tesla meeting, Super Micro: Market Minute","Yahoo Finance anchor Josh Lipton examines the top stories on Wall Street as part of today's Market Minute, including US President Donald Trump awarding Boeing (BA) a US airforce fighter jet contract, Tesla (TSLA) CEO Elon Musk calling a surprise all-hands meeting, and JPMorgan upgrading Super Micro Computer (SMCI) to Neutral from Underweight. Stay up to date on the latest market action, minute-by-minute, with Yahoo Finance's Market Minute.",Yahoo,https://finnhub.io/api/news?id=983d18f0d872689885e62bf7610eb772ba69624ef48bccc33017c353c1b665c0,0.0231714101372019,0.0408709834580941,0.0176995733208922,0.9414294432210136,neutral,0.9414294432210136
2025-03-21 12:01:00,BA,Industrials Up as Boeing Rises on Fighter Jet Contract -- Industrials Roundup,Industrials Up as Boeing Rises on Fighter Jet Contract -- Industrials Roundup,MarketWatch,https://finnhub.io/api/news?id=1d2161cb394073bbc7a0b8eb863c5f9967694f01489109ec8a6fd33d9d393fad,0.8442333752863118,0.896346112259018,0.0521127369727061,0.0515411507682759,bullish,0.896346112259018
2025-03-21 11:15:01,BA,Trump awards Boeing a $20B contract to build Air Force fighter jet,"President Trump announced that Boeing (BA) will be building the US Air Force's new fighter jet, awarding the aircraft manufacturer a $20 billion military contract. Brad Smith reports more on this news on Yahoo Finance's Wealth. This all comes well after Elon Musk's Department of Government Efficiency (DOGE) has pressured the US Department of Defense to reduce its military spending budget by 8%. To watch more expert insights and analysis on the latest market action, check out more Wealth here.",Yahoo,https://finnhub.io/api/news?id=8291eda382b12e8d14bda286c43d593772a06500be2672c6ba370cff7289ef71,0.8626867305209348,0.8741122272546237,0.0114254967336888,0.1144622760116875,bullish,0.8741122272546237
2025-03-21 11:07:13,BA,Update: Boeing Reportedly Wins Multibillion Dollar Contract to Build US Air Force Fighter Jet,(Updates to include more details in the second paragraph onwards.) Boeing (BA) has won a multibil,Yahoo,https://finnhub.io/api/news?id=303110fb6784c5c8d6983e8d84f3c9845c5c045214774260057307d24eedfccc,0.9245405878940136,0.9445376255432124,0.0199970376491988,0.0354653368075886,bullish,0.9445376255432124
2025-03-21 11:01:37,BA,"Top Midday Stories: Boeing Wins Multibillion Dollar Contract to Build Fighter Jet; FedEx Shares Fall on Earnings Miss, Downbeat Guidance",All three major US stock indexes were down in midday trading as markets appear as though they will e,Yahoo,https://finnhub.io/api/news?id=f84721190bd706c44fac4d7aa058fe33aa98202e607162d828132a1b231d6230,-0.9534203065383252,0.0126532085148567,0.966073515053182,0.0212732764319612,bearish,0.966073515053182
2025-03-21 09:58:00,BA,Lockheed Stock Is Dropping. Boeing Pops on News of New Jet Fighter.,Lockheed Stock Is Dropping. Boeing Pops on News of New Jet Fighter.,MarketWatch,https://finnhub.io/api/news?id=ae1b96cdeef34461c87b52cffbdcd60b8c50d2bb0095b25e1bda4fc6543f7ef2,-0.9465914798530056,0.0103699108295983,0.956961390682604,0.0326686984877976,bearish,0.956961390682604
2025-03-21 09:53:34,BA,"Boeing Wins $20 Billion NGAD Fighter Jet Contract, Lockheed Martin Falls","Boeing wins the $20 billion NGAD contract, ensuring its fighter jet design and manufacturing capabilities remain intact. Click here to find out why BA is a Buy.",SeekingAlpha,https://finnhub.io/api/news?id=01e53fa28692662c9946d583742be135a3ceb0943ca6d8d8d603518c884865c7,0.8879807595611335,0.9124260510786396,0.0244452915175062,0.063128657403854,bullish,0.9124260510786396
2025-03-21 08:48:09,BA,Trump advances U.S. Air Force's next-generation fighter jet program,"U.S. President Donald Trump on Friday advanced the Air Force's plans for a next-generation fighter jet, awarding the contract to build the aircraft to Boeing Co.								Trump made the announcement on...",Finnhub,https://finnhub.io/api/news?id=0721cbde00fc96269e97bcec09a00538a0e517cd129350a3c878290ef1bdbaa1,0.6620332230898827,0.6724197481407518,0.010386525050869,0.3171937268083791,bullish,0.6724197481407518
2025-03-21 08:10:56,BA,Can non-EU companies be part of EU's big defence fund?,The European Commissionthis week proposed rules for a new 150 billion euro rearmament fund - part of a major drive to get theEuropean Union ready to defend itself by 2030 amid fears...,Finnhub,https://finnhub.io/api/news?id=b46b0613c704a3e5e777f2c2cf985b9259db936a149091b2abe9eed3d86f2d28,0.0433972008262026,0.057680230069218,0.0142830292430153,0.9280367406877664,neutral,0.9280367406877664
2025-03-21 08:05:46,BA,Wall St pares losses as Trump signals tariff flexibility,"* Indexes off: Dow 0.26%, S&P 500 0.37%, Nasdaq 0.12% * Nike dips on bleak revenue outlook * Nucor falls after projecting profit below...",Finnhub,https://finnhub.io/api/news?id=0c9bd0dad0846c86fe7f1d97ed5785d58443fae2ce8e6881ae52e798823ff888,-0.8941060743786846,0.0336231219293409,0.9277291963080256,0.0386476817626333,bearish,0.9277291963080256
2025-03-21 07:32:12,BA,Boeing Shares Rise After Winning $20 Billion Air Force Contract,"By Connor Hart Shares of Boeing climbed after the jet maker beat out rival Lockheed Martin to win a $20 billion Air Force contract to develop a new, sixth-generation fighter. Boeing's stock...",Finnhub,https://finnhub.io/api/news?id=5d9d0108962d8559df207ae5604e686f05fd9af011bdb48106a586063a03eb46,0.7242273397973972,0.8015330791016495,0.0773057393042522,0.1211611815940981,bullish,0.8015330791016495
2025-03-21 07:23:00,BA,Boeing edges Lockheed for fighter-jet contract — a $20 billion win amid its turnaround effort,Boeing edges Lockheed for fighter-jet contract — a $20 billion win amid its turnaround effort,MarketWatch,https://finnhub.io/api/news?id=7f0ab61a5e362ab4c87a8f9a0bc7130bb501755696940ca674b00c238469bea0,0.9063921107881404,0.9328599808601682,0.0264678700720279,0.0406721490678038,bullish,0.9328599808601682
2025-03-21 07:16:00,BA,Boeing Shares Rise After Winning $20B Air Force Contract,Boeing Shares Rise After Winning $20B Air Force Contract,MarketWatch,https://finnhub.io/api/news?id=cecb990223cf36553b72d13ea1bcc58d397cfe3f9b21fec80e49677960a318e1,0.7478245926292826,0.8208769727785974,0.0730523801493148,0.1060706470720877,bullish,0.8208769727785974
2025-03-21 06:17:41,BA,"Trump awards Boeing much-needed win with fighter jet contract, sources say","U.S. President DonaldTrump on Friday awarded Boeing the contract to build theU.S. Air Force's most sophisticated fighter jet, known as NextGeneration Air Dominance, two sources familiar with...",Finnhub,https://finnhub.io/api/news?id=76aa71ac4ca0aced0a24c14a6456f72e9e0f7b3f5054beda35d85e76cf45086d,0.9083912247179632,0.9348473092145816,0.0264560844966185,0.0386966062887997,bullish,0.9348473092145816
2025-03-21 05:38:00,BA,"Lockheed, Boeing Stock Rise. News About a New Jet Fighter Looms.","Lockheed, Boeing Stock Rise. News About a New Jet Fighter Looms.",MarketWatch,https://finnhub.io/api/news?id=ff7b510bf4f9a6037328858c14d5e01a49c114f90e43bc706816f729d7002788,-0.0536530911922454,0.1858222037553787,0.2394752949476242,0.5747025012969971,bearish,0.5747025012969971
2025-03-21 05:30:00,BA,"Korean Air to finalise Boeing plane order soon, highlighting US-S.Korea ties","Korean Air willsoon finalise a $32.7 billion deal for new Boeingaircraft and GE Aerospace engines, South Korea's industryministry said during a visit to the United States to strengthenbilateral...",Finnhub,https://finnhub.io/api/news?id=26b2dcfd6b6dee2f5a9670c1e43212913d59028aa1b8a25028cfcdc90e0710d2,0.7276178778867212,0.7432009251647034,0.0155830472779822,0.2412160275573144,bullish,0.7432009251647034
2025-03-21 05:00:32,BA,Trump Pits Lockheed Vs. Boeing For $20 Billion Fighter Contract,Trump Pits Lockheed Vs. Boeing For $20 Billion Fighter Contract,DowJones,https://finnhub.io/api/news?id=63ed80112769e98a035e3c9f38e76248f1179a4e354fbaa3a91f9c841f78ca23,0.1343409970627948,0.2081231968430399,0.0737821997802451,0.7180946033767149,bullish,0.7180946033767149
2025-03-21 02:10:00,BA,Lazard Enhanced Opportunities Portfolio Q4 2024 Commentary,"US equities finished the quarter higher, despite some volatility in December and a hawkish outlook from the US Fed. Click here to read the full commentary. ",SeekingAlpha,https://finnhub.io/api/news?id=a4d6da97a4eb17538c2e3caf7f708b64b87767b1b119d74729a6250407a30e33,0.1209247012600017,0.1297406130145039,0.0088159117545022,0.8614434752309937,bullish,0.8614434752309937
2025-03-20 10:01:00,BA,Boeing Sued for Wrongful Death by Family of Whistleblower,Boeing Sued for Wrongful Death by Family of Whistleblower,DowJones,https://finnhub.io/api/news?id=3b7e8d7be76675c806ea60de1290b5b93d355bab8d458532a19e11f5488bbd0c,-0.868666511707013,0.0306710478810987,0.8993375595881118,0.0699913925307894,bearish,0.8993375595881118
2025-03-20 07:00:00,BA,Lazard US Equity Concentrated Portfolio Q4 2024 Commentary,"In Q4 2024, the Lazard US Equity Concentrated Portfolio underperformed its benchmark. Click here to read the full commentary. ",SeekingAlpha,https://finnhub.io/api/news?id=afef634982b2ec2177a4ccfa64868ef0dccf12194460af17cb38e67e31bfc1bc,0.0135988778859418,0.0340487769467801,0.0204498990608383,0.9455013239923816,neutral,0.9455013239923816
2025-03-20 04:40:48,BA,My Dividend Stock Portfolio: New February Dividend Record - 100 Holdings With 11 Buys,"February investments fell below $1,000, mainly in BDCs like Owl Rock Capital and Ares Capital, boosting annual dividend income by $77.",SeekingAlpha,https://finnhub.io/api/news?id=468f86fd4b412eee1971a4620667bbda7347c15c7444f076c7a1ef8f0edb1137,0.1301585387142785,0.1462803255827882,0.0161217868685097,0.837597887548702,bullish,0.837597887548702
2025-03-19 20:30:54,BA,Inside Akasa Air's struggles with Boeing delivery delays and idle pilots,"Frustration is buildinginside India's newest airline, Akasa Air, with top executivesprivately criticising Boeing for delayed plane deliveriesand scrambling to assuage hundreds of anxious pilots who...",Finnhub,https://finnhub.io/api/news?id=aac9a27bf165dca351a95582b0ef0c04e18f449215292ef40bd8806e64c4905b,-0.929905138196004,0.017779150241038,0.947684288437042,0.0345365613219199,bearish,0.947684288437042
2025-03-19 17:57:22,BA,"Dow Jones Futures Rise: Look For This Signal After Powell Rally; Tesla, Boeing Jump","Dow Jones Futures Rise: Look For This Signal After Powell Rally; Tesla, Boeing Jump",DowJones,https://finnhub.io/api/news?id=502b35d3960d3165f1846faf4bd391081d1c9c004b219912d6301d85ae49fd3d,0.0467085583479924,0.0770001285299572,0.0302915701819648,0.8927083012880779,neutral,0.8927083012880779
2025-03-19 14:35:00,BA,"Market Update: Dow Jones, S&P 500 React To Fed Rate Decision","The Federal Reserve kept interest rates steady, but hinted at possible rate cuts later in the year.",SeekingAlpha,https://finnhub.io/api/news?id=9649f3aaa568d60645bb48e6ae9525636fec9ac679041cfe495f248d47a8970c,0.00040545316665,0.0524397072723355,0.0520342541056854,0.895526038621979,neutral,0.895526038621979
2025-03-19 12:17:00,BA,Wall Street Lunch: Powell Aims To Make Transitory Transitory Again,"The Fed chief echoes COVID-era prediction as FOMC holds rates. Dot plot shows higher inflation, lower growth forecasts. Stocks climb as yields retreat.",SeekingAlpha,https://finnhub.io/api/news?id=19bc4f86d63064d658212a98cff961c83e70eaf2611fc5b2e6dbd3654759edbf,0.219832841254626,0.2319634954117607,0.0121306541571346,0.7559058504311046,bullish,0.7559058504311046
2025-03-19 11:12:00,BA,Boeing Stock Soared. This Is Why.,Boeing Stock Soared. This Is Why.,MarketWatch,https://finnhub.io/api/news?id=dee93bf2f021b117746094df40687af9eef702f764e7c8df5858eb5fcde69f0c,0.1650577670747034,0.2033668445818245,0.0383090775071211,0.7583240779110544,bullish,0.7583240779110544
2025-03-19 11:00:34,BA,Wall Street rallies after Fed keeps rates unchanged,* Fed keeps rates unchanged as widely expected * Central bank to taper drawdown of its balance sheet * Powell signals tariff impact tough to...,Finnhub,https://finnhub.io/api/news?id=ffa26bddbd4a53718989ef6f3008b72bc8736957e99208499501c25943a15e7f,0.461179034078746,0.661030749647893,0.199851715569147,0.1391175347829599,bullish,0.661030749647893
2025-03-19 10:38:21,BA,NASA may require Boeing's Starliner to fly third uncrewed test,"Boeing'stroubled Starliner capsule that left two NASA astronauts on theInternational Space Station last year may need to fly a thirduncrewed test flight before it carries astronauts again,...",Finnhub,https://finnhub.io/api/news?id=f72fd78097564138efe28925bfb718ff2ccf11779e42b431321961466816eb7e,-0.1715469803645669,0.0274618990863984,0.1990088794509653,0.7735292214626361,bearish,0.7735292214626361
2025-03-19 10:00:00,BA,"Boeing, NVIDIA Corp. share gains lead Dow's 450-point rally","Boeing, NVIDIA Corp. share gains lead Dow's 450-point rally",MarketWatch,https://finnhub.io/api/news?id=4cefef8dc077d46f608ffc09738701323f57cc648f4d86614d1056857ca136ba,0.6788672814068535,0.7361196087567611,0.0572523273499075,0.2066280638933314,bullish,0.7361196087567611
2025-03-19 09:45:17,BA,The Boeing Company (BA) Bank of America Global Industrials Conference (Transcript),"The Boeing Company (NYSE:BA) Bank of America Global Industrials Conference March 19, 2025 5:05 AM ETCompany ParticipantsBrian West - Chief Financial...",SeekingAlpha,https://finnhub.io/api/news?id=fa556906bff38f6a363b633b718ea2624d6d7e2f47b37b8b72920e8053c8153a,0.0345505654576413,0.0634351616322952,0.0288845961746538,0.9076802421930508,neutral,0.9076802421930508
2025-03-19 08:59:00,BA,"Boeing, NVIDIA Corp. share gains contribute to Dow's 100-point climb","Boeing, NVIDIA Corp. share gains contribute to Dow's 100-point climb",MarketWatch,https://finnhub.io/api/news?id=b0d3e59936f61704c939df6406a329cc1c6f08b7eb7f7479806334dd82fc39eb,0.9157432598080748,0.9338745487585836,0.0181312889505086,0.0479941622909078,bullish,0.9338745487585836
2025-03-19 08:52:00,BA,Run to the hills! Iron Maiden’s famed tour plane cut up into collectible key chains.,Run to the hills! Iron Maiden’s famed tour plane cut up into collectible key chains.,MarketWatch,https://finnhub.io/api/news?id=e3a07d65f66b14242162f92335d93fb62e6bbffe7d3e731c6a0d8508f339f6f4,-0.1471538075859152,0.0423268866799051,0.1894806942658204,0.7681924190542745,bearish,0.7681924190542745
2025-03-19 07:58:00,BA,"Boeing, NVIDIA Corp. share gains lead Dow's 233-point climb","Boeing, NVIDIA Corp. share gains lead Dow's 233-point climb",MarketWatch,https://finnhub.io/api/news?id=6431d8d5a9af92379a51acb4e6dad06feb2793f53214fcc24d63a30e4a16997c,0.6318522725088777,0.691376813032219,0.0595245405233413,0.2490986464444396,bullish,0.691376813032219
2025-03-19 07:06:31,BA,ACV: Near-Term Risks Should Not Be Ignored,"ACV offers high current income and equity upside, outperforming traditional bonds in inflation-adjusted returns. Check out my recommendation for the fund.",SeekingAlpha,https://finnhub.io/api/news?id=a45b3eae16aa7bc6b72974684264daed00ef33bf77495f449ead696d5df1fee0,-0.0150576856505273,0.041537077020092,0.0565947626706194,0.9018681603092884,neutral,0.9018681603092884
2025-03-19 06:52:00,BA,"Dow's nearly 350-point rally highlighted by gains in Boeing, American Express shares","Dow's nearly 350-point rally highlighted by gains in Boeing, American Express shares",MarketWatch,https://finnhub.io/api/news?id=c64701f4a89c71955ea20ec709be539cdea0145c2f6d79228fbcec65040a3b17,0.8181898661632141,0.8564740100326386,0.0382841438694244,0.105241846097937,bullish,0.8564740100326386
2025-03-19 06:22:52,BA,"Boeing Stock Rockets, Suppliers Rally, On Deliveries Affirmation","Boeing Stock Rockets, Suppliers Rally, On Deliveries Affirmation",DowJones,https://finnhub.io/api/news?id=acce4c580bfa35536d05c6912432f21c27167176825d38b5ae3263cc75453dbb,0.4530146256987638,0.6834898794737422,0.2304752537749783,0.0860348667512794,bullish,0.6834898794737422
2025-03-19 06:06:07,BA,Boeing Shares Rise On Tariff Optimism,By Katherine Hamilton Boeing shares rose after the chief financial officer said he doesn't expect tariffs to have a material near-term impact on its supply chain and demand. The stock rose 6%...,Finnhub,https://finnhub.io/api/news?id=915ffe0128ff43176c81200abca870eed85bc154b1df3ac9359ef1a212c1e706,0.6346245807809786,0.7798415960383296,0.1452170152573509,0.0749413887043193,bullish,0.7798415960383296
2025-03-19 05:59:02,BA,"Boeing stock leads Dow, S&P 500 gainers after CFO comments","Boeing stock leads Dow, S&P 500 gainers after CFO comments",MarketWatch,https://finnhub.io/api/news?id=1f4733e46096451d72a4fb319043ae4e57569decbe36a2256c62d772ebad285a,0.0950472326562633,0.3748305626264047,0.2797833299701413,0.345386107403454,bullish,0.3748305626264047
2025-03-19 05:47:00,BA,"Boeing, American Express share gains contribute to Dow's 234-point climb","Boeing, American Express share gains contribute to Dow's 234-point climb",MarketWatch,https://finnhub.io/api/news?id=a8c6e277cb4cedfebfdad90efbc842968ef566e967f624de3701c56bb7133008,0.8678338919902758,0.9012003406703422,0.0333664486800663,0.0654332106495915,bullish,0.9012003406703422
2025-03-19 05:27:35,BA,Boeing CFO flags worries over tariffs impact on parts availability,"Boeing CFO Brian West saidon Wednesday the company is concerned about how President DonaldTrump's tariffs will affect the availability of parts from itssuppliers, although he said the U.S....",Finnhub,https://finnhub.io/api/news?id=1966fd19943b0cc4d5380a8e41cee815c2035456df544323876806b719b4a0f9,-0.946881273333396,0.013630325537846,0.960511598871242,0.025858075590912,bearish,0.960511598871242
2025-03-19 05:02:21,BA,Boeing CFO flags worries around tariff impact to parts availability,"Boeing CFO Brian West said on Wednesday the company is concerned about the impact of President Donald Trump's tariffs on the availability of parts from its suppliers. West, who was...",Finnhub,https://finnhub.io/api/news?id=44429af7305a7f49fef4a557f83f0c7a54df0e87a55dc2a41ed99c300ab0e750,-0.9429212763361396,0.0192699894445018,0.9621912657806414,0.0185387447748567,bearish,0.9621912657806414
2025-03-19 04:45:00,BA,"Boeing, Apple share gains lead Dow's 125-point jump","Boeing, Apple share gains lead Dow's 125-point jump",MarketWatch,https://finnhub.io/api/news?id=556121d837660ae16c05904c503b3326c396ca258b85d06827f7aaaae233c272,0.7903338322242398,0.8422619010366142,0.0519280688123744,0.1058100301510113,bullish,0.8422619010366142
2025-03-19 03:06:00,BA,BlackRock High Yield V.I. Fund Q4 2024 Commentary,"The fund posted a return of 0.28% (Class I shares) for Q4 2024. Its bank loan allocation contributed to performance, while the exposure to investment grade bonds detracted.",SeekingAlpha,https://finnhub.io/api/news?id=115d7c86f17646c239002e3c7c805538e51ad49fda17a943296a1b7eb57490f9,0.0176259904758216,0.0344408473680689,0.0168148568922472,0.9487442957396838,neutral,0.9487442957396838
2025-03-19 02:26:00,BA,"These Stocks Are Moving the Most Today: Nvidia, Tesla, Autodesk, General Mills, Signet, HealthEquity, and More","These Stocks Are Moving the Most Today: Nvidia, Tesla, Autodesk, General Mills, Signet, HealthEquity, and More",MarketWatch,https://finnhub.io/api/news?id=2a0985dadcf68508687f639d547c84ae4d29208bda6e7afefebcd028c017b92d,0.0947928453717386,0.1321155658006,0.0373227204288613,0.8305617137705386,bullish,0.8305617137705386
2025-03-19 02:25:00,BA,Tesla Stock Rising. ‘Material Catalysts’ Are a Good Reason to Buy.,Tesla Stock Rising. ‘Material Catalysts’ Are a Good Reason to Buy.,MarketWatch,https://finnhub.io/api/news?id=bd4fbef5815b22cf66fa1a1aeb2eafbdfd1653ee73c607d0ab16f2c8bc14afab,0.4652663821923225,0.4834789353738685,0.018212553181546,0.4983085114445854,bullish,0.4983085114445854
2025-03-19 02:00:00,BA,Rescue of stranded astronauts is a win for Musk. This fund offers a ride on the SpaceX roller coaster.,Rescue of stranded astronauts is a win for Musk. This fund offers a ride on the SpaceX roller coaster.,MarketWatch,https://finnhub.io/api/news?id=45f77eafbcab9966775b01f3f48f7d88b8ff33d73a4e600983c7f34ddbc5861d,0.2582375290036431,0.2676698242531174,0.0094322952494742,0.7228978804974083,bullish,0.7228978804974083
2025-03-18 22:42:04,BA,Japan Airlines to buy 17 more Boeing 737-8s,Japan Airlines said on Wednesday it plans to buy 17 more Boeing 737-8aircraft to refresh its fleet. The order adds to a 2023 announcement that the company wouldbuy 21 of the 737-8...,Finnhub,https://finnhub.io/api/news?id=d34ad58488ffde9b5e39bb1973ce3e36df855de5504e32e070dd3f3d82c6eaac,0.7336102345324577,0.7467543448006998,0.0131441102682421,0.2401015449310581,bullish,0.7467543448006998
2025-03-18 21:43:03,BA,"Japan Airlines to buy 17 Boeing 737-8 planes, 11 Airbus A321neo aircraft",Japan Airlines said onWednesday it plans to buy 17 additional Boeing 737-8 aircraftfor its fleet. The airline also said it plans to buy 11 Airbus A321neoaircraft to replace Boeing 767...,Finnhub,https://finnhub.io/api/news?id=70df85e0657d69adf7bb98c0e2fa447a37625710e44241c7144600b5217fbfbf,0.4218037923293991,0.4357670721849313,0.0139632798555322,0.5502696479595365,bullish,0.5502696479595365
2025-03-18 12:54:49,BA,United jet suffered navigation parts failure before jolts injured passengers,"Investigators foundthat two key navigation parts failed on a United Airlinesflight from Lagos to Washington on January 24, causingthe plane to lurch suddenly and injure several passengers. ...",Finnhub,https://finnhub.io/api/news?id=4b8e75c085a56eadd8ae72f635cdadbc5222df976445977f71ce0d8f01c4ff86,-0.9199766330420972,0.0232272334396839,0.943203866481781,0.033568900078535,bearish,0.943203866481781
2025-03-18 09:07:29,BA,United jet suffered navigation parts failure before injury incident,A United AirlinesBoeing 787 jetliner on a January 24 flight boundfor Washington from Lagos suffered a failure of two key partsfor navigation before a sudden unexpected aircraft movement ledto...,Finnhub,https://finnhub.io/api/news?id=38c8d3005fca119306475cdcd2235f36fa9af60f28e8b10233758059ceecfbbe,-0.909009231934066,0.0190595587978262,0.9280687907318924,0.0528716504702814,bearish,0.9280687907318924
2025-03-18 07:26:51,BA,Howmet favors long-term deals as parts demand grows after US factory fire,"Howmet Aerospace's CEO said on Tuesday the company is prioritizing long-term deals as it sees fresh demand from customers after a major fire at a Philadelphia-area parts factory hit supply, roiling...",Finnhub,https://finnhub.io/api/news?id=168ccfe3f4e79df5994fe9e6cbcfc440880c24b674f32ac0adc56f47c58953ea,0.8442382822249784,0.8556137849939274,0.0113755027689489,0.1330107122371237,bullish,0.8556137849939274
2025-03-18 06:38:57,BA,Howmet CEO In Process Of Providing Responses To Customers In Terms Of Quotation Requests After Sps Plant Fire,Howmet Aerospace Inc: * HOWMET CEO: IN PROCESS OF PROVIDING RESPONSES TO CUSTOMERSINTERMS OF QUOTATION REQUESTS AFTER SPS PLANT FIRE * HOWMET CEO: COMPANY HAS...,Finnhub,https://finnhub.io/api/news?id=69f0cd1f0fbb357d827e150fb9c019016e592a7c426869ec21a6317197c26261,0.0332856443070645,0.0483017210634183,0.0150160767563537,0.936682202180228,neutral,0.936682202180228
2025-03-18 06:21:00,BA,Boeing Left Two Astronauts in Space. They’re Coming Home Courtesy of SpaceX.,Boeing Left Two Astronauts in Space. They’re Coming Home Courtesy of SpaceX.,MarketWatch,https://finnhub.io/api/news?id=7883493a3b67e87bf2d02bd175d3ea35e4f0c106c2d5cb0a3d6332ccf0130a91,0.079720174057494,0.1008778423594142,0.0211576683019201,0.8779644893386656,bullish,0.8779644893386656
2025-03-18 04:45:00,BA,"NVIDIA Corp., Amazon.com Inc. share losses contribute to Dow's nearly 250-point fall","NVIDIA Corp., Amazon.com Inc. share losses contribute to Dow's nearly 250-point fall",MarketWatch,https://finnhub.io/api/news?id=0ce71e4c0523f4c33f1c6dce724729c65357598241aa1a6303e52bd944d31e22,-0.9495468029130544,0.01539294381583,0.9649397467288846,0.0196673094552852,bearish,0.9649397467288846
2025-03-18 01:57:00,BA,Buffett and Gold Win as S&P 500 Struggles in This Trump Market. Here’s Why and 5 Other Things to Know Today.,Buffett and Gold Win as S&P 500 Struggles in This Trump Market. Here’s Why and 5 Other Things to Know Today.,MarketWatch,https://finnhub.io/api/news?id=9677d06c0c5568582386d25a22e230877414b10dc31fd716ef3e8e4aff30ea70,-0.0493895929352224,0.045404143293171,0.0947937362283934,0.8598021204784354,neutral,0.8598021204784354
2025-03-18 01:00:00,BA,The long path home for NASA astronauts Butch Wilmore and Suni Williams,"NASA astronauts Butch Wilmore andSuni Williams are about to return to Earth from theInternational Space Station, where they have been living fornine months in a drawn-out mission fraught with...",Finnhub,https://finnhub.io/api/news?id=a2b85ccf38ebba4ebc22eaab27cf0047da650b5871656616fbc37e5d0385b79f,0.0708769360393856,0.0935452861051021,0.0226683500657165,0.8837863638291813,bullish,0.8837863638291813
2025-03-17 22:18:53,BA,Air India CEO warns aircraft shortage to last at least four years,"NEW DELHI, March 18 - Air India...",Finnhub,https://finnhub.io/api/news?id=c778d529440ffb4b735269418f262efce3c4a23f0bef44aa1cbb6b40b8fe2787,-0.9425756342929292,0.011665566843089,0.9542412011360184,0.0340932320208926,bearish,0.9542412011360184
2025-03-17 20:53:52,BA,NASA astronauts head home on SpaceX capsule after drawn-out space station stay,"NASA astronauts ButchWilmore and Suni Williams departed the International SpaceStation early on Tuesday morning in a SpaceX capsule for along-awaited trip back to Earth, nine months after their...",Finnhub,https://finnhub.io/api/news?id=48b0f49232ffb06de39f796d4c7c3bcef7b708ba6d5b10c9ac38eba9c3dadf99,-0.0419962788074376,0.0715357677236743,0.113532046531112,0.8149321857452136,neutral,0.8149321857452136
2025-03-17 13:37:00,BA,Trump nominates Republic Airways CEO to lead US FAA,President Donald Trumpis nominating Republic Airways CEO Bryan Bedford to head theFederal Aviation Administration in the face of growing scrutinyfollowing a series of crashes. ...,Finnhub,https://finnhub.io/api/news?id=60a9dc174f24b34929f1e307bcf1781b3a6a528d3c67ff348b0bc12c886138f3,0.0620576280453574,0.0747316957341456,0.0126740676887882,0.912594236577066,bullish,0.912594236577066
2025-03-17 11:34:00,BA,Canada Might Cancel Lockheed F-35 Order. Where It Might Get Jet Fighters.,Canada Might Cancel Lockheed F-35 Order. Where It Might Get Jet Fighters.,MarketWatch,https://finnhub.io/api/news?id=3b8a7ad1737fd3ac24c2656c6fd5990338156e053981c0d7ffa34bd82d283736,-0.3963683715735202,0.0345612440669953,0.4309296156405156,0.534509140292489,bearish,0.534509140292489
2025-03-17 11:16:00,BA,"Boeing Stock Dropped More Than 30% Last Year. It Can Tumble Another 30%, Wells Fargo Says.","Boeing Stock Dropped More Than 30% Last Year. It Can Tumble Another 30%, Wells Fargo Says.",MarketWatch,https://finnhub.io/api/news?id=fae607ba631d439576e119bda35d0dce87bc23b1f5ed28468c25a2b44bc41423,-0.964174156802518,0.0083504826926904,0.9725246394952084,0.0191248778121009,bearish,0.9725246394952084
2025-03-17 09:37:18,BA,'Butch and Suni' astronauts prepare for Tuesday homecoming after nine-month mission,"Butch Wilmore and SuniWilliams, two veteran NASA astronauts who have been stuck on theInternational Space Station for nine months, are scheduled tobegin their return to Earth early on Tuesday...",Finnhub,https://finnhub.io/api/news?id=a18673315b3af3077f3669c8c187b2cc6fdb9073b4f69a4a3370bc8a5bdbf3ed,-0.0060589759639058,0.0576413116210503,0.0637002875849561,0.8786584007939935,neutral,0.8786584007939935
2025-03-17 07:34:27,BA,Canada reviews US fighter jet deal but alternatives look costly,"Canada, locked in a tradewar with the United States, is reviewing a C$19-billion contract for 88 American-made F-35 fighter jets fromLockheed Martin but switching planes could be...",Finnhub,https://finnhub.io/api/news?id=cb6facc5c03d3b90ee864c756e3d7477a494da00d4298c95f98d7d369ca44db0,0.0415942758915676,0.0972335821849697,0.0556393062934021,0.8471271115216282,neutral,0.8471271115216282
2025-03-01 09:15:06,BA,FedEx plane makes emergency landing in Newark after bird strike,"A FedEx cargo plane made an emergency landing back to Newark Liberty International Airport in New Jersey on Saturday morning after a bird strike caused one of its engines to catch fire, according to...",Finnhub,https://finnhub.io/api/news?id=636a943e2e849dd9c69d1eac7fe840164aca43a737bd713632175c7f52621cc3,-0.449050055022168,0.0430870153129779,0.492137070335146,0.4647759143518761,bearish,0.492137070335146
2025-03-01 07:26:55,BA,FedEx cargo plane makes emergency landing in Newark after bird strike,"A FedEx cargo plane made an emergency landing back to Newark Liberty International Airport in New Jersey on Saturday morning after a bird strike caused one of its engines to catch fire, according to...",Finnhub,https://finnhub.io/api/news?id=14f94b7f5d0360f6eb429f29748f4c1c979ea8dbf9c2c30dae3c2f90b8b54ba7,-0.5898173745653545,0.0390201747052436,0.6288375492705982,0.3321422760241581,bearish,0.6288375492705982
2025-03-01 06:16:49,BA,Boeing's Valuation Can't Be Justified,Boeing faces financial hurdles despite a $25B capital raise.,SeekingAlpha,https://finnhub.io/api/news?id=ce98353ff7efc962412ec00978829c146b11c59af965907f3096085655a8d34f,-0.0915039703371816,0.0273152539515267,0.1188192242887084,0.8538655217597647,bearish,0.8538655217597647
2025-03-01 05:28:05,BA,FddEx cargo plane makes emergency landing in Newark after bird strike,"A FedEx cargo plane made an emergency landing back to Newark Liberty International Airport in New Jersey on Saturday morning after a bird strike caused one of its engines to catch fire, according to...",Finnhub,https://finnhub.io/api/news?id=69547b95c43bb2c842276a2a05f265cf4d450106fe7f6f752d48a8ed39257c1d,-0.6867015313337632,0.0357648375016727,0.722466368835436,0.2417687936628911,bearish,0.722466368835436
2025-03-01 00:44:34,BA,Spirit AeroSystems Heavily Leans On Boeing And Airbus Support,Spirit AeroSystems shows positive cash flow but relies on customer credits. Read why SPR stock is a sell despite strong Q4 performance and Boeing acquisition.,SeekingAlpha,https://finnhub.io/api/news?id=28012906a6487901a3d7dd3418301140d694807797bb27dbf03fa78559c41942,-0.0351539613621696,0.0511832516199629,0.0863372129821325,0.8624795353979046,neutral,0.8624795353979046
2025-02-28 19:35:33,BA,"Vietnam PM pledges quick licensing for Musk's Starlink, more imports",Vietnam's Prime Minister PhamMinh Chinh said on Saturday the government wanted to rapidlyissue a licence for Elon Musk's Starlink to provide satelliteinternet in the country under a pilot scheme. ...,Finnhub,https://finnhub.io/api/news?id=bc8810fc590376d6df7feb4c14ea1d8b442813be8b42eca8a052e8e9993df2a1,0.5168329761206797,0.527445435032765,0.0106124589120853,0.4619421060551497,bullish,0.527445435032765
2025-02-28 18:19:25,BA,Ducommun: Extreme Undervaluation Offers Strong Buy Opportunity,"Ducommun's Q4 miss impacts stock, but aerospace and defense strength signal future growth. With a $91.05 target, explore 60% upside potential. See more here.",SeekingAlpha,https://finnhub.io/api/news?id=9fcc4d5ee1fe3ca2cc6125a9a12a54203bc51b6061409bdddc56efd2c4f1790e,0.932279320849948,0.9497168193355008,0.0174374984855529,0.0328456821789461,bullish,0.9497168193355008
2025-02-28 11:16:00,BA,Spirit AeroSystems Develops Liquidity Plan to Stay Afloat Ahead of Boeing Deal,Spirit AeroSystems Develops Liquidity Plan to Stay Afloat Ahead of Boeing Deal,MarketWatch,https://finnhub.io/api/news?id=81c3df9a1c2961945a3203867ffe944d151b05ade331a0eaa23f6be7c42bad03,0.7946285596956105,0.8068998050199919,0.0122712453243813,0.1808289496556266,bullish,0.8068998050199919
2025-02-26 12:51:09,BA,AerCap: A Solid Growth Opportunity With Growing Dividends,"Despite delivery delays from Boeing and Airbus, AerCap continues to see revenue growth. Read how higher aircraft trading activity and attractive margins are benefitting the company.",SeekingAlpha,https://finnhub.io/api/news?id=0bea86d43991aa5f4167e50aa127873f3c974172bd070b7d010843054dde0d80,0.9154516166814812,0.924138895229462,0.0086872785479808,0.0671738262225573,bullish,0.924138895229462
2025-02-26 10:19:00,BA,Boeing Makes a Management Change. It Could Be Key to Profitability.,Boeing Makes a Management Change. It Could Be Key to Profitability.,MarketWatch,https://finnhub.io/api/news?id=86a59930e231ed3b6624c89c5a769520c70486dc64c4b71b1971e35532ed830a,0.4892570133852102,0.5081340689515101,0.0188770555662999,0.4729888754821899,bullish,0.5081340689515101
2025-02-26 09:20:00,BA,American Airlines Stock Snags an Upgrade. Why It Should Keep Flying.,American Airlines Stock Snags an Upgrade. Why It Should Keep Flying.,MarketWatch,https://finnhub.io/api/news?id=6efc517cb1f9d3f7fcf3588882842d4b2d835c2f5b7016dc83a8787f01564c81,0.1811628505669904,0.1969896781012103,0.0158268275342199,0.7871834943645697,bullish,0.7871834943645697
2025-02-26 09:13:00,BA,"Apple, Amgen share losses lead Dow's 175-point drop","Apple, Amgen share losses lead Dow's 175-point drop",MarketWatch,https://finnhub.io/api/news?id=7e25b1270deb7026de6b6b34b197b6c67acfb06bf1c29aaf9f0189d9baa3ae69,-0.9211236106675508,0.0231068355984363,0.944230446265987,0.0326627181355767,bearish,0.944230446265987
2025-02-26 07:57:00,BA,"Boeing, Apple share losses lead Dow's 289-point drop","Boeing, Apple share losses lead Dow's 289-point drop",MarketWatch,https://finnhub.io/api/news?id=8d5e76ddd9b6246d79b92079eb11f2b417b104f10a3350efd56591f7449c19b4,-0.9373625996430472,0.0213315650223499,0.9586941646653973,0.0199742703122528,bearish,0.9586941646653973
2025-02-26 06:56:00,BA,"Dow falls 110 points on losses for Boeing, Amgen shares","Dow falls 110 points on losses for Boeing, Amgen shares",MarketWatch,https://finnhub.io/api/news?id=0c818dab1edd19660f0d68c466c099a114115cbcf0d50af0a1123c1a58cc8252,-0.9280292475525378,0.0233608524566999,0.9513901000092376,0.0252490475340622,bearish,0.9513901000092376
2025-02-26 05:26:00,BA,Is The Boeing Company (BA) the Best Transportation Stock to Buy According to Hedge Funds?,"We recently compiled a list of the 10 Best Transportation Stocks to Buy According to Hedge Funds. In this article, we are going to take a look at where The Boeing Company (NYSE:BA) stands against the other transportation stocks. Transportation stocks are those of companies classified as industrial businesses, which range from heavy equipment manufacturers to […]",Yahoo,https://finnhub.io/api/news?id=79b7df91268b6ac1a48572734e49c948dddf8c9278f9e931b0b19f57fd325b55,0.0891921357930878,0.1005795881065787,0.0113874523134909,0.8880329595799303,bullish,0.8880329595799303
2025-02-25 16:49:45,BA,Boeing No. 2 executive's role narrowed to focus on fixing commercial plane unit,"Boeing commercial airplanes head Stephanie Pope will focus on the recovery of the company's crucial and challenged plane-making unit under a reorganization that ends her role as the company's chief operating officer but leaves her as the No. 2 executive.  Boeing does not plan to fill the chief operating officer position, according to a person familiar with the matter who was not authorized to comment publicly.  Boeing shares were barely changed in after-hours trade.",Yahoo,https://finnhub.io/api/news?id=18c6fea9c0ccdc0d1fb173a2a24b56a122e84fc1a6eb7ffc954055ef127dbdfb,0.0827593828069979,0.1771974169372742,0.0944380341302762,0.7283645489324495,bullish,0.7283645489324495
2025-02-25 14:28:00,BA,"Boeing’s Stephanie Pope, once on CEO shortlist, is out as COO","Boeing’s Stephanie Pope, once on CEO shortlist, is out as COO",MarketWatch,https://finnhub.io/api/news?id=e79f1665ba16b453e643670764f6db5f6d687790a509fea5fe9bf0d14c096409,-0.0686076016101659,0.0340335905864949,0.1026411921966608,0.8633252172168442,bearish,0.8633252172168442
2025-02-25 13:28:00,BA,Live Q&A: Safety in the Skies—Our Reporters Answered Your Questions,"WSJ subscribers asked our reporters questions about airline safety, the impact of federal layoffs, Boeing, best practices when flying and more.",Yahoo,https://finnhub.io/api/news?id=fbaaa4ad3bed9adb974226be0232145245e5571ab1007353bba1d4ae58ba0988,0.3743074510725076,0.3922319702948779,0.0179245192223703,0.5898435104827517,bullish,0.5898435104827517
2025-02-25 11:49:45,BA,Boeing says Stephanie Pope is no longer its chief operating officer,Boeing said on Tuesday Stephanie Pope is no longer the chief operating officer at the planemaker. ...,Finnhub,https://finnhub.io/api/news?id=25b41dcb395f6552afd62fada2e74c685198ff10338126ecdeb7ecb03ea48a5b,-0.2012686199565624,0.0184561541622919,0.2197247741188544,0.7618190717188537,bearish,0.7618190717188537
2025-02-25 11:47:07,BA,Boeing's Stephanie Pope Loses Operating Chief Title,"By Connor Hart Stephanie Pope is no longer serving as Boeing's chief operating officer. She will continue to serve as president and chief executive of Boeing Commercial Airplanes, the jet...",Finnhub,https://finnhub.io/api/news?id=90b881f561ff8cf25ad99a022a66bbbd6d222a18b1814d9731949a373452efa0,-0.8670654400982579,0.0143165041011839,0.8813819441994419,0.104301551699374,bearish,0.8813819441994419
2025-02-25 07:55:59,BA,Rolls-Royce: Best Aerospace Buy On Huge Growth Opportunities,"Rolls-Royce's business is driven by civil aerospace. Read how other units, such as defense, fit into the company's structure. Click here to read why RYCEF is a Buy.",SeekingAlpha,https://finnhub.io/api/news?id=52c2bf854a5363cb6c548b31d8330861ca95e0efb2bf79c25ee762ee6603920e,0.8800717858627721,0.8900225535510247,0.0099507676882525,0.1000266787607227,bullish,0.8900225535510247
2025-02-25 05:36:00,BA,"ANA to Order $14 Billion of Jets From Boeing, Airbus, Embraer","The Japanese airline has decided to order up to 77 aircraft, partly to meet rising travel demand to Japan.",Yahoo,https://finnhub.io/api/news?id=9d0aa2821388fc0d335eb441a2e108d194ee16d7a03fb11c89de83a006f1e4fb,0.7435755052437284,0.7528964246022681,0.0093209193585397,0.237782656039192,bullish,0.7528964246022681
2025-02-25 05:10:00,BA,Columbia Select Large Cap Value Fund Q4 2024 Commentary,"Institutional Class shares of Columbia Select Large Cap Value Fund returned -2.51%
for the quarter ending 12/31/2024. Click here to read the full commentary. ",SeekingAlpha,https://finnhub.io/api/news?id=99092422c65d7b719108ed29aa1800a4418dd256416f900b3e2ba4ff5b6ba74f,0.0775481501100308,0.0874418383819421,0.0098936882719112,0.9026644733461464,bullish,0.9026644733461464
2025-02-25 03:01:53,BA,"Japan's ANA taps Boeing, Airbus, Embraer in 77-jet order","TOKYO (Reuters) -Japan's ANA Holdings said on Tuesday it planned to place a company-record order for up to 77 aircraft to replenish its fleet and take advantage of growing demand for travel.  The order was its largest ever in terms of aircraft numbers and was worth more than 2.1 trillion yen ($14 billion) at catalogue prices before any discounts, ANA said.  The deal includes 68 firm orders and nine options, potentially bringing the overall purchase to 30 aircraft from Boeing, 27 from Airbus, and 20 from Embraer.",Yahoo,https://finnhub.io/api/news?id=60aa5dbc08f0a3ff597f77cb16b33b2890e201a2fa77430ce8a9372ec24e1ab7,0.7045439656358059,0.7148448898115137,0.0103009241757077,0.2748541860127785,bullish,0.7148448898115137
2025-02-25 00:49:12,BA,"ANA to Order $14 Billion of Jets From Boeing, Airbus, Embraer -- Update","By Kosaku Narioka ANA Holdings plans to buy more than $14 billion of jets from Boeing, Airbus and Embraer, partly to meet rising travel demand to Japan. The Japanese airline on Tuesday said...",Finnhub,https://finnhub.io/api/news?id=26f1186ddd2ba9063bb589995cff502d71ada95310abb5c8c21ffde2daca91fd,0.65431577178836,0.6636192328901387,0.0093034611017787,0.3270773060080826,bullish,0.6636192328901387
2025-02-24 11:09:58,BA,Boeing Looks to Offload Insitu Drone Unit in Strategic Business Overhaul,"Boeing seeks to divest Insitu, shifting focus to core operations, with private equity and corporate buyers showing interest",Yahoo,https://finnhub.io/api/news?id=bc4cdce3d955554021657f149d680d7e3dc03da6955791755a0db9b307c077a2,0.0902995267653122,0.1011318965298468,0.0108323697645346,0.8880357337056185,bullish,0.8880357337056185
2025-02-24 09:28:00,BA,"Nike, Travelers share gains contribute to Dow's 131-point climb","Nike, Travelers share gains contribute to Dow's 131-point climb",MarketWatch,https://finnhub.io/api/news?id=41b3d6a47aa84c030e1b15b25b408370b1304abdad9250a27c6d06e7428d00b4,0.849295971532106,0.8812795412731103,0.0319835697410042,0.0867368889858855,bullish,0.8812795412731103
2025-02-24 07:39:34,BA,Howmet Aerospace: Here Is One Expensive Stock To Buy,Howmet Aerospace reports strong Q4 growth with sales up 9% and EBITDA up 27%.,SeekingAlpha,https://finnhub.io/api/news?id=408ba45a84e498c98a40c4a4d86600ba301e9d8592f96d4bc73fe7746e28dbea,-0.0367256243012659,0.038563272697828,0.0752888969990939,0.886147830303078,neutral,0.886147830303078
2025-02-24 07:26:00,BA,Lockheed Martin Clinches a $233M Deal to Support CH-53K Helicopter,LMT secures a deal to provide additional long-lead-time materials to aid full-rate production of Lot 10 of the CH-53K helicopter.,Yahoo,https://finnhub.io/api/news?id=10115d51cfd8bc841775091c01daf8ac9baafee7556acc1cf6450a1412f2c3c6,0.9194664233957744,0.934620851145735,0.0151544277499606,0.0502247211043042,bullish,0.934620851145735
2025-02-24 07:08:10,BA,Allegiant Travel Company: Sunseeker Sale Could Be A Catalyst,"Allegiant faced challenges with the Sunseeker Resort, leading to a potential sale to refocus on its core airline operations. Read what this move could do for Allegiant's overall business.",SeekingAlpha,https://finnhub.io/api/news?id=4afdb02923628b9aa39768af5bc7110eb957c495613e9ea45d69935b5755c1cb,0.0537773593854721,0.0736047003446346,0.0198273409591624,0.9065679586962028,bullish,0.9065679586962028
2025-02-24 06:45:00,BA,"Dow's nearly 250-point rally highlighted by gains in shares of Nike, Travelers","Dow's nearly 250-point rally highlighted by gains in shares of Nike, Travelers",MarketWatch,https://finnhub.io/api/news?id=643b1b6d862bc3c25da0a4bdeee480f03468550f94d7c435a8b445b55d04ec75,0.8782600922428175,0.9119902676333042,0.0337301753904866,0.0542795569762092,bullish,0.9119902676333042
2025-02-24 05:18:08,BA,"Boeing adds more layoffs in Alabama, South Carolina","The cuts add to nearly 5,100 layoffs across 11 states announced by the aircraft maker in recent months.",Yahoo,https://finnhub.io/api/news?id=7b2836d7984edc3152d3beda1f136dcbfeb55387e6b63a5e52b656dca5c93c1e,-0.9450961474913998,0.013116088414872,0.9582122359062718,0.0286716756788561,bearish,0.9582122359062718
2025-02-23 16:20:00,BA,Columbia Convertible Securities Fund Q4 2024 Commentary,Columbia Convertible Securities Fund Institutional Class shares returned 2.38% for Q4 2024. Click here to read the full commentary. ,SeekingAlpha,https://finnhub.io/api/news?id=17ead8b579ea7c631566e0540eee95961a35ad756a9cbd7427c88be5095c8a73,0.013139655348559,0.0308576345699,0.017717979221341,0.951424386208759,neutral,0.951424386208759
2025-02-23 14:00:37,BA,The Boeing Company (BA): Among the Best Performing Dow Stocks So Far in 2025,"We recently published a list of 11 Best Performing Dow Stocks So Far in 2025. In this article, we are going to take a look at where The Boeing Company (NYSE:BA) stands against other best performing Dow stocks so far in 2025. The Dow is a renowned and significant stock market index that measures the […]",Yahoo,https://finnhub.io/api/news?id=ae09419e6aec8238ce13ac160bbeceaf15b0023f3e1f631c506e7e8a96631604,0.9067456406090372,0.9357800888017176,0.0290344481926803,0.0351854630056021,bullish,0.9357800888017176
2025-02-23 06:07:00,BA,NASA May Cancel Boeing's Big $82 Billion Space Opportunity,"The aerospace giant's loss may be other companies' gain, with SpaceX and Blue Origin among the prime potential beneficiaries.",Yahoo,https://finnhub.io/api/news?id=0e23b87ef8c96d74eb9d3fb22462cdaacbb0b0cf2067228e9782051c4325f449,-0.8556055500301633,0.0141975663556379,0.8698031163858012,0.1159993172585608,bearish,0.8698031163858012
2025-02-23 05:16:14,BA,Boeing Surprise: More Airplane Deliveries Compared To Airbus,Boeing & Airbus report rising orders & deliveries in Jan.,SeekingAlpha,https://finnhub.io/api/news?id=0522d567c6cb8095f423d6600c6cf81f602f9107ae45bfffa87b83f226317c96,0.760184006082594,0.8448185950266767,0.0846345889440827,0.0705468160292406,bullish,0.8448185950266767
2025-02-22 10:21:00,BA,Here's What Boeing's Big News Means for Investors,"There has been some interesting and mixed news flow around  Boeing (NYSE: BA) recently.  A Reuters article cited a White House official who stated that deliveries of the two Boeing VC-25B planes that will serve as the next ""Air Force One"" could be delayed until 2029, after Boeing's previous delays pushed the delivery dates into 2027 or 2028.  A Bloomberg article claimed that key airline customer Emirates now expects that deliveries of the 205 Boeing 777X widebody jets it ordered won't begin to take place any sooner than the second quarter of 2027, and possibly won't start until 2028.",Yahoo,https://finnhub.io/api/news?id=666cd0f62ba0b17056d6397eb7c93a4fa3d3a6c6842b736bad2980cf1e4eb028,0.0340939561032608,0.0505330384798298,0.016439082376569,0.9330278791436012,neutral,0.9330278791436012
2025-02-22 08:15:38,BA,"Atlas Air, DHL terminate Polar Air Cargo joint venture","Polar Air Cargo has ceased operating after Atlas Air and DHL Express determined the joint venture was no longer useful. The post Atlas Air, DHL terminate Polar Air Cargo joint venture appeared first on FreightWaves.",Yahoo,https://finnhub.io/api/news?id=d92b4e1c2074b769492fd99cea3db1d7cfeb7a198499a1deb5257ecf7562e839,0.0545755929237635,0.0654833633731904,0.0109077704494268,0.9236088661773828,bullish,0.9236088661773828
2025-02-22 08:00:00,BA,"Elon Musk's DOGE overdrive, Trump bashes Boeing, and supersonic planes: Business news roundup","The Trump administration is planning to lay off at least 40% of the Federal Housing Administration’s (FHA) workers, according to a Bloomberg report.",Yahoo,https://finnhub.io/api/news?id=28542c0905723e3d969fcf2a39b21ceffb44683a70af8ddd3e572f46eb3656cf,-0.0175122800373064,0.0336853592254314,0.0511976392627378,0.9151170015118308,neutral,0.9151170015118308
2025-02-22 06:07:00,BA,Blue Origin Prepares for Layoffs. Here's What Space Stock Investors Need to Know,"When it comes to space companies, layoffs aren't always bad news.",Yahoo,https://finnhub.io/api/news?id=c24f13c0911e857d7f7e0b0b29775bd487754211df2c2d6e718a2078e6a95518,-0.1184996408168213,0.025300439541416,0.1438000803582373,0.8308994801003466,bearish,0.8308994801003466
2025-02-21 20:06:49,BA,"Boeing's chief aerospace safety officer set to retire, memo shows","The aerospace company in the next few weeks will appoint a successor to Delaney who has been working with Boeing for nearly four decades, company chief Kelly Ortberg told employees in an internal message.  Delaney, appointed in 2021, bolstered Boeing's safety practices, the message said.",Yahoo,https://finnhub.io/api/news?id=4fc18d75cf2839f8f28bdbb7ad11c78e8dc6bc36a90b12a25ec47eee2977f788,-0.1516659474310641,0.021943312547045,0.1736092599781092,0.8044474274748458,bearish,0.8044474274748458
2025-02-21 15:06:49,BA,"Boeing's chief aerospace safety officer to retire, the Air Current editor says","Boeing's chief aerospace safety officer, Mike Delaney, will retire later this year, Air Current Editor Jon Ostrower said in a post on X on Friday, citing an internal message by Boeing Chief Executive...",Finnhub,https://finnhub.io/api/news?id=ed37c7d6b6598c20456aa0e110e6347cf5307f81883f0b9131ae5f5b77f8d5e8,-0.3229673352342323,0.0194780199799767,0.3424453552142091,0.6380766248058141,bearish,0.6380766248058141
2025-02-21 11:56:29,BA,"CHY: Well-Positioned, But Extremely Expensive",Calamos Convertible & High Income Fund delivers a 10.69% yield with equity exposure and inflation protection. Click here to find out why CHY CEF is a Hold.,SeekingAlpha,https://finnhub.io/api/news?id=1f8873560b8e42afcf386f7d54979d20ace7689dc772791e08404a15c539e709,0.240802957087645,0.2832645966386573,0.0424616395510122,0.6742737638103304,bullish,0.6742737638103304
2025-02-21 09:10:00,BA,Lockheed Martin Clinches Contract to Aid Missile Systems,"LMT secures a contract to aid Hellfire, Long Range Anti-Ship Missile, Joint Air to Ground Missile and Joint Air to Surface Standoff Missile systems.",Yahoo,https://finnhub.io/api/news?id=a70fabd7889bdf826f84298fb9c231f7c1a4d2469dd81f81fdf6bbfe0c37408b,0.8954293261117042,0.9154469813424668,0.0200176552307626,0.0645353634267705,bullish,0.9154469813424668
2025-02-21 06:00:00,BA,"In the Trump Era, Flying Green Doesn’t Matter Anymore","The president’s endorsement has pushed up air-taxi stocks, but development of all types of zero-emission aircraft is falling by the wayside.",Yahoo,https://finnhub.io/api/news?id=19a4d387dc37506e5bd01812d2f61586b9071fe9ae616d485fc9b22418bd4b03,-0.0059534179246029,0.0308157997909244,0.0367692177155273,0.9324149824935484,neutral,0.9324149824935484
2025-02-21 05:04:08,BA,Astronics: Why I Remain Extremely Bullish,Astronics stock surges with strong Q4 revenues and Boeing production growth. Check out why I'm marking ATRO stock a buy with a $28 price target.,SeekingAlpha,https://finnhub.io/api/news?id=a13913162b1962ae0bdd78fd53e6529557f9564414554fc68babe5398eb9c974,-0.0614679176052784,0.0750417433691544,0.1365096609744328,0.7884485956564127,bearish,0.7884485956564127
2025-02-21 04:30:47,BA,President Trump is angry over delays to Air Force One. It could spell even more trouble for Boeing,"Boeing has had six years of production problems, safety issues, delivery delays and unhappy buyers of its aircraft. But President Donald Trump’s anger at the delays for the next generation of Air Force One jets could result in a huge blow to what remains of the company’s prestige and finances going forward.",Yahoo,https://finnhub.io/api/news?id=b9320c29295c87ee9ca2858ac2c3cf082ce5d6a72f5476c63013c52f79b03f14,-0.9553627062621258,0.0101426391093363,0.9655053453714622,0.0243520155192014,bearish,0.9655053453714622
2025-02-20 17:14:54,BA,Riyadh Air CEO says airline supply chain issues starting to improve,"MIAMI (Reuters) -Supply chains for major planemakers Boeing and Airbus are showing signs of moderate improvement, the chief executive of Saudi start-up Riyadh Air said on Thursday.  The causes ranged from general disruption emanating from the COVID-19 pandemic to industrial action at Boeing which caused a seven-week halt to most jet production last fall.  ""But am I seeing signs of moderate improvement - I honestly have to say, yes I do.""",Yahoo,https://finnhub.io/api/news?id=e239d12e429216d6be4b0ba3ae371e36ae74a49ae2632cbce219499e30ec2d52,-0.8681394689937265,0.0442616825159465,0.912401151509673,0.0433371659743803,bearish,0.912401151509673
2025-02-20 08:11:00,BA,"Walmart, Goldman Sachs share losses lead Dow's nearly 550-point drop","Walmart, Goldman Sachs share losses lead Dow's nearly 550-point drop",MarketWatch,https://finnhub.io/api/news?id=bdaf93084dcd7b08e8affed0db2c80b9561332aab3deb71f3a05a5ab413de971,-0.9104012507795822,0.0239987364411824,0.9343999872207648,0.0416012763380528,bearish,0.9343999872207648
2025-02-20 07:54:15,BA,Boeing appoints Jeff Shockey as executive vice president of government operations,"Boeing said on Thursday it has appointed Jeff Shockey as executive vice president of government operations, global public policy and corporate strategy, effective February 24. ...",Finnhub,https://finnhub.io/api/news?id=38acd86abb659c8ec7dfb90b3de4744b2e4d1c2106bbb299dd3ba90c8aaf61ac,0.010242718936134,0.0479280861634887,0.0376853672273547,0.9143865466091564,neutral,0.9143865466091564
2025-02-20 07:36:05,BA,"Boeing Appoints Jeff Shockey to lead Government Operations, Global Public Policy & Corporate Strategy","ARLINGTON, Va., Feb. 20, 2025 /PRNewswire/ -- Boeing [NYSE: BA] today announced Jeff Shockey as the company's new executive vice president of Government Operations, Global Public Policy & Corporate...",Finnhub,https://finnhub.io/api/news?id=a95156c9a6fae5aa311008a7d82aba318ca6a7c1f247df597d2e6ef6bf11f3fb,0.0534384909819825,0.0700303126513736,0.0165918216693911,0.9133778656792352,bullish,0.9133778656792352
2025-02-20 07:02:03,BA,The Boeing Company Q4 2024,The following slide deck was published by The Boeing Company in conjunction with this event.,SeekingAlpha,https://finnhub.io/api/news?id=476fa2aa42a52dee7c38685ae093562c13a5d723053428dbd5a0ea8c95281638,-0.0040636525936923,0.0282426814073266,0.0323063340010189,0.9394509845916544,neutral,0.9394509845916544
2025-02-20 07:02:00,BA,10 stocks of defense contractors that might withstand Trump and Hegseth’s cuts,10 stocks of defense contractors that might withstand Trump and Hegseth’s cuts,MarketWatch,https://finnhub.io/api/news?id=e4de18883538329c8089a79e40f95d5695c5a31b3eba15ef12a0c2e3617fe0af,0.1918919758518789,0.2040639630693204,0.0121719872174414,0.7837640497132381,bullish,0.7837640497132381
2025-02-20 06:02:00,BA,"Dow down 663 points on losses in Walmart, Goldman Sachs shares","Dow down 663 points on losses in Walmart, Goldman Sachs shares",MarketWatch,https://finnhub.io/api/news?id=dd87a30445983847dae0672aab135bd95f061438da70f0fa2dc74d9306f73f6e,-0.9517265055391008,0.0101012346908427,0.9618277402299432,0.0280710250792139,bearish,0.9618277402299432
2025-02-20 04:52:39,BA,Trump 'not happy with Boeing' over Air Force One delays,"STORY: :: Trump says he's not happy with Boeing's Air Force One delays :: February 19, 2025 No, I'm not happy with Boeing. It takes them a long time to do,...",Finnhub,https://finnhub.io/api/news?id=6dba7fc5c18b48a936b8c7755409b0386d94d42522f5d1204eb86a748f0ac8e1,-0.8370834743565351,0.0185902521957807,0.8556737265523159,0.1257360212519033,bearish,0.8556737265523159
2025-02-20 04:35:26,BA,The Boeing Company (BA) Barclays Industrial Select Conference Transcript,"The Boeing Company (NYSE:BA) Barclays Industrial Select Conference February 20, 2025 8:40 AM ETCompany ParticipantsKelly Ortberg â President and Chief...",SeekingAlpha,https://finnhub.io/api/news?id=ce78005827f9ecb18ec4a131f015078860c915afed853ea4e2fda4072877c471,0.0552340233536784,0.0708796492102565,0.0156456258565781,0.9134747249331652,bullish,0.9134747249331652
2025-02-20 04:21:00,BA,Leonardo Delivers Double-Digit Growth on Strong Defense Orders,Leonardo Delivers Double-Digit Growth on Strong Defense Orders,DowJones,https://finnhub.io/api/news?id=68b8086fb16fe48620a4570f6601aa27fb2db2b8c16e5ab23604fa999338116d,0.9415034150917736,0.954625751566348,0.0131223364745743,0.0322519119590775,bullish,0.954625751566348
2025-02-20 04:20:27,BA,Pegasus Airlines Places Historic Aircraft Order,Pegasus Airlines has signed a new order agreement with Boeing for 200 aircraft to further strengthen its fleet in line with its growth targets. The aircraft deliveries from the new order are scheduled...,Finnhub,https://finnhub.io/api/news?id=4d3eff779eca2f272d779502dbb7981f0b9710d63bdc1de3de9b97b912ff231a,0.0474670587897322,0.0709362630039617,0.0234692042142294,0.9055945327818088,neutral,0.9055945327818088
2025-02-20 04:00:00,BA,"Dow down 381 points on losses in shares of Walmart, Boeing","Dow down 381 points on losses in shares of Walmart, Boeing",MarketWatch,https://finnhub.io/api/news?id=7ae8387e7305c0e729b17f9e2c61704073e2965717b0dec73a086af18576fc9f,-0.9490110214914248,0.0117598271548104,0.9607708486462352,0.0274693241989543,bearish,0.9607708486462352
2025-02-20 03:08:29,BA,Boeing CEO doesn't see immediate supply chain snags on 737 MAX target,"Boeing's supply chain for the 737 MAX is in good shape as the U.S. planemaker aims to grow output of its strongest-selling jet to 38 a month by mid-2025, CEO Kelly Ortberg said on Thursday. ...",Finnhub,https://finnhub.io/api/news?id=a25bf85b79c8c567c14b0f161a4281f368963e1e5b735ebce9a489fd6b15f47e,-0.5334491431713104,0.0551711022853851,0.5886202454566956,0.3562086522579193,bearish,0.5886202454566956
2025-02-20 01:45:00,BA,Artisan Global Equity Fund Q4 2024 Commentary,"Looking ahead to 2025, we remain confident that the fundamental drivers of growth are intact. Read more here.",SeekingAlpha,https://finnhub.io/api/news?id=5460b3f50ad9a524e173f3d553fa9f311d2965e077d4bd6cae4cf398e4a98b65,0.0288016404420106,0.0429222098683524,0.0141205694263417,0.9429572207053056,neutral,0.9429572207053056
2025-02-19 16:53:00,BA,"Irked by Boeing delays, Trump floats buying used plane to serve as Air Force One","Irked by Boeing delays, Trump floats buying used plane to serve as Air Force One",MarketWatch,https://finnhub.io/api/news?id=5cbbd9a3585e1f0e98fccf772b6fa650dcefa7ff75e4c83f9497a74478888b7b,-0.6573208004143417,0.0320993868656776,0.6894201872800193,0.2784804258543031,bearish,0.6894201872800193
2025-02-19 02:10:00,BA,My Dividend Stock Portfolio: New January Dividend Record - 100 Holdings With 14 Buys,"January hits new highs with $814 in dividend income, up 21% Y/Y. See how BDC investments drive growth toward $11,000 annual dividends.",SeekingAlpha,https://finnhub.io/api/news?id=5455f567381019beddc413e7e5eb783a45482cdef95f6ee343bcfd391c577c6d,0.11057306286113,0.1271384254389071,0.0165653625777771,0.8562962119833157,bullish,0.8562962119833157
2025-02-18 15:00:00,BA,This New Airbus Jet Is Bad News for Boeing,This New Airbus Jet Is Bad News for Boeing,DowJones,https://finnhub.io/api/news?id=74acb3b60d5e448ddb00690fd47f5ba627aafa396e3dfca14b5e5daf101a9cde,-0.9497699675291612,0.0113260217499756,0.9610959892791368,0.0275779889708875,bearish,0.9610959892791368
2025-02-18 08:58:00,BA,"Southwest Airlines to cut 1,750 corporate positions in first nonvoluntary layoffs in its 53-year history","Southwest Airlines to cut 1,750 corporate positions in first nonvoluntary layoffs in its 53-year history",MarketWatch,https://finnhub.io/api/news?id=4d6560a5f4a655a0e125dcdafba587932285b52960ec8bbaf59b76ee521ce9d4,-0.9662377173275628,0.0077210396750924,0.9739587570026552,0.0183202033222521,bearish,0.9739587570026552
2025-02-18 08:30:05,BA,"Fire reported at aircraft fastener maker's factory in Pennsylvania, authorities say","A large fire broke out at a Pennsylvania factory that makes fasteners for aircraft, but no injuries were reported, authorities said on Tuesday. The fire was reported at a commercial...",Finnhub,https://finnhub.io/api/news?id=fe86c50eef9def441b21886597ff8c3baca339319874586c77705414ee0aefed,-0.920150701562033,0.0112410129542908,0.931391714516324,0.0573672725293852,bearish,0.931391714516324
2025-02-18 07:29:00,BA,"Bonds issued by defense contractors are being snapped up, as stocks fall on talk of spending cuts","Bonds issued by defense contractors are being snapped up, as stocks fall on talk of spending cuts",MarketWatch,https://finnhub.io/api/news?id=cedbf3aa93530f534682c59aea4eba2dfa5b6e13e56e2ad12ac959a2123c8b3b,-0.9547463485726452,0.0103147244561217,0.9650610730287668,0.0246242025151113,bearish,0.9650610730287668
2025-02-17 05:05:35,BA,Boeing Starts 2025 Extremely Strong,"Despite February delivery dips, Boeing is well-positioned to sustainably increase delivery volumes, supporting a buy rating and long-term growth potential. Learn more on BA stock here.",SeekingAlpha,https://finnhub.io/api/news?id=8e5cdad8281ceaf95e2037565b69ca63df2b8431837fc7644e98249cd8e2c1c2,0.8433711579270555,0.8612570503473246,0.017885892420269,0.1208570572324063,bullish,0.8612570503473246
2025-02-16 01:36:57,BA,VIS: Industrials Dashboard For February,"Industrials are the most overpriced sector, but the transportation industry is decently valued. Check out my thoughts on Vanguard Industrials ETF (VIS).",SeekingAlpha,https://finnhub.io/api/news?id=b58ff4cff808610d04210d1ef09e46042b2487d24865428f8440d8129637f8ff,0.001083090965932,0.0416486362605474,0.0405655452946153,0.9177858184448372,neutral,0.9177858184448372
2025-02-14 12:21:00,BA,Soros fund leans into Big Tech and AI plays — but parts ways with this banking giant,Soros fund leans into Big Tech and AI plays — but parts ways with this banking giant,MarketWatch,https://finnhub.io/api/news?id=072d8c1446e72646bcc3a3768490ce03aac375eee55836447fef216302defef5,0.133328960277079,0.1447709372002296,0.0114419769231506,0.8437870858766197,bullish,0.8437870858766197
2025-02-14 05:20:00,BA,"Dow's nearly 125-point fall led by losses for Procter & Gamble, Travelers stocks","Dow's nearly 125-point fall led by losses for Procter & Gamble, Travelers stocks",MarketWatch,https://finnhub.io/api/news?id=175f3170bdd1c298c6bf63e3137971d7e1db207c0976371982bce6351ec6f474,-0.933001396937262,0.021912255725154,0.954913652662416,0.0231740916124299,bearish,0.954913652662416
2025-02-13 23:30:00,BA,Boeing’s Push to Boost 737 Production Starts With Closing ‘Shadow Factory’,Boeing’s Push to Boost 737 Production Starts With Closing ‘Shadow Factory’,DowJones,https://finnhub.io/api/news?id=4e083882aeb453c7e6fcf6a4af95ec8fa5db5d056c7fa28b24e5dd1bb724308c,0.5709988655820573,0.5895294503157626,0.0185305847337053,0.3919399649505319,bullish,0.5895294503157626
2025-02-13 19:30:00,BA,Southwest Airlines Stock Has Lagged Competitors. Time for a Catch-Up Trade.,Southwest Airlines Stock Has Lagged Competitors. Time for a Catch-Up Trade.,MarketWatch,https://finnhub.io/api/news?id=4fea3398e8cc9d8b21daba63ffb0c15628ceb113c5c103cd4dc3e5b3e42ef7aa,0.2872155048344602,0.341052362275744,0.0538368574412837,0.6051107802829723,bullish,0.6051107802829723
2025-02-12 10:37:00,BA,Boeing Co. stock outperforms competitors on strong trading day,Boeing Co. stock outperforms competitors on strong trading day,MarketWatch,https://finnhub.io/api/news?id=de6f7e869e2a373c3259283e8243c825556b9a3c056f7aaf1df33a8b083b7bc3,0.9001927925255822,0.9375832589568268,0.0373904664312445,0.0250262746119287,bullish,0.9375832589568268
2025-02-12 02:30:00,BA,The Sound Shore Fund Q4 2024 Letter To Shareholders,"The Sound Shore Fund Investor Class (SSHFX) and Institutional Class (SSHVX) advanced 1.25% and 1.32%, respectively, in Q3 2024. Click here to read more.",SeekingAlpha,https://finnhub.io/api/news?id=9fa6db2714968429bb7566a754aed32663d3a4687618f42ec4a19783ece94dca,0.0964544917727726,0.1077451278966875,0.0112906361239149,0.8809642359793975,bullish,0.8809642359793975
2025-02-10 10:37:14,BA,Boeing Plays A Big Role In Trade With China,,SeekingAlpha,https://finnhub.io/api/news?id=3a02e33e5e4f9a8aea120ae74968c8ceabe1a3b5a35992013bd92efce7fa7523,0.241323093721314,0.2488289555391287,0.0075058618178146,0.7436651826430567,bullish,0.7436651826430567
2025-02-10 03:41:00,BA,Spirit AeroSystems to Declare Going Concern Amid Boeing Takeover,Spirit AeroSystems to Declare Going Concern Amid Boeing Takeover,DowJones,https://finnhub.io/api/news?id=bbe7ce58bf8ad3c0bc791a2909197e62bbcb89dbd07263a2b0ddd3ce339b6a38,-0.9043675287085238,0.02579006169477,0.9301575904032938,0.0440523479019361,bearish,0.9301575904032938
2025-02-10 00:50:19,BA,Wall Street Breakfast Podcast: Nippon Steel Rethinks US Steel Deal,Nippon Steel weighing 'bold' change to US Steel buyout bid. TSMC expects Q1 revenue near lower end of guidance due to earthquake. Boeing plans to cut 400 employees from moon-rocket program.,SeekingAlpha,https://finnhub.io/api/news?id=4ae815799643777a48e77df2472dc5442a530ab624d7ec1d07271cd50698531d,-0.0124944152309658,0.0977201252836007,0.1102145405145666,0.7920653342018327,neutral,0.7920653342018327
2025-02-09 23:30:00,BA,Tech Firms Want to Upend the Pentagon. The Old Defense Guard Has Some Lessons for Them.,Tech Firms Want to Upend the Pentagon. The Old Defense Guard Has Some Lessons for Them.,DowJones,https://finnhub.io/api/news?id=eaad3adf8045f56392ee1455ceb9e9f15684d5e83736d29354c7665df60c3c7d,0.0723867640497957,0.0886748588910899,0.0162880948412941,0.8950370462676158,bullish,0.8950370462676158
2025-02-09 03:00:00,BA,Applied Energetics: Multi-Billion Directed Energy Weapons Market Going To Waste,Applied Energetics faces strong competition from major defense contractors. Click here to read what makes AERG stock a Strong Sell.,SeekingAlpha,https://finnhub.io/api/news?id=22ff3d860409b09b9338a2303f8bd75fd26317c966475a6ad591bbd7e3274b82,0.0986712723970413,0.117383100092411,0.0187118276953697,0.8639050722122192,bullish,0.8639050722122192
2025-02-08 01:54:21,BA,One 'Safer' Buy In 10 February Dogs Of The Dow,"Verizon's dividend yield and Merckâs growth lead the Dow Dogs. Read why theyâre set for solid returns, with other top picks closely following in February 2026.",SeekingAlpha,https://finnhub.io/api/news?id=14b4128129dde93c0054cd30e448c400a14d653d5137e8f85fb50551b472f598,0.4006543833798974,0.4305744791249249,0.0299200957450276,0.5395054251300474,bullish,0.5395054251300474
2025-02-07 06:54:00,BA,Honeywell’s Stock Drop Is a Warning to Break-Up Enthusiasts. It’s Not Easy Being GE.,Honeywell’s Stock Drop Is a Warning to Break-Up Enthusiasts. It’s Not Easy Being GE.,MarketWatch,https://finnhub.io/api/news?id=e1012cc2c0ed20eb75deadc644b95bdd4987de73ff717c5bb7dc55ac6063f88c,-0.6667763739873338,0.0252863329031914,0.6920627068905252,0.2826509602062833,bearish,0.6920627068905252
2025-02-06 22:03:55,BA,Redwire: More Fundamental Support For Space Growth,"Redwire Corporation shows strong growth potential, despite dilution risks. Learn why RDW stock is rated Hold with speculative buy potential.",SeekingAlpha,https://finnhub.io/api/news?id=6b3bad7e7af7a94d40181d57affa3c33a4233c8be4085ee284660af8b6dd8117,0.8037704817317117,0.8128361966919777,0.0090657149602659,0.1780980883477564,bullish,0.8128361966919777
2025-02-06 10:23:56,BA,AerCap Set To Fly Higher In 2025,Undervalued aircraft leasing stock AerCap is poised for growth with strong earnings and a target price above $160/share.,SeekingAlpha,https://finnhub.io/api/news?id=90d95459e7a306cf84962dde90f55c511ecbb81d95d70bac5cb50245891795a0,0.7841385935272759,0.7941326646904026,0.0099940711631266,0.1958732641464707,bullish,0.7941326646904026
2025-02-05 21:05:56,BA,"Boeing expects Indian, South Asian airlines to add over 2,800 jets in next 20 years","Boeing said on Thursday itexpects Indian and South Asian airlines will add 2,835commercial aircraft to their fleet over the next 20 years, afour-fold increase over current levels, as a rising...",Finnhub,https://finnhub.io/api/news?id=4072b5a1539c2f9630ff3f8c520eeef0900c5b405b87a74735ceb31826f06084,0.8571906390478431,0.8649072260480262,0.007716587000183,0.1273761869517908,bullish,0.8649072260480262
2025-02-05 20:15:35,BA,"Boeing Says More Than 2,800 New Airplane Deliveries To India & South Asia Are Predicted Over The Next 20 Years","Boeing Co: * BOEING - MORE THAN 2,800 NEW AIRPLANE DELIVERIES TO INDIA&SOUTH ASIA ARE PREDICTED OVER THE NEXT 20 YEARS * BOEING - FORECASTS ANNUAL TRAFFIC GROWTH...",Finnhub,https://finnhub.io/api/news?id=78cab12e06f85618ac1826b9198ddf8f30fd40639b36f12113c20b66a8fef268,0.7093332676043115,0.7206296311307147,0.0112963635264032,0.2680740053428821,bullish,0.7206296311307147
2025-02-05 20:15:32,BA,"Boeing sees delivery of over 2,800 commercial jets to Indian, South Asian airlines","Boeing on Thursday forecastdeliveries of 2,835 commercial aircraft to Indian and SouthAsian airlines over the next 20 years. The forecast is an increase from Boeing's rolling...",Finnhub,https://finnhub.io/api/news?id=0ea519641661c21af3ce31601d9c7676c01b0889b742fbb3e2927941f8f16774,0.8710335469637944,0.8806324975778559,0.0095989506140615,0.1097685518080825,bullish,0.8806324975778559
2025-02-05 08:08:00,BA,"Dow up 264 points on gains for Amgen, NVIDIA Corp. shares","Dow up 264 points on gains for Amgen, NVIDIA Corp. shares",MarketWatch,https://finnhub.io/api/news?id=14522b0ead6971c45a7d15acc074a34c685995d64c40e7b4752770b363481809,0.899216829633274,0.932596301554985,0.033379471921711,0.034024226523304,bullish,0.932596301554985
2025-02-05 07:38:39,BA,Woodward Stock: Still A Buy Despite China And Boeing Headwinds,"Woodward's stock price target is updated to $218, reflecting 16% upside, despite challenges in aerospace and transportation segments. Read my analysis of WWD.",SeekingAlpha,https://finnhub.io/api/news?id=6a829974caf3dcbae6e8e701e8e241a720a8855cfc6d835b919c6e3d545d1e44,0.9059872508172404,0.9381085970116384,0.0321213461943977,0.0297700567939639,bullish,0.9381085970116384
2025-02-05 05:52:00,BA,"Amgen, NVIDIA Corp. share gains contribute to Dow's nearly 150-point climb","Amgen, NVIDIA Corp. share gains contribute to Dow's nearly 150-point climb",MarketWatch,https://finnhub.io/api/news?id=4cd443e114c79cbc979e50a14141aa0503528955326bdd3ab0714973ab0a7ecc,0.9130245432586528,0.9334457273255286,0.0204211840668756,0.0461330886075957,bullish,0.9334457273255286
2025-02-05 02:15:00,BA,Franklin Income SMA Q4 2024 Commentary,US stocks collectively rose in the fourth quarter of 2024 despite retreating in December. Read more here.,SeekingAlpha,https://finnhub.io/api/news?id=f027c554676430d7d151c524dfdac6397a4fd1493ee08f271ada9ccaec5809af,-0.0063730664551258,0.0247560646384954,0.0311291310936212,0.9441148042678832,neutral,0.9441148042678832
2025-02-04 08:37:22,BA,Boeing Stock Is Cruising In A Narrow Range. Here's How To Profit If It Changes Altitude.,Boeing Stock Is Cruising In A Narrow Range. Here's How To Profit If It Changes Altitude.,DowJones,https://finnhub.io/api/news?id=59ad9c21f96d7120da97e0c2ba717565e8a9c7179a26af260ca96dd6512a2b52,-0.025670542739245,0.0344005256652714,0.0600710684045165,0.905528405930212,neutral,0.905528405930212
2025-02-03 21:00:00,BA,Legacy Ridge Capital Partners Equity Fund I 2024 Annual Letter,Legacy Ridge Capital Partners Equity Fund I  returned 52.4% gross and 40.3% net of performance fees in 2024. Click here to read the full letter. ,SeekingAlpha,https://finnhub.io/api/news?id=b33af3f25f526bc43c9302cf36f41ebad8dfc21711fc71465315bcfa36663834,0.0328658867119689,0.0527644591667913,0.0198985724548223,0.9273369683783864,neutral,0.9273369683783864
2025-02-03 05:13:28,BA,Boeing: Trump Trade War Starts,"Boeingâs turnaround could be impacted by tariffs on Canada, China, and Mexico. Find out why BA stock faces potential challenges from rising production costs.",SeekingAlpha,https://finnhub.io/api/news?id=e7bd12a0781edd02e5b3ca582d200f3e313f77963e0882a5170fca654a44d58c,-0.0772562204607998,0.0546571867019997,0.1319134071627996,0.8134294061352006,bearish,0.8134294061352006
2025-02-03 03:43:04,BA,Intel: 2025 Estimates Crushed As Company Refuses To Participate In AI Bubble,"Despite beating guidance, Intel's Q4-2024 results showed declining revenues and margins, highlighting weak baseline demand even amidst the AI boom.",SeekingAlpha,https://finnhub.io/api/news?id=bb80e6bed0e259079ad8291e97c36a5ae3e50c1354b2cf134a369d2cb9990dda,-0.9506717154530978,0.009256228494249,0.9599279439473468,0.030815827558404,bearish,0.9599279439473468
2025-02-03 03:06:00,BA,GE Aerospace’s Annual Report Has Four Important Things for Investors,GE Aerospace’s Annual Report Has Four Important Things for Investors,MarketWatch,https://finnhub.io/api/news?id=4df00573116d118c9daca073668d623f8bd359bdf08073051aa8e718201bedf7,0.0478185182921657,0.0651062218773522,0.0172877035851864,0.9176060745374612,neutral,0.9176060745374612
2025-02-03 01:47:47,BA,Senior plc Stock: Long-Term Upside On Aerospace Growth,"Due to the production lags at Boeing and Airbus, Senior (SNIRF) stock tumbled to new lows in October. Read why I remain bullish on the stock.",SeekingAlpha,https://finnhub.io/api/news?id=281a6768ed6025972f9a51b37bf3b527e4279b5b5ddf0d8ef36948e6580a2201,0.4359177649021148,0.568595826625824,0.1326780617237091,0.2987261116504669,bullish,0.568595826625824
2025-02-03 00:01:09,BA,"Author R. Douglas Marley’s New Book, ""Desperate Measures,"" Follows a Pilot Who Finds Himself Fighting to Survive After Refusing to Make a Delivery of Girls for a Cartel","R. Douglas Marley, a native of Southern Idaho who worked as a mechanic for the Boeing Company for twenty-seven years following his service in the Air Force, has completed his new book, “Desperate...",Finnhub,https://finnhub.io/api/news?id=6027961fb429151616af140ebe3e1e4bf9abe7f85f755b4ad6ec8787f7c9b849,-0.1202182161921822,0.1032884249316079,0.2235066411237902,0.6732049339446018,bearish,0.6732049339446018
2025-01-31 09:39:00,BA,"Chevron, NVIDIA Corp. share losses lead Dow's nearly 375-point drop","Chevron, NVIDIA Corp. share losses lead Dow's nearly 375-point drop",MarketWatch,https://finnhub.io/api/news?id=a11eba532e5d64fc064e550dba7cfee6d8326dd827e696acf3a2684c6ff677f4,-0.9414290498675956,0.0174296606810826,0.9588587105486782,0.0237116287702391,bearish,0.9588587105486782
2025-01-31 08:26:00,BA,"Dow down 250 points on losses for shares of Chevron, Sherwin-Williams Co.","Dow down 250 points on losses for shares of Chevron, Sherwin-Williams Co.",MarketWatch,https://finnhub.io/api/news?id=6889ee8bb90185d420f9cba6c652269b67532f76b030bbe3eaa353fffd9fafe1,-0.9498645060728516,0.0126428377547173,0.962507343827569,0.0248498184177137,bearish,0.962507343827569
2025-01-31 04:00:02,BA,Archer Aviation Has Too Many Uncertainities,"Archer Aviation's potential in electric passenger drones is promising, but investors should be aware of high risks. Click here to find out why ACHR is a Sell.",SeekingAlpha,https://finnhub.io/api/news?id=d600ad578b839385ca43056227e75b4b8688f4fefc67673c3d3b55c3150b76a6,-0.1536871240641809,0.0237297571816968,0.1774168812458778,0.7988533615724254,bearish,0.7988533615724254
2025-01-31 04:00:02,BA,Archer Aviation Has Too Many Uncertainties,"Archer Aviation's potential in electric passenger drones is promising, but investors should be aware of high risks. Click here to find out why ACHR is a Sell.",SeekingAlpha,https://finnhub.io/api/news?id=93e809305457c5aba007d840111765dbf62038f0d653410e52d9ba1fd2ebbb11,-0.167180017859488,0.0265393917806673,0.1937194096401553,0.7797411985791773,bearish,0.7797411985791773
2025-01-30 22:03:09,BA,TAAG Angola Airlines Takes Delivery of its First Boeing 787 Dreamliner,African airline receives first of four 787 Dreamliner airplanes on order 787 Dreamliner to expand TAAG Angola Airlines' network in Europe and open new opportunities in Asia and North AmericaBoeing...,Finnhub,https://finnhub.io/api/news?id=46fedf6383fef971b73c1eafce78ed322b1d49009cb3a74db338c4adf67999f3,0.3355529754113606,0.3486124976382126,0.013059522226852,0.6383279801349353,bullish,0.6383279801349353
2025-01-30 21:56:06,BA,"TAAG Angola Airlines Takes Delivery of its First Boeing 787 DreamlinerThe 787-9 and subsequent deliveries of the fuel-efficient widebody jet will advance the airline's fleet modernization plans and long-haul capabilities, bringing more travelers and trade to Angola",African airline receives first of four 787 Dreamliner airplanes on order	787 Dreamliner to expand TAAG Angola Airlines’ network in Europe and open new opportunities in Asia and North...,Finnhub,https://finnhub.io/api/news?id=d366f1fc6d61ceddfd3f54a2ef4c96c17d40c8119e853c5c831899e278efcc2c,0.9059637647395872,0.9147558825671892,0.0087921178276021,0.0764519996052086,bullish,0.9147558825671892
2025-01-30 10:49:00,BA,Is It Safe? Everything to Know About the  Plane Involved in the D.C. Crash.,Is It Safe? Everything to Know About the  Plane Involved in the D.C. Crash.,MarketWatch,https://finnhub.io/api/news?id=853c07e6aa883ed75f4141010c591b5acb89dc5e380f56002baefe3231c5fbc2,0.0129621937008915,0.0387882613819521,0.0258260676810605,0.9353856709369872,neutral,0.9353856709369872
2025-01-30 07:31:00,BA,"IBM, Nike share gains lead Dow's 225-point climb","IBM, Nike share gains lead Dow's 225-point climb",MarketWatch,https://finnhub.io/api/news?id=d99e937e8a8cfc8842e4567752fcdccd32a903cb558b66fde4a657eeed58cd6c,0.7573249213492457,0.7930767353738631,0.0357518140246175,0.1711714506015193,bullish,0.7930767353738631
2025-01-29 22:25:06,BA,Boeing : Fourth Quarter 2024 Transcript,Corrected Transcript 28-Jan-2025 The Boeing Co. Q4 2024 Earnings Call ...,Finnhub,https://finnhub.io/api/news?id=287bc587eecd7f2f988f85b65fce243e3a68d0c4d3574a768929d727fbbec928,0.0051013661681277,0.028589043021891,0.0234876768537633,0.9479232801243456,neutral,0.9479232801243456
2025-01-29 12:29:13,BA,Aerospace analysts are guardedly hopeful about Boeing's path forward,"SEATTLE - CEO Kelly Ortberg took over at Boeing knowing that the company was in trouble. Those troubles added up to an $11.8 billion loss last year, the company reported on Tuesday. ...",Finnhub,https://finnhub.io/api/news?id=3fd3efcd9f896223f0c76e1630a755ffc7f9997a4c9bc1bfb1f096aea8db052e,-0.3767457418664021,0.1168540750996492,0.4935998169660514,0.3895461079342993,bearish,0.4935998169660514
2025-01-29 08:53:20,BA,Boeing's Record Disappointment,"The Boeing Company faces short-term struggles with negative operating cash flow, but it has a strong cash position and long-term potential. Click for our BA update.",SeekingAlpha,https://finnhub.io/api/news?id=aa45d9b345ed17b7fca2fab93f93bb7f738c283e515d0a3c8542fcbce270612b,0.4946343672857151,0.5647227420533929,0.0700883747676778,0.3651888831789292,bullish,0.5647227420533929
2025-01-29 07:05:00,BA,Franklin Managed Income Fund Q4 2024 Commentary,"During the quarter, the Fed lowered the federal funds target rate by 25 basis points in November and another 25 bps in December. Read more here.",SeekingAlpha,https://finnhub.io/api/news?id=c3810367c5a46508bb5ed6804750584ec4feab00239cca75c4ce7b103e0d91cc,0.0204111837154242,0.0402311415186519,0.0198199578032277,0.9399489006781204,neutral,0.9399489006781204
2025-01-29 07:03:00,BA,"NVIDIA Corp., Boeing share losses contribute to Dow's 150-point fall","NVIDIA Corp., Boeing share losses contribute to Dow's 150-point fall",MarketWatch,https://finnhub.io/api/news?id=f2eb4092267752d788f6557e3592142b0f4601bd59f3432e0292165df979c697,-0.932928536575686,0.0219943974948271,0.9549229340705132,0.0230826684346596,bearish,0.9549229340705132
2025-01-29 04:57:29,BA,"Boeing: Poor Earnings, Bullish Story Is The Big Surprise To Buy",Boeing's focus on core values and product-driven turnaround under CEO Kelly Ortberg offers promising long-term potential. Click here to read why BA is a Buy.,SeekingAlpha,https://finnhub.io/api/news?id=bd0f045397c655c3aff628f6b416539d9a847cdf97d654b1366f36e1bae503ff,-0.9165907849879446,0.0190306414808237,0.9356214264687684,0.0453479320504079,bearish,0.9356214264687684
2025-01-29 03:12:15,BA,"Ryanair CEO O'Leary confident of Boeing's 737 ramp-up, sees Trump support",Ryanair is confident that Boeing will ramp up its production of 737 MAX jets to 38 per month this summer and that it will be allowed by the administration of U.S. President Donald Trump to then...,Finnhub,https://finnhub.io/api/news?id=077deca1cec1523d2717dc175b869426886ba14476c4525ab1f5f0a3340854e8,0.231037339343384,0.2545825881720395,0.0235452488286555,0.7218721629993049,bullish,0.7218721629993049
2025-01-28 18:50:28,BA,"Trump, Musk suggest sped-up return of NASA astronauts, but details scarce","President Donald Trump said Tuesday night he had asked Elon Musk's SpaceX to return two NASA astronauts from the International Space Station, who were already scheduled to fly back on a SpaceX capsule...",Finnhub,https://finnhub.io/api/news?id=bf841a00c545fe891be6b7543404dd2477a42958d02e893353aa0fd5019ebce3,0.0896425829881044,0.1055916010500252,0.0159490180619207,0.8784593808880541,bullish,0.8784593808880541
2025-01-28 14:41:00,BA,"Boeing CEO: Don’t expect a major restructuring, but maybe a ‘pruning’","Boeing CEO: Don’t expect a major restructuring, but maybe a ‘pruning’",MarketWatch,https://finnhub.io/api/news?id=3f5162e44b4be76d6583563fc1a5063caf3416d30077bd2b34a0a05e2b8ac69e,0.0189608072605638,0.0767821884514892,0.0578213811909253,0.8653964303575855,neutral,0.8653964303575855
2025-01-28 11:43:10,BA,"Industrials Up After Factory Data, Earnings -- Industrials Roundup",Shares of industrial and transportation companies rose after strong factory data and mixed earnings. Orders for durable goods such as refrigerators -- items designed to last three years or more --...,Finnhub,https://finnhub.io/api/news?id=b3a057588ab7bc0b54c7dcd4d5c513362981b4c1ca267843b6dacbbd998ae9e8,0.3800359851111178,0.6384065557001067,0.2583705705889889,0.1032228737109043,bullish,0.6384065557001067
2025-01-28 10:24:00,BA,"These Stocks Moved the Most Today: Nvidia, GM, Boeing, Lockheed, JetBlue, Royal Caribbean, Amazon, and More","These Stocks Moved the Most Today: Nvidia, GM, Boeing, Lockheed, JetBlue, Royal Caribbean, Amazon, and More",MarketWatch,https://finnhub.io/api/news?id=125feb1f8edbbeae73707939ae8cd7089fc8723d3358c6a30a11cb96202e843f,0.0772850536490992,0.1112027350426535,0.0339176813935542,0.8548795835637922,bullish,0.8548795835637922
2025-01-28 10:22:00,BA,Boeing Confirms Its Bad Earnings. Why the Stock Is Higher.,Boeing Confirms Its Bad Earnings. Why the Stock Is Higher.,MarketWatch,https://finnhub.io/api/news?id=1e6b89954975d112bb9312c3bc32ee00365906a5e959778a999670255cad6c6d,-0.3796364685730548,0.1496894575516637,0.5293259261247185,0.3209846163236178,bearish,0.5293259261247185
2025-01-28 10:12:26,BA,Boeing Tests Breakout On Upbeat Outlook For Bestselling Jets,Boeing Tests Breakout On Upbeat Outlook For Bestselling Jets,DowJones,https://finnhub.io/api/news?id=e4104bb335a7c0d89824a468c4613d9d6dfb97f7d93bc03fda055b05b7180361,0.8844754342057531,0.9215613157291072,0.0370858815233541,0.0413528027475385,bullish,0.9215613157291072
2025-01-28 08:50:00,BA,Franklin Income Fund Q4 2024 Commentary,Franklin Income Fund fared better than Blended 50% MSCI USA High Dividend Yield Index + 25% Bloomberg High Yield Very Liquid Index + 25% Bloomberg US Aggregate Index.,SeekingAlpha,https://finnhub.io/api/news?id=6916d88caff8f617abac149f3445e93233a05d986f06b0d6036bad30970f0139,0.0105691810176362,0.0326109184761478,0.0220417374585115,0.9453473440653406,neutral,0.9453473440653406
2025-01-28 08:32:03,BA,Boeing: Another Quarter Of Massive Losses,"The Boeing Company reported a massive Q4 loss, with revenues down over 30% and losses per share significantly worse than expected. Learn more on BA stock here.",SeekingAlpha,https://finnhub.io/api/news?id=0de846b87b95c312534a0e6bbcdb1902e3157b654c6bfc12bacfd0abac17d39d,-0.6644778077637985,0.0260667430316414,0.69054455079544,0.2833887061729185,bearish,0.69054455079544
2025-01-28 08:10:22,BA,The Boeing Company (BA) Q4 2024 Earnings Call Transcript,"The Boeing Company (NYSE:BA) Q4 2024 Earnings Conference Call January 28, 2025 10:00 AM ETCompany ParticipantsKelly Ortberg - President, Chief Executive...",SeekingAlpha,https://finnhub.io/api/news?id=b8ad5ccd36b9590ccbd484541a1809213a9c57b9af6d09f2234fb23a3a65d64f,0.0028340483016476,0.0408066052709232,0.0379725569692755,0.9212208377598012,neutral,0.9212208377598012
2025-01-28 06:56:40,BA,US Senate votes to confirm Trump nominee to head Transportation Department,The U.S. Senate voted 77 to 22 on Tuesday to confirm former Representative Sean Duffy to head the U.S. Transportation Department. President Donald Trump's pick says Boeing needs tough...,Finnhub,https://finnhub.io/api/news?id=1b7908d44c755caf00edd27b5d3a05cac212a8214dc12a50d6252aa6badf6ea6,0.4983666445512317,0.5300061284380225,0.0316394838867908,0.4383543876751866,bullish,0.5300061284380225
2025-01-28 06:25:00,BA,"Dow's 114-point rally led by gains in NVIDIA Corp., Salesforce shares","Dow's 114-point rally led by gains in NVIDIA Corp., Salesforce shares",MarketWatch,https://finnhub.io/api/news?id=6ee1e28cfc77bd2a8d8afd710da89b8d6bf2a96b03825ec625f26c2cf61b598d,0.8663682207331755,0.902965705229299,0.0365974844961234,0.0604368102745776,bullish,0.902965705229299
2025-01-28 06:04:00,BA,Boeing Shares Bounce Back as CEO Makes Progress,-- Boeing shares hit a six-month high after CEO Kelly Ortberg said he's optimistic the company can meet a production target for the 737 airliner this year. The planemaker lost $20.38 per share for...,Finnhub,https://finnhub.io/api/news?id=bc55990da9974cc4603452218bbc67e2ea818b2964f64e31e12f078f47e84520,0.4784026605842911,0.669296820801686,0.1908941602173948,0.1398090189809192,bullish,0.669296820801686
2025-01-28 05:15:00,BA,"Dow's 225-point rally highlighted by gains for Salesforce, Boeing stocks","Dow's 225-point rally highlighted by gains for Salesforce, Boeing stocks",MarketWatch,https://finnhub.io/api/news?id=563b782b5aad3ebbb0167fc8fbeb4af5531c4f4678f5a4b6656c5b878087eb02,0.8316402311378683,0.8826414811217564,0.0510012499838881,0.0663572688943554,bullish,0.8826414811217564
2025-01-28 04:35:01,BA,Boeing reports $11.8-billion annual loss after crisis-ridden year,its largest since 2020. The planemaker has grappled with problems at its commercial and defense units and the fallout from a crippling strike by U.S. West Coast factory workers. ...,Finnhub,https://finnhub.io/api/news?id=44da9429d682172ac47462bd829c0caa3ef93843a904bb4179f14a247ee4343b,-0.9581044278936576,0.0113853686922208,0.9694897965858784,0.0191248347219005,bearish,0.9694897965858784
2025-01-28 04:28:05,BA,Boeing : Q4 2024 The Boeing Company Earnings Conference Call Press Release,Boeing Reports Fourth Quarter Results Fourth Quarter 2024 Finalized the International Association of Machinists and Aerospace...,Finnhub,https://finnhub.io/api/news?id=c8765f7ff47d67711d790af461a3f7df18d11a57613491d560b4398c48532131,-0.0441125313861062,0.0192067790418737,0.0633193104279799,0.9174739105301464,neutral,0.9174739105301464
2025-01-28 04:13:00,BA,"Boeing, Salesforce share gains lead Dow's 115-point jump","Boeing, Salesforce share gains lead Dow's 115-point jump",MarketWatch,https://finnhub.io/api/news?id=92a4f19691d983108d5aca461a25ade1827e7a1ab4e29994e59dfc6091d27a3b,0.8531376090602042,0.8922600945590458,0.0391224854988415,0.0686174199421127,bullish,0.8922600945590458
2025-01-28 03:47:50,BA,Dow Jones Falls Ahead Of Fed Meeting; Nvidia Reverses Lower After DeepSeek Crash,Dow Jones Falls Ahead Of Fed Meeting; Nvidia Reverses Lower After DeepSeek Crash,DowJones,https://finnhub.io/api/news?id=b5789183d8ebfa0231a52fcca43109af9f85060e4a92f838c83dcfc54e9bae48,-0.9353309861892491,0.0169327657157943,0.9522637519050436,0.0308034823791619,bearish,0.9522637519050436
2025-01-28 03:33:01,BA,"Boeing working to accelerate Air Force One replacements delivery, CEO says","Boeing is working with the Trump administration to speed up delivery of two replacement presidential aircraft, better known as Air Force One, Boeing CEO Kelly Ortberg said in an interview on...",Finnhub,https://finnhub.io/api/news?id=043cecbf462a7bf284271eb8e10f8708ac8f583a10b2e2c13e35868d92c4a286,0.6077130971615069,0.6257931450204594,0.0180800478589524,0.3561268071205882,bullish,0.6257931450204594
2025-01-28 02:16:17,BA,"Boeing: heavy loss in 4th quarter, as expected","On Tuesday, Boeing reported a heavy loss for the 4th quarter, which it attributed to exceptional charges linked to the recent strike by its machinists and to the 777 and 777X programs.The world's...",Finnhub,https://finnhub.io/api/news?id=1129e0977604fd16980a39db68ca1f0b482e3b433e29d56dfb21bac924b5d89d,-0.9576301045822884,0.0116414442361354,0.969271548818424,0.0190870069454406,bearish,0.969271548818424
2025-01-28 01:48:05,BA,Boeing posts $3.8 billion Q4 loss and has lost more than $35 billion since fatal crashes in 2019,WASHINGTON — Boeing posted a fourth-quarter loss of $3.8 billion on Tuesday as a machinists strike and other problems continued to plague the troubled aircraft manufacturer. Boeing has lost more...,Finnhub,https://finnhub.io/api/news?id=e3c90de8999b606efab612a9130454034d7b0c8087f2f483818a2d73d0a7779a,-0.965487234132081,0.0079096010870345,0.9733968352191156,0.0186935636938498,bearish,0.9733968352191156
2025-01-28 01:13:06,BA,Boeing: Q4 Earnings Snapshot,"ARLINGTON, Va. — ARLINGTON, Va. — Boeing Co. on Tuesday reported a loss of $3.87 billion in its fourth quarter. The Arlington, Virginia-based company said it had a loss of $5.46 per share....",Finnhub,https://finnhub.io/api/news?id=bc9ed1c35251ab2d7fe39a63d529a9e42ad1d383e782f91e7cafade1a7cde1ac,-0.4666735261680229,0.0407078647771745,0.5073813909451974,0.451910744277628,bearish,0.5073813909451974
2025-01-28 01:04:49,BA,"Boeing reports $11.8 billion loss, largest since 2020","Boeing on Tuesday reported an annual loss of $11.83 billion, its largest since 2020, as it grappled with problems at its commercial and defense units and the fallout from a crippling strike by U.S....",Finnhub,https://finnhub.io/api/news?id=fac55cf4d5a2e438d53695d15ae825bbe0e687309fd3db99308328d7d556e727,-0.9634715272837524,0.0072476440852615,0.970719171369014,0.0220331845457244,bearish,0.970719171369014
2025-01-28 01:01:12,BA,Boeing Reports Fourth Quarter Results,"ARLINGTON, Va., Jan. 28, 2025 /PRNewswire/ --Fourth Quarter 2024Finalized the International Association of Machinists and Aerospace Workers agreement and resumed production across the 737, 767...",Finnhub,https://finnhub.io/api/news?id=754a9f243a187c0182dd1e7a35007a1286cb2f3c932428b70904de947335ea22,-0.5892701269395263,0.045642177995568,0.6349123049350943,0.3194455170693377,bearish,0.6349123049350943
2025-01-27 22:59:57,BA,Traders eye Boeing and Starbucks earnings for turnaround clues,Traders eye Boeing and Starbucks earnings for turnaround clues,MarketWatch,https://finnhub.io/api/news?id=57275b919cb494f19a4379736d0b22633416be2a2bbcf8cecb2564e56cdfc06d,0.3532928771780002,0.645156969947264,0.2918640927692638,0.0629789372834721,bullish,0.645156969947264
2025-01-26 23:29:36,BA,Ryanair expects 38 Boeing 737s to be delivered by end of summer,"Ryanair expects to receive 38 Boeing 737 planes by the end of the summer and possibly up to 42 by October if the U.S. Federal Aviation Administration approves deliveries of the additional jets,...",Finnhub,https://finnhub.io/api/news?id=95014a2081099cc7c0c1cd55b591331a0fe3f022604450b51a2bf01e329ef194,0.2776436018197634,0.2883664758917504,0.010722874071987,0.7009106500362624,bullish,0.7009106500362624
2025-01-26 23:00:00,BA,Boeing may soon sell some of its businesses. That could finally boost the stock.,Boeing may soon sell some of its businesses. That could finally boost the stock.,MarketWatch,https://finnhub.io/api/news?id=210f5f7b34ab546305dcad42c624a59806f3f4f50d021b116447ef8d73d0afe6,0.8563510075787957,0.8728662680488102,0.0165152604700144,0.1106184714811753,bullish,0.8728662680488102
2025-01-26 22:34:00,BA,Ryanair Cuts Traffic Growth Target on Boeing Delivery Delays,Ryanair Cuts Traffic Growth Target on Boeing Delivery Delays,DowJones,https://finnhub.io/api/news?id=002655f79b56ae51eef5b253ad09ec68237838a6ce8a57f89efd259f0815f691,-0.5639258050041093,0.1633699946842343,0.7272957996883437,0.1093342056274219,bearish,0.7272957996883437
2025-01-26 16:53:00,BA,Jeju Air Crash Probe Focuses On Engine Damage After Bird Strike,Jeju Air Crash Probe Focuses On Engine Damage After Bird Strike,DowJones,https://finnhub.io/api/news?id=277447131adcf8f80c189176698ac14cfb512836d1952480b4ae146d8a67299e,-0.2809153270346351,0.0382307565937253,0.3191460836283605,0.6426231597779142,bearish,0.6426231597779142
2025-01-26 06:15:00,BA,"S&P 500 Earnings This Week: FOMC Decision, Mega-Cap Tech Earnings, And December PCE On Friday","Tesla, Meta and Microsoft report after the closing bell on Jan. 29; Apple, Intel and Visa report on Jan. 30. December PCE and Core PCE are due on Jan. 31; consensus expects +0.2% Core PCE.",SeekingAlpha,https://finnhub.io/api/news?id=ed3d70cd865e440a55000f4420dc9fa7d684e45d07a80f57cca505631ee39c69,-0.0985683179645108,0.0342486295084685,0.1328169474729793,0.832934423018552,bearish,0.832934423018552
2025-01-26 04:01:00,BA,Big tech is spending billions on AI. How much time will Wall Street allow for the payoff?,Big tech is spending billions on AI. How much time will Wall Street allow for the payoff?,MarketWatch,https://finnhub.io/api/news?id=7e4ccb15fab8046f8c9a641bd2dbff1360c4cacf48a99aab5fbb0b11c766ae17,0.0050022157282627,0.0382836925216179,0.0332814767933552,0.9284348306850267,neutral,0.9284348306850267
2025-01-26 00:30:52,BA,The Week Ahead,,SeekingAlpha,https://finnhub.io/api/news?id=776391aecaed88be39b503aa2ce418e21848846c9af7c30556f617d88d397983,-0.0444074863334828,0.0468787844877574,0.0912862708212403,0.8618349446910022,neutral,0.8618349446910022
2025-01-25 05:00:00,BA,"Tech Takes Spotlight In Busy Earnings Week As Apple, Microsoft, Meta Report Results",Big tech names report earnings this week. Fed's interest rate decision is to be announced on Wednesday. Stay updated on upcoming events with this newsletter.,SeekingAlpha,https://finnhub.io/api/news?id=f0f6e269728527cf69eed6893e6992a4943b99e86434cd4d1ff237da0c85584a,-0.1066240998096495,0.1671555688129535,0.273779668622603,0.5590647625644434,bearish,0.5590647625644434
2025-01-24 12:09:43,BA,RBC Bearings: I Couldn't Bear To Wait Until Earnings For A Downgrade,"Financial writer downgrades RBC Bearings to Sell due to high valuation, despite strong performance and growth prospects. Click for this RBC stock update.",SeekingAlpha,https://finnhub.io/api/news?id=b231a8871cd443292f22abcbc67ba8b900bb904bf383de2d24332928fe98c6ef,-0.7690028548240662,0.0362526178359985,0.8052554726600647,0.1584919095039367,bearish,0.8052554726600647
2025-01-24 11:32:13,BA,Industrials Down Amid Mixed Earnings -- Industrials Roundup,"Shares of industrial and transportation companies fell amid mixed earnings. Boeing lost roughly $4 billion in the most recent quarter when the jet maker was hit by a debilitating strike, suffered...",Finnhub,https://finnhub.io/api/news?id=61ad80800a1de021d6d52068c91c2ea8fd9d78c3d26c9a89c09e463c25986137,-0.9467288891201714,0.0157039345618661,0.9624328236820376,0.0218632417560963,bearish,0.9624328236820376
2025-01-24 10:54:00,BA,"These Stocks Are Moving the Most Today: Texas Instruments, Meta, Verizon, Boeing, Tesla, Amex, Novo Nordisk, and More","These Stocks Are Moving the Most Today: Texas Instruments, Meta, Verizon, Boeing, Tesla, Amex, Novo Nordisk, and More",MarketWatch,https://finnhub.io/api/news?id=7ca6d27da9e9cc2edf90cd502a550723d17188bc1f237421cbe80d752bbc5ebc,0.0887333249909183,0.1237947172709793,0.0350613922800609,0.8411438904489598,bullish,0.8411438904489598
2025-01-24 09:20:00,BA,Boeing Preannounced Dreadful Earnings. The Stock Is Edging Higher.,Boeing Preannounced Dreadful Earnings. The Stock Is Edging Higher.,MarketWatch,https://finnhub.io/api/news?id=0b077bf460c352774ab45e9439eb324a13f6ce29be7f5088b41b7a95f5da623e,0.9203693754971028,0.943641185760498,0.0232718102633953,0.0330870039761066,bullish,0.943641185760498
2025-01-24 08:06:00,BA,"Dow's 165-point drop led by losses in shares of NVIDIA Corp., American Express","Dow's 165-point drop led by losses in shares of NVIDIA Corp., American Express",MarketWatch,https://finnhub.io/api/news?id=6c0f66a8064443ca8680f9d4f6c97ef4a1fd51816bcef4811df0d8302482c8d6,-0.9585971435839524,0.0111531379553438,0.9697502815392962,0.0190965805053599,bearish,0.9697502815392962
2025-01-24 06:18:00,BA,"Why Boeing’s stock isn’t tumbling, even after an ‘eye-watering’ loss warning","Why Boeing’s stock isn’t tumbling, even after an ‘eye-watering’ loss warning",MarketWatch,https://finnhub.io/api/news?id=0e975ae4dd5e295f7af62695cc37347c3925867250165e012c771e5ed997d32f,0.1162194810607797,0.3284682182282903,0.2122487371675105,0.4592830446041991,bullish,0.4592830446041991
2025-01-24 03:35:30,BA,"Boeing Early Q4 Results Hammered By Strike Impacts, Delays","Boeing Early Q4 Results Hammered By Strike Impacts, Delays",DowJones,https://finnhub.io/api/news?id=1a53b1576be716060f6b519ec514002d6be912e37684064cff47510705232cc1,-0.952551501724727,0.0116858293857229,0.96423733111045,0.0240768395038271,bearish,0.96423733111045
2025-01-24 03:00:00,BA,Why Did American Airlines Stock Drop After Q4 Earnings?,"American Airlines reported strong Q4 earnings, driven by lower fuel costs, but saw an 8.7% stock drop. Check out why I rate AAL stock as a Strong Buy.",SeekingAlpha,https://finnhub.io/api/news?id=644eeb8ee24680673402ff1e86ab2402969b1c31e2a32d830341ded0da33f788,-0.920207114513831,0.0109248271039719,0.9311319416178028,0.0579432312782252,bearish,0.9311319416178028
2025-01-24 00:06:45,BA,Aerospace suppliers scramble to cushion blow of looming Trump tariffs,Canadian helicopter parts supplier Optima Aero is already moving inventory south of the border to minimize the risk from potential tariffs proposed by U.S. President Donald Trump. ...,Finnhub,https://finnhub.io/api/news?id=be07a08a1683615a0231866aed63ae0b1f83a66c2be744871a8df4425b9b0b9e,-0.7634409446549697,0.0730767718874446,0.8365177165424144,0.090405511570141,bearish,0.8365177165424144
2025-01-23 22:03:27,BA,"S&P 500 futures slip after Boeing, Texas Instruments disappoint","S&P 500 futures slip after Boeing, Texas Instruments disappoint",MarketWatch,https://finnhub.io/api/news?id=0d25b352744baedab117504d6a89271ccb10867442e2a341dcac4dd835b9b438,-0.946040832109293,0.0109026691589206,0.9569435012682136,0.0321538295728657,bearish,0.9569435012682136
2025-01-23 20:20:08,BA,Boeing: heavy losses forecast for 4th quarter,"On a preliminary basis, Boeing says it expects to report for its fourth quarter 2024 a GAAP loss of $5.46 per share and negative operating cash flow of $3.5 billion, on revenues of $15.2 billion.The...",Finnhub,https://finnhub.io/api/news?id=04a73ed68363c7889ed8d5008b7e6be97e2336e5995c09a9d15e783b7b5f5c4b,-0.9252198619994711,0.0147871067334326,0.9400069687329038,0.0452059245336635,bearish,0.9400069687329038
2025-01-23 19:27:11,BA,Boeing shares dive after it warns of big loss,STORY: Boeing warned Thursday that it expects a fourth-quarter loss of about $4 billion. That would be nearly triple Wall Street forecasts. The glum outlook sent shares...,Finnhub,https://finnhub.io/api/news?id=41a924a4182f09a8a56cbf86079cd72a00578da8015ff202094e8373a786eb30,-0.9309697625202994,0.0145766742625303,0.9455464367828298,0.0398768889546398,bearish,0.9455464367828298
2025-01-23 14:27:00,BA,"Boeing warns investors to brace for steeper quarterly losses, lower revenue","Boeing warns investors to brace for steeper quarterly losses, lower revenue",MarketWatch,https://finnhub.io/api/news?id=7065e612f8ed5915a503991658696f69fe0f87679980359234cda97720df7137,-0.839684825859308,0.0732595360677274,0.9129443619270354,0.0137961020052371,bearish,0.9129443619270354
2025-01-23 13:12:14,BA,"Stocks to Watch : Boeing, Texas Instruments, Allurion Technologies","By Connor Hart Boeing lost roughly $4 billion in the most recent quarter, dragged down by strikes, mounting losses in troubled U.S. government projects and costs tied to job cuts rolled out at...",Finnhub,https://finnhub.io/api/news?id=35374cc42f267f69946faa5d64c6c3ee55507f946f3ca1006e9e139cbbb21897,-0.0005224980258197,0.0287516536935671,0.0292741517193868,0.941974194587046,neutral,0.941974194587046
2025-01-23 12:56:00,BA,"Stocks to Watch: Boeing, Texas Instruments, Allurion Technologies","Stocks to Watch: Boeing, Texas Instruments, Allurion Technologies",MarketWatch,https://finnhub.io/api/news?id=b629db246119ef7f755453832294ea1523f34229f76216060e9c48b48b72e00f,-0.0005224980258197,0.0287516536935671,0.0292741517193868,0.941974194587046,neutral,0.941974194587046
2025-01-23 12:11:06,BA,"Boeing took nearly $3 billion hit in Q4 related to strike, layoffs and troubled government programs","Boeing Co. said it incurred nearly $3 billion worth of charges in the fourth quarter of 2024 due to a lengthy labor stoppage, job cuts and problems with a number of government programs. As a...",Finnhub,https://finnhub.io/api/news?id=570a9850b25a07be0d319b42e8de2369b0c7ec0293e5304f2e2ce1cbe16c1abd,-0.95924790492603,0.0115734359758119,0.970821340901842,0.0176052231223461,bearish,0.970821340901842
2025-01-23 11:19:19,BA,Boeing Shares Fall After Forecast on 4Q Loss Missed Wall Street Expectations,"By Sabela Ojea Shares of Boeing fell Thursday after the company warned of a large loss in the fourth quarter to reflect charges associated with last year's layoffs, a work stoppage and agreement....",Finnhub,https://finnhub.io/api/news?id=cc4363d9a4edf372733905b2309fdbe5e65da2d104ed39c6fc5dae70fd1a1b2e,-0.9382509695203134,0.0161249024432609,0.9543758719635744,0.0294992255931648,bearish,0.9543758719635744
2025-01-23 11:18:00,BA,Boeing Warns of $4 Billion Loss to Close a Difficult Year,Boeing Warns of $4 Billion Loss to Close a Difficult Year,DowJones,https://finnhub.io/api/news?id=056a1adfc6a511d3221923a02c588af365a91cb639807dbfbe6796e6b93b40ea,-0.9259023532917952,0.0297936485280684,0.9556960018198636,0.0145103496520678,bearish,0.9556960018198636
2025-01-23 10:59:21,BA,"GE Aerospace Breaks Out On Booming Earnings, 2025 Guidance","GE Aerospace Breaks Out On Booming Earnings, 2025 Guidance",DowJones,https://finnhub.io/api/news?id=4c6ebce6fa3158b8aeb8d63752684d506f670266341a7c2605ecc97879e5be71,0.3111165141479736,0.3414421969252784,0.0303256827773047,0.6282321202974168,bullish,0.6282321202974168
2025-01-23 10:38:25,BA,"Boeing forecasts bigger-than-expected loss on defense troubles, strike hit",Boeing said on Thursday it expects to report a larger-than-expected loss when it unveils fourth-quarter results next week as the financially-strapped U.S. planemaker took charges at its defense unit...,Finnhub,https://finnhub.io/api/news?id=b3554a2f0ffa2f16db443518cb358b92eeb82031cfc27b24b7333bc55a405d7e,-0.9297314988499228,0.0250988914612887,0.9548303903112116,0.0200707182274997,bearish,0.9548303903112116
2025-01-23 10:31:11,BA,Boeing Reports Preliminary Fourth Quarter Results,"ARLINGTON, Va., Jan. 23, 2025 /PRNewswire/ -- The Boeing Company [NYSE: BA] announced today it will recognize impacts to its financial results related to the IAM work stoppage and agreement, charges...",Finnhub,https://finnhub.io/api/news?id=0b65ddeb7327e26f5eecfcebabbb83a1d005707b3919de21401c4179bc76c630,-0.4989158417666054,0.0308739218036282,0.5297897635702337,0.439336314626138,bearish,0.5297897635702337
2025-01-23 10:17:00,BA,GE Aerospace Stock Jumps on Solid Earnings. The Bar Was High.,GE Aerospace Stock Jumps on Solid Earnings. The Bar Was High.,MarketWatch,https://finnhub.io/api/news?id=a63b00a3274cb3e06a3fdea9571dc5aba1d4b9c31005671f1f21dbea8c23278b,0.889231102753149,0.92756958197906,0.0383384792259108,0.0340919387950292,bullish,0.92756958197906
2025-01-23 07:13:00,BA,"Dow up 362 points on gains in shares of Caterpillar, UnitedHealth","Dow up 362 points on gains in shares of Caterpillar, UnitedHealth",MarketWatch,https://finnhub.io/api/news?id=892df90876b8d79fbfbe7ed064b749758f1672b8c5b3d20d7102b02b70eec5c0,0.8488282638398366,0.892892268356677,0.0440640045168404,0.0630437271264825,bullish,0.892892268356677
2025-01-23 05:23:00,BA,"UnitedHealth, Caterpillar share gains contribute to Dow's 250-point jump","UnitedHealth, Caterpillar share gains contribute to Dow's 250-point jump",MarketWatch,https://finnhub.io/api/news?id=f36eb0c33cad82c82570ef34c504209467aa988759750916a643ad2d0181d933,0.8796431728698362,0.9086800783478416,0.0290369054780052,0.0622830161741532,bullish,0.9086800783478416
2025-01-22 21:49:53,BA,Australia to spend another $31 million to save regional airline Rex,The Australian government said on Thursday it would buy A$50 million dollars of debt from the largest creditor of collapsed airline Regional Express Holdings to have more control during a voluntary...,Finnhub,https://finnhub.io/api/news?id=a42fa21ea51f59262c4fc1eb0587883e4c4bb3b2ce97744f60ef9f82b123873e,0.6448594805236199,0.670929724939691,0.0260702444160711,0.3030000306442377,bullish,0.670929724939691
2025-01-22 17:18:54,BA,Union investigates claims that Boeing is sending work to non-union locations,SEATTLE - Boeing's engineering union is formally investigating claims from its members that the company is moving work to non-union locations in the United States and overseas.  The...,Finnhub,https://finnhub.io/api/news?id=9a578d1f19984b0d1a56d6a49be4543f0b8a8335d23311b54039d2e28e4f9737,-0.9525946084908854,0.0094112903821477,0.9620058988730332,0.0285828107448191,bearish,0.9620058988730332
2025-01-22 14:53:25,BA,Trump transportation nominee will keep Boeing 737 MAX production cap in place,President Donald Trump's nominee to head the U.S. Transportation Department said he will keep in place a cap on production of Boeing 737 MAX planes put in place after a mid-air panel blowout last year...,Finnhub,https://finnhub.io/api/news?id=a2e5cec13ff04270508962dc524b8764eb1a4289d3c8f61d96e5f464434b6a90,0.1868725032592378,0.2461336385746774,0.0592611353154395,0.694605226109883,bullish,0.694605226109883
2025-01-22 09:51:00,BA,Airfares could soar almost 20% in the next few months. Here’s how to save on flights.,Airfares could soar almost 20% in the next few months. Here’s how to save on flights.,MarketWatch,https://finnhub.io/api/news?id=07bef2374e4cf057f2a79780449c1d206346e29c83c0191333c4c26e1fa57329,0.043096217134321,0.0641224963633065,0.0210262792289854,0.914851224407708,neutral,0.914851224407708
2025-01-22 08:29:51,BA,US Senate Committee advances Trump nominee to head Transportation Department,The U.S. Senate Commerce Committee voted to advance President-elect Donald Trump's nominee to head the U.S. Transportation Department. The committee voted 28-0 to advance the nomination...,Finnhub,https://finnhub.io/api/news?id=3da89955a2c37bebddd2e771ab1358ae44aec2c59edaebc447433983820704fa,0.0122064802708172,0.0684402679932197,0.0562337877224024,0.8753259442843778,neutral,0.8753259442843778
2025-01-22 06:26:00,BA,Beyond Big Tech: 20 stocks to ride the AI trend,Beyond Big Tech: 20 stocks to ride the AI trend,MarketWatch,https://finnhub.io/api/news?id=6b1766ad4fcce95a7f1d70daf2be0b5bf09974b7c2a316ef481a77bb94667cbc,0.1910315164135113,0.2035302717358764,0.012498755322365,0.7839709729417585,bullish,0.7839709729417585
2025-01-22 03:38:36,BA,Q4 Preview: Boeing's Potential Path To $500 (Rating Upgrade),"Boeing's sales are projected to reach $100-$110 billion by 2026, with potential EPS growth to $15 by 2028. Read why I upgrade BA stock from hold to buy.",SeekingAlpha,https://finnhub.io/api/news?id=33d91c0e72ff5ab20e411f63c75f3076c0f2439cd62ccde65e98867b96b0df24,0.9157069692124812,0.9321256528747957,0.0164186836623145,0.0514556634628898,bullish,0.9321256528747957
2025-01-22 02:20:00,BA,MoneyShow's Best Investment Ideas For 2025: Part 5,"MoneyShow presents top investment ideas for 2024 from leading advisors. Part 5 includes Boeing, Warby Parker, SentinelOne, Dutch Bros, Trinity Industries, Tilray Brands and SFL, among others",SeekingAlpha,https://finnhub.io/api/news?id=56a56fc08e16cb51085dbe752eb0e46e0bb8302212d7f3e1abb11aa6c8c199b1,0.039905757756972,0.0585679660658396,0.0186622083088675,0.9227698256252928,neutral,0.9227698256252928
2025-01-21 11:46:33,BA,Boeing: Fasten Your Seatbelts,Boeing saw a 20% bounce but faces risks in 2025. Read why BA stock could suffer from further dilution and a likely credit downgrade to junk status.,SeekingAlpha,https://finnhub.io/api/news?id=c9ff1cd5691cf1c0632b61ec3ccfe21aeaf4a328e29541252b27885b72d39f65,-0.0521883807436589,0.0436012583003151,0.095789639043974,0.8606091026557108,bearish,0.8606091026557108
2025-01-21 09:44:00,BA,"3M, Caterpillar share gains lead Dow's 531-point rally","3M, Caterpillar share gains lead Dow's 531-point rally",MarketWatch,https://finnhub.io/api/news?id=6c840ea47a62bfc78f3870f360a586e9c511d080ed7eeda25c274d217cf82718,0.7757849361864468,0.824751270186175,0.0489663339997281,0.1262823958140968,bullish,0.824751270186175
2025-01-21 06:02:00,BA,FTAI Stock Plummets in Fallout From Short Seller’s Report.,FTAI Stock Plummets in Fallout From Short Seller’s Report.,MarketWatch,https://finnhub.io/api/news?id=1ae51b47511710ac77d2309c2e1f27089635eb595cf102db034a641d697367b2,-0.9412393905749744,0.0111062476516527,0.9523456382266272,0.0365481141217202,bearish,0.9523456382266272
2025-01-21 05:21:00,BA,"Dow rallies 400 points on gains in shares of 3M, Caterpillar","Dow rallies 400 points on gains in shares of 3M, Caterpillar",MarketWatch,https://finnhub.io/api/news?id=5de9f34aef4a7c6813c7e150b49537c196880e972468ce740ca9b5a51cce26fb,0.8696482226847866,0.9070279023815904,0.0373796796968037,0.055592417921606,bullish,0.9070279023815904
2025-01-21 03:45:00,BA,"3M, Boeing share gains lead Dow's nearly 300-point jump","3M, Boeing share gains lead Dow's nearly 300-point jump",MarketWatch,https://finnhub.io/api/news?id=eafbcbf2334882de3046efb3aece1c3ba59a8ccd135a07c92dd6c46f4a97fe53,0.8709990026467255,0.9006683784995259,0.0296693758528003,0.0696622456476738,bullish,0.9006683784995259
2025-01-21 02:56:20,BA,Boeing: strategic partnership with Norsk e-Fuel on SAF,Boeing announces that it has signed a strategic partnership agreement with Norsk e-Fuel to accelerate the production and availability of sustainable aviation fuels in the Nordic countries and...,Finnhub,https://finnhub.io/api/news?id=b13276f992f41dd6506bfd8fe04eb06184b0a324fd572fd9affd7ee7fb9a0dda,0.8197926582996784,0.8267248476931904,0.0069321893935119,0.1663429629132976,bullish,0.8267248476931904
2025-01-21 01:02:53,BA,Hexcel: It Is Time To Buy The Stock (Rating Upgrade),"Hexcel faces challenges from Boeing's production issues, aerospace supply chain problems, and struggling Industrial segment. See why I upgrade HXL stock to buy.",SeekingAlpha,https://finnhub.io/api/news?id=4173defc56529533865359a1b942e5ebfbb011e980e44c8ea6a1020bbc559df7,0.3454600282694418,0.3559271335850969,0.010467105315655,0.633605761099248,bullish,0.633605761099248
2025-01-20 19:46:06,BA,FIDU: Industrials Dashboard For January,"FIDU offers diversified, capital-weighted exposure in industrials with a low expense ratio. Click here to read more analysis on FIDU ETF.",SeekingAlpha,https://finnhub.io/api/news?id=8d913ee9449f4a62274f77ea93e7ecc213b22651f5a0ae93acec7d9b2593c9fb,-0.0132751070473782,0.0310682367461042,0.0443433437934825,0.9245884194604131,neutral,0.9245884194604131
2025-01-20 06:04:25,BA,"Boeing: No Surprise On Loss As Airbus Books, Bills $56 Billion More Airplanes","Boeingâs quality issues led to major declines, while Airbus fared better. Find out why BA and EADSF stocks could see strong growth in 2025 due to low bases.",SeekingAlpha,https://finnhub.io/api/news?id=d75e8d664fea715f57c3b719f0fc6f8669250e51a249dd3aa4d54368dde0d270,-0.1322262237881785,0.379015073961948,0.5112412977501266,0.1097436282879252,bearish,0.5112412977501266
2025-01-20 00:40:00,BA,BUZZ Investing: Markets React To Fed Rate Cut As Renewed Inflation Risks Emerge,"Markets recently faced volatility driven by Fed cuts, resilient economic data, and persistent inflation concerns, leading to subdued sentiment. Click to read.",SeekingAlpha,https://finnhub.io/api/news?id=c585bcd657ee004527ac8c0f8a76875b52b24d2a15b2fd56b69c643573eed187,0.3580358624458313,0.5608417391777039,0.2028058767318725,0.2363523840904235,bullish,0.5608417391777039
2025-01-18 11:23:23,BA,Trump flies on Air Force plane to Washington as Biden sticks to tradition,"President-elect Donald Trump headed to Washington on Saturday ahead of his inauguration on a U.S. military airplane supplied by U.S. President Joe Biden, as the outgoing president emphasized sticking...",Finnhub,https://finnhub.io/api/news?id=3470cd654706371c6c25d2ec65fa714efdaf9f410b6189457c790833cdd86ab8,0.0934184423060492,0.1116448305368294,0.0182263882307801,0.8701287812323905,bullish,0.8701287812323905
2025-01-17 05:15:00,BA,Columbia Select Large Cap Value Fund Q4 2024 Commentary," Institutional Class shares of Columbia Select Large Cap Value Fund returned -2.51%
for the quarter ending December 31, 2024. Click here to read the full commentary. ",SeekingAlpha,https://finnhub.io/api/news?id=ce3d2320fd9258ccb20c4d994464f987c99420aedad188a12d2b81d981e676da,0.0775481501100308,0.0874418383819421,0.0098936882719112,0.9026644733461464,bullish,0.9026644733461464
2025-01-17 03:31:09,BA,USA: +0.9% industrial production in December,"Following a sequential rise of 0.2% in November , US industrial production rose by 0.9% the following month, according to the Fed.The Fed notes that 'higher aircraft and parts production contributed...",Finnhub,https://finnhub.io/api/news?id=ac4c947764436a5281fee4de851e680197132594e4779ed58904363a653a60d3,0.0158963359548003,0.179828577331986,0.1639322413771856,0.6562391812908284,neutral,0.6562391812908284
2025-01-16 23:09:11,BA,"LOT POLISH AIRLINES EXPANDS ITS PRESENCE AT REGIONAL AIRPORTS, CONNECTING KRAKOW WITH PARIS-ORLY",Highlights:* LOT Polish Airlines will be offering direct flights between Krakow and Paris-Orly .* The inaugural flight has been scheduled for 31 March 2025.* The connection from Krakow Airport will...,Finnhub,https://finnhub.io/api/news?id=42aefb85aeecf374404c9734b46a3b9f0b54c6d0d71c06b3f3ad3e777a0aa5e5,0.9354932963123932,0.946391073921622,0.010897777609229,0.0427111484691488,bullish,0.946391073921622
2025-01-16 15:47:07,BA,"Bird feathers, blood found in two engines of Boeing jet that crashed in South Korea -source","Investigators found bird feathers and blood in the two engines of the Boeing jet that crashed in South Korea on Dec. 29, a person familiar with the probe told Reuters on Friday. South...",Finnhub,https://finnhub.io/api/news?id=53c1e7f79b654e1fdf4b67d22c38b9b57715dc81a82cc8e3f1f6d6e1ef877694,-0.4506138132450638,0.0347000447686729,0.4853138580137368,0.4799860972175901,bearish,0.4853138580137368
2025-01-16 15:35:06,BA,Boeing resumes 777X test flights after grounding in August,"Boeing resumed testing for its long-delayed 777X widebody jet on Thursday, with the first flight since the U.S. planemaker grounded the test fleet in August due to the failure of a key engine mounting...",Finnhub,https://finnhub.io/api/news?id=7fbf09be6975909258b031374df42e8b39d8a5e0857fd8f700de7f1c743b1e66,-0.029144834184184,0.0611295725939875,0.0902744067781715,0.848596020627841,neutral,0.848596020627841
2025-01-16 05:09:00,BA,FTAI Stock Bounces Back From Short-Seller Report,FTAI Stock Bounces Back From Short-Seller Report,MarketWatch,https://finnhub.io/api/news?id=cc3d27c1fa23abc194567eb575ed6140b5b6ca217b4c04df9fa88730ac6183f1,-0.4157734339169691,0.2574003117501828,0.6731737456671519,0.0694259425826651,bearish,0.6731737456671519
2025-01-15 10:27:50,BA,Transportation secretary pick vows to buck any pressure to help Elon Musk in agency probes of Tesla,"NEW YORK — Donald Trump’s pick to head the Transportation Department promised Wednesday to scrutinize Boeing's safety issues, streamline regulations and not interfere in ongoing agency...",Finnhub,https://finnhub.io/api/news?id=65f1dec1aa671659121e930724735c914a533aa94c6f10a35963d051e9a809df,0.5312417105307793,0.5846029985412285,0.0533612880104492,0.3620357134483222,bullish,0.5846029985412285
2025-01-15 05:14:51,BA,Boeing Stock Falls On Big Drop In Airplane Deliveries,"Boeing faced significant challenges in 2024, including supply chain issues and a strike, leading to a sharp decline in orders and deliveries. Learn more on BA stock here.",SeekingAlpha,https://finnhub.io/api/news?id=0874bb411d84c610a5473ca8af957214566de350db58d146f8ac8f29a985d6c7,-0.9372015633947652,0.0169474141893795,0.9541489775841449,0.0289036082264756,bearish,0.9541489775841449
2025-01-15 04:37:21,BA,Elon Musk: A Look At The Tesla CEO's Business Empire,Elon Musk: A Look At The Tesla CEO's Business Empire,DowJones,https://finnhub.io/api/news?id=39991aa18d9d52fedfbf92abd0ff1135a8aa998ba8ee736c303e1b2dec161165,0.0127091272892925,0.0371718505280741,0.0244627232387815,0.9383654262331445,neutral,0.9383654262331445
2025-01-15 02:29:14,BA,Brazil's Gol releases new five-year plan ahead of Chapter 11 exit,"Brazilian airline Gol released a revised five-year strategic plan on Wednesday as it prepares to exit Chapter 11 bankruptcy proceedings, saying the new forecasts would serve as a base for its...",Finnhub,https://finnhub.io/api/news?id=b230526f99861cb825748e69b071546a5a15a61092206f7b5844821887be0da5,0.0563012954676885,0.0842460566455328,0.0279447611778442,0.887809182176623,bullish,0.887809182176623
2025-01-15 00:19:01,BA,Saudi PIF-backed Avilease to be 'opportunistic' about possible plane orders,The CEO of fast-growing aircraft lessor AviLease on Wednesday said he expects Boeing and Airbus to get their supply issues under control in the next four years and said he will be opportunistic about...,Finnhub,https://finnhub.io/api/news?id=e192919e7dda73f609121cd60d43629e8696e83c6fe8a96d52e1fdbc015fb075,0.0511795548853973,0.0938890959384563,0.042709541053059,0.8634013630084846,bullish,0.8634013630084846
2025-01-14 11:32:05,BA,Trump Transportation Dept nominee says he will work to restore global confidence in Boeing,President-elect Donald Trump's nominee to head the Transportation Department will tell a Senate committee on Wednesday he aims to ensure worldwide trust in U.S. planemaker Boeing after a 2024 mid-air...,Finnhub,https://finnhub.io/api/news?id=9857c739076198b02ead7d566341f114edb1f68bc32adfe0fb02ab09944db53a,0.8408370913498354,0.8524541949513508,0.0116171036015153,0.1359287014471339,bullish,0.8524541949513508
2025-01-14 11:31:26,BA,Industrials Advance After PPI Data - Industrials Roundup,Shares of industrial and transportation companies rose after a surprisingly weak reading of wholesale inflation quelled fears about factory costs and the interest-rate outlook. The producer price...,Finnhub,https://finnhub.io/api/news?id=610b9c9f9de7c38091c6925512162f4f9bd8a278238fcd587a90e913cb2286d5,0.6942789920953142,0.7895711483902228,0.0952921562949086,0.1151366953148686,bullish,0.7895711483902228
2025-01-14 10:39:00,BA,Boeing Co. stock underperforms Tuesday when compared to competitors,Boeing Co. stock underperforms Tuesday when compared to competitors,MarketWatch,https://finnhub.io/api/news?id=3254c10850cdd1b3faba6265e447ce82e465fad749836152ed2e0df4b559466e,-0.8000423327081259,0.0915195777571272,0.8915619104652531,0.0169185117776196,bearish,0.8915619104652531
2025-01-14 10:31:00,BA,Hegseth Wants to Reform Defense Contracting. The Winners and Losers.,Hegseth Wants to Reform Defense Contracting. The Winners and Losers.,MarketWatch,https://finnhub.io/api/news?id=5c587661ca87199848472b7c1592f5fda1cd4d53b0d0e8e5caac55e487b5a89e,0.0440111315848101,0.0816179526093297,0.0376068210245195,0.8807752263661508,neutral,0.8807752263661508
2025-01-14 10:22:00,BA,"These Stocks Moved the Most Today: Palantir, Nvidia, Eli Lilly, Boeing, KB Home, Signet, Aehr, and More","These Stocks Moved the Most Today: Palantir, Nvidia, Eli Lilly, Boeing, KB Home, Signet, Aehr, and More",MarketWatch,https://finnhub.io/api/news?id=b26aa839f40a2f2c7e0669651cdb2fdae897d114f27df535c7f2fc81501290ff,0.09987491071597,0.1390530872627172,0.0391781765467471,0.8217687361905356,bullish,0.8217687361905356
2025-01-14 10:03:05,BA,"Howmet, IBD Stock Of The Day, Flashes Buy Signal After Nearly Tripling","Howmet, IBD Stock Of The Day, Flashes Buy Signal After Nearly Tripling",DowJones,https://finnhub.io/api/news?id=a93a055facd1316ebaa7579235ea05e9f7e25c77fc58df4cd4c04ceb60861828,0.6890010890066948,0.7638880838122393,0.0748869948055444,0.1612249213822162,bullish,0.7638880838122393
2025-01-14 09:47:40,BA,"Airbus Wins $66.5 Billion In Airplane Orders, Delivers 766 Airplanes","Airbus' net orders for 2024 totaled 826 airplanes valued at $66.5 billion, despite a significant year-on-year decline in order inflow. Click for my EADSF stock update.",SeekingAlpha,https://finnhub.io/api/news?id=8431a799e7d87f30d39285547211c393642214a0890d5c53e587397b8f0e8f8b,0.8352268101086495,0.8500623273209751,0.0148355172123255,0.1351021554666993,bullish,0.8500623273209751
2025-01-14 08:14:00,BA,Boeing Stock Is Dropping on December Deliveries. This Number Was Crucial.,Boeing Stock Is Dropping on December Deliveries. This Number Was Crucial.,MarketWatch,https://finnhub.io/api/news?id=2cc5873754e405b3dda1094dec42d16019501dcb8366c446eb662f0f95000976,-0.9577525355984962,0.0074710851404047,0.9652236207389008,0.0273052941206944,bearish,0.9652236207389008
2025-01-14 07:44:05,BA,Boeing's aircraft deliveries and orders in 2024 reflect the company's rough year,Boeing delivered less than half the number of commercial aircraft to customers than its European rival in 2024 as the American aerospace giant's output suffered under intensified government scrutiny...,Finnhub,https://finnhub.io/api/news?id=78bec82a24fa129ce2d6627f3b902d41408ab109b9cc24eda8b8af5d9eafdd55,-0.9566206433320812,0.0141558515019239,0.9707764948340052,0.0150676536640708,bearish,0.9707764948340052
2025-01-14 06:26:41,BA,7 Investments To Avoid In 2025,Seeking Alpha contributors highlight 2025 investment picks. See why this article challenges you to avoid certain investments that may underperform.,SeekingAlpha,https://finnhub.io/api/news?id=46e1914519d62530a905f9211828fbd4b737cfa43d92e8f6bc2adcc8b8475a2b,-0.2814677118981683,0.0276755871684181,0.3091432990665864,0.6631811137649954,bearish,0.6631811137649954
2025-01-14 06:04:13,BA,Boeing: delivered 348 commercial aircraft in 2024,"Boeing announces that it delivered a total of 57 commercial aircraft in Q4 2024, for a total of 348 for the year as a whole.In detail, the aircraft manufacturer sold 36 737 models, 3 767 models, 3 777...",Finnhub,https://finnhub.io/api/news?id=a4a9471b68ebcc4cd5a6d5071b1fadd8925c3bfe2a7e27fa002641c71b38f876,0.255077280255475,0.2675787886255618,0.0125015083700868,0.7199197030043514,bullish,0.7199197030043514
2025-01-14 05:57:00,BA,"Boeing, NVIDIA Corp. share losses lead Dow's 113-point drop","Boeing, NVIDIA Corp. share losses lead Dow's 113-point drop",MarketWatch,https://finnhub.io/api/news?id=3ca72d57226be1bf03826877233e541fc991335a4eee1c9cd83d4e13fa92c07c,-0.9462019066691684,0.0163014216914984,0.9625033283606668,0.0211952499478347,bearish,0.9625033283606668
2025-01-14 05:40:42,BA,Boeing jet deliveries in 2024 drop to lowest since pandemic,"Deliveries of new Boeing jets bounced back in December after a crippling labor strike that slowed production last fall, but the company's annual deliveries dropped in 2024 to the lowest level since...",Finnhub,https://finnhub.io/api/news?id=2811c83d717a9aafd310a282e06cffbb4565acd7fe6ad0d833e46aeb3c8421f0,-0.9614695056248114,0.0087482298700509,0.9702177354948625,0.0210340346350867,bearish,0.9702177354948625
2025-01-14 05:01:07,BA,Boeing Announces Fourth Quarter Deliveries,"ARLINGTON, Va., Jan. 14, 2025 /PRNewswire/ -- The Boeing Company [NYSE: BA] announced today major program deliveries across its commercial and defense operations for the fourth quarter of 2024.The...",Finnhub,https://finnhub.io/api/news?id=5afb25701d0b08eff3b3be4374346549cd31cd05ab1b72350d5c31854c9b1e06,-0.1080601339197918,0.0569897188654883,0.1650498527852802,0.7779604283492315,bearish,0.7779604283492315
2025-01-14 04:20:10,BA,Boeing executive sees supply-demand balance by end of decade,"Boeing expects to reach a balance between supply and market demand for passenger jets by the end of the decade, an executive said on Monday. From my perspective that's ... about a...",Finnhub,https://finnhub.io/api/news?id=5aee3e8f39bfee42317ba71b9f03abfb615146d2bd077e0f6d9a8a584b3180ad,0.1431460125041154,0.178621168912474,0.0354751564083586,0.7859036746791674,bullish,0.7859036746791674
2025-01-14 04:13:12,BA,NASA Small Business Funding Enables Aircraft Inspection by Drone,"A small, black drone with four rotors is shown in the foreground flying in front of a commercial airliner in the background. The airliner is painted white and the front facing windows can be seen...",Finnhub,https://finnhub.io/api/news?id=ed380223479a3155780d60a5530d8edc0230b843fa925fadc63411cc41fd8456,0.0644334921464689,0.0757684137704142,0.0113349216239453,0.9128966646056405,bullish,0.9128966646056405
2025-01-13 10:39:00,BA,Boeing Co. stock underperforms Monday when compared to competitors,Boeing Co. stock underperforms Monday when compared to competitors,MarketWatch,https://finnhub.io/api/news?id=b6be2ad91487825e20b57cf0348a10b7913811d1c3bd46d00c234cb75597225b,-0.810434965575515,0.0868370664208983,0.8972720319964134,0.0158909015826882,bearish,0.8972720319964134
2025-01-13 09:07:04,BA,Lockheed Martin: China Sixth Generation Fighter And F-35 Risk Is Overblown,"Lockheed Martinâs F-35 production remains strong, despite downgrade concerns. Read why LMT stock is undervalued and a buy based on strategic funding alignment.",SeekingAlpha,https://finnhub.io/api/news?id=23bbf1682c8ad8a607b02908317bf999b391edc6521a222048551035687ae48a,0.0936021481097864,0.164218002181694,0.0706158540719075,0.7651661437463985,bullish,0.7651661437463985
2025-01-13 07:35:00,BA,3 Experts Tackle Their 6 'Top Picks' For 2025,What stocks offer the most profit potential in the new year? Three contributors go into more detail about their six picks for the new year as part of the MoneyShow 'Top Picks' report.,SeekingAlpha,https://finnhub.io/api/news?id=20459c8cd9a4a252574bdb1f51ed6884909d8ae956bed05bf1d731e954d4e168,0.0472410134823271,0.0742871790379858,0.0270461655556587,0.8986666554063554,neutral,0.8986666554063554
2025-01-13 00:20:41,BA,AerCap CEO warns tariffs could hinder Boeing cash recovery,"The head of the world's largest aircraft leasing company, AerCap, said on Monday that potential new trade tariffs floated by U.S. President-elect Donald Trump could hit supply chains and hinder...",Finnhub,https://finnhub.io/api/news?id=b1eb9c95edf41c46f16b005e83a6b39d8213974cf18286ff75443baa93af99c2,-0.9583133017879916,0.0092265911974023,0.967539892985394,0.0232335158172038,bearish,0.967539892985394
2025-01-12 16:10:30,BA,South Korea says it plans to change 'localizer' structures at airports this year,South Korea's transport ministry said on Monday it aims to change the structures of localizer antenna used to guide landings at airports this year. The ministry had conducted an...,Finnhub,https://finnhub.io/api/news?id=fa7cbaaa17a99a0a624fb826563e4e070a1d6ad94196473b5fdd1383048708f3,0.0570757217221834,0.0763446335169659,0.0192689117947825,0.9043864546882516,bullish,0.9043864546882516
2025-01-12 14:46:31,BA,"Volatility Is The New Normal For 2025, And Requires New Tactics","In the last several weeks, we have seen quite a bit of volatility, and it could stay for most of 2025. Find out how to navigate the volatile market of 2025.",SeekingAlpha,https://finnhub.io/api/news?id=0018c077dee1a24564cd309cbe0cbadda7b30ea6f4a11ea2134a43ef34cc82b0,0.0042416453677538,0.0514123704389659,0.047170725071212,0.901416904489822,neutral,0.901416904489822
2025-01-12 07:23:00,BA,"Boeing Stock Would Benefit From a Breakup, Specialist Says","Boeing Stock Would Benefit From a Breakup, Specialist Says",MarketWatch,https://finnhub.io/api/news?id=9646f3c865bac22e32b04e9d278c268fe302434de3e8024e9b23fbad47afffbe,0.5428144791325158,0.5545867905670321,0.0117723114345162,0.4336408979984515,bullish,0.5545867905670321
2025-01-12 02:12:14,BA,How black boxes preserve vital clues to air disasters,"Flight data and cockpit voice recorders on the Jeju Air jet that crashed on Dec. 29, killing 179 people, stopped recording about four minutes before it crashed, South Korea's transport ministry said...",Finnhub,https://finnhub.io/api/news?id=74757b0ab5139e17b00c6d1244039ce3dd88852431648847cad8e596fb35b104,0.0086993721515127,0.0409714790889179,0.0322721069374052,0.9267564139736768,neutral,0.9267564139736768
2025-01-10 12:23:31,BA,Delta Flight Under Investigation After Emergency Injures Four,"(Bloomberg) -- US aviation safety regulators are investigating a Delta Air Lines Inc. flight in which four people were injured after pilots aborted takeoff due to a possible engine problem, with passengers using emergency slides to flee onto a snow-covered runway.Most Read from BloombergWhat Robotaxis Brought San FranciscoNYC Condo Owners May Bear Costs of Landmark Green Building LawAmbitious High-Speed Rail Plans Advance in the Baltic RegionA Blueprint for Better Bike LanesNYC’s Subway Violence",Yahoo,https://finnhub.io/api/news?id=ef4d24658bfea1150904af8022b7e8cb8937dcd80fee5c4ca1792b91d1c6f428,-0.9136152035893426,0.0209510644986393,0.934566268087982,0.0444826674133787,bearish,0.934566268087982
2025-01-10 07:25:00,BA,RTX's Arm Wins a $333M Contract to Aid Standard Missile-6 Program,"RTX's unit, Raytheon, secures a $333.3 million contract to support the SM-6 missile program.",Yahoo,https://finnhub.io/api/news?id=3b022b4030485ede9a75927b168b89faa6c6ab05d8f54f131c605b5fd791372e,0.9340334036031424,0.9461893377608384,0.012155934157696,0.0416547280814656,bullish,0.9461893377608384
2025-01-10 03:10:13,BA,Boeing: No New Crisis Expected After Fatal 737 Crash,"Boeing's stock price declined after a fatal crash involving a 15-year-old Boeing 737-800, but no design or manufacturing flaws were evident. Learn more on BA stock here.",SeekingAlpha,https://finnhub.io/api/news?id=21add0bbdb0ba9941efd431b5072f86ad31f67b569d4cdff883cbab893889681,-0.478697423685438,0.038983798064895,0.517681221750333,0.4433349801847718,bearish,0.517681221750333
2025-01-09 21:40:00,BA,ClearBridge Value Strategy Q4 2024 Commentary,The ClearBridge Value Equity Strategy outperformed its Russell 1000 Value Index during the fourth quarter. Click here to read the full commentary.,SeekingAlpha,https://finnhub.io/api/news?id=28be69b36fc0c151aff327a88dba9fad15afd2a82fc1454078a8cb7d6070a482,0.0592518950368904,0.0721342218579766,0.0128823268210861,0.9149834513209372,bullish,0.9149834513209372
2025-01-09 20:00:00,BA,The CEOs Who Are Tearing Up the Policies Trump Hates,Companies seeking to benefit from campaign promises to cut regulations and taxes are ditching diversity and climate initiatives; ‘EVERYBODY WANTS TO BE MY FRIEND!!!’,Yahoo,https://finnhub.io/api/news?id=72b2ff7dc69e17136a7941de02cea0ec855eac418f7e568725527e4ac7749436,-0.6311243772506714,0.0229533314704895,0.6540777087211609,0.3229689598083496,bearish,0.6540777087211609
2025-01-09 15:26:02,BA,Boeing says it is donating $1 million to Trump presidential inaugural fund,"WASHINGTON (Reuters) -Boeing is donating $1 million to U.S. President-elect Donald Trump's inauguration, a spokesperson for the U.S. planemaker said on Thursday.  Boeing is joining many major U.S. companies including General Motors, Ford, Microsoft and Meta in donating for the Jan. 20 event.  American Airlines separately confirmed on Thursday it is also donating $1 million.",Yahoo,https://finnhub.io/api/news?id=64fae20ac2c89157ca65aaa6dc00b7f7c881d109d41ac67b37342f3d3a47b453,0.0997180943337934,0.1092580795650102,0.0095399852312167,0.881201935203773,bullish,0.881201935203773
2025-01-09 14:01:05,BA,Taiwanese startup Starlux Airlines doubles down on Airbus A350 freighter,"Starlux Airlines plans to start a freighter fleet with the all-new Airbus A350 cargo jet, bringing welcome supply to a tight market. The post Taiwanese startup Starlux Airlines doubles down on Airbus A350 freighter appeared first on FreightWaves.",Yahoo,https://finnhub.io/api/news?id=8bda41c5010ecbb5f5f041200d317df2a25e08483b3c93eb717a584f46b0d8c7,-0.9390941110872496,0.013006079458841,0.9521001905460909,0.0348937299950681,bearish,0.9521001905460909
2025-01-09 13:05:00,BA,Aircraft lessor Avolon sees impact of supply issues lasting a decade,"A long-running production shortfall by planemakers will underpin supply and demand dynamics that are boosting airline and lessor profits for at least another decade, the head of the world's...",Finnhub,https://finnhub.io/api/news?id=1c208179c353232609e2046b6f656b061064b487d42e3e0d4d16d57dd63a54c4,-0.8801989233286311,0.0375841816799451,0.9177831050085764,0.0446327133114786,bearish,0.9177831050085764
2025-01-09 11:28:00,BA,Airbus Comes Slightly Short of Plane Delivery Target Amid Supply-Chain Bottlenecks,The European plane maker delivered fewer aircraft than expected last year as persisting supply-chain hurdles weighed on production.,Yahoo,https://finnhub.io/api/news?id=e1603cca3995713bce6590d5fbcc8e0c8a9b7bc76727ca466b74bdde71613bfb,-0.9464334494799038,0.0209259516343951,0.967359401114299,0.0117146472513059,bearish,0.967359401114299
2025-01-09 10:26:02,BA,"Boeing donating $1 million to Trump presidential inaugural fund, spokesperson says","Boeing is donating $1 million to U.S. President-elect Donald Trump's inauguration, a spokesperson for the U.S. planemaker said on Thursday. Boeing is joining many major U.S. companies...",Finnhub,https://finnhub.io/api/news?id=ca2d98e716b32336cf419835b57be14b21b7830df65b662294c9e950e7be640a,0.1577546220014075,0.1668464765033041,0.0090918545018965,0.8240616689947994,bullish,0.8240616689947994
2025-01-09 09:27:00,BA,Moat Strategies Reposition For 2025 Amid December Dip,"The Morningstar Wide Moat Focus Index retreated along with the broad U.S. equity market in December, falling 4.5% during the month versus the 2.4% decline for the S&P 500.",SeekingAlpha,https://finnhub.io/api/news?id=785e8863b06067b757ef2f9a1839f8a8dce407254f5e5437ddc9617de355bc41,0.0309452668760914,0.0574132450030709,0.0264679781269795,0.9161187768699496,neutral,0.9161187768699496
2025-01-09 09:24:43,BA,Airbus Sounds Alarm on U.S. Trade Policy as Boeing Struggles and China's Comac C919 Races Ahead,Airbus and Boeing face mounting competition as Comac C919 eyes global markets amid U.S.-EU trade uncertainties,Yahoo,https://finnhub.io/api/news?id=8990260c2638b7fa8eac5b9f310c4df02107029a854e41ad74e473e766771d47,-0.9210521386152228,0.0206010165948023,0.9416531552100252,0.0377458281951725,bearish,0.9416531552100252
2025-01-09 09:04:55,BA,Why Hexcel Stock Fell in 2024,"A bad year for Boeing translated into a miserable year for owners of some of the aerospace giant's largest suppliers.  In a year when the S&P 500 was up 23%, Hexcel (NYSE: HXL) shares traded down 15%, according to data provided by S&P Global Market Intelligence, as the aerospace supplier dealt with choppy demand for the composite materials that have become a foundational part of new aircraft manufacture.  Hexcel specializes in the production of carbon fiber materials that offer the durability of metals at a fraction of the weight, making them ideal for making airplanes and other large equipment more fuel efficient.",Yahoo,https://finnhub.io/api/news?id=310fd0cffa9e5ab94f1492d4125356429614699823066accd7cf3d1bdc4995c5,-0.8448860914578685,0.014018633494275,0.8589047249521437,0.1270766415535812,bearish,0.8589047249521437
2025-01-09 07:43:17,BA,Here's Why Boeing Stock Slumped in 2024,"Last year had hardly begun before a high-profile door plug blowout on a Boeing 737 MAX on an Alaska Airlines  flight raised renewed safety and quality concerns at Boeing.  Slowing 737 MAX deliveries is one of the last things Boeing wants to do and the last thing airlines wish to see, but everybody wants to see Boeing ensure the quality of their airplanes.  The result is that Boeing got nowhere near its aim of achieving an initial rate of 38 deliveries a month for the 737 MAX.",Yahoo,https://finnhub.io/api/news?id=b28414792e953471027d766c3d02ccf1c0674b3a7370de93598dfd334cc1ebef,-0.9492248745848152,0.0088119966056383,0.9580368711904534,0.0331511322039082,bearish,0.9580368711904534
2025-01-09 06:45:00,BA,Airbus Clinches a $315M Deal to Support UH-72 Lakota Helicopter,EADSY secures a $315 million deal to provide logistics support and engineering services for the UH-72 Lakota helicopter.,Yahoo,https://finnhub.io/api/news?id=268a50cd10cccc48079dd6479ad8217c369df0bed11cc1523826a5bd8b1cebae,0.9250138913748734,0.9387111190165912,0.0136972276417177,0.0475916533416911,bullish,0.9387111190165912
2025-01-09 06:42:00,BA,Lockheed Secures Contract for F-35 Joint Strike Fighter Jet Program,LMT's unit secures a $678.4 million modification contract to provide support to the F-35 Joint Strike Fighter aircraft.,Yahoo,https://finnhub.io/api/news?id=b3fd798cff29a1a210ea617563443b5db2a5332b6e33b1eb0e14aba2cca4eaaf,0.920678767568234,0.93913949410561,0.0184607265373759,0.042399779357014,bullish,0.93913949410561
2025-01-08 10:00:00,BA,Boeing to Release Fourth Quarter Results on January 28,"The Boeing Company [NYSE: BA] will release its financial results for the fourth quarter of 2024 on Tuesday, January 28.",Yahoo,https://finnhub.io/api/news?id=08a2983fd624371f6a63b02456ce2b9e35ccb9dafb66f3450128a92459622b89,-0.0302225461966449,0.0303092560533089,0.0605318022499538,0.9091589416967372,neutral,0.9091589416967372
2025-01-08 03:53:00,BA,"Merck, Johnson & Johnson share losses lead Dow's 180-point fall","Merck, Johnson & Johnson share losses lead Dow's 180-point fall",MarketWatch,https://finnhub.io/api/news?id=ef134ca04be5aef37b93f3b9f9313f1385c8076a0ea8e4ff18d1315a70e3d0f3,-0.9122864918681716,0.0270320477112055,0.9393185395793768,0.0336494127094175,bearish,0.9393185395793768
2025-01-07 16:45:20,BA,Why the Market Dipped But Boeing (BA) Gained Today,"In the closing of the recent trading day, Boeing (BA) stood at $172.51, denoting a +1.01% change from the preceding trading day.",Yahoo,https://finnhub.io/api/news?id=279ac7b31d6818621171705112aa4493df10fde868adb10b8ae155fc5dd128dc,0.395470109446946,0.6304004380226266,0.2349303285756805,0.1346692334016929,bullish,0.6304004380226266
2025-01-07 07:15:20,BA,Boeing price target raised to $205 from $200 at Jefferies,"Jefferies raised the firm’s price target on Boeing (BA) to $205 from $200 and keeps a Buy rating on the shares. The Defense and IT services revenue outlook “appears balanced and lacks positive catalysts,” says the analyst in a 2025 outlook note for the Aerospace and Defense Electronics group. The firm’s favorite sector in the group into 2024 was Commercial Aero, “which we see no reason to change,” with its favorite names in 2025 aftermarket heavy, the analyst added. Published first on TheFly – t",Yahoo,https://finnhub.io/api/news?id=d2f964d36fed266d3af1663fde6f571d77f977dd4b83759a59fc15bb57eea8ad,0.9093966238488076,0.9379605493663904,0.0285639255175826,0.0334755251160269,bullish,0.9379605493663904
2025-01-07 06:44:00,BA,Boeing Secures $615.8M Contract to Support F-15 Jet Program,"Boeing receives a $615.8 million contract for F-15 EPAWSS production from the Air Force Life Cycle Management Center, Wright-Patterson Air Force Base, OH.",Yahoo,https://finnhub.io/api/news?id=b5ec4db7f5babfc749858c70f97702c83373271026945f65fdf61585a6a2f83a,0.9256575609728804,0.9454515822908324,0.0197940213179519,0.0347543963912158,bullish,0.9454515822908324
2025-01-07 04:34:40,BA,AerCap Holdings: A Financial Company That Flies,"AerCap Holdings is a strong financial entity with favorable ratios, manageable leverage, and significant potential returns. Click here to read why AER is a Buy.",SeekingAlpha,https://finnhub.io/api/news?id=4ad5eb36020ce1e5ce1f1685a406ff176b98e91b718a9933bc0b7c08ce9c0ce0,0.0184769973279795,0.0356199718707043,0.0171429745427247,0.9472370535865708,neutral,0.9472370535865708
2025-01-07 03:45:00,BA,"IBM, Walt Disney share gains lead Dow's 167-point jump","IBM, Walt Disney share gains lead Dow's 167-point jump",MarketWatch,https://finnhub.io/api/news?id=2b7009e169f366f250f47514587e15f505704996f14a5f223e112feb562fc6bd,0.7743081353060081,0.8120764636205623,0.0377683283145542,0.1501552080648835,bullish,0.8120764636205623
2025-01-07 03:19:00,BA,Boeing progresses on manufacturing improvement plan,"Despite its new safety measures, FAA Administrator Mike Whitaker wrote recently that the company needs a “fundamental cultural shift.”",Yahoo,https://finnhub.io/api/news?id=0601b0bf4e7f3338a55f7bae9c07b7d5b72a93f2d07e2c336953c263e398f1b9,0.4322189199344733,0.4522145424203168,0.0199956224858434,0.5277898350938397,bullish,0.5277898350938397
2025-01-07 01:11:00,BA,Southwest Airlines in Sale-Leaseback Deal for 36 Boeing 737-800s,Southwest Airlines in Sale-Leaseback Deal for 36 Boeing 737-800s,MarketWatch,https://finnhub.io/api/news?id=d412546daa2ef583b72490ca441c6c6f0a8d3bf16b691dff190e1681b21a4eb3,0.7562798407050195,0.7695438990851773,0.0132640583801577,0.2171920425346649,bullish,0.7695438990851773
2025-01-06 23:01:00,BA,"Inside Robby Starbuck’s Campaign to End DEI, One Company at a Time",Conservative activist Robby Starbuck has claimed success for pushing 15 public companies to change or abandon their DEI and LGBTQ policies. WSJ visited Starbuck at his Tennessee home for a behind-the-scenes look at how he and his team do their work.,Yahoo,https://finnhub.io/api/news?id=ed8578f7cd9c3ab0c190618fd5faaa0ffddf4df7ba5f5c9c229abb3c0f3efc74,-0.0763394064802108,0.0344770465947077,0.1108164530749186,0.8547065003303737,bearish,0.8547065003303737
2025-01-06 20:00:00,BA,Can Boeing Be Fixed? Aerospace Leaders Offer a Repair Manual,"Restore trust, revamp the design process and forget the stock price: Experts from inside and outside the company share advice for the troubled jet maker.",Yahoo,https://finnhub.io/api/news?id=fa3197d64a823118b8ecfd3e07bb8e331d0d564b50360ef15fd980186bd09c41,0.2372261081502658,0.2520079394506942,0.0147818313004283,0.7332102292488775,bullish,0.7332102292488775
2025-01-06 17:40:00,BA,Outgoing US transport chief says Boeing has more to do after 737 MAX incident,"WASHINGTON (Reuters) -The outgoing U.S. transportation secretary said on Monday that Boeing has more to do and its efforts to improve its culture are unfinished after a door panel missing four key bolts flew off a new 737 MAX 9 in mid-air in January 2024.  ""There were real deficiencies ... there is much more to do,"" Pete Buttigieg told Reuters in an interview.  ""I think the culture change at Boeing is something that is a real work in progress and the only way to fully assess it will be to see they can consistently improve results.""",Yahoo,https://finnhub.io/api/news?id=6260d3608701128340151cc0d13910104cf14d38649bc9b2d29b59790825b3b8,0.1472822915793144,0.1666016966748382,0.0193194050955237,0.814078898229638,bullish,0.814078898229638
2025-01-06 15:19:00,BA,Pete Buttigieg says Boeing needs 'a pretty profound culture change',Boeing (BA) is coming in for a bit more last-minute criticism from outgoing members of the Biden administration. Soon-to-be-former Transportation Secretary Pete Buttigieg told Bloomberg in an interview Monday that the planemaker still has a lot of work to do on itself.,Yahoo,https://finnhub.io/api/news?id=c211e7a828645995a880abe622c790ab43cbe4055f34847f38b03455f3188d95,0.6802458479344733,0.6909336102627318,0.0106877623282584,0.2983786274090097,bullish,0.6909336102627318
2025-01-06 12:37:12,BA,Boeing Gets $616 Million Pentagon Contract for Electronic Warfare Systems,"By Connor Hart Boeing was awarded a $616 million contract for its Eagle Passive Active Warning Survivability System, or EPAWSS, an electronic warfare system that will enable decades-old Air Force...",Finnhub,https://finnhub.io/api/news?id=563100ae95485f440fbd5bbe2c3012bd1e3de32c99d2a73363e37d68cbe55c0f,0.639800339195871,0.6636685605408892,0.0238682213450181,0.3124632181140926,bullish,0.6636685605408892
2025-01-06 12:21:00,BA,Boeing Gets $616M Pentagon Contract for Electronic Warfare Systems,Boeing Gets $616M Pentagon Contract for Electronic Warfare Systems,MarketWatch,https://finnhub.io/api/news?id=3f63edace0a8822fa7e9790b8b15dcf30e40a2bd6b427b4cdd87569580b68299,0.7499840068635342,0.7693671369170638,0.0193831300535296,0.2112497330294065,bullish,0.7693671369170638
2025-01-06 11:04:11,BA,"Top Midday Stories: Disney to Combine Hulu + Live TV Business With Fubo; US Steel, Nippon Steel Challenge Biden's Block of Proposed Merger","All three major US stock indexes were trading higher around midday Monday, with the Nasdaq and S&P 5",Yahoo,https://finnhub.io/api/news?id=a17916d4173508d67f964428ded937d56f98336d50c9ab945ccc3071ba6db282,0.7243819195685076,0.7429738751496952,0.0185919555811875,0.2384341692691172,bullish,0.7429738751496952
2025-01-06 10:41:00,BA,"Boeing Co. stock rises Monday, still underperforms market","Boeing Co. stock rises Monday, still underperforms market",MarketWatch,https://finnhub.io/api/news?id=c6d346e7a6f96273b57822acfd580bbe7d07e0e9fef8013e4210bb391015ff1a,0.3794563144085185,0.677523028578842,0.2980667141703234,0.0244102572508346,bullish,0.677523028578842
2025-01-06 10:12:05,BA,Boeing picks IT veteran as chief information digital officer,"Dana Deasy, who previously served as CIO for the U.S. Department of Defense, will lead information security, IT and data analytics for the manufacturer.",Yahoo,https://finnhub.io/api/news?id=e3b197165980e3e63a1bc4cfe51cbc19c7fb00e55a053be2348355ccb33b9f00,0.1020231405838338,0.1179829794349981,0.0159598388511642,0.8660571817138376,bullish,0.8660571817138376
2025-01-06 09:23:00,BA,Boeing Stock Rises. Why Barclays Upgraded the Stock.,"Boeing is positioned to demonstrate ‘sustained positive momentum’ in 2025, write Barclays analysts led by David Strauss.",Yahoo,https://finnhub.io/api/news?id=6aa8926ae6edb8cdc4e5d7f76fa16d0f999ff5cc7a45e5770a03a056c916340f,0.1886174036750482,0.2193941951497799,0.0307767914747317,0.7498290133754884,bullish,0.7498290133754884
2025-01-06 08:50:53,BA,Boeing may have to wait for Trump before it can resolve major legal problem,"Boeing and DOJ asked a federal judge to give them until mid-February to amend a criminal plea deal, giving the new Trump administration a chance to review the matter.",Yahoo,https://finnhub.io/api/news?id=65e3a2ca62d608fdaac0d1a62e4e241b4b1eacbd0b72dc3d6d3e0f46cbb0c92f,-0.7097338880320969,0.0318704578741372,0.7416043459062341,0.2265251962196286,bearish,0.7416043459062341
2025-01-06 07:42:00,BA,Wall Street Lunch: Fubo Soars On Disney Deal,Deal to create new multichannel video distributor also settles litigation. Nvidia gets another accolade. Citi gets defensive.,SeekingAlpha,https://finnhub.io/api/news?id=e6d4e42f67f4ebc9a9119b3f9a0012a7164e62f0100969c935ff443f4232f074,0.2614602775507493,0.2933623867241171,0.0319021091733677,0.6747355041025151,bullish,0.6747355041025151
2025-01-06 07:00:00,BA,"NVIDIA Corp., Goldman Sachs share gains contribute to Dow's 200-point climb","NVIDIA Corp., Goldman Sachs share gains contribute to Dow's 200-point climb",MarketWatch,https://finnhub.io/api/news?id=efa1588ee5a7d62be00b441ba0bfb87cbf86d529f0ee5f1b2cdc398bdb82eb6c,0.8789384138135682,0.9007859574411262,0.0218475436275579,0.0773664989313157,bullish,0.9007859574411262
2025-01-06 06:05:00,BA,Barclays Upgrades Boeing (BA),,Fintel,https://finnhub.io/api/news?id=8f75a89c8d3c9bbe83174f0664ba4e12b2c6b982fb5cd1568136b49b8757b30e,0.1150591969490051,0.1369146108627319,0.0218554139137268,0.8412299752235413,bullish,0.8412299752235413
2025-01-06 04:30:00,BA,How Do People Survive Plane Crashes That Kill Nearly Everyone Else?,"Lots of variables determine a flight’s survivability, including the location of the seat—and plain luck.",Yahoo,https://finnhub.io/api/news?id=14f38d78c472b6eb237496865ff004fb0ef83e4ddfb9c75010d1ade870161584,-0.352329784705165,0.0290800803227683,0.3814098650279334,0.5895100546492982,bearish,0.5895100546492982
2025-01-06 03:45:00,BA,"Dow rallies 150 points on gains for NVIDIA Corp., Chevron stocks","Dow rallies 150 points on gains for NVIDIA Corp., Chevron stocks",MarketWatch,https://finnhub.io/api/news?id=34d8cfa6165da2fd9d0b9d03f33f17a90a029c2b2025e3a3716796e460965617,0.825053092647509,0.8862029315842213,0.0611498389367122,0.0526472294790665,bullish,0.8862029315842213
2025-01-05 19:48:11,BA,Boeing: new Chief Information Officer,"Boeing announces the appointment of Dana Deasy as Chief Digital Information Officer and Senior Vice President, Information Technology and Data Analytics, succeeding Susan Doniz who left the company at...",Finnhub,https://finnhub.io/api/news?id=8cd138d7e25286f4cf941d2f3dfb1cd420cc6cc635f0a2d4cb944e8dea874d0a,0.0272067950491187,0.0694668706933779,0.0422600756442591,0.8882730536623629,neutral,0.8882730536623629
2025-01-04 00:33:00,BA,These are the space stocks to watch in 2025,These are the space stocks to watch in 2025,MarketWatch,https://finnhub.io/api/news?id=73ba3adeea22bb99bbbfb2d6d54c12f6ae0c436f491b8491e76f120f7e0ef3d8,0.0353501579356423,0.0531896293123149,0.0178394713766725,0.9289708993110126,neutral,0.9289708993110126
2025-01-03 19:09:13,BA,South Korea to compile transcript of voice recording from crashed plane on Saturday,"Investigators on Saturday expect to compile the complete transcript from the cockpit voice recorder recovered from the wreckage of the Jeju Air Boeing 737-800 that crashed on Sunday in South Korea,...",Finnhub,https://finnhub.io/api/news?id=6f3df2fcb652f1bc3712e2e9ae9790951e6c72a28d7712fd8275fce8b7f09e3d,-0.0102413888930757,0.03093536455425,0.0411767534473257,0.9278878819984242,neutral,0.9278878819984242
2025-01-03 16:12:14,BA,One thing Boeing needs to improve in 2025,"Nearly one year after a door plug blew out of an Alaska Airlines flight, Boeing (BA) has highlighted some of the efforts it has made to improve safety. Many of these are being executed by new CEO Kelly Ortberg, who took the helm of the aerospace giant in August. Bloomberg Intelligence senior aerospace defense and airlines industry analyst George Ferguson says there is one thing that Ortberg needs to do now: improve deliveries. ""Boeing needs to be very focused on safety and engineering culture quality. But at the same time, they need to deliver airplanes. Airbus is delivering at a much faster cadence and doing it with quality and not having any problems. Boeing can't live, can't exist as a company, at these levels of deliveries."" To watch more expert insights and analysis on the latest market action, check out more Market Domination Overtime here. This post was written by Stephanie Mikulich.",Yahoo,https://finnhub.io/api/news?id=3b1aba11eec005afa88ad5d5d06b07da6a833527e14b51f28948f98a13155bc0,0.854555500636503,0.8628135744201921,0.0082580737836891,0.1289283517961187,bullish,0.8628135744201921
2025-01-03 16:05:00,BA,Boeing Appoints Deasy as Chief Information Officer,"Boeing [NYSE: BA] today announced Dana Deasy as the company's new chief information digital officer and senior vice president, Information Technology & Data Analytics.",Yahoo,https://finnhub.io/api/news?id=db10329918a5e9ca8637e933cd0affed254f6f7661fb4e2c4050b71bf1ec3baa,-0.0021992289103366,0.0461757977427191,0.0483750266530558,0.9054491756042252,neutral,0.9054491756042252
2025-01-03 15:19:00,BA,Boeing Stock Drops Despite New Safety and Quality Update,The company published a safety update detailing some of the steps it has taken to improve manufacturing quality.,Yahoo,https://finnhub.io/api/news?id=7e685945bc87a7fd33f64a7b9eec8ad23039847b4a4f97b948a14ae62fdc9e00,-0.9454513713884634,0.0146551859284085,0.960106557316872,0.0252382567547194,bearish,0.960106557316872
2025-01-03 15:16:00,BA,"The Score: Boeing, Tesla, U.S. Steel and More Stocks That Defined the Week","A passenger plane in South Korea crashed on Dec. 29, killing nearly all of the 181 people on board, in one of the deadliest aviation disasters in recent years.  The U.S. National Transportation Safety Board said it was leading a team of American investigators—including representatives from the U.S. Federal Aviation Administration and  Boeing  —to assist South Korea’s officials in their probe.  The Boeing 737-800 suffered an apparent bird strike as it approached Muan International Airport, attempted to land at a high rate of speed without its landing gear down, slid off the runway and slammed into a concrete barrier.",Yahoo,https://finnhub.io/api/news?id=b8ab5cd277689c6815d345e63106cb0f162e638775ba94a149354b0a87c8af13,0.0125554499203983,0.0405867053437224,0.028031255423324,0.9313820392329536,neutral,0.9313820392329536
2025-01-03 13:40:45,BA,Veteran trader picks battered stock as top stock to buy,The longtime trader makes a stock choice that might shock some investors.,Yahoo,https://finnhub.io/api/news?id=343ae42008445e20208962dc41b112e4d159b86f078a2b932d27ebe2bca9c615,0.1948377307144541,0.2141003171102868,0.0192625863958326,0.7666370964938805,bullish,0.7666370964938805
2025-01-03 13:20:41,BA,"Boeing, DOJ tell US judge they have not reached agreement on revised plea deal","The U.S. Justice Department and Boeing told a court on Friday they have not reached agreement on a revised plea deal after a U.S. judge in December rejected the deal, faulting a diversity and inclusion provision.  Boeing and the government ""continue to work in good faith toward"" a new agreement, they said in a joint filing.  In July, Boeing agreed to plead guilty plea to a criminal fraud conspiracy charge in the wake of two fatal 737 MAX crashes.",Yahoo,https://finnhub.io/api/news?id=9ec8100b028369ec9d21f355ed874ffb16f83b61895c0714f2dc881bfcf65327,-0.5719112051169036,0.0736655410975721,0.6455767462144757,0.2807577126879522,bearish,0.6455767462144757
2025-01-03 11:49:12,BA,Boeing Names Dana Deasy Chief Information Digital Officer,"By Josh Beckerman Boeing named Dana Deasy as its chief information digital officer and senior vice president, Information Technology & Data Analytics. Bloomberg reported in December that...",Finnhub,https://finnhub.io/api/news?id=e380764ef43499a6695b7a9eded828ea2853572189eecc5520ca23b881d31252,-0.0101835503415498,0.0325250772198656,0.0427086275614155,0.9247662952187188,neutral,0.9247662952187188
2025-01-03 11:18:00,BA,Boeing Stock Rises. There Is a New Safety and Quality Update,The company published a safety update detailing some of the steps it has taken to improve manufacturing quality.,Yahoo,https://finnhub.io/api/news?id=ba469f36bae0667a01d33aff46b7fe9a779d3688f24c82cfda1980474c73b4d2,0.172005295753479,0.284235268831253,0.112229973077774,0.6035347580909729,bullish,0.6035347580909729
2025-01-03 11:05:00,BA,Boeing Appoints Dana Deasy as Chief Information Officer,"Boeing announced Dana Deasy as the company's new chief information digital officer and senior vice president, Information Technology & Data Analytics. Elected to the role effective Dec. 31, 2024,...",Finnhub,https://finnhub.io/api/news?id=d3c4ae0e2d4c05e42b8c3c4ea20273753435c461424f686a43ebbd90f319c953,-0.0102226701097539,0.0396268197741173,0.0498494898838713,0.9105236903420112,neutral,0.9105236903420112
2025-01-03 10:52:44,BA,Outgoing FAA Chief Says Boeing's Safety Turnaround 'Not a One-Year Project',"Approaching one year since the Alaska Airlines incident that saw a door panel detach from a Boeing plane in midair, outgoing Federal Aviation Administration head Mike Whitaker said the plane maker's safety turnaround plan is ""not a one-year project.""",Yahoo,https://finnhub.io/api/news?id=62f77029e40e2f71ea86ee7771d3d3958964e471cf8ef10df15f65a628a17f3a,0.0093756020069122,0.167099192738533,0.1577235907316208,0.6751772165298462,neutral,0.6751772165298462
2025-01-03 10:51:04,BA,Top Midday Stories: Biden Blocks Nippon Steel's Proposed Takeover of US Steel; Big Automakers Report US Sales,All three major US stock indexes were up in late-morning trading on Friday as investors looked to cl,Yahoo,https://finnhub.io/api/news?id=214adfbdb705016a327ec2c9c0ad7c7ffc065547ad039037412bc2cd875b6d94,-0.0608697533607482,0.1310400366783142,0.1919097900390625,0.6770501732826233,bearish,0.6770501732826233
2025-01-03 09:11:44,BA,Boeing: Things Probably Can't Get Worse In 2025 (Rating Upgrade),The Boeing Company navigates challenges with a $500B backlog. Find out why BA stock has potential upside under new CEO Kelly Ortbergâs leadership.,SeekingAlpha,https://finnhub.io/api/news?id=b6c3283d40dc033933274fb51d1474c91168b68dba02980a77b319e51606cf93,-0.2928344203954104,0.0883438153318139,0.3811782357272243,0.5304779489409618,bearish,0.5304779489409618
2025-01-03 09:01:01,BA,Boeing outlines safety updates one year after Alaska Airline event,"Boeing (BA) has released an updated safety and quality plan approximately one year after the Alaska Airlines (AAL) door plug incident. The plan targets four key areas, including enhancing workforce training, streamlining operational procedures, eliminating defects, and focusing on safety and quality culture. Morning Brief anchors Brad Smith and Madison Mills analyze the company's efforts to strengthen its safety culture under the leadership of new CEO Kelly Ortberg. To watch more expert insights and analysis on the latest market action, check out more Morning Brief here. This post was written by Angel Smith",Yahoo,https://finnhub.io/api/news?id=2a04e147a4380144ca53569243386f7cdb5f69b808585a8582236ff4350d45e4,0.0229794609990635,0.0540841267121453,0.0311046657130817,0.914811207574773,neutral,0.914811207574773
2025-01-03 07:36:00,BA,Northrop Grumman Wins a $481.3M Contract to Aid Missile Defense System,NOC secures a $481.3 million contract for offering updates and improvements to the Integrated Air and Missile Defense Battle Command System's software.,Yahoo,https://finnhub.io/api/news?id=a015536a743a0f6668b1aeb884d8434347bec706cb462b84d057dcf660ed09e5,0.9228218113377422,0.9400959278236654,0.0172741164859231,0.0426299556904115,bullish,0.9400959278236654
2025-01-03 07:25:00,BA,Carvana and Boeing in the Box have been highlighted as Zacks Bull and Bear of the Day,Carvana and Boeing in the Box have been highlighted as Zacks Bull and Bear of the Day,Yahoo,https://finnhub.io/api/news?id=a127f4f901e37bfb99c52a36820b9720a98e60315b5ca2c138447047619c2081,0.243054362764137,0.2700708876941212,0.0270165249299841,0.7029125873758946,bullish,0.7029125873758946
2025-01-03 07:17:06,BA,Boeing details safety improvements one year after Alaska Airlines door plug incident,"Almost one year after a door plug blowout on one of its 737 Max jets led to an explosive decompression, Boeing is now detailing the steps it has taken to improve safety during the manufacturing...",Finnhub,https://finnhub.io/api/news?id=a25cb847675ea9e9083bb4e8f60e8df6587819b46f41dbe2ce2aa8d40d10984f,0.573313484911988,0.5866764226059755,0.0133629376939875,0.3999606397000369,bullish,0.5866764226059755
2025-01-03 06:35:33,BA,Here's Why Boeing Stock Gained Back Ground in December,"Boeing (NYSE: BA) stock rose by 13.9% in December, according to data provided by  S&P Global Market Intelligence.  The move put a little shine on a disappointing year for the company and comes down to some positive news for Boeing.  The key to Boeing's recovery is ramping up its 737 MAX narrowbody aircraft production.",Yahoo,https://finnhub.io/api/news?id=9c2d209ce30d1e0032e6f9be77972e6b1aac97b1a0ede061c62a988d26471ef1,0.4719995377063527,0.4904668568673325,0.0184673191609797,0.4910658239716877,bullish,0.4910658239716877
2025-01-03 06:25:40,BA,Boeing price target raised to $215 from $184 at Deutsche Bank,"Deutsche Bank analyst Scott Deuschle raised the firm’s price target on Boeing to $215 from $184 and keeps a Buy rating on the shares. The firm is positive on the original equipment aerospace and defense complex entering 2025, citing improving production momentum at Boeing (BA) exiting the union strike and extensive buffer inventory of engines and clean fuselages to support the ramp. In addition, improved engine availability from CFM International, a joint venture between GE Aerospace (GE) and Sa",Yahoo,https://finnhub.io/api/news?id=cf066533898fd07523ef769d06cbcb7330935609d414c12797d762d754c1e3c0,0.9198855626608676,0.9436991599865444,0.0238135973256767,0.0324872426877787,bullish,0.9436991599865444
2025-01-03 05:05:10,BA,US FAA will maintain enhanced oversight of Boeing after door panel incident,"The Federal Aviation Administration's tougher oversight of Boeing will continue indefinitely, the agency's outgoing head said on Friday, nearly a year after a door panel missing four key bolts flew off a new Alaska Airlines 737 MAX 9 in mid-air.  The Jan. 5, 2024 incident prompted FAA Administrator Mike Whitaker to cap production at 38 737 MAX planes per month and temporarily ground 170 airplanes.  The incident exposed serious safety issues at the U.S. planemaker and contributed to the departure of its then-CEO Dave Calhoun.",Yahoo,https://finnhub.io/api/news?id=0024683d4e839918d9b6e3421b96c67cf3ad8ea4aee0464839ccab2661aa2a6f,0.3654422113096631,0.3747757659302064,0.0093335546205432,0.6158906794492502,bullish,0.6158906794492502
2025-01-03 05:00:00,BA,Boeing Adds More Surprise Quality Checks in Its Factories,The jet manufacturer outlines more than a dozen steps it has taken in recent months to address concerns about production issues.,Yahoo,https://finnhub.io/api/news?id=e097ee318b13777d8b05be56c9e58ba4e9f9e31fee9b44794bf301fd86ef4d9b,0.0340963735835385,0.0679307251603577,0.0338343515768192,0.8982349232628231,neutral,0.8982349232628231
2025-01-03 04:00:00,BA,Bear of the Day: Boeing (BA),"Boeing shares have faced turbulence over the last year, underperforming in a big way.",Yahoo,https://finnhub.io/api/news?id=ffbd755304cf508fcf17f3d0f3835e680ac0f9bae499045fe818ec89da4b1ecd,0.1971785038919858,0.2228870822274157,0.0257085783354298,0.7514043394371543,bullish,0.7514043394371543
2025-01-03 02:04:00,BA,Here’s how Boeing is responding to the FAA’s call for a ‘fundamental cultural shift’ in safety,Here’s how Boeing is responding to the FAA’s call for a ‘fundamental cultural shift’ in safety,MarketWatch,https://finnhub.io/api/news?id=d9d2ee60672aa9552917c029a80a04463bafb22e5d4387232de2aa4d3286fc32,0.281283732589299,0.2899702048223271,0.0086864722330281,0.7013433229446447,bullish,0.7013433229446447
2025-01-03 00:01:10,BA,"Boeing still needs a culture change to put safety above profits, according to the head of the FAA","A year after a panel blew out of a Boeing 737 Max during flight, the nation’s top aviation regulator says the company needs a fundamental cultural shift” to put safety and quality above profits. ...",Finnhub,https://finnhub.io/api/news?id=abd34799b82e2e5c362482011e5de6ed322610e8caba4c3b729640e64f482763,0.4656096269135727,0.4778605352716427,0.0122509083580699,0.5098885563702873,bullish,0.5098885563702873
2025-01-02 14:26:00,BA,China Adds to Sanctions of U.S. Defense Contractors Over Taiwan Arms Sales,Beijing sent a fresh warning to President-elect Donald Trump of the tools it can use to protect national interests.,Yahoo,https://finnhub.io/api/news?id=81d617dcf66f74fdb79f1ac2ddff35f516295d2b2f4ceb62c3bf42be258cc1ca,-0.9243921616544908,0.020461494517444,0.9448536561719348,0.0346848493106211,bearish,0.9448536561719348
2025-01-02 10:09:00,BA,"Lockheed Stock Is Downgraded. It’s About China, the F-35, and Air Dominance.","Lockheed Stock Is Downgraded. It’s About China, the F-35, and Air Dominance.",MarketWatch,https://finnhub.io/api/news?id=bb30eb4e551374712e75da317c7cfb6ec52649f5f09f0332c9151e8c22329dfd,-0.2743919206919092,0.0260735371841444,0.3004654578760536,0.6734610049398019,bearish,0.6734610049398019
2025-01-02 10:03:00,BA,Japanese Stocks Are in the Spotlight Again. Hopes Are High for 2025.,Japanese Stocks Are in the Spotlight Again. Hopes Are High for 2025.,MarketWatch,https://finnhub.io/api/news?id=3778542185bbb51fcf4e91d9e0013126ce0c8c87d42ece7cef132b368638d108,0.8525865518776686,0.8766480431227046,0.0240614912450359,0.0992904656322594,bullish,0.8766480431227046
2025-01-02 09:36:16,BA,"Deutsche Bank bullish on 2025 outlook for Boeing, GE, and RTX","Investing.com -- Deutsche Bank struck an optimistic tone on the aerospace and defense sector entering 2025, citing improving production momentum at Boeing (NYSE:BA) and robust demand for key suppliers.",Yahoo,https://finnhub.io/api/news?id=c557966e9f61e2b98040231ddf35dbe36ef0def4d61a151fee466f44a5e95987,0.601335734228472,0.736590678735873,0.135254944507401,0.1281543767567259,bullish,0.736590678735873
2025-01-02 09:31:00,BA,"South Korean Police Raid Offices of Airline, Airport Involved in Plane Crash",The search warrant lists charges of professional negligence resulting in death after 179 people were killed on a Jeju Air flight.,Yahoo,https://finnhub.io/api/news?id=d99e9e4cae76ed411f3136c64f7b73629e4bea4de121c656e4905f650c3b4309,-0.8854022867454152,0.0125620094708297,0.897964296216245,0.0894736943129253,bearish,0.897964296216245
2025-01-02 08:52:00,BA,"Dow drops 169 points on losses for shares of Apple, Boeing","Dow drops 169 points on losses for shares of Apple, Boeing",MarketWatch,https://finnhub.io/api/news?id=6dc38dca4c7bc98b70aa98883c1b32e6ac2793c3e70586025b16da43c9c53c11,-0.9362339292207832,0.0189975745435397,0.955231503764323,0.0257709216921372,bearish,0.955231503764323
2025-01-02 08:30:18,BA,Brokers Suggest Investing in Boeing (BA): Read This Before Placing a Bet,"Based on the average brokerage recommendation (ABR), Boeing (BA) should be added to one's portfolio. Wall Street analysts' overly optimistic recommendations cast doubt on the effectiveness of this highly sought-after metric. So, is the stock worth buying?",Yahoo,https://finnhub.io/api/news?id=2329a7171795bf6fb92d68d87e389660eb14f9653ef4f537435eff2622dd5d0e,0.0266893943142371,0.0414940215090654,0.0148046271948282,0.9437013512961064,neutral,0.9437013512961064
2025-01-02 08:07:00,BA,RTX's Unit Secures Contract for Tomahawk Missile Modernization,"RTX's unit, Raytheon, secures a modification contract for the recertification and modernization of 257 Tomahawk Block IV All-Up-Round Missiles.",Yahoo,https://finnhub.io/api/news?id=c83613d115909f55a33ee7a57387a0f4441da12b195e246853146943e7b7111f,0.8670894123460287,0.8750567118383834,0.0079672994923548,0.1169759886692617,bullish,0.8750567118383834
2025-01-02 07:30:00,BA,"Dow's 288-point drop led by losses for Boeing, Apple stocks","Dow's 288-point drop led by losses for Boeing, Apple stocks",MarketWatch,https://finnhub.io/api/news?id=a0da67497e0cb014326b4174994d93fd5dd9a74d57c02703992617411d79ec68,-0.948666746133314,0.0142140028496793,0.9628807489829936,0.0229052481673272,bearish,0.9628807489829936
2025-01-02 06:29:00,BA,"Dow down 132 points on losses for Boeing, Apple stocks","Dow down 132 points on losses for Boeing, Apple stocks",MarketWatch,https://finnhub.io/api/news?id=4ebb73a4bdc10174b1d1623d099fe355882d7e6c018f5f392cad1cda253a14b6,-0.9493158941373784,0.0104999352647012,0.9598158294020795,0.0296842353332191,bearish,0.9598158294020795
2025-01-02 06:21:43,BA,"January Dow Dogs: 1 'Safer' Buy, And 5 With Promise","Get insights on top Dow Dogs like Verizon and Merck, with potential net gains forecasted by analysts. Click for the January picks.",SeekingAlpha,https://finnhub.io/api/news?id=a2bfec130e38310a0339d2950fb14a024997156e837c950640f2806e609acfa0,0.1399607232207167,0.1644733572672807,0.024512634046564,0.8110140086861553,bullish,0.8110140086861553
2025-01-02 01:38:00,BA,"Air travel is breaking records, but a lack of planes could result in headwinds in 2025","2024 was a good year for travel but the prognosis for 2025 is even better. And why? Every year, aside from the pandemic, there are just more of us traveling.",Yahoo,https://finnhub.io/api/news?id=5e51d98df12c45c775cba8c0506d3f6975d38bf7075a6e89eb928dc0ca4fe425,-0.933158298322075,0.0274215768273085,0.9605798751493836,0.011998548023308,bearish,0.9605798751493836
2025-01-01 08:12:00,BA,The Ultimate Guide to Investing in Boeing for Maximum Returns,"Despite the company's difficulties, it closed the year with a major order from Pegasus Airlines  that reiterates the underlying demand for Boeing airplanes.  To maximize returns for investors, Boeing needs to execute better starting in 2025.  Turkey-based Pegasus Airlines' firm order for 100 Boeing 737 MAX airplanes, with the option to order a further 100, highlights the strength of ongoing demand and Boeing's backlog.",Yahoo,https://finnhub.io/api/news?id=3090814d840b83c72fbc107372cc7fad104c4c934bc53bb480135240ff93b429,0.0768623751788953,0.0887821113872833,0.011919736208388,0.8992981524043286,bullish,0.8992981524043286
2025-01-01 06:03:00,BA,The 5 worst-performing stocks on the Dow Jones Industrial Average in 2024,"The Dow's biggest losers include companies in the aerospace, biopharma, and sports apparel sectors.",Yahoo,https://finnhub.io/api/news?id=cf7f3a696e0e56a3cd01b865ec5627e3b730f312cc93b2897bf9e4b8f3312dab,-0.9543505377785612,0.010492373863726,0.9648429116422874,0.0246647144939865,bearish,0.9648429116422874
2024-12-31 20:38:02,BA,China steps up drive to break Boeing and Airbus grip on plane market,"China is stepping up its push to break the grip of Boeing and Airbus on the aircraft market, as the state-run maker of the country’s first homegrown...",Yahoo,https://finnhub.io/api/news?id=3b269c5d29b82d72df617450280f2a3717ec0e767c3e6c0cc6efb30d53521eef,0.6882055153067511,0.7246531653024162,0.036447649995665,0.2388991847019187,bullish,0.7246531653024162
2024-12-31 18:16:31,BA,South Korea crash investigation ramps up as funeral procedures begin,The investigation into the crash of a South Korea passenger jet gathered pace on Wednesday as bereaved families began to prepare funerals after authorities finished formally identifying the 179...,Finnhub,https://finnhub.io/api/news?id=9a302c003da813d9e34d0f675bfb21e5210c8e5151805211a803f449667b12a7,0.1523717257948836,0.207568658831949,0.0551969330370654,0.7372344081309854,bullish,0.7372344081309854
2024-12-31 16:45:21,BA,Boeing (BA) Ascends While Market Falls: Some Facts to Note,"Boeing (BA) closed the most recent trading day at $177, moving +0.25% from the previous trading session.",Yahoo,https://finnhub.io/api/news?id=2bfef52a6accce94f8bdbef7445c6986f8e662b3debb7307c6dbeec5943275ee,0.0030347370176527,0.0402466103480497,0.037211873330397,0.9225415163215532,neutral,0.9225415163215532
2024-12-31 15:16:00,BA,"These Stocks Moved the Most Today: Super Micro, Moderna, Nvidia, MicroStrategy, Tesla, Palantir, Sangamo, and More","Super Micro stock declines, Nvidia trades lower, and MicroStrategy shares extend losses after a sharp drop in the previous session.",Yahoo,https://finnhub.io/api/news?id=86c1b27e46a5eb56c87c8cf6bbb4086cc4db367104e0ee4bba7460620f9fd545,0.1474295875941023,0.1752178076193068,0.0277882200252045,0.7969939723554886,bullish,0.7969939723554886
2024-12-31 14:00:00,BA,Boeing Stock Outperforms Market in One Month: Is it Worth Investing?,"Investors interested in Boeing should wait for a better entry point, considering the stock's poor ROIC. However, those who already own it may continue to do so.",Yahoo,https://finnhub.io/api/news?id=423d9ba172cfe07ecc91ff62279b0359c563aebaf9897667b79dbb5972660cff,0.0758406468510507,0.1074193472523363,0.0315787004012856,0.861001952346378,bullish,0.861001952346378
2024-12-31 13:19:30,BA,Boeing on track to be 2024's biggest loser in Dow Jones Index,"Boeing's shares opened the year at $257.50.  Regardless, Boeing has struggled to produce close to its maximum-allowed 737 planes per month due to supply-chain problems, quality issues and a seven-week-long strike that temporarily shut down most of its commercial aircraft production, including the 737 program.  Boeing also continued to post massive losses from its commercial, military and space programs throughout the year.",Yahoo,https://finnhub.io/api/news?id=004db73961f8bfd74cab21cacc0624997e7083193d504a78eab9b1c8e3af3dc4,-0.0112828016281127,0.3439232409000397,0.3552060425281524,0.3008707165718078,neutral,0.3552060425281524
2024-12-31 12:24:00,BA,South Korea Jet Crash Sparks Debate Over Barrier’s Proximity to Runway,Investigators probing the deadly crash are seeking clues on why the plane hit the runway without its landing gear down after an apparent bird strike.,Yahoo,https://finnhub.io/api/news?id=26c0163546cd035b0adc9936ea12bd8a76f70f0e40037949660162819badbb62,-0.7204203942136203,0.0395514715018626,0.7599718657154829,0.2004766627826544,bearish,0.7599718657154829
2024-12-31 11:35:49,BA,FTAI Aviation's Bold $3B Plan: The Stock Soaring 220% Isn't Done Yet,"Game-changing strategy, explosive growth outlook, and Wall Street's bullish call--here's why FTAI is a must-watch",Yahoo,https://finnhub.io/api/news?id=62db3a17bcba853bc81aa0b2405a46ebf0a11d8b8318d430df08e848e0bfd162,-0.0262171396713598,0.1028630635992498,0.1290802032706096,0.7680567331301406,neutral,0.7680567331301406
2024-12-31 10:00:07,BA,Why Is FTAI Aviation (FTAI) Stock Rocketing Higher Today,"Shares of aircraft leasing company FTAI Aviation (NASDAQ:FTAI) jumped 15.2% in the morning session after the company provided encouraging financial guidance for fiscal 2025, with the midpoint of its EBITDA outlook roughly 5% ahead of Wall Street's Consensus estimates (midpoint of $1.125bn vs. expectations of $1.075bn).",Yahoo,https://finnhub.io/api/news?id=643b46f97846c6420c9ab3e32375b16802c1e2202c007dffe9a52dcb90e1fb79,0.4321318544715973,0.4611146644998789,0.0289828100282815,0.5099025254718395,bullish,0.5099025254718395
2024-12-31 07:00:46,BA,JPMorgan says Boeing 737NG family has strong safety record,"JPMorgan says authorities are investigating the Jeju Air 737-800 crash in South Korea which killed 179 people, including the National Transportation Safety Board, Federal Aviation Administration, and Boeing (BA). The aircraft that crashed was delivered to Ryanair in 2009 and has been leased to Jeju since 2017, the analyst tells investors in a research note. The 737NG family, which includes the 737-800, was first delivered in 1997, has a strong safety record and has been one of the most prevalent",Yahoo,https://finnhub.io/api/news?id=2607ca5d4d9a4820209e6c48065440140ed621ec87ec513d8aca297792a38846,0.9099524219154064,0.9191509365401108,0.0091985146247044,0.0716505488351847,bullish,0.9191509365401108
2024-12-31 06:20:00,BA,Embraer Secures Deal for Six A-29 Super Tucano Multi-Mission Aircraft,"ERJ's A-29 Super Tucano aircraft continues to be the market leader in its class, and the company keeps on receiving orders from customers worldwide.",Yahoo,https://finnhub.io/api/news?id=6a350e20eb192f36df4677102fbd601cf60cd2d19939b93d772b94d63ef4a65c,0.922625299088906,0.940019419902122,0.017394120813216,0.0425864592846619,bullish,0.940019419902122
2024-12-31 04:48:41,BA,Eaton: Recent Correction Is A Buying Opportunity,"Eaton stock correction offers buying opportunity with strong revenue growth, solid backlog, and positive growth outlook, targeting $374.78.",SeekingAlpha,https://finnhub.io/api/news?id=564ed8df2cc53be30fbbbbc85667c2b9577a104b83adecd396549d1fbf122345,-0.5596224665641785,0.1114859580993652,0.6711084246635437,0.217405617237091,bearish,0.6711084246635437
2024-12-31 04:30:00,BA,Intel’s Grim Lesson for Boeing: Sometimes Mr. Fix-It Is Too Late,"Like Pat Gelsinger, Boeing’s Kelly Ortberg is a technically minded leader tasked with rescuing a storied American manufacturer damaged by bean counters.",Yahoo,https://finnhub.io/api/news?id=c4c78e5383a87d27706a0da795bc2ee183062483b0a1617a85c938bb50b3778a,-0.1476649004444085,0.0458829934719874,0.1935478939163959,0.7605691126116166,bearish,0.7605691126116166
2024-12-31 04:27:00,BA,"These Stocks Are Moving the Most Today: Super Micro, Nvidia, Broadcom, Tesla, MicroStrategy, Sangamo, and More","Stock futures traded higher Tuesday ahead of the last trading day of a year that has seen double-digit gains for each of the three major Wall Street indexes.  Super Micro Computer  was up 0.7% in premarket trading after the artificial-intelligence server maker fell 4.1%, making it Monday’s worst performer in the  The volatile stock, up 7.9% in 2024 heading into Tuesday, has limped into year-end.  The aerospace giant declined 2.3% on Monday following a deadly plane crash in South Korea.",Yahoo,https://finnhub.io/api/news?id=036f28aa746c37f4c6707609e36e32bc28e622c3acfb1f5df748d322aa5f5dca,0.1113577021456107,0.1438885160701198,0.032530813924509,0.8235806700053712,bullish,0.8235806700053712
2024-12-31 03:57:04,BA,These stocks gave the Dow the biggest boost in 2024,These stocks gave the Dow the biggest boost in 2024,MarketWatch,https://finnhub.io/api/news?id=0e667a7ae46a2e156d6872d12e408f175baee342ef161a3a68e10a6a7c0e8df7,0.9118691793568102,0.9308486186322504,0.0189794392754402,0.0501719420923094,bullish,0.9308486186322504
2024-12-31 02:38:00,BA,"Company News for Dec 31, 2024","Companies In The News Are: BA, VVX, COIN, PLTR.",Yahoo,https://finnhub.io/api/news?id=fc8c6bc718c5c459300495030b6738856734aff7f3ab662da8be1f46c4b75d46,-0.0414777486690646,0.0193773422738159,0.0608550909428806,0.9197675667833034,neutral,0.9197675667833034
2024-12-31 00:00:00,BA,Ryanair CEO Michael O’Leary’s 2024 list of enemies: From the Wetherspoons boss to Boeing,"Michael O'Leary has found time to rile rival airlines, local government, and even a pub landlord.",Yahoo,https://finnhub.io/api/news?id=ff929f9924149d996399a7bb7e2a7598549e6cd94519673182e99d7cda71d311,-0.0983485366055492,0.0271143323222951,0.1254628689278444,0.8474227987498605,bearish,0.8474227987498605
2024-12-30 23:53:00,BA,U.S. and Boeing investigators examine site of deadly South Korean plane crash,U.S. and Boeing investigators examine site of deadly South Korean plane crash,MarketWatch,https://finnhub.io/api/news?id=72748b8d2344954e81330422db5f5077c2a29da06bccb607ba6b642a17101af2,-0.8404330172908967,0.0222318756906455,0.8626648929815423,0.1151032313278122,bearish,0.8626648929815423
2024-12-30 21:32:51,BA,Watch These Boeing Price Levels as Stock Slips After South Korean Crash,Boeing shares fell more than 2% Monday after South Korea ordered an inspection of all 737-800 planes in the aftermath of a Jeju Air crash over the weekend that killed 179 people. Monitor these important chart levels.,Yahoo,https://finnhub.io/api/news?id=3a0d1a206138e2eab750714ed5630f4bdb0b69eff971a4683201cabfc7810330,-0.1273513814291448,0.049788979620117,0.1771403610492618,0.7730706593306211,bearish,0.7730706593306211
2024-12-30 21:21:52,BA,"Stock market today: Asian shares trade mixed, as Tokyo and Seoul are shuttered for New Year holidays","Asian markets shares were mixed on Tuesday, with trading closed in Tokyo and Seoul for New Year holidays.  Markets are nearing the close of a stellar year driven by a growing economy, solid consumer spending and a strong jobs market.",Yahoo,https://finnhub.io/api/news?id=848f362586daebe237d5dff7a3a94e7a1303222469f1bdb80b03c3dcc3062ced,-0.9466528680680087,0.013020482105902,0.9596733501739108,0.0273061677201872,bearish,0.9596733501739108
2024-12-30 15:48:10,BA,Equities Decline at Start of Holiday-Shortened Week,US benchmark equities closed lower Monday in the penultimate trading session of 2024. The Nasdaq,Yahoo,https://finnhub.io/api/news?id=96c1e25fb12bcb87e5b6f6c601cb0d00fbddae19c2164e2826d12cb47a8d77a1,-0.9581764641680268,0.0112259339843903,0.9694023981524172,0.0193716678631925,bearish,0.9694023981524172
2024-12-30 15:26:57,BA,Equities End in Negative Territory in Penultimate Trading Session of 2024,US benchmark equities ended lower Monday in the penultimate trading session of 2024. The Nasdaq f,Yahoo,https://finnhub.io/api/news?id=45034174598265ccb1ec3b2380d8705cf0e6c1c274ae16ecb43ed1b969d7130f,-0.9633366720534148,0.0085101026526389,0.9718467747060536,0.0196431226413073,bearish,0.9718467747060536
2024-12-30 15:23:00,BA,"These Stocks Moved the Most Today: Boeing, Tesla, Super Micro, Palantir, Nissan, and More","Boeing stock tumbles, and shares of Tesla decline. Super Micro continues to fall in the wake of a tech-sector selloff. Apple extends losses, while Palantir loses ground.",Yahoo,https://finnhub.io/api/news?id=41da39e3d83390b83e4f43358aa898a404bcd4dc9c575d04d4678b61609fd8db,0.1666363608088682,0.2035608314375672,0.0369244706286989,0.7595146979337338,bullish,0.7595146979337338
2024-12-30 14:59:27,BA,Jeju Air crash prompts South Korea to inspect Boeing 737-800 fleet,"Boeing (BA) faces scrutiny after South Korean officials ordered an inspection of all of the aircraft manufacturer's 737-800 jets following a deadly Jeju Air crash that killed 179 people. Market Domination host Julie Hyman is joined by Yahoo Finance's Pras Subramanian to explore Boeing's latest challenges and ongoing troubles, including reports of landing gear failures. To watch more expert insights and analysis on the latest market action, check out more Market Domination here. This post was written by Josh Lynch",Yahoo,https://finnhub.io/api/news?id=f39c2256492d19badacf1954a85bbd6991396a41241dba537e8529727385cd7d,-0.934303319666411,0.0140563728639344,0.9483596925303456,0.0375839346057201,bearish,0.9483596925303456
2024-12-30 11:39:41,BA,Boeing stock falls following crash of Jeju Air 737-800 jet,Boeing stock dropped 2% in midday trade on Monday as investigators looked into the crash of a South Korean Boeing jet.,Yahoo,https://finnhub.io/api/news?id=431b405ce898e068eaaee1f3b8124bf7126abc5a01330b383fca1555be91a90c,-0.9486464038969518,0.0103706931598757,0.9590170970568276,0.0306122097832968,bearish,0.9590170970568276
2024-12-30 11:32:01,BA,More than £6bn wiped off Boeing in wake of South Korean crash,Almost $8bn (£6.4bn) has been wiped off the value of Boeing as the embattled plane maker faces an investigation into the deadliest air disaster in South Korean history.,Yahoo,https://finnhub.io/api/news?id=3443e0afa59b7af0af4684f5a9b8cb26a8bf1fe849325eb9d418b4944079e2d9,-0.9326711749158476,0.0114574692473327,0.9441286441631804,0.0444138865894869,bearish,0.9441286441631804
2024-12-30 11:10:31,BA,"Top Stock Movers Now: Boeing, MicroStrategy, EQT, and More",U.S. equities sank at midday with investors apparently looking to lock in 2024 profits ahead of tomorrow's last trading day of the year.,Yahoo,https://finnhub.io/api/news?id=407f89a2c8429b62866d50bc3c123d3e6f6ee005e35f617083c3f7724cdfe0b0,0.059710264497472,0.0713633492483285,0.0116530847508564,0.9169835660008152,bullish,0.9169835660008152
2024-12-30 10:56:30,BA,Industrials Decline on Boeing Fears - Industrials Roundup,Shares of industrial and transportation companies fell as Boeing faced more questions over its engineering standards. Boeing shares fell after one of the aerospace giant's 737-800 jets crashed in...,Finnhub,https://finnhub.io/api/news?id=873b239f4fb29bd9b33bd47c3bbd3fc00d1509331918a69c2926d5a87eda4304,-0.9427599691965072,0.0132261871597398,0.9559861563562472,0.0307876564840129,bearish,0.9559861563562472
2024-12-30 10:49:37,BA,Boeing shares fall after South Korea calls for inspection of 737-800 jets,Boeing shares were lower Monday after South Korea announced it is launching an investigation following the deadly Jeju Air crash over the weekend that involved a Boeing jet.,Yahoo,https://finnhub.io/api/news?id=f77631103bf00c73d9feb98259096f7f3a2aa7536fd47a85e70b61071e191512,-0.9538247971022176,0.0100262307171327,0.9638510278193504,0.0261227414635169,bearish,0.9638510278193504
2024-12-30 10:43:17,BA,US stocks fall with one trading day left in 2024,"US stocks dropped Monday, with the Dow falling by more than 300 points as markets close out a record year.",Yahoo,https://finnhub.io/api/news?id=53c523fc54cac3ee0ae2dcce5a438fdf3dc727736d0feefcee99f37ee36db4b9,-0.9474291233846212,0.0098092688029323,0.9572383921875536,0.0329523390095141,bearish,0.9572383921875536
2024-12-30 10:41:51,BA,Top Midday Stories: South Korea to Inspect Boeing Planes After Deadly Crash; UK Regulator Probes IBM's HashiCorp Acquisition; Nvidia Acquires Run:ai,All three major US stock indexes were down over 1% in late-morning trading on Monday as markets appe,Yahoo,https://finnhub.io/api/news?id=874e894958064ed419634c2bc301aa83ed7018ffbdfc4a10d8be9d4757f60c4a,-0.3494469573700687,0.0551668668358283,0.4046138242058971,0.5402193089582745,bearish,0.5402193089582745
2024-12-30 10:33:00,BA,Why Boeing Stock Dropped on Monday,"Boeing (NYSE: BA) stock just can't catch a break.  Now, as 2024 draws to an end and 2025 begins, the spotlight turns to Boeing's workhorse 737-800.  This morning, a second Jeju Air 737-800, Flight 7C101, was forced to return to Seoul after reporting ""a landing gear problem.""",Yahoo,https://finnhub.io/api/news?id=02994d268d3cb713bca02625ee46614682acc7a6de33b2471b7c249ac3e185a8,-0.9432082236733642,0.0097565199907059,0.9529647436640702,0.0372787363452237,bearish,0.9529647436640702
2024-12-30 10:28:37,BA,Boeing Stock Declines Following Fatal South Korean Airline Crash,Boeing's (BA) shares were falling in Monday trade as media reports showed that South Korea's transpo,Yahoo,https://finnhub.io/api/news?id=fb5d0ff22113c3ad0902990d9ceb6b50687da0b94ab99555eff16f9b71f34d03,-0.9422532643270084,0.0150232499989916,0.957276514326,0.0277002356750084,bearish,0.957276514326
2024-12-30 10:00:40,BA,"Boeing (BA) Stock Trades Down, Here Is Why","Shares of aerospace and defense company Boeing (NYSE:BA) fell 5.9% in the morning session after South Korea plans to inspect all Boeing 737-800 jets operated by its airlines after a devastating crash on December 29, 2024, reportedly claimed 179 lives. Investigators aim to determine the cause of the crash as part of this review. The incident and ensuing investigation are likely to create uncertainty regarding Boeing's operations in South Korea and related markets, which could affect investor's se",Yahoo,https://finnhub.io/api/news?id=b9da129acb164a133a3f8b0b6715ba5c6a6cbf541f54d6507f5650257a184fc3,-0.6445875223394729,0.0250937077736574,0.6696812301131303,0.3052250621132122,bearish,0.6696812301131303
2024-12-30 09:47:03,BA,Boeing Stock Dips 4% After Investigation Points to Bird Strike in Jeju Air's Fatal Crash,"Boeing Faces Scrutiny as Jeju Air 737 Crash Kills 179; Bird Strike, Landing Gear Fault Possible",Yahoo,https://finnhub.io/api/news?id=cbefa2c67c776818fbb370ca62517bf5a64ffa96e8740d707f4d2e6d2bcbd8ec,-0.9442579841911768,0.0131876649417147,0.9574456491328917,0.0293666859253936,bearish,0.9574456491328917
2024-12-30 09:37:47,BA,Boeing's Nightmare Returns: Korean Crash Sparks Fresh Safety Concerns and Stock Drops,"Jeju Air's 737-800 disaster reignites scrutiny on Boeing, sending shares tumbling and investors reeling.",Yahoo,https://finnhub.io/api/news?id=d80f9712a7ed9fe2146e029492e625d28e5ddb89edec920d341d04e8c3cedc65,-0.8971426695159476,0.0254160095068217,0.9225586790227692,0.0520253114704089,bearish,0.9225586790227692
2024-12-30 09:24:19,BA,South Korea launches Boeing safety probe after Jeju Air crash,"The crash of Jeju Air Flight 2216 — an international flight from Thailand to South Korea — has reportedly resulted in 179 fatalities. In response to the December 29 tragedy, South Korean aviation officials have ordered inspections of all Boeing (BA) 737-800 aircraft operating in the region. Yahoo Finance anchor Seana Smith breaks down the details. To watch more expert insights and analysis on the latest market action, check out more Morning Brief here. This post was written by Angel Smith",Yahoo,https://finnhub.io/api/news?id=d3e66a34871809383ff4505b834b63a58e57b6dccf3eca6b636ed6aed7029c9c,-0.4363275659357937,0.1018652982870839,0.5381928642228777,0.3599418374900383,bearish,0.5381928642228777
2024-12-30 09:08:00,BA,"‘Mayday, Mayday’: The Final Six Minutes Before the Deadly South Korean Plane Crash",The Jeju Air flight’s final chaotic moments now sit at the heart of a South Korean investigation into one of the worst aviation disasters in years.,Yahoo,https://finnhub.io/api/news?id=7941b6c178c286625f61cd251440a0473d8b7d584c60195c5f410b334bc402e6,-0.188975730456231,0.0237611310464228,0.2127368615026538,0.7635020074509233,bearish,0.7635020074509233
2024-12-30 09:01:00,BA,Boeing Stock Is Falling. What Investors Should Know About the Jeju Crash.,The tragic crash of an older 737 model jet in South Korean could move Boeing stock early this coming week.,Yahoo,https://finnhub.io/api/news?id=669e8d2d7bb6258775077eb0225daf666ac7bbfcfe613cf0b7430c42c74e6bc5,-0.821398552108583,0.0158439163892731,0.8372424684978562,0.1469136151128706,bearish,0.8372424684978562
2024-12-30 08:25:46,BA,"Futures fall, Jeju Air crash, Jimmy Carter's legacy: 3 Things","Stock futures (ES=F, NQ=F, YM=F) are falling in Monday's pre-market — the final full trading day of 2024 — as Wall Street's hopes for a Santa Claus rally begin to sour with markets (^DJI, ^IXIC, ^GSPC) declining in the past several trading sessions. South Korean officials order inspections of all of Boeing's (BA) 737-800 aircraft following a Jeju Air (089590.KS) plane crash that killed 179 people. Former President Jimmy Carter died on Sunday at the age of 100, leaving behind a long political legacy with his administration notably contending with high inflation that saw gas prices surged and the Iranian hostage crisis. To watch more expert insights and analysis on the latest market action, check out more Morning Brief here. This post was written by Luke Carberry Mogan.",Yahoo,https://finnhub.io/api/news?id=bc354632958e9a0b3973ae6ba6504bc353a135f7309d6405ed2dbeabb00b3743,-0.0839660639752764,0.032913886991557,0.1168799509668335,0.8502061620416094,bearish,0.8502061620416094
2024-12-30 07:57:43,BA,Boeing Stock Plunges After Fatal Jeju Air Crash,Jeju Air Argued Bird Strike and Maintenance Issue as the Main Cause,Yahoo,https://finnhub.io/api/news?id=8d9c9ea57e9f9ed4fce969eede58fa901127f8b906657ff5155330bb12701d5a,-0.9360676526032528,0.0100471394452383,0.9461147920484912,0.0438380685062703,bearish,0.9461147920484912
2024-12-30 06:40:45,BA,"Boeing, JeJu Air stocks fall after deadly crash","STORY: :: December 29, 2024 :: Lee Geun-young Shares of Boeing fell as much as six percent Monday morning after Sunday's crash involving one of its 737 planes operated by...",Finnhub,https://finnhub.io/api/news?id=8473c35e8affc77e5dbb065b88df99ac1bb0793ad69f831fe6ceed7f2cac35f6,-0.9494224182233246,0.0089905431138628,0.9584129613371876,0.0325964955489495,bearish,0.9584129613371876
2024-12-30 06:36:00,BA,"These Stocks Are Moving the Most Today: Boeing, Tesla, Super Micro, Apple, Palantir, and More","Boeing stock tumbles and shares of Tesla decline. Super Micro continues to fall in the wake of a tech-sector selloff. Apple extends earlier losses, while Palantir loses ground.",Yahoo,https://finnhub.io/api/news?id=e572a035d7643e89bde113c4edc0a3e3b5f6be97fc07dccffa3c8d961b3d072b,0.1423914219617204,0.1787756247727246,0.0363842028110042,0.784840172416271,bullish,0.784840172416271
2024-12-30 06:30:00,BA,Embraer Agrees to Supply C-390 Multi-Mission Military Aircraft,ERJ has inked a deal to supply two of its C-390 Millennium multi-purpose aircraft.,Yahoo,https://finnhub.io/api/news?id=b3c1e5f87a77038727b97d391f8f76939f90899a899f1bf2663d83b9fd8aa5f2,0.9038997626004736,0.9148075001590094,0.0109077375585357,0.0742847622824549,bullish,0.9148075001590094
2024-12-30 06:15:00,BA,Lockheed Secures a $3.4B Contract to Aid F-35 Fighter Jet Program,LMT wins a modification contract to provide continued logistics support for delivered F-35 jets.,Yahoo,https://finnhub.io/api/news?id=d4283752cf6d2c11c213fcb52be5286a2ab4037250de37add9f96cc7565dcdd6,0.9274914657466636,0.9460281465380972,0.0185366807914335,0.0354351726704694,bullish,0.9460281465380972
2024-12-30 05:59:10,BA,Boeing's $85B Comeback: 2025 In Focus,"Boeing's stock outperforms S&P 500, revenue projected to reach $85.8B by 2025.",SeekingAlpha,https://finnhub.io/api/news?id=3911bc5001fe15f106b710c0b3a783225d1b73059e366a7963f44d0807156c01,0.0401841750802754,0.0666897319264992,0.0265055568462238,0.9068047112272768,neutral,0.9068047112272768
2024-12-30 05:49:00,BA,"Stock Market’s Epic Year Fizzles Out. Why There Are Red Flags for 2025, and 4 Other Things to Know Today.","Former President Jimmy Carter’s legacy, what Boeing investors should know about the South Korea plane crash, and more news to start your day.",Yahoo,https://finnhub.io/api/news?id=846d95dd6cca08814a712b32365a9d83421b01c95768267afea86471130bd350,-0.0682658812244323,0.0421022124194762,0.1103680936439086,0.8475296939366151,bearish,0.8475296939366151
2024-12-30 05:40:31,BA,Boeing Stock Drops as Deadly South Korean Crash Marks Latest Setback,"Boeing shares are falling in premarket trading Monday after a 737-800 operated by South Korea's Jeju Air crashed, killing 179 people, in the latest accident involving one of the U.S. company's planes.",Yahoo,https://finnhub.io/api/news?id=927fc057c72cc14c65e10ac168688289ebf8e475e65d315b2edba4e93f5f43fb,-0.9141717037992796,0.0232900230341402,0.93746172683342,0.0392482501324396,bearish,0.93746172683342
2024-12-30 05:36:21,BA,"Social Buzz: Wallstreetbets Stocks Mostly Lower Pre-Bell Monday; Boeing, Tesla to Retreat",The most-talked-about stocks in the Reddit subforum Wallstreetbets were mostly lower in the early ho,Yahoo,https://finnhub.io/api/news?id=7a8019faef379c0f16c58b7c3dfc9b8ffa0bb51bc136ee18067b5646b861c042,-0.728656060936985,0.1146897850126488,0.8433458459496338,0.0419643690377173,bearish,0.8433458459496338
2024-12-30 05:27:26,BA,Boeing Stock Slumps As South Korea Crash Triggers Inspections,Boeing Stock Slumps As South Korea Crash Triggers Inspections,DowJones,https://finnhub.io/api/news?id=b3888a32d39fa91549d62f25390dab589209ee1c4f86ea067bfc5a19ed96c85d,-0.9372195379115276,0.0143563952029563,0.951575933114484,0.0340676716825595,bearish,0.951575933114484
2024-12-30 04:30:13,BA,"Trending tickers: Nvidia, Boeing, Tesla and Palantir",The latest investor updates on stocks that are trending on Monday.,Yahoo,https://finnhub.io/api/news?id=8fd4292c6c44506e0b3db9cacaba23aeae90820d4349802234872bfe6ae2b72c,-0.0002194233377657,0.0253775322117583,0.0255969555495241,0.9490255122387176,neutral,0.9490255122387176
2024-12-30 04:26:05,BA,Biggest aviation accidents of 2024,The crash on Sunday of a Jeju Air Boeing 737-800 in Seoul killed a total of 179 people in the deadliest air disaster on South Korean soil. Here are some of the biggest aviation...,Finnhub,https://finnhub.io/api/news?id=6757fc1e885ed0e92139987df45a6ce7559bcd39d0b0da1e49f6d1d22fb62c3c,-0.7697393486188645,0.0154905149491963,0.7852298635680608,0.1992796214827428,bearish,0.7852298635680608
2024-12-30 02:59:14,BA,"South Korea Plane Crash Probe to Focus on Bird Strike, Landing Gear After 179 Killed","(Bloomberg) -- A possible bird strike and an unusual landing-gear failure are the main points of focus as investigators prepare to analyze the flight recorders for clues on South Korea’s worst civil aviation accident that left all but two of the 181 passengers dead.Most Read from BloombergMigrant Crisis Pushed US Homelessness to Record High in 2024The Boeing Co. 737-800 aircraft operated by Jeju Air Co. crashed at Muan International Airport on Sunday morning, skidding along the runway on its bel",Yahoo,https://finnhub.io/api/news?id=b8e8d58709e87a31b405dd1d663fdf57f72ed157d65edd74d11fb50e454a0709,-0.4321128490525168,0.044911777790197,0.4770246268427138,0.4780635953670891,bearish,0.4780635953670891
2024-12-30 01:15:00,BA,The Best WSB Surveys Of The Year,,SeekingAlpha,https://finnhub.io/api/news?id=888e4d0e9418fe19d01f05e1e1ec238372f3add06a6b7c122c29d4f542f20d73,0.0640174151207111,0.0868329530535372,0.022815537932826,0.8903515090136367,bullish,0.8903515090136367
2024-12-30 00:57:50,BA,Wall Street Breakfast Podcast: South Korea Orders Boeing 737-800 Inspections After Fatal Crash,"South Korea to inspect Boeing 737-800s after deadly crash. Snow Lake Resources drops, prices $15 million offering. ""Sonic the Hedgehog 3,"" ""Mufasa"" dominate Christmas weekend box office.",SeekingAlpha,https://finnhub.io/api/news?id=53fefc23c253e06d56afa2b8a8daaba41552bc1d204962e7093a10b49a573cc9,-0.0894358767485004,0.3897808550265559,0.4792167317750563,0.1310024131983878,bearish,0.4792167317750563
2024-12-29 12:27:04,BA,Jet crash disaster in South Korea marks another setback for Boeing,"WASHINGTON — A machinists strike. Another safety problem involving its troubled top-selling airliner. A plunging stock price. 2024 was already a dispiriting year for Boeing, the American aviation...",Finnhub,https://finnhub.io/api/news?id=514ca242cf5b6c330f96a1363950af99d9fa0a6db61d18d4280dcb6403f40cd0,-0.9430886496433736,0.0155650566437292,0.9586537062871028,0.0257812370691678,bearish,0.9586537062871028
2024-12-29 11:20:00,BA,What Boeing Investors Should Know About Jeju Flight 2216,The tragic crash of an older 737 model jet in South Korean could move Boeing stock early this coming week.,Yahoo,https://finnhub.io/api/news?id=24fce9aee66a6e11899394a652e9ed9f7537a2a2b593c9e69fca909837a57db1,0.0025872717916322,0.0310883700770348,0.0285010982854025,0.9404105316375626,neutral,0.9404105316375626
2024-12-29 11:04:00,BA,South Korean Plane Crash Kills 179 in One of Deadliest Aviation Disasters in Years,South Korean Plane Crash Kills 179 in One of Deadliest Aviation Disasters in Years,DowJones,https://finnhub.io/api/news?id=19c28dc9629a314c28162bb181fad6cc7bfb62df56b037d56b0207b0e9465cae,-0.8212731339511699,0.0293847780445507,0.8506579119957206,0.1199573099597286,bearish,0.8506579119957206
2024-12-29 08:00:32,BA,Wall Street Brunch: Data Dominates Shortened Week,"The Nasdaq is up 30% and the Dow trails badly, up 14%. Housing and manufacturing data dominate short week. South Korea plane crash kills 179.",SeekingAlpha,https://finnhub.io/api/news?id=468a3ffcaecff13101d71d0d591cefa420cd53fe9c65daa9a5fd0bcf819752b9,-0.12251016497612,0.1094821244478225,0.2319922894239425,0.6585255861282349,bearish,0.6585255861282349
2024-12-28 08:00:00,BA,"Egg recall escalates, American Airlines blames Boeing, and Christmas's top toy: Business news roundup","The Food and Drug Administration (FDA) has issued a new warning about thousands of recalled eggs sold at Costco (COST) stores due to potential contamination with salmonella, a bacterium that can cause serious infections. The recall has been elevated to the FDA’s highest risk level.",Yahoo,https://finnhub.io/api/news?id=da28dbc7b6b70872a0976018b344a4ff2a7c17317ed36dc41decd8423bcd07f1,-0.8087826417784956,0.0159909156268627,0.8247735574053583,0.1592355269677789,bearish,0.8247735574053583
2024-12-28 05:30:08,BA,"Average tenure of Boeing engineers drops over past decade, FT reports","The average tenure of a Boeing (BA) engineer has dropped over the past ten years from 16.4 years to 12.6 years as workers contrast the company’s turmoil with the allure of space companies’ exciting goals, the Financial Times’ Claire Bushey reports, citing data from the Society of Professional Engineering Employees in Aerospace. Tenure decreased in almost every age bracket and the risk of this “brain drain” as analyst and union officials have called it, is that it drags on current operations and",Yahoo,https://finnhub.io/api/news?id=9392275842cce2afa76614a1634c1b8c3a9ffe5a378993ceb30002b411d61664,-0.9590396002227034,0.0084649688342443,0.9675045690569478,0.0240304621088077,bearish,0.9675045690569478
2024-12-28 02:14:00,BA,"GE Aerospace: Buy, Sell, or Hold?","GE Aerospace (NYSE: GE) has had an excellent beginning as an independent company.  The market has quickly responded by assigning it a premium rating, driven by strong operational performance and the promise of a long-term revenue stream from services related to its aircraft engines installed in airline fleets.  As you can see from a pair of standard valuation metrics below, the market is willing to pay a high multiple to get exposure to GE Aerospace's long-term growth.",Yahoo,https://finnhub.io/api/news?id=a8ed94daf20a047e5bd35253fe52000ea3f4ebbb026ad173fa2bf3f761b22ebb,-0.0088187476892838,0.0297876771301772,0.0386064248194611,0.9316058980503616,neutral,0.9316058980503616
2024-12-27 10:57:18,BA,Musk Commends Boeing's Leadership Overhaul Amid Industry Challenges,Elon Musk praised Boeing's new CEO Kelly Ortberg for steering the company in a better direction.,Yahoo,https://finnhub.io/api/news?id=872ca0d164ec2fae7a693f8ca1d0b96f78ebe692e69ed9038d490f166ec00b46,0.9097987572788822,0.9329979697763314,0.0231992124974492,0.0438028177262192,bullish,0.9329979697763314
2024-12-27 10:10:00,BA,Boeing's space business could experience liftoff in 2025,Boeing (BA) has one trick up its sleeve that could help its stock blast off in 2025. The Motley Fool reports that there’s significant investor intrigue surrounding the company’s space program after its rough 2024.,Yahoo,https://finnhub.io/api/news?id=82bdd01d9ee00129edc4e7074bff6f8ac6c6bbb7a5afc7dbe3e6c1750ca981bf,0.3908627266395176,0.4070414969015372,0.0161787702620195,0.5767797328364431,bullish,0.5767797328364431
2024-12-27 06:16:00,BA,Missiles Are Now the Biggest Killer of Airline Passengers,"This week’s crash in Kazakhstan, if confirmed as a shootdown, would be the third such major incident since 2014.",Yahoo,https://finnhub.io/api/news?id=c48aefabba2aa7d6cd17eb3d24ed140ad0061d9b6b5d4cc83653ceca7da1eb30,-0.4079447369552855,0.0428751016841311,0.4508198386394166,0.5063050596764522,bearish,0.5063050596764522
2024-12-27 03:02:53,BA,Q3 Rundown: Textron (NYSE:TXT) Vs Other Aerospace Stocks,"Quarterly earnings results are a good time to check in on a company’s progress, especially compared to its peers in the same sector. Today we are looking at Textron (NYSE:TXT) and the best and worst performers in the aerospace industry.",Yahoo,https://finnhub.io/api/news?id=10df1f87a0b2f5bcd22ddb300bbb2644c8cc4d378d36e3a628cf7262a0416bbb,-0.9138662975336164,0.0148866491313901,0.9287529466650064,0.0563604042036033,bearish,0.9287529466650064
2024-12-27 02:19:13,BA,Boeing: AerCap and TAAG reach agreement on a 787,"AerCap announced on Friday that it had signed a sale and leaseback agreement with TAAG Angola Airlines for a Boeing 787-9 aircraft.The Irish group, which specializes in aircraft leasing, says the...",Finnhub,https://finnhub.io/api/news?id=40c027fcffe244128a93990d0e852bd8f020903b8601e57d5d3437efa1f9240e,0.9205668288342618,0.9380275397443576,0.0174607109100957,0.0445117493455466,bullish,0.9380275397443576
2024-12-26 20:00:00,BA,The Celebrity Activist Investor Is Going Extinct,"An era of big-name activists with fiery personalities waging noisy proxy battles and wielding brash tactics to win board seats is over.  Carl Icahn,  facing attacks on how he manages his own publicly traded firm, has slowed his fire.  Nelson Peltz,  fresh off losing a battle with  Disney  is planning to hand his firm to his less pugnacious son and others.",Yahoo,https://finnhub.io/api/news?id=d2bef6f70c2569273a88281af70deaeea683a35793aea4b3bc15ee5dadc42a78,0.0558446848450345,0.0723463865985577,0.0165017017535231,0.9111519116479192,bullish,0.9111519116479192
2024-12-26 14:30:15,BA,Stock Market Today: SoundHound AI Crushes Bears With New High; Here's Why Boeing Is A Blue Chip To Watch (Live Coverage),The stock erased early mild losses and SoundHound AI blistered the bears with a new high. Boeing made five-month highs.,Yahoo,https://finnhub.io/api/news?id=8a9a38bdc312998641f122f8097f333de13f646d2efe979f3e2220e99b4ad393,0.4294692581069435,0.4496180919077265,0.020148833800783,0.5302330742914904,bullish,0.5302330742914904
2024-12-26 12:35:09,BA,"Top Stock Movers Now: GameStop, Toyota, Microstrategy, and More","Major U.S. indexes were little changed and slightly higher at midday Thursday, looking to add to gains earlier in the week.",Yahoo,https://finnhub.io/api/news?id=2cdbcbd5485cd3b971bcb80e695b18c8f37a8b46c65c2e3f401e9c49badfae82,0.0804266446187093,0.0925134070267422,0.0120867624080328,0.895399830565225,bullish,0.895399830565225
2024-12-26 12:28:42,BA,"Elon Musk Praises Boeing's Leadership Overhaul, Slams Artemis Moon Missions as 'Inefficient","Musk lauds Boeing's leadership shift, criticizes NASA's Artemis program, and emphasizes innovation in aerospace and beyond",Yahoo,https://finnhub.io/api/news?id=b6549b49bcee93cb576097e3edb455d4af3655a29b92c1467197e5e55a547f0b,0.1262041684778408,0.5310341953203468,0.4048300268425059,0.0641357778371473,bullish,0.5310341953203468
2024-12-26 10:47:00,BA,Dow Industrials Steady; Bond Yields Grind Higher,"Major indexes traded lower in their first post-Christmas Day session, while a recent bond-market selloff deepened.",Yahoo,https://finnhub.io/api/news?id=0f601554683b0a752817d8abaaee78067ab4e4ee07246d4ed7e4dcfe525b5893,0.6366172707206857,0.7943258255931518,0.157708554872466,0.0479656195343821,bullish,0.7943258255931518
2024-12-26 10:27:00,BA,The Biggest News Stories of 2024,"A lot happened in this year, from wars to the election to AI. Here’s a timeline, including some of the year’s best photos.",Yahoo,https://finnhub.io/api/news?id=71aa2175b91d07f85078ffdf87a2f0c75873b160be08ee014811b3e0c20d77a0,-0.060716662615879,0.022735713769695,0.083452376385574,0.8938119098447309,bearish,0.8938119098447309
2024-12-26 09:49:00,BA,Textron Secures Contract to Support UH-1Y and AH-1Z Aircraft,"TXT's business unit, Bell, secures a contract to provide program management, engineering and logistics services for UH-1Y and AH-1Z helicopters.",Yahoo,https://finnhub.io/api/news?id=2ada9e8d73f27bc4b75eb43e9b8fd943b28344d7bb9c4fceb7700aeecdc1ed91,0.9281752116216792,0.9441456706808352,0.0159704590591559,0.0398838702600088,bullish,0.9441456706808352
2024-12-26 06:49:00,BA,Huntington Ingalls Clinches Deal to Support Lionfish SUUV Production,"HII gets a contract from the Naval Sea Systems Command, Washington, D.C., to aid the production of Lionfish SUUVs.",Yahoo,https://finnhub.io/api/news?id=f338baac72501acb429ac9cd8555dc52d342388b8389074b3163db8a445880e0,0.8458689371039004,0.8573311391647113,0.0114622020608108,0.1312066587744779,bullish,0.8573311391647113
2024-12-26 06:07:00,BA,Boeing's Space Business Could Be Unstoppable in 2025. It Just Needs 1 Thing to Happen First.,A monster-size contract from Amazon.com isn't enough. Boeing's ULA JV also needs a favor from the U.S. government if it's to meet its goals.,Yahoo,https://finnhub.io/api/news?id=301e28a4ccccd12edcb4ede4f59cf61e80be1de9fd9b35f44d3b8e78d1dc4752,0.0481262546091459,0.0646954730476938,0.0165692184385479,0.9187353085137582,neutral,0.9187353085137582
2024-12-26 04:54:11,BA,Palantir: Looking To Knock The Defense Prime Contractors Off Their Perch (Rating Downgrade),Palantir is reportedly looking to lead a tech-driven consortium in winning a larger share of defense spend. See why I'm revising my rating on PLTR stock to hold.,SeekingAlpha,https://finnhub.io/api/news?id=05fe6812cb40ff6975523bc661d43f255283c6d9555c7656db435d8f4cba7e22,-0.3385200997966543,0.1284168828787935,0.4669369826754478,0.4046461344457587,bearish,0.4669369826754478
2024-12-25 07:00:00,BA,"If You'd Invested $10,000 in Boeing Stock 5 Years Ago, Here's How Much You'd Have Today",Spoiler: It isn't pretty.,Yahoo,https://finnhub.io/api/news?id=0b74ccb42f4253aa0600dbc2d096e62787b55df51471cd436fa10bb058b17462,0.0287014465227507,0.0455298007200688,0.016828354197318,0.9376418450826132,neutral,0.9376418450826132
2024-12-25 02:00:00,BA,Boeing and 6 More Contrarian Stocks for 2025,"There’s money to be made betting on some of 2024’s biggest losers, which include Ulta Beauty and Merck.",Yahoo,https://finnhub.io/api/news?id=b6a9fc4e60e725e14440edf7a4575380cbb16f1546e3729456bcfbaefc52bcec,0.0235329725942418,0.045545978383054,0.0220130057888121,0.9324410158281338,neutral,0.9324410158281338
2024-12-25 01:32:20,BA,Ryanair: Suffering Boeing Delays And Lower Fares,"I remain bullish on Ryanair despite the stock decline, due to its leading position in Europe, potential margin expansion, and upside potential. See more here.",SeekingAlpha,https://finnhub.io/api/news?id=f576862a12701e6609d99a9f1e22781ad5c175c23357dead8dea57afe8c793b0,-0.952023465440464,0.0147478715804623,0.9667713370209264,0.0184807913986113,bearish,0.9667713370209264
2024-12-24 10:40:00,BA,"Boeing Co. stock rises Tuesday, still underperforms market","Boeing Co. stock rises Tuesday, still underperforms market",MarketWatch,https://finnhub.io/api/news?id=f5e494611341fe2fb606bfc9271d58e5ed77b565e20a5afb682d58d2a2322adb,0.4334230858240135,0.7038955315318406,0.270472445707827,0.0256320227603323,bullish,0.7038955315318406
2024-12-24 08:51:00,BA,RTX Clinches a $43M Deal to Support ESSM and NSMS Programs,"RTX gets a contract from the Naval Sea Systems Command, WA, D.C., to provide technical support to the ESSM and NSMS Programs.",Yahoo,https://finnhub.io/api/news?id=e8c39b436cd3f78f96ceec02b0e71a51b074c91696ba00f484989e8c99b53120,0.8666638039050807,0.8783389249214458,0.0116751210163651,0.109985954062189,bullish,0.8783389249214458
2024-12-24 07:09:00,BA,Lockheed Martin Secures a $11.8 Billion Contract to Produce F-35 Jets,LMT's unit secures a $11.76 billion modification contract for the production and delivery of 145 F-35 jets.,Yahoo,https://finnhub.io/api/news?id=2dee2c3a5703fc97ab4e5775122315d06305cf3b282dffcc2f52598ca8e85395,0.9227962043849636,0.9391353024091356,0.0163390980241722,0.044525599566692,bullish,0.9391353024091356
2024-12-24 04:39:00,BA,Here's Why You Should Add SkyWest Stock to Your Portfolio Now,Upbeat air-travel demand and fleet-upgrade efforts bode well for SKYW.,Yahoo,https://finnhub.io/api/news?id=4c2567111fd90ec91f538dbb544f87967119ab7167e2cd037e15074cc42c97c6,0.0420261729159224,0.0568009025468934,0.014774729630971,0.9284243678221354,neutral,0.9284243678221354
2024-12-24 04:33:00,BA,"Dow's 163-point rally highlighted by gains for Walmart, Amazon.com Inc. shares","Dow's 163-point rally highlighted by gains for Walmart, Amazon.com Inc. shares",MarketWatch,https://finnhub.io/api/news?id=6350073118d57c675a044cdcb4a02b17c6c53daf9999a8bfa97b6af6f1e2b608,0.8745959424489003,0.9118341633708372,0.0372382209219369,0.0509276157072258,bullish,0.9118341633708372
2024-12-23 16:45:19,BA,Boeing (BA) Rises But Trails Market: What Investors Should Know,"Boeing (BA) concluded the recent trading session at $177.69, signifying a +0.19% move from its prior day's close.",Yahoo,https://finnhub.io/api/news?id=85a86b7a59de060e5b4c793cc09e1316f01c10cca209597a1cb63af164845c46,0.2690955925597124,0.2959458513411925,0.02685025878148,0.6772038898773274,bullish,0.6772038898773274
2024-12-23 12:59:06,BA,"Palantir, Anduril In Talks With OpenAI, Elon Musk's SpaceX To Take On Defense Giants: FT","Palantir, Anduril In Talks With OpenAI, Elon Musk's SpaceX To Take On Defense Giants: FT",DowJones,https://finnhub.io/api/news?id=a5f3bf679c01b1a8d24b9944b3d609e64daf1de2d3afdc36c9dd9387f159607b,0.2076866362527493,0.2157197260114407,0.0080330897586914,0.7762471842298678,bullish,0.7762471842298678
2024-12-23 12:45:34,BA,Boeing names Ann Schmidt chief communications and brand officer,Boeing CEO Kelly Ortberg has tapped Ann Schmidt to be chief communications and brand officer. It is the latest executive appointment since Ortberg took over as chief executive in August. He announced her appointment on Monday in a memo to employees viewed by Reuters.,Yahoo,https://finnhub.io/api/news?id=4c45f363f742b6ebe0ffb9a20dce7a2759c42095b97d04cc94a6251420d4de58,0.0001802369831343,0.0330974139431362,0.0329171769600019,0.9339854090968618,neutral,0.9339854090968618
2024-12-23 11:35:00,BA,Boeing 2025 recovery depends on production reform: Portfolio mgr.,"To discuss Boeing's (BA) growth prospects for 2025, Gabelli Funds Portfolio Manager Tony Bancroft — who oversees the Gabelli Commercial Aerospace and Defense ETF (GCAD) — joins anchors Brad Smith and Seana Smith on Catalysts. Bancroft emphasizes that Boeing's priorities should lie in restoring safe and efficient production operations. ""I think as long as you're seeing the trajectory going positive, that's gonna be a good sign for Boeing,"" he tells Yahoo Finance, identifying this as a key to the company's stock recovery in 2025. Analyzing Boeing's business divisions, Bancroft highlights the aircraft manufacturer's strong competitive advantage in defense manufacturing, specifically citing the Boeing KC-46 Pegasus and P-8A anti-submarine aircraft. However, he notes that Boeing lacks similar advantages in its space program. Regarding the company's various initiatives, Bancroft suggests Boeing needs to critically evaluate its portfolio, asking ""What's the profitability of this program?"" Watch the video above for Bancroft's outlook on the impact of the upcoming Trump administration's policies on the aircraft maker. To watch more expert insights and analysis on the latest market action, check out more Catalysts here. This post was written by Angel Smith",Yahoo,https://finnhub.io/api/news?id=fa110ffad5b96868060b2b3b62fcd269a716419329e15886cba09ccbd08bad57,0.1204427236104182,0.1437835772738363,0.023340853663418,0.8328755690627456,bullish,0.8328755690627456
2024-12-23 09:23:55,BA,Brazil airline Gol upbeat on capacity as Boeing delivers new 737 MAXs,"Brazilian airline Gol is ending 2024 with ""good prospects"" for adding capacity to its network, Chief Executive Celso Ferrer told Reuters, as planemaker Boeing delivered new 737 MAX aircraft this month after long delays.  Gol, which is under bankruptcy protection in the United States, received three MAXs in December and expects to get another one in January, finally reaching the mark of 53 aircraft it had hoped to hit a year ago.",Yahoo,https://finnhub.io/api/news?id=370a5f54d6fdfdc2fe938945df3e547e96bae42dc4701d361f67721240f44ce6,0.8440115488028159,0.90315024458227,0.0591386957794541,0.0377110596382758,bullish,0.90315024458227
2024-12-23 08:55:55,BA,US core capital goods orders rebound; consumer confidence deteriorates amid tariff worries,"WASHINGTON (Reuters) -New orders for key U.S.-manufactured capital goods surged in November amid strong demand for machinery, while new home sales rebounded after being weighed down by hurricanes, offering more signs that the economy is on solid footing as the year ends.  But concerns over plans by President-elect Donald Trump's incoming administration to impose or massively raise tariffs on imports could slow momentum next year, with other data on Monday showing consumer confidence slumping in December.  Consumers, however, remained upbeat on the labor market's prospects.",Yahoo,https://finnhub.io/api/news?id=1e18613e578d62fa67c3268c955a8d0d75e96cd49641ccafdf7a4c37161c56ec,-0.8599753610609707,0.0644942654843021,0.9244696265452728,0.011036107970425,bearish,0.9244696265452728
2024-12-23 08:09:23,BA,"Safran Remains A Top Aerospace Stock In 2025, And I Will Buy More","Safran SA stock offers growth potential despite recent declines, with opportunities in major aircraft programs and potential 30% upside. See why SAFRF is a buy.",SeekingAlpha,https://finnhub.io/api/news?id=cf470752892640ced75a4ee3cc2505353f82e7e70cf631701e62d12a50e2b841,0.172455813865121,0.1802694837809238,0.0078136699158028,0.8119168463032733,bullish,0.8119168463032733
2024-12-23 04:46:00,BA,"Walmart, Salesforce share losses contribute to Dow's 268-point fall","Walmart, Salesforce share losses contribute to Dow's 268-point fall",MarketWatch,https://finnhub.io/api/news?id=d1b9e02be57b80e6e49d514e96caeaf391c8a77cbb1fbf24c4070d1331d360ef,-0.9211044301714252,0.0281833910027512,0.9492878211741764,0.0225287878230722,bearish,0.9492878211741764
2024-12-23 04:45:29,BA,"Trending tickers: Palantir, Spotify, Novo Nordisk, Honda and Direct Line",The latest investor updates on stocks that are trending on Monday,Yahoo,https://finnhub.io/api/news?id=a0e3aa62bf688d18a61fece4bbabf41f26d086b0d8d415a7df003b3cf8911149,0.0186749227939652,0.03800915117919,0.0193342283852248,0.9426566204355852,neutral,0.9426566204355852
2024-12-23 03:43:31,BA,"Air Premia Expands Fleet with 6th Boeing 787-9 Dreamliner, Plans New Routes for 2025","SEOUL, South Korea- Air Premia, Korea's leading hybrid carrier, today announced the addition of its sixth Boeing 787-9 Dreamliner, marking its first fleet expansion in over 18 months. The airline also...",Finnhub,https://finnhub.io/api/news?id=b18e43ce81a042cd23b2b1f2ec14bc13d5044720892059ca03a3e590afbb2b6e,0.8915398217365804,0.903842492960216,0.0123026712236356,0.0838548358161481,bullish,0.903842492960216
2024-12-23 01:00:00,BA,Lazard US Equity Concentrated Portfolio Q3 2024 Commentary,"In the third quarter, the Lazard US Equity Concentrated Portfolio outperformed its benchmark, the S&P 500 Index. Click here to read the full commentary. ",SeekingAlpha,https://finnhub.io/api/news?id=98edf02967f803b002120d5c9614e85f5a2539bd472828009b96945decbdceda,0.0108524801657211,0.0319759133759301,0.0211234332102089,0.9469006534138608,neutral,0.9469006534138608
2024-12-22 20:00:00,BA,They Helped Create DEI—and Even They Say It Needs a Makeover,"DEI is an important response to that history and has accomplished much, despite sometimes uneven execution, says Olivia Christian, who juggles dual careers as a sportscaster and consultant to employee-resource groups for women and people of color at Google,  Visa Amazon  and other firms.  It traces the ebb and flow of corporate diversity efforts, from attempts to comply with President  John F. Kennedy’s  “affirmative action” executive order in the 1960s to recasting diversity as a management strategy in the 1980s, when President  Ronald Reagan  threatened to end affirmative action.  Little wonder the backlash against DEI, led by activist Robby Starbuck, has been so forceful, he says.",Yahoo,https://finnhub.io/api/news?id=f8f2a5652f4b407522b12c4b9e78675f9680641e4a903cf2fcaf121de11d6a5b,0.0173835982615226,0.0485598033516266,0.031176205090104,0.9202639915582692,neutral,0.9202639915582692
2024-12-22 11:14:00,BA,Boeing's Big News Is Bullish for the Stock in 2025,"Boeing's (NYSE: BA) announcement of a significant 737 MAX order from Pegasus Airlines is big news.  It's a vote of confidence in the airplane and Boeing's ability to deliver it, and it helps highlight the bullish cash for the stock in 2025.  Boeing has no easy or quick fixes, but most of its issues and solutions lie in its own hands, and the recent news supports the idea that a recovery is around the corner.",Yahoo,https://finnhub.io/api/news?id=bda04edb8d994084ec472cb8a2ac3da400c0e25fbbdfa3942ec3814fb12d919d,0.5551004273323222,0.5799835758288323,0.02488314849651,0.3951332756746576,bullish,0.5799835758288323
2024-12-21 03:45:00,BA,Billionaire Paul Tudor Jones' Fund Just Sold Boeing and Bought This Popular Cryptocurrency Instead,"Jones launched Tudor Investment Corp in 1980.  In 1987, Jones correctly predicted the stock market crash on Black Monday when the Dow Jones fell by an incredible 22%.  More than four decades after launching Tudor Investment Corp, Jones still serves as the chief investment officer of the company, which has reportedly generated average annual returns of 19%, according to Hedge Fund Alpha.",Yahoo,https://finnhub.io/api/news?id=7805f057e5a1149cbd9b7c5ff0368045f46913673eda435187ffa4457dc5710e,0.0523221020119733,0.0640095348958019,0.0116874328838285,0.9243030322203696,bullish,0.9243030322203696
2024-12-20 11:56:22,BA,Magellan Aerospace: A Stock To Buy On Boeing And Airbus Production Ramp-Up,Invest in Magellan Aerospace Corporation stock for potential growth despite production uncertainties. Click for my updated look at MALJF stock prospects.,SeekingAlpha,https://finnhub.io/api/news?id=bc12143a705155ea46837d24a08558a54d0e34628d76808995613589be1bf114,0.1632964291188035,0.1721022363020279,0.0088058071832245,0.8190919565147475,bullish,0.8190919565147475
2024-12-20 10:40:00,BA,"Boeing Co. stock rises Friday, still underperforms market","Boeing Co. stock rises Friday, still underperforms market",MarketWatch,https://finnhub.io/api/news?id=a293040e901f9433bb275b32496caa4d393321703fed5d8e17b2abe18cebf429,0.4382005093012071,0.7063133808676035,0.2681128715663964,0.025573747566,bullish,0.7063133808676035
2024-12-20 09:12:51,BA,"Jim Cramer on The Boeing Company (BA): ‘Remember They Did The Great Secondary, Everyone Made Money On That’","We recently compiled a list of the Jim Cramer Latest Stocks: 23 Stocks He Just Talked About. In this article, we are going to take a look at where The Boeing Company (NYSE:BA) stands against the other stocks Jim Cramer recently talked about. With the Federal Reserve’s December meeting over, Wall Street has now shifted into […]",Yahoo,https://finnhub.io/api/news?id=53f9fd0491c240ed5307ca3035aa9b4eedf70d65a0030b9c12889286df3641e9,0.5333763512451479,0.550235364015923,0.016859012770775,0.4329056232133019,bullish,0.550235364015923
2024-12-20 07:51:00,BA,Boeing Wins Order for up to 200 737 Max Jets From Pegasus Airlines,"BA secures a contract with Pegasus Airlines for 100 737-10 jets, with options for additional 100 jets.",Yahoo,https://finnhub.io/api/news?id=516ddb2719682cdc33d98a47d6586f25a5d010423ec57fb7dbc910a51531be48,0.9211680903269291,0.9412486535614304,0.0200805632345011,0.0386707832040685,bullish,0.9412486535614304
2024-12-20 04:30:00,BA,When the Pink Slip Comes Via Text and Email,"Forget the conference room with HR. Some companies, including GM, are cutting out human contact altogether when eliminating jobs.",Yahoo,https://finnhub.io/api/news?id=2fd9052f4505efc7ae603373a216bf29aa124790f701dfc557b97363b2d24f4b,0.0068904587936459,0.0296273875154353,0.0227369287217894,0.9476356837627752,neutral,0.9476356837627752
2024-12-20 04:18:03,BA,Boeing: A $220 Price Target And I Am Buying,"Despite near-term struggles, Boeing offers long-term upside, with potential 20% gains by 2027 if it successfully executes its turnaround strategy. Read more here.",SeekingAlpha,https://finnhub.io/api/news?id=128b8a1edd4b130990fd3228e97323ab501895c1c302a337b6e03cc378513f98,0.1179245197618344,0.1367172012978583,0.0187926815360239,0.8444901171661177,bullish,0.8444901171661177
2024-12-20 04:05:00,BA,BUZZ Investing: Optimism Fuels Continued Rally,A series of economic and market developments shaped market activity during the recent period between index selection dates.,SeekingAlpha,https://finnhub.io/api/news?id=c794c53939d473de161941b08c803853f842fe870920ed96ee8d515f27383ab0,0.8790266795927777,0.8935148283254625,0.0144881487326848,0.0919970229418527,bullish,0.8935148283254625
2024-12-20 03:26:20,BA,China Airlines to buy Boeing 777-8 freighters,"China Airlines is investing about $2 billion in large, future-generation from Boeing. The post China Airlines to buy Boeing 777-8 freighters appeared first on FreightWaves.",Yahoo,https://finnhub.io/api/news?id=cd15e7fc49d5a385fb7b318c7368be0f3ee00258e00165fecdece08cab7e2c3e,0.7589457636443236,0.7699907284969526,0.0110449648526289,0.2189643066504184,bullish,0.7699907284969526
2024-12-19 20:30:58,BA,"Malaysia's missing MH370 plane: What we know, 10 years on",The disappearance 10 years ago of Malaysia Airlines flight MH370 with 239 people on board remains one of the world's greatest aviation mysteries. The Boeing 777 went missing on its way...,Finnhub,https://finnhub.io/api/news?id=4049fedd2de0d101b10203a8ed17c0041becec9aff08862c33c4a396552e9685,-0.0108341683602363,0.0395633940512547,0.050397562411491,0.9100390435372544,neutral,0.9100390435372544
2024-12-19 15:37:45,BA,"Boeing Jet Production Resumes, Starliner Astronauts Delay Extended",Boeing finally resumes aircraft production at its Pacific Northwest facilities. Starliner astronauts will be stuck on the ISS until March.,Yahoo,https://finnhub.io/api/news?id=d44067ca03f6aec38b51ee5b80ab9691b7fc06f8c5c90a68b470984a0ab81974,-0.7724815274700878,0.0155804077065644,0.7880619351766522,0.1963576571167832,bearish,0.7880619351766522
2024-12-19 15:28:00,BA,Boeing Stock Seen as a ‘Dog of the Dow’ for 2025. That’s Bullish.,TD Cowen transferred coverage of Boeing stock among its analysts. That resulted in a $10 bump to the target price to $200 and a continued Buy rating.,Yahoo,https://finnhub.io/api/news?id=6032b6c131bea45c4d80b67dce9face28bbbfdef8af3c103c40d42e454e02444,0.1948926822302363,0.2152903039885628,0.0203976217583264,0.7643120742531107,bullish,0.7643120742531107
2024-12-19 10:53:43,BA,Boeing lands biggest 737 MAX order of the year: 100 737-10s for Pegasus Airlines,"The order includes options for another 100 737 MAX 10 jets.  The deal is worth $5.85 billion after typical industry discounts, according to estimated delivery prices from UK-based Cirium Ascend.  Boeing shares rose 2.6%.",Yahoo,https://finnhub.io/api/news?id=c959b5c2200ba98266e34035c446fd4eef5df69090aee091baaec16938661860,0.7348413727680154,0.7469566833122673,0.0121153105442518,0.2409280061434808,bullish,0.7469566833122673
2024-12-19 09:15:00,BA,Pegasus Airlines Orders Up to 200 Boeing 737-10 Airplanes,Boeing [NYSE: BA] and Pegasus Airlines today announced Türkiye's leading low-cost carrier will grow and modernize its single-aisle fleet with an order for up to 200 737 MAX airplanes. The airline's purchase includes a firm order for 100 737-10 jets – plus options for 100 more.,Yahoo,https://finnhub.io/api/news?id=d678b0f14bc52ac539ad19434fdee8d433d720fea8e8bed84478981f26574100,0.5022071022129226,0.5143697166001477,0.012162614387225,0.4734676690126272,bullish,0.5143697166001477
2024-12-19 08:57:00,BA,"Dow's 175-point rally led by gains for Boeing, IBM shares","Dow's 175-point rally led by gains for Boeing, IBM shares",MarketWatch,https://finnhub.io/api/news?id=1b98dd17885561add314d6bf4e1acd62effb0d70dd9d194fbdd3355cbf020765,0.7996135019125881,0.8449916648686244,0.0453781629560363,0.1096301721753392,bullish,0.8449916648686244
2024-12-19 07:41:00,BA,"Boeing, NVIDIA Corp. share gains lead Dow's 289-point climb","Boeing, NVIDIA Corp. share gains lead Dow's 289-point climb",MarketWatch,https://finnhub.io/api/news?id=05a7b4d2b39659d5f4bb42f71c501b652cb9af27699ad3e146c85450d25bd5fb,0.6314567743054128,0.709625546004672,0.0781687716992591,0.2122056822960688,bullish,0.709625546004672
2024-12-19 06:32:16,BA,"TD Cowen maintains Outperform Rating on Boeing, expects stock to move quickly","Investing.com -- TD Cowen reaffirmed its Outperform rating on Boeing (NYSE:BA) in a note Thursday, increasing the price target to $200 from $190.",Yahoo,https://finnhub.io/api/news?id=24df39e76f71090d9561416e9d2c6f09bd4f80f7528fb2960d6323d2c3aafdde,0.9022277885181214,0.9342266142767645,0.0319988257586431,0.0337745599645924,bullish,0.9342266142767645
2024-12-19 06:31:00,BA,Lockheed Clinches a $59M Contract for Precision Strike Missile,"LMT secures a contract for the Precision Strike Missile from the Army Contracting Command, Redstone Arsenal, AL.",Yahoo,https://finnhub.io/api/news?id=78ee2be387ce1d50c6d9b49b79adc19d17280233b99db53c9f4b5674d1ec36db,0.8169975334815406,0.8377457950757347,0.0207482615941941,0.1415059433300712,bullish,0.8377457950757347
2024-12-19 05:53:43,BA,Turkish carrier Pegasus orders 100 Boeing 737 MAX 10 jets,"Boeing said on Thursday Turkish low-cost carrier Pegasus Airlines had placed a firm order for a hundred 737 MAX 10 aircraft, offering a welcome boost for the U.S. planemaker recovering from a...",Finnhub,https://finnhub.io/api/news?id=059df05555cf91109577f52148cebdb3e31b06bdff1e20c992fc233b2f53546a,0.694894288934464,0.7108459618302166,0.0159516728957526,0.2732023652740307,bullish,0.7108459618302166
2024-12-19 04:48:15,BA,Boeing: Pegasus Airlines orders 100 737 MAX aircraft,"Boeing announces that Pegasus Airlines, Türkiye's leading low-cost carrier, has placed a firm order for 100 737 MAX aircraft, with an option for a further 100. The 737-10 model, capable of carrying...",Finnhub,https://finnhub.io/api/news?id=962fb7ca4ab17aa93d6976b971d628a4973b8f95212db4012f3c0560a04a38c5,0.6645994000367887,0.6865096611547136,0.0219102611179248,0.2915800777273616,bullish,0.6865096611547136
2024-12-19 04:46:00,BA,"Boeing, NVIDIA Corp. share gains lead Dow's 175-point jump","Boeing, NVIDIA Corp. share gains lead Dow's 175-point jump",MarketWatch,https://finnhub.io/api/news?id=2fd860f2a9506f0896495a8476839dc38d10ac3a0c288b85b694f9ca8699756b,0.7101989301032721,0.7652946542181813,0.0550957241149092,0.1796096216669094,bullish,0.7652946542181813
2024-12-19 03:30:00,BA,"2025 Analyst Outlook: Dhierin Bechai On Challenging Times For Boeing, Aerospace, And Airlines","Aerospace and defense investing offers opportunities, but sentiment could put pressure on returns. Read why Boeing could be a wildcard in aerospace investing.",SeekingAlpha,https://finnhub.io/api/news?id=ef8564e6ac0c0ab935dd1c4384d7b0203ac795d6249a6ed19883d9740d143048,0.2496491684741728,0.270854818129222,0.0212056496550492,0.7079395322157288,bullish,0.7079395322157288
2024-12-19 03:07:03,BA,Taiwan's China Airlines splits $11.9 billion aircraft deal between Boeing and Airbus,"TAIPEI (Reuters) -Taiwan's China Airlines will split an order for its long-haul fleet renewal between Boeing and European rival Airbus and buy freighters from the U.S. planemaker in a closely watched deal worth almost $12 billion.  Taiwan's largest carrier had been considering the 777X, of which the 777-9 is a variant, and A350-1000 as replacements for its fleet of 10 Boeing 777-300ERs and to provide capacity for future growth, sources have told Reuters previously.  China Airlines said on Thursday that it would buy 10 Boeing 777-9 aircraft and 10 Airbus A350-1000s as well as four 777-8 freighter aircraft for $11.9 billion, with deliveries for the new aircraft starting from 2029.",Yahoo,https://finnhub.io/api/news?id=4193bfe718e990381ed91d0e2af738dec02466ed7cc4fc73124ba901ac16c7c6,0.7681037819799701,0.784275149306883,0.0161713673269129,0.199553483366204,bullish,0.784275149306883
2024-12-19 00:16:33,BA,The Boeing Company (BA): The Best Aviation Stock According to Hedge Funds?,"We recently compiled a list of the 12 Best Aviation Stocks to Buy According to Hedge Funds. In this article, we are going to take a look at where The Boeing Company (NYSE:BA) stands against the other best aviation stocks. Aviation stocks are the shares of firms in the aviation industry, such as airlines, aircraft manufacturers, […]",Yahoo,https://finnhub.io/api/news?id=aba22be2c372a03cc0c73e437cc3176ab830ca371977aed924603037264cb580,0.2274277371892202,0.2363316929148469,0.0089039557256267,0.7547643513595264,bullish,0.7547643513595264
2024-12-18 22:07:03,BA,"Taiwan's China Airlines orders $11.9 billion in Boeing, Airbus jets","Taiwan's China Airlines said on Thursday it had ordered 10 Boeing 777-9 aircraft and 10 Airbus A350-1000s for its long-haul fleet renewal, as well as four 777-8 freighter aircraft for $11.9 billion. ...",Finnhub,https://finnhub.io/api/news?id=841781a53fa49454543e216daaafdfe27361f743ced4928fe3ecac793da506e4,0.3735513328952367,0.4005214169485497,0.026970084053313,0.5725084989981373,bullish,0.5725084989981373
2024-12-18 11:58:16,BA,Year in Review: The Worst Dow Stock of 2024,"Options bulls have not given up hope on BA, though",Yahoo,https://finnhub.io/api/news?id=c3af42f7cfdf7eb07ffd841c2cc3d8a5d511672833ecebf78d3d5c17524c8290,-0.9287396379504016,0.0095607013963816,0.9383003393467833,0.0521389592568352,bearish,0.9383003393467833
2024-12-18 11:50:00,BA,Stranded NASA Astronauts Will Be Stuck in Space a Little Longer,"The astronauts’ return date was pushed back again, after what was supposed to be a dayslong trip stretched into months.",Yahoo,https://finnhub.io/api/news?id=9e82722488bdb58f210b15c1abcb4be4bc9691a1b3fcd224fd81ea8e9ce42036,-0.7239673942974365,0.0169911713575118,0.7409585656549484,0.2420502629875396,bearish,0.7409585656549484
2024-12-18 11:47:11,BA,Industrials Slide on Fed Fears - Industrials Roundup,Shares of industrial and transportation companies fell sharply amid fears about Federal Reserve policy. Longtime rival Japanese auto makers Honda and Nissan said they were exploring a merger...,Finnhub,https://finnhub.io/api/news?id=0853a1a8cf303c778042cbe5bed527e671605ea02d331bed940f9699cecde9b3,-0.929646252799551,0.0176572317368227,0.9473034845363738,0.0350392837268034,bearish,0.9473034845363738
2024-12-18 10:41:00,BA,RYAAY's EPS Estimates Northbound: Time to Buy the Stock?,"With earnings estimates soaring high, we are currently assessing the investment potential of Ryanair stock.",Yahoo,https://finnhub.io/api/news?id=a240ccd093b0ae4a3c8efb726ce3f941ec90cd03c4936b569a38546c49cae465,0.0111780857678554,0.0379956631771493,0.0268175774092938,0.9351867594135568,neutral,0.9351867594135568
2024-12-18 10:40:00,BA,Boeing Co. stock outperforms competitors despite losses on the day,Boeing Co. stock outperforms competitors despite losses on the day,MarketWatch,https://finnhub.io/api/news?id=7d6617787957772605e1b6ae2e092989a357706d5bf0ab3e23475883b0fc6d64,0.8867943572618382,0.932202631986499,0.0454082747246607,0.0223890932888402,bullish,0.932202631986499
2024-12-18 10:05:16,BA,Warren Buffett Defense Pick Finds Key Support After Earnings Skid,Warren Buffett Defense Pick Finds Key Support After Earnings Skid,DowJones,https://finnhub.io/api/news?id=ffea014ae9b2cdb865baada5192655dc552191ed569ebfd9bdcbace3cdcda963,0.1038302206359107,0.5139061923453105,0.4100759717093998,0.0760178359452896,bullish,0.5139061923453105
2024-12-18 09:43:06,BA,"Boeing, Birkenstock, General Mills: Trending Tickers","Brad Smith and Madison Mills take a look at three trending stocks on the Yahoo Finance platform, breaking down what investors need to know in 30 seconds on Morning Brief. Boeing (BA) is resuming production of several aircraft after a worker strike. The aerospace manufacturer has been in focus amid safety concerns and other challenges. Birkenstock (BIRK) shares rose after the company lifted its sales outlook for the fourth quarter, citing strong consumer demand. General Mills (GIS) stock is under pressure after the company cut its 2025 profit outlook due to promotional costs. To watch more expert insights and analysis on the latest market action, check out more Morning Brief here. This post was written by Naomi Buchanan.",Yahoo,https://finnhub.io/api/news?id=fec633069a8567002e87c9a04ad9bb78ee5926b113e16f00d570372c3c1624ca,-0.0498949010854491,0.0300413799100394,0.0799362809954886,0.8900223390944718,neutral,0.8900223390944718
2024-12-18 09:19:00,BA,Embraer Secures Deal to Sell A-29 Super Tucano Aircraft to Portugal,"ERJ, with its recent order win, is set to provide 12 A-29 Super Tucano aircraft to the Portuguese government.",Yahoo,https://finnhub.io/api/news?id=f3f3f4861ebb9e5df4e2f490d83b93fb41f39ec1089364ffb00e6519a98b96c9,0.9238001318912976,0.9380111255535858,0.0142109936622883,0.0477778807841258,bullish,0.9380111255535858
2024-12-18 07:07:00,BA,"Dow up 111 points on gains in NVIDIA Corp., UnitedHealth stocks","Dow up 111 points on gains in NVIDIA Corp., UnitedHealth stocks",MarketWatch,https://finnhub.io/api/news?id=87dcce21bc05519998279f4eb6bb33efa2d7ef21f7853ae85fd8ba4eba881ec7,0.79754115650277,0.8645192062661348,0.0669780497633647,0.0685027439705005,bullish,0.8645192062661348
2024-12-18 06:34:00,BA,"Boeing Resumes Production of Airplanes, Including 737","The jet maker’s factories in the Pacific Northwest have come back online using a safety-management system to identify potential issues, a company executive said.",Yahoo,https://finnhub.io/api/news?id=556ed4098b492d03af702514c708dc74ac6dc295e8c8e32c15167dbf825e83cd,-0.302696749910376,0.0493087576779489,0.352005507588325,0.5986857347337261,bearish,0.5986857347337261
2024-12-18 04:54:00,BA,"NVIDIA Corp., UnitedHealth share gains contribute to Dow's 225-point jump","NVIDIA Corp., UnitedHealth share gains contribute to Dow's 225-point jump",MarketWatch,https://finnhub.io/api/news?id=bd69c140114cce1e6d5dd24c9ec0499ae135f8bdeb697b35652e3d16840551b5,0.8779166415333748,0.911657691001892,0.0337410494685173,0.0546012595295906,bullish,0.911657691001892
2024-12-18 03:35:00,BA,The Gabelli Global Rising Income & Dividend Fund Q3 2024 Commentary,"The Gabelli Global Rising Income & Dividend Fund (class I) returned 8.35% for the third quarter of 2024. Click here to read the full commentary. 
",SeekingAlpha,https://finnhub.io/api/news?id=e3f1b5ad7d89f1d0e3c6c4f1a86c02fcf8089d4d3089f766d33978b60c33e64e,0.027282054552665,0.0454225673943642,0.0181405128416992,0.9364369197639364,neutral,0.9364369197639364
2024-12-18 02:32:16,BA,Boeing: successful launch of O3b mPOWER satellites,"Boeing announces that the two new O3b mPOWER satellites, billed as 'the most advanced ever built by Boeing', are sending and receiving signals in space. Launched from Kennedy Space Center, Florida,...",Finnhub,https://finnhub.io/api/news?id=dda15f7e54ed1e261ff730c03ed4c04c111afa219a97442e9376fda8504b49ea,0.8602094983145615,0.8694100891887699,0.0092005908742084,0.1213893199370216,bullish,0.8694100891887699
2024-12-18 02:10:00,BA,My Dividend Stock Portfolio: New November Dividend Record - 97 Holdings With 18 Buys,"Financial writer achieves record dividend income in November through investments in BDCs, inching closer to $10,000 annual goal.",SeekingAlpha,https://finnhub.io/api/news?id=1622bfcd6476b1f6935d84f1ad53065555594e875fe18e2d92fb59ae55233c0a,0.094321649942885,0.1142370803003796,0.0199154303574945,0.8658474893421259,bullish,0.8658474893421259
2024-12-17 21:51:15,BA,"Boeing says it has resumed 767, 777 wide-body production","WASHINGTON (Reuters) -Boeing said late on Tuesday it has resumed production of all airplane programs that had been halted by a machinists' strike in the Pacific Northwest.  The planemaker confirmed last week it restarted production of its best-selling 737 MAX jetliner in early December - about a month after the end of a seven-week strike by 33,000 factory workers - and said it has now resumed wide-body programs in Everett, Washington that were impacted.  Boeing Commercial Airplanes CEO Stephanie Pope said in a social media post on Tuesday the company had now resumed production across its 737, 767, and 777/777X airplane programs.",Yahoo,https://finnhub.io/api/news?id=135fd373ac4983eb025c2a7e693b2a9d2e1aeb1f89ff997b4a39ccb6bbad8702,0.2132544283048638,0.278991737335674,0.0657373090308102,0.6552709536335156,bullish,0.6552709536335156
2024-12-17 20:00:00,BA,"This Year’s Biggest News Stories, From Wars to the Election to AI, as Told by WSJ","A lot happened in 2024. Here’s a timeline of some of the most important news stories, including some of the year’s best photos.",Yahoo,https://finnhub.io/api/news?id=c8646c91c78f0f43fdb0a7eda19af0dfe892f31414381e0a184c149062c0f795,0.0054078160307924,0.0361347027702222,0.0307268867394298,0.9331384104903478,neutral,0.9331384104903478
2024-12-17 16:51:15,BA,"Boeing says it has resumed 767, 777 production",Boeing said late on Tuesday it has resumed production of all airplane programs that had been halted by a machinists strike in the Pacific Northwest. The planemaker had confirmed last...,Finnhub,https://finnhub.io/api/news?id=2848b83d4bd6495807e1a9d3953cd320ea97dbcaa776009f05ddbeb84df00a44,-0.1017806344397602,0.0858067827599787,0.1875874171997389,0.7266058000402823,bearish,0.7266058000402823
2024-12-17 16:45:18,BA,Boeing (BA) Stock Moves -0.08%: What You Should Know,"Boeing (BA) reachead $173.03 at the closing of the latest trading day, reflecting a -0.08% change compared to its last close.",Yahoo,https://finnhub.io/api/news?id=f5b50953f9ff4bc895286036e93d0b33d8d83ab8977d69b0771d1140f255ef3f,-0.000306397674185,0.0518216971172265,0.0521280947914116,0.8960502080913617,neutral,0.8960502080913617
2024-12-17 14:19:06,BA,Boeing : Two Additional Boeing O3b mPOWER Satellites Successfully Communicating in Space,"KENNEDY SPACE CENTER, Fla., Dec.17, 2024 - Two more Boeing [NYSE:BA]-built O3b mPOWER satellites are sending and receiving signals in space after launching from the Kennedy Space Center, Florida at...",Finnhub,https://finnhub.io/api/news?id=aafcd8e943fa0f48ba0c0a2158837c83b67c5ff684031f32cab934cd5e73d22a,0.7129207535526523,0.7224063270516635,0.0094855734990112,0.2681080994493253,bullish,0.7224063270516635
2024-12-17 13:23:48,BA,November Industrial Production Falls For Third Straight Month,"US industrial production fell for the third consecutive month in November, even though the manufactu",Yahoo,https://finnhub.io/api/news?id=ae032487b4beaf7d4708cc916381d2e925bc63a937ba0bc2ed245436f77f1d07,-0.961568556761771,0.0086008077407248,0.9701693645024958,0.0212298277567794,bearish,0.9701693645024958
2024-12-17 12:54:14,BA,The Boeing strike is over. But the effects will be felt for a while,"The nearly two-month-long machinists’ strike at Boeing (BA) had a big immediate effect on both the planemaker’s bottom line and the economy at large, but the work stoppage will have a long-tail ripple effect. The research firm Oxford Economics noted that aviation manufacturing was a big reason for the 0.1% advance in industrial output that was lower than market expectations.",Yahoo,https://finnhub.io/api/news?id=1368f941e2a8d16e3a0348d9f36509720334cbf73c5899b8027ac2c1e6a28d2e,-0.6143733506253368,0.035251018841785,0.6496243694671219,0.315124611691093,bearish,0.6496243694671219
2024-12-17 09:32:00,BA,U.S. Industrial Production Fell Last Month,"Production decreased by 0.1% in November from October, a third straight month of declines, the Fed said. Economists polled by The Wall Street Journal had been expecting production growth of 0.3%.",Yahoo,https://finnhub.io/api/news?id=1897a6347a54a5feff39a871a7c47513248342e1c8bfa2362f1f6d31b0335640,-0.9667765965864528,0.0069669826549702,0.9737435792414232,0.0192894381036067,bearish,0.9737435792414232
2024-12-17 08:59:00,BA,Airbus Stock Catches an Upgrade. Why Wall Street Favors It Over Boeing.,"Deutsche Bank analyst Christophe Menard upgraded Airbus stock to Buy from Hold, and his price target went to $194 from $163.",Yahoo,https://finnhub.io/api/news?id=b3632cd338c2340b0a6390203801c7e35fbfe993fdf940c4c54df6a1a9d7a997,0.3917583434545747,0.4038509190656382,0.0120925756110634,0.5840565053232983,bullish,0.5840565053232983
2024-12-17 06:28:41,BA,Airlines Gear Up For Record 2025 As Boeing Resumes 737 MAX Production,,SeekingAlpha,https://finnhub.io/api/news?id=e260c634e709800b91cd659edc5e0b3426d36bed5878f0028b7701eab030f76b,0.3635135838258505,0.3951260432782544,0.0316124594524038,0.5732614972693417,bullish,0.5732614972693417
2024-12-17 04:29:53,BA,Montana Aerospace: Top Aerospace Growth Stock With Huge Upside,"Montana Aerospace AG offers investment potential with 82% upside, driven by an integrated supply chain and global presence. Read why MTASF stock is a Strong Buy.",SeekingAlpha,https://finnhub.io/api/news?id=ad4579514d8619dc31eac40d0c1674d3a41bb3c16d3f5b2c49b75dbab69362c1,0.7957079659907592,0.804886524406559,0.0091785584157997,0.1859349171776413,bullish,0.804886524406559
2024-12-17 03:59:49,BA,US manufacturing output rebounds less than expected in November,"U.S. manufacturing production rebounded less than expected in November as the boost from motor vehicle output was partially offset by persistent weakness in the aerospace industry, despite the end of...",Finnhub,https://finnhub.io/api/news?id=6cf180989924f87ec638bf61ced10bc77aa5dcb2d1efc0131c49fe5a730e90f0,-0.9367402016509362,0.0270396829962671,0.9637798846472032,0.0091804323565295,bearish,0.9637798846472032
2024-12-17 00:39:00,BA,The Stock Market Is One Big Contradiction Right Now. What That Means for 2025 and 5 Other Things to Know Today.,The Stock Market Is One Big Contradiction Right Now. What That Means for 2025 and 5 Other Things to Know Today.,MarketWatch,https://finnhub.io/api/news?id=9d46383e91b0c5fe3c1f0607dc9671718e986e44cddc4be5509fa75313498b29,-0.0153656432836722,0.026622278367893,0.0419879216515652,0.9313897999805416,neutral,0.9313897999805416
2024-12-16 13:44:00,BA,One Boeing factory has been safe from layoffs and is about to start hiring,"Although Boeing (BA) has been slow to restart production of the planes built by its unionized workforce and has been laying many of them off amid a year of struggles, the company announced it would be making a big investment in a non-unionized plant.",Yahoo,https://finnhub.io/api/news?id=61ecacea459ae1d9cdc33dcbaf84a27a9372244acab31c7d69dc9b01a0a40e7b,-0.8844299173015306,0.0350852704098981,0.9195151877114288,0.0453995418786729,bearish,0.9195151877114288
2024-12-16 13:19:32,BA,Why The Boeing Company (BA) Is Among the Best Aerospace and Defense Stocks to Buy Right Now?,"We recently compiled a list of the 11 Best Aerospace and Defense Stocks to Buy Right Now. In this article, we are going to take a look at where The Boeing Company (NYSE:BA) stands against the other best aerospace and defense stocks to buy. How Did The Aerospace And Defense Sector Perform in Q3 2024? […]",Yahoo,https://finnhub.io/api/news?id=d206b6c1ba35f2dbcefef2e113290e8eec473869fd08f4bc446d751abb4bfb89,0.091571155635092,0.1054676236016607,0.0138964679665686,0.8806359084317705,bullish,0.8806359084317705
2024-12-16 11:33:00,BA,"GE Aerospace: Surging Free Cash Flow Makes This A Top Stock, And I Am Buying","GE Aerospace stock has declined nearly 9% due to concerns over potential government spending cuts, but the company has low defense exposure. Learn more on GE stock here.",SeekingAlpha,https://finnhub.io/api/news?id=5dc4766eb3bbf498f25bf0de6d0484d58b9cedd0b1188d2bd38e9a268dce8e61,0.8852111276724481,0.9013540232680182,0.01614289559557,0.0825030811364118,bullish,0.9013540232680182
2024-12-16 08:55:00,BA,BA to Invest $1 Billion to Raise 787 Dreamliner Production Rate,BA is set to invest $1 billion to expand its plant in Charleston County to meet the expected increase in demand for highly efficient 787 Dreamliners.,Yahoo,https://finnhub.io/api/news?id=a7a258516888229ca21c86e0c831c5789988669469e960599234ab5bd33958bf,0.7704307128828148,0.7775468422146433,0.0071161293318284,0.2153370284535281,bullish,0.7775468422146433
2024-12-16 08:15:00,BA,LMT Wins $73M Deal to Support MK 41 Vertical Launching System,"LMT secures a contract to provide MK 41 Vertical Launching System modules and ancillary equipment to the Naval Sea Systems Command, WA, D.C.",Yahoo,https://finnhub.io/api/news?id=285ea210182c8cd37880a21b662d25397313acc4253438b183b3a31d4055a27b,0.9086075283697786,0.9192612282469832,0.0106536998772044,0.0700850718758124,bullish,0.9192612282469832
2024-12-16 07:41:00,BA,Honeywell Considers Aerospace Business Separation After Activist Call for Breakup,The industrial conglomerate said its board continues to explore strategic alternatives and plans to provide an update on its portfolio review early next year.,Yahoo,https://finnhub.io/api/news?id=61601c8fe3d69c7a4855016e68a8a583173fb4e3b77d413923539817cc29ed7d,-0.1398438790070938,0.0276183802120045,0.1674622592190983,0.8049193605688971,bearish,0.8049193605688971
2024-12-16 07:00:00,BA,Millennium Space Systems Names Tony Gingiss as CEO,"Tony Gingiss is chief executive officer of Millennium Space Systems, a Boeing Company [NYSE: BA], effective December 9. Gingiss has more than 30 years of experience in executive leadership, operations, design and production, across commercial, civil, defense and national security space. He previously held pivotal roles with Terran Orbital, Virgin Orbit and Airbus OneWeb Satellites.",Yahoo,https://finnhub.io/api/news?id=1e9738270ae8df77a09f13aedc95d7a697a4b0185dfa6bbd6c88477635cf0772,-0.0335068293442985,0.0261354301908473,0.0596422595351458,0.9142223102740068,neutral,0.9142223102740068
2024-12-16 05:21:00,BA,Boeing to invest $1B to expand South Carolina 787 Dreamliner production,The airplane maker plans to ramp manufacturing up to 10 planes a month by 2026 at the North Charleston Dreamliner facilities.,Yahoo,https://finnhub.io/api/news?id=15a731751547771ef4fd257b771349aaec9f5cc103c8043fbd37555da0d2f7a4,0.849780527499028,0.8573940524070569,0.0076135249080289,0.1349924226849142,bullish,0.8573940524070569
2024-12-16 04:30:00,BA,The New Frontier for Drone Warfare Is Deep Underwater,"New larger autonomous vessels, with evocative names like Ghost Shark and Manta Ray, are aimed at gathering intelligence and countering new threats at sea.",Yahoo,https://finnhub.io/api/news?id=f70e8e83136c5927b97281c084248faec47cb2e66283535cbd4dc79c814dd76b,0.0776164164961607,0.0963586054471031,0.0187421889509423,0.8848992056019545,bullish,0.8848992056019545
2024-12-15 23:43:58,BA,Cramer on Boeing (BA): Overcoming Supply Chain Disruptions and Safety Setbacks,"We recently compiled a list of the Jim Cramer Talked About These 6 Airline Stocks. In this article, we are going to take a look at where The Boeing Company (NYSE:BA) stands against the other airline stocks that Jim Cramer has talked about. Jim Cramer, the host of Mad Money, recently discussed the current state of […]",Yahoo,https://finnhub.io/api/news?id=6325f9cba63c7aaf07f6a60a3a7709e3c6cfdce4c6cd3e1b902a8d16d27cb557,0.7311076089242312,0.8099389257268368,0.0788313168026056,0.1112297574705576,bullish,0.8099389257268368
2024-12-15 20:00:00,BA,Why Musk Doesn’t Have Access to SpaceX’s Biggest Government Secrets,The rocket company’s executives haven’t sought a higher security clearance for its CEO to avoid questions about his drug use and contact with foreign officials. The answers might no longer matter.,Yahoo,https://finnhub.io/api/news?id=2858f6a40c4db4502ff602ec823ef06ad73c40888b1205b74b9bdc1caf284624,-0.0320685664435793,0.0272784911775139,0.0593470576210933,0.9133744512013928,neutral,0.9133744512013928
2024-12-15 07:08:00,BA,Prediction: NASA's Big Moon Mission Hiccup Will Cost Boeing Another $4 Billion in 2025,NASA has some bad news for Boeing -- and Boeing investors.,Yahoo,https://finnhub.io/api/news?id=d0fde2e33358a7cec894e04023d4dc73c2dfefcc5f62b47e2919edcd6623d072,-0.5792025853277601,0.0286464482584978,0.607849033586258,0.3635045181552442,bearish,0.607849033586258
2024-12-15 07:00:00,BA,Boeing’s Year of Crisis Leaves Investors Wary of Beaten-Up Stock,"(Bloomberg) -- What was supposed to be a comeback year for Boeing Co. has turned into its worst stock-market plunge since 2008, and if Wall Street is right, the plane-maker’s shares may have only a modest recovery in store in 2025. Most Read from BloombergHong Kong's Expat Party Hub Reshaped by Chinese InfluxHow California Sees the World, and ItselfCity Hall Is HiringAmerican Institute of Architects CEO ResignsLondon’s Tube Fares Are Set to Rise by 4.6% Next YearThe stock is down 35% this year,",Yahoo,https://finnhub.io/api/news?id=96d7c7a5bb6075a3da24fa3653ef5bbcec88d2b5196074c92e25b700b419814f,-0.8972144944380592,0.026663052042056,0.9238775464801152,0.0494594014778287,bearish,0.9238775464801152
2024-12-13 20:15:21,BA,Spirit AeroSystems Stock Is A Sell As Boeing And Airbus Keep Supplier Afloat,,SeekingAlpha,https://finnhub.io/api/news?id=05a4cdd399bb52c058f8baef4f3b0bde04cef86893bf0c41c22ee10274dd3594,-0.7348711365881885,0.1087193895608414,0.8435905261490299,0.0476900842901287,bearish,0.8435905261490299
2024-12-13 17:54:16,BA,"Best Way To Invest $100,000: Build An 8-Stock Portfolio For Growth And Value",Learn how to maximize returns by focusing on high-conviction stocks across diverse sectors and using proven investment strategies.,SeekingAlpha,https://finnhub.io/api/news?id=55d1529df95faa211f30c69c3af5c9bc27914aaccba3736ed4c24b15134a2681,0.1474889622490841,0.1556067291638617,0.0081177669147776,0.8362755039213606,bullish,0.8362755039213606
2024-12-13 12:56:16,BA,Update: Market Chatter: Qatar Airways Looking to Remove Boeing 737-10 Model From Order Book,(Updates with Boeing's response in the fifth paragraph.) Boeing's (BA) 737-10 model no longer mee,Yahoo,https://finnhub.io/api/news?id=071bf0f2927d784d96c6972502c70c4a07079bb78bacc6e8cc7f59951e326cf9,-0.9237917869916114,0.0159485183471724,0.9397403053387836,0.0443111763140438,bearish,0.9397403053387836
2024-12-13 10:40:00,BA,Boeing Co. stock underperforms Friday when compared to competitors despite daily gains,Boeing Co. stock underperforms Friday when compared to competitors despite daily gains,MarketWatch,https://finnhub.io/api/news?id=dccca3d6a8da8f4a53b03729153004132549ed22923e213c6303442b3ed05f04,-0.5300874552104635,0.2250733904518666,0.7551608456623302,0.0197657638858031,bearish,0.7551608456623302
2024-12-13 10:23:00,BA,"These Stocks Moved the Most Today: Broadcom, Tesla, Palantir, Costco, RH, Upstart, Boeing, and More","These Stocks Moved the Most Today: Broadcom, Tesla, Palantir, Costco, RH, Upstart, Boeing, and More",MarketWatch,https://finnhub.io/api/news?id=c5bf2025226d81f89fadccdea93ee9823995639b52c30ac310bbbc2611eac997,0.1471511399980949,0.1758198792137643,0.0286687392156693,0.7955113815705663,bullish,0.7955113815705663
2024-12-13 10:19:00,BA,Boeing Is Spending $1 Billion Speeding Up 787 Dreamliner Output,Boeing will make the investment into its South Carolina operations as it aims to double the rate of 787 Dreamliner production.,Yahoo,https://finnhub.io/api/news?id=f311d565f509079464c8267d61e1d2ead4b214a78503c845805afa762270fb95,0.4704261881259625,0.4839239075414472,0.0134977194154847,0.502578373043068,bullish,0.502578373043068
2024-12-13 09:18:11,BA,Boeing Plans $1 Billion Expansion in South Carolina,The area is home to the full 787 Dreamliner production cycle.,Yahoo,https://finnhub.io/api/news?id=994152a40826db9ee39c27c6f3b401e0e872b71e1c5c35131d58fa2b458da69d,0.6314421420047278,0.6429594560324061,0.0115173140276782,0.3455232299399156,bullish,0.6429594560324061
2024-12-13 09:14:00,BA,"Boeing Invests $1 Billion to Boost 787 Production in South Carolina, Adding 500 Jobs",Boeing to Increase 787 Output to 10 Aircraft Per Month with $1B Expansion,Yahoo,https://finnhub.io/api/news?id=f5f25a1b1888537313f07d083533a0e87a7547bcb6ffe820b9eae282da933e8a,0.9254292713382256,0.9448570397900706,0.0194277684518448,0.0357151917580844,bullish,0.9448570397900706
2024-12-13 08:30:59,BA,Trump angered by delays to new Air Force One planes,"Donald Trump is used to getting his own way. However, even he has been unable to hurry things along at troubled manufacturer Boeing, as it recently emerged that the president-elect is expected to miss out on using the new Air Force One.",Yahoo,https://finnhub.io/api/news?id=39ab989c7c57b8c6d1c10fdacddc1d9eec071934cbf2e159479f8119e933e69b,-0.9192247182275222,0.0125730072600206,0.9317977254875428,0.0556292672524365,bearish,0.9317977254875428
2024-12-13 08:23:58,BA,"Boeing's stock has had a good week, but the longer-term charts aren't so bullish","Boeing's stock has had a good week, but the longer-term charts aren't so bullish",MarketWatch,https://finnhub.io/api/news?id=1aa350235d9e5b54fe5f2fe8f29b1bd0f47573eb0d9cbdefbd8bc8ea29b86d05,0.1913261413574218,0.4306173622608185,0.2392912209033966,0.3300914168357849,bullish,0.4306173622608185
2024-12-13 07:32:00,BA,"Trump Needs a New FAA Boss. What That Means for Musk, Boeing, Delta, and the Airlines.","Tesla  CEO Elon Musk, will be closely watching who President-elect Donald Trump picks for the latest role that has come up for grabs.  The Federal Aviation Administration needs a new leader after Mike Whitaker said he would step down next month ahead of Trump’s inauguration.  Musk, who himself will co-head a new government department for efficiency, was unsuccessful in pushing for Howard Lutnick to be appointed Treasury Secretary.",Yahoo,https://finnhub.io/api/news?id=e6aff7941d4291357bf7c0e7c714a515d3e5c2fba794c224b48e5bcc97fb24e4,0.0264801686960496,0.0537104357863315,0.0272302670902818,0.9190592971233866,neutral,0.9190592971233866
2024-12-13 07:06:00,BA,"Boeing’s stock has climbed above a key trendline, or is that just a bull trap?","Boeing’s stock has climbed above a key trendline, or is that just a bull trap?",MarketWatch,https://finnhub.io/api/news?id=b1bb43073ad592adbe201bab18118ddddaec07654613db5a398c0028f0aac9c1,0.2573628050874827,0.3277431926803829,0.0703803875929001,0.6018764197267169,bullish,0.6018764197267169
2024-12-13 07:04:38,BA,Boeing to Spend $1 Billion on 787 Dreamliner Manufacturing Expansion,Boeing is investing $1 billion in expanding its facilities in South Carolina to ramp up production of the 787 Dreamliner.,Yahoo,https://finnhub.io/api/news?id=342d6d858b80a0abe52b4eb54b940d6904279d87647e163fca4cab928a08f946,0.615239703314609,0.62489955220596,0.009659848891351,0.3654405989026889,bullish,0.62489955220596
2024-12-13 05:27:00,BA,Boeing Has Some Good News. It’s Spending $1 Billion Speeding Up 787 Dreamliner Output.,Boeing will make the investment into its South Carolina operations as it aims to double the rate of 787 Dreamliner production.,Yahoo,https://finnhub.io/api/news?id=04c38c75392f9a3ba48aafd929c5a65b3a4ee60358217d0c675b6b52780becb3,0.8859299432926091,0.9037294000652132,0.017799456772604,0.0784711431621829,bullish,0.9037294000652132
2024-12-13 05:23:52,BA,"Boeing plans another 122 layoffs in South Carolina, California","The cuts add to nearly 5,000 layoffs across 11 states announced by the aircraft maker in recent weeks.",Yahoo,https://finnhub.io/api/news?id=b9bc082d9079e2e46ce9748ca9180cae224645869f1b689d9d9d56f68379481e,-0.9518886075971624,0.0089652266250363,0.9608538342221988,0.0301809391527647,bearish,0.9608538342221988
2024-12-13 04:13:22,BA,Boeing Commits to Expand South Carolina Operations; Additional investment will create 500 new jobs,"NORTH CHARLESTON, S.C., - The South Carolina Department of Commerce today issued the following news release regarding the expansion of Boeing South Carolina:* Boeing commits to expand Charleston...",Finnhub,https://finnhub.io/api/news?id=518142442583dbd493ed7e3ec4312706c4d851ddf3b6aff752a48c1e2d84780d,0.9229701369119278,0.93878801600387,0.015817879091942,0.0453941049041881,bullish,0.93878801600387
2024-12-13 02:50:57,BA,Boeing Stock: Clearer Skies Ahead (Technical Analysis),Boeing stock exhibits bullish momentum with key technical signals. Find out why BA stock remains a buy despite modest overvaluation and financial challenges.,SeekingAlpha,https://finnhub.io/api/news?id=e162276b40305f68db12ccbee5c458ab8ca694861c316ff067f46a2ef0d29c2e,0.1284325638566424,0.1491514543355886,0.0207188904789462,0.8301296551854651,bullish,0.8301296551854651
2024-12-13 00:23:12,BA,Boeing to invest $1 billion over 5 years in South Carolina,"Boeing announces that the company will invest $1 billion to expand its operations in Charleston County, South Carolina, creating 500 jobs over five years. The investment will support increased...",Finnhub,https://finnhub.io/api/news?id=01ffa977ae8caad8fce9836d6617bde8a7131c28f875fa1a816236bfd2749cf5,0.4489718985989258,0.4576995470813378,0.008727648482412,0.5335728044362501,bullish,0.5335728044362501
2024-12-12 23:15:00,BA,Fallen Angels: Bond Downgrades Ahead?,"We expect an uptick in fallen angel activity in 2025, mainly due to idiosyncratic factors rather than systematic weakness.",SeekingAlpha,https://finnhub.io/api/news?id=8283159c5a93b214b88af8d946cefad9547269a5ddf17223545057d6d8ef7523,-0.6708530819502557,0.0321989979975261,0.7030520799477818,0.2647489220546919,bearish,0.7030520799477818
2024-12-12 21:09:25,BA,Boeing Commits $1 Billion to Speed Up 787 Dreamliner Production,"By Kimberley Kao Boeing will invest $1 billion in its South Carolina operations to boost production of its 787 Dreamliner jets, seeking to address a growing backlog caused by problems ranging...",Finnhub,https://finnhub.io/api/news?id=a4521dbccccf1d1781e775eb2f84a19d31c8d161816d97ee5422dc8d178d3648,0.858840993355078,0.8684567377296587,0.0096157443745806,0.1219275178957606,bullish,0.8684567377296587
2024-12-12 16:52:00,BA,Boeing Delays Mean Trump Won’t Fly on a New Air Force One,The long-delayed upgrade of the aircraft designed to be a flying White House has been one of Trump’s pet projects.,Yahoo,https://finnhub.io/api/news?id=bb643740cf0c7435abcce3917e86e72211ba6bcede2bfc704044354abcf7b1d8,-0.9260472470470302,0.0101407212459645,0.9361879682929948,0.0536713104610407,bearish,0.9361879682929948
2024-12-12 15:19:00,BA,FAA chief is latest high-ranking federal official to say he’ll vacate post before Trump is sworn in,FAA chief is latest high-ranking federal official to say he’ll vacate post before Trump is sworn in,MarketWatch,https://finnhub.io/api/news?id=304217bb067807a307c1aa28fb14a290ac84494bfef1c3e9acc4197b60184f1a,-0.0070990841329643,0.0357695535856751,0.0428686377186395,0.9213618086956852,neutral,0.9213618086956852
2024-12-12 15:02:03,BA,Why FTAI Aviation (FTAI) Shares Are Falling Today,"Shares of aircraft leasing company FTAI Aviation (NASDAQ:FTAI) fell 8.2% in the afternoon session after Reuters reported that Boeing is planning to increase the production of its 787 Dreamliner Jets to 10 planes per month by 2026, which likely means fewer engagements for parts suppliers, including FTAI.",Yahoo,https://finnhub.io/api/news?id=b6d5cac461ded6be708fcdc1ca2989618a85137efcfe8997312e3dbf730f9ac9,-0.9575974338427904,0.0082341765546935,0.965831610397484,0.0259342130478225,bearish,0.965831610397484
2024-12-12 13:23:18,BA,These Are the 5 Worst-Performing Stocks in the Dow Jones Industrial Average With 2024 Almost Over,It's been a banner year for the stock market.  Boeing (NYSE: BA) has had a rough year.  It started early as the stock price fell after the door panel on a Boeing jet flown by Alaska Airlines popped off mid-flight.,Yahoo,https://finnhub.io/api/news?id=8d31bee9c7ccffc3cb4b4c5a14dc1529913d702e0db37df2520728c55931d440,-0.958122240310886,0.0087106540792713,0.9668328943901572,0.0244564515305713,bearish,0.9668328943901572
2024-12-12 13:13:32,BA,Boeing to invest $1 billion to help increase 787 production in South Carolina,"Boeing plans to expand operations at its Charleston County, South Carolina, facility with the $1 billion investment in infrastructure upgrades and the creation of 500 new jobs over five years, the planemaker said in a joint announcement with the South Carolina Department of Commerce.  The investment and expansion lay the groundwork for ""potential future rate increases driven by market demand,"" Boeing said.  Boeing is trying to ramp up plane output to generate needed cash, after a crippling strike this autumn halted production of all but its Dreamliner jets.",Yahoo,https://finnhub.io/api/news?id=2a8f5891b41bad9cd75d5ea75fe5d91bc999734518486ac0518d2552f9825f62,0.929723907750288,0.9437613075775908,0.0140373998273028,0.0422012925951063,bullish,0.9437613075775908
2024-12-12 11:02:52,BA,"Airline backdrop will be 'constructive' for 5, 6 years: Southwest CEO","Morgan Stanley forecasts 2025 to be an uplifting year for airlines and major tailwinds could boost profitability for the industry as a whole. Southwest Airlines (LUV) CEO Bob Jordan sits down in-studio with Seana Smith and Brad Smith on The Morning Brief. ""Airfares are, on a relative basis, far cheaper than they were, you know, 20, 30 years ago. But there have been increases. We're really focused on two things: adapting the network and adding new distribution techniques,"" Jordan tells Yahoo Finance. ""We added kayak, we added Skyscanner. We're now making changes to adapt to selling on TikTok as an example. And so all of that will help boost load factors."" Jordan states that these Southwest strategies are all done to provide travelers ""something more for that fare."" He finds the current situation with aircraft manufacturer Boeing (BA) ""very complex"" for the time being, but is confident in new CEO Kelly Ortberg's leadership in the coming years. Jordan also goes on to comment on the regulatory outlook for airline operators in the coming second Trump administration, as Elon Musk's proposed Department of Government Efficiency (DOGE) agency seeks out where to cut excess spending within government. To watch more expert insights and analysis on the latest market action, check out more Morning Brief here. This post was written by Luke Carberry Mogan.",Yahoo,https://finnhub.io/api/news?id=7a09d7677c461ff15fd93d44c2fd18d6d80cbe73473ff9fb3e62182fd5cbdfb1,0.2430896978999527,0.2513357743391578,0.008246076439205,0.7404181492216372,bullish,0.7404181492216372
2024-12-12 09:40:00,BA,Boeing Clinches a $450M Contract to Support the F-15 JSI Program,"BA is set to provide for the acquisition of radars, self-protection systems and mission computer units for the F-15 JSI program.",Yahoo,https://finnhub.io/api/news?id=fa8dd149d68487abb8b2068d08bf459eb1f74b0f4d911e54e664a1c11d0a0613,0.9246837381414889,0.9415554579397086,0.0168717197982198,0.0415728222620715,bullish,0.9415554579397086
2024-12-12 08:26:04,BA,FAA chief Whitaker to step down in January when Trump takes office,"WASHINGTON (Reuters) -Federal Aviation Administration chief Mike Whitaker, who has overseen the agency's response to significant safety issues at Boeing since a mid-air emergency in January, will step down when President-elect Donald Trump takes office next month.  SpaceX CEO Elon Musk, a close adviser to Trump, in September called for Whitaker's resignation and harshly criticized the FAA's decision to impose a $633,000 fine on SpaceX after the agency said the company violated launch license requirements.  Trump has said he plans to oust many officials before their terms expire but had not specified plans for the FAA.",Yahoo,https://finnhub.io/api/news?id=d9a90f5bbbf05fe8a82d733cdc916cb0711a774c3aaa9eeaf3f7fcae4086d376,-0.466684240847335,0.0163690722630618,0.4830533131103968,0.5005776146265414,bearish,0.5005776146265414
2024-12-12 08:13:11,BA,Boeing : Commits to Expand South Carolina Operations,"NORTH CHARLESTON, S.C., Dec. 12, 2024 - The South Carolina Department of Commerce today issued the following news release regarding the expansion of Boeing South Carolina: Boeing...",Finnhub,https://finnhub.io/api/news?id=7bf2e19cb2a3c6acfba7cd09d2b56fd11d16696bd096641dd3914c06ab90e6c7,0.9161601850688372,0.929414050215201,0.0132538651463638,0.0573320846384351,bullish,0.929414050215201
2024-12-12 06:38:00,BA,Lockheed Martin Wins a $375.9M Contract for Black Hawk Helicopters,"LMT's business unit, Sikorsky, secures a contract to provide full funding for UH-60M and HH-60M Black Hawk helicopters.",Yahoo,https://finnhub.io/api/news?id=a36f5dfa7ea8a992cd5e6447a1a7f390c99f692f47816f346bfb63e192e83269,0.916303571485748,0.9353100221925404,0.0190064507067924,0.045683527100667,bullish,0.9353100221925404
2024-12-12 05:03:58,BA,Inside Boeing’s struggle to make its best-selling plane again,"Since a crippling strike at many of Boeing's U.S. plane factories ended more than a month ago, progress ramping up production of its best-selling 737 MAX jet has been deliberately slow.  Safety inspectors inside the 737 MAX factory outside Seattle laboriously scoured half-constructed planes for flaws they may have missed during the seven-week work stoppage.  The result: no new 737 MAX plane has been completed.",Yahoo,https://finnhub.io/api/news?id=3b10042750c5e2e76989b168612fb8edd47e9bbee8c879f51d573c999b5281cd,0.0135715754862364,0.2108716102074326,0.1973000347211962,0.5918283550713711,neutral,0.5918283550713711
2024-12-12 04:54:26,BA,"Head of the Federal Aviation Administration to resign, allowing Trump to pick his successor","The head of the Federal Aviation Administration, who has led a tougher enforcement policy against Boeing since a panel blew off a Boeing jet in January, said Thursday that he will step down next...",Finnhub,https://finnhub.io/api/news?id=41c8f2cf29d84756d7130a6023cfe0b3f70dca4fbb0dcfc5e69b027f6a4b17ef,-0.6314196470911017,0.0281613062489178,0.6595809533400195,0.3122577404110626,bearish,0.6595809533400195
2024-12-12 04:33:06,BA,FAA administrator Mike Whitaker will step down on Inauguration Day,"The head of the Federal Aviation Administration, who has led a tougher enforcement policy against Boeing since a panel blew off a Boeing jet in January, said Thursday that he will step down next month...",Finnhub,https://finnhub.io/api/news?id=ce8fbcd9c0565efee1679ff955a3a2f257ab50afddcde1d6ed9295f94530c8e1,-0.4529468687800107,0.0200332816696405,0.4729801504496513,0.5069865678807082,bearish,0.5069865678807082
2024-12-12 03:26:04,BA,FAA administrator Whitaker to step down on Jan. 20,"The head of the Federal Aviation Administration who has overseen the agency's response to significant safety issues at Boeing since a mid-air emergency in January will step down on Jan. 20, the agency...",Finnhub,https://finnhub.io/api/news?id=d3dfd8e5ae3d5f1d6476a1c9edda4b7f5efeadad3e3517200e95666079fc5407,-0.5722381525986974,0.01621038502925,0.5884485376279475,0.3953410773428025,bearish,0.5884485376279475
2024-12-12 02:04:55,BA,Senator Warren wants US military to fix its own equipment,"U.S. Senator Elizabeth Warren is proposing legislation that would make defense contractors give the U.S. military a right to repair its equipment, and require the Department of Defense to include...",Finnhub,https://finnhub.io/api/news?id=3800b8971d933f85a1d8cabd16013d27b695d97de9907a517c01aa29c9ae6e42,0.1145761782537082,0.1325963869773255,0.0180202087236172,0.8493834042990572,bullish,0.8493834042990572
2024-12-12 00:03:58,BA,Inside Boeing's struggle to make its best-selling plane again,"Since a crippling strike at many of Boeing's U.S. plane factories ended more than a month ago, progress ramping up production of its best-selling 737 MAX jet has been deliberately slow. ...",Finnhub,https://finnhub.io/api/news?id=d9326f8c597ff5d07177799d5c6e0a99e61c7ff50b53d14a78cd581c5754e9b2,-0.0091991725325337,0.1765132002983451,0.1857123728308788,0.637774426870776,neutral,0.637774426870776
2024-12-11 20:00:00,BA,Meet the People Who Refused to Go Back to the Office and Lost Their Jobs,"Amazon will require employees to report to offices five days a week beginning Jan. 2.  Outright firings for RTO noncompliance appear to be rare, or at least handled quietly, but the specter is real.  Publicis Media in October terminated several dozen employees who flouted in-office requirements, according to multiple reports.",Yahoo,https://finnhub.io/api/news?id=27281245aa599bda894de0f78f78cee653559bdc7b4a257609141bb48a226a02,-0.492917392666735,0.0324316087204363,0.5253490013871714,0.4422193898923922,bearish,0.5253490013871714
2024-12-11 18:30:00,BA,Tracking David Tepper's Appaloosa Management Portfolio - Q3 2024 Update,"Read here for an analysis of David Tepper's latest investment moves: new stakes, disposals, stake increases, top holdings.",SeekingAlpha,https://finnhub.io/api/news?id=873cdd8966a7fc72a6760e7b6bf282e603dcd6334040d9457cc5c52a31399e04,0.0259642362254665,0.0430337606020948,0.0170695243766283,0.9398967150212768,neutral,0.9398967150212768
2024-12-11 16:45:20,BA,Boeing (BA) Laps the Stock Market: Here's Why,"In the latest trading session, Boeing (BA) closed at $165.96, marking a +1.13% move from the previous day.",Yahoo,https://finnhub.io/api/news?id=fba96a0e7f5e5fc68a992689d2d31c55bac64f4992a74afbf0005e832415b834,0.0398655554707307,0.0615588922904885,0.0216933368197578,0.9167477708897536,neutral,0.9167477708897536
2024-12-11 12:31:50,BA,Boeing Hits A New Low On Airplane Deliveries,"Boeing's November 2024 orders dropped to 49 airplanes, with 34 single-aisle and 15 wide-body jets. Read how the strike impacted deliveries for BA stock here.",SeekingAlpha,https://finnhub.io/api/news?id=3c6cfacf1f8420369a5ef0f847f61b99ec78626adc7368c33266639775c19250,-0.8484185391035496,0.0487991490572152,0.8972176881607647,0.05398316278202,bearish,0.8972176881607647
2024-12-11 09:23:22,BA,"Wall Street Gains, Tech Rallies, Tesla Hits All-Time High As Inflation Data Firms Up Fed's Next Interest Rate Cut","Wall Street kicked off Wednesday on a positive note as November inflation data came in line with expectations, leaving traders confident in the likelihood of a Federal Reserve interest rate cut next week. The Consumer Price Index rose 2.7% year-over-year in November, slightly above October's 2.6% annual rate, but perfectly aligned with economist forecasts. Core inflation, which excludes volatile categories like food and energy, remained flat at an annual rate of 3.3%, also meeting expectations.",Yahoo,https://finnhub.io/api/news?id=52793015b3009e491431839de39604065f5f3278d3a2779247758b63c7bf8aad,0.4877188094875305,0.5944378927764453,0.1067190832889148,0.2988430239346398,bullish,0.5944378927764453
2024-12-11 08:00:18,BA,The Boeing Company (BA) Is a Trending Stock: Facts to Know Before Betting on It,"Zacks.com users have recently been watching Boeing (BA) quite a bit. Thus, it is worth knowing the facts that could determine the stock's prospects.",Yahoo,https://finnhub.io/api/news?id=a885282ea3ab917ff14de67a8da5809e367ce7c5aa98d9d7baac8656f918a5d4,0.0153326917141532,0.041134045447425,0.0258013537332718,0.9330646008193032,neutral,0.9330646008193032
2024-12-11 06:07:00,BA,Boeing resumes 737 Max production,The company has been slow to resume manufacturing post-strike as it works to address systemic quality issues.,Yahoo,https://finnhub.io/api/news?id=2202bd96c053afe7f5dfa3d19160e03158304b50d3a3828ad6953f80701e32ac,-0.0206174096189107,0.0514670587420288,0.0720844683609395,0.8764484728970316,neutral,0.8764484728970316
2024-12-11 03:23:00,BA,"Boeing: Ready To Fly, So I'm Ready To Buy",Boeing stock's recent performance and production recovery signal a possible comeback. Read what makes BA stock a compelling contrarian play.,SeekingAlpha,https://finnhub.io/api/news?id=5c36cba1d42d5614488bd673a15f8013f689e08558a512474fe966510f495814,0.2266038942834326,0.2384268192216504,0.0118229249382178,0.7497502558401318,bullish,0.7497502558401318
2024-12-11 02:02:00,BA,Boeing Stock Is Taking Off. Here’s Why.,Boeing Stock Is Taking Off. Here’s Why.,MarketWatch,https://finnhub.io/api/news?id=4f34d7a4d41e2c15e0051116cd597cd2e761daa9caf08ae9d009d0a3ee18cc66,-0.5739493887855933,0.0222633303849834,0.5962127191705768,0.3815239504444397,bearish,0.5962127191705768
2024-12-10 17:41:09,BA,Airbus Closes In On 770 Airplane Delivery Target,"Airbus saw a strong increase in deliveries, increasing its chances to reach its delivery target for the full year. Read why EADSF stock is a Buy.",SeekingAlpha,https://finnhub.io/api/news?id=9c3abddc18ff77e1d6f64ec02b1cfd24eac38bdf9a29bf3512c57068e015ec28,0.2046427890139506,0.2408797266981036,0.0362369376841529,0.7228833356177434,bullish,0.7228833356177434
2024-12-10 14:44:00,BA,Boeing resumes production of 737 Max jet since strike: Reuters,"Aircraft manufacturer Boeing (BA) is resuming production of its 737 Max jet, according to Reuters, a month after inking a new labor contract with striking International Association of Machinists and Aerospace Workers (IAM) members. Market Domination hosts Julie Hyman and Josh Lipton report more on this news. Boeing just laid off nearly 400 workers in Washington facilities earlier this week, as part of its cost-cutting strategy to reduce its global workforce by 10%. To watch more expert insights and analysis on the latest market action, check out more Market Domination here. This post was written by Luke Carberry Mogan.",Yahoo,https://finnhub.io/api/news?id=17c3dec484ed695e356d4f85252734f53e165ce9c358be026925c7d59ab09ae7,-0.1378616436303784,0.0383207416909767,0.1761823853213552,0.7854968729876681,bearish,0.7854968729876681
2024-12-10 14:38:57,BA,Boeing Resumes 737 Production at Washington Factory; Shares Rise,"Boeing (BA) said Tuesday that it has resumed 737 production at its factory in Renton, Washington, wh",Yahoo,https://finnhub.io/api/news?id=f4dfd40c325ed91e1d4b2e6beccddc9a7f369a79359d180d3c5400d2f04a4339,0.6159931948778479,0.7688150692289721,0.1528218743511242,0.0783630564199036,bullish,0.7688150692289721
2024-12-10 12:40:00,BA,Boeing is restarting 737 Max production in the nick of time,Boeing (BA) is looking to get things going again after its operations were brought essentially to a halt by a nearly two-monthslong machinist strike. Bloomberg reports that the company is restarting production of its key 737 Max models nearly a month after the strike’s end.,Yahoo,https://finnhub.io/api/news?id=3fae84d2ad9e3cc0961365cb77b09cdcfece05c6c09a9595458dc314ffac4e4b,0.1014865549364307,0.1184882155721348,0.0170016606357041,0.864510123792161,bullish,0.864510123792161
2024-12-10 12:04:15,BA,Boeing confirms 737 MAX in production again after more than 2 months,"After over two months of stunted production due to a 53-day machinist strike, Boeing has resumed building 737 MAX aircraft. The post Boeing confirms 737 MAX in production again after more than 2 months appeared first on FreightWaves.",Yahoo,https://finnhub.io/api/news?id=ebdc0d6740639bd5d4214e13c0e9906812cbdf0b4460942584956d3a5b1dc42b,0.8701194644746064,0.9074979627318224,0.037378498257216,0.0551235390109614,bullish,0.9074979627318224
2024-12-10 11:48:24,BA,"Top Stock Movers Now: Boeing, Alaska Air Group, Alphabet, Oracle, Ebay, and More",U.S. equities were slightly higher around midday ahead of a key report on consumer prices due tomorrow.,Yahoo,https://finnhub.io/api/news?id=46522dbf566a2ad11e6dfa2b7f9e71011c89fee7c1e764bee71b89930331abba,0.0337926387106096,0.0505782545468811,0.0167856158362714,0.9326361296168474,neutral,0.9326361296168474
2024-12-10 10:41:59,BA,Top Midday Stories: Oracle Fiscal Q2 Results Miss Estimates; Boeing Resumes 737 MAX Production,"All three major US stock indexes were up slightly in late-morning trading Tuesday, as market partici",Yahoo,https://finnhub.io/api/news?id=22466e698c22b2dc05267a9f398a1de086d0063b50678d0651eb82fa71b244cf,-0.9390326129140576,0.0161397372408074,0.9551723501548652,0.0286879126043274,bearish,0.9551723501548652
2024-12-10 10:33:53,BA,Boeing is building new 737 Max planes for the first time since workers went on strike,"Boeing is resuming production of its bestselling plane, the 737 Max, for the first time since 33,000 workers began a seven-week strike that ended in early November.  The company said Tuesday that plane-building resumed at its plant in Renton, Washington, after going through a process of identifying and fixing potential problems.  Boeing shares rose 5% in late-morning trading.",Yahoo,https://finnhub.io/api/news?id=56151546527cb63e27be82d6d6b0f33ec4224e01ad67efa36e6f758ee87db491,0.7024102378961851,0.713174861617646,0.0107646237214609,0.2760605146608931,bullish,0.713174861617646
2024-12-10 10:30:00,BA,"These Stocks Moved the Most Today: Nvidia, Oracle, Tesla, Walgreens, Super Micro, Boeing, Alaska Air, MongoDB, and More","These Stocks Moved the Most Today: Nvidia, Oracle, Tesla, Walgreens, Super Micro, Boeing, Alaska Air, MongoDB, and More",MarketWatch,https://finnhub.io/api/news?id=05bdab8ba32a184ce4ebd27213b92cfb8e89432819afd51fc2cff669bbf75bab,0.1012429041162907,0.1296973759274386,0.0284544718111478,0.8418481522614134,bullish,0.8418481522614134
2024-12-10 10:22:35,BA,Boeing Stock Surges Nearly 6% as 737 MAX Production Resumes After Turbulent Strike,"The aerospace giant takes a crucial step toward recovery, despite FAA restrictions and lingering production challenges.",Yahoo,https://finnhub.io/api/news?id=5c5422a3e766c4574b215b2592891947b65080765fd9f4d4d479fd669b22df71,0.8642105039797349,0.9131628786651136,0.0489523746853787,0.0378847466495076,bullish,0.9131628786651136
2024-12-01 03:04:01,BA,Wall Street Week Ahead,"Stay updated on Wall Street news with the daily podcast of Wall Street Breakfast, available on Seeking Alpha, iTunes, and Spotify by 8:00 a.m.",SeekingAlpha,https://finnhub.io/api/news?id=f9bbe49127d07bd70e5830bf88edff27b9244b92eb9ac65f57267a63d3abc5cd,-0.1582249748177819,0.0376137804273897,0.1958387552451716,0.7665474643274386,bearish,0.7665474643274386
2024-11-29 12:48:00,BA,Boeing Stock Falls 12% in Three Months: Should You Buy the Dip?,"Investors interested in BA stock should refrain from any new investment at present, considering its poor share price performance and dismal ROIC count.",Yahoo,https://finnhub.io/api/news?id=2f95f24962a0f736cb79ac53652fad4129ed331b820348ad8981a52a4941b20e,-0.8090401811514831,0.0252341279342312,0.8342743090857144,0.1404915629800543,bearish,0.8342743090857144
2024-11-29 08:37:00,BA,Kratos Defense Secures a Navy Contract for XQ-58A Unmanned Combat Jets,"KTOS, with its recent contract win, is set to modify XQ-58A UAS mission systems and subsystems for the Marine Corps.",Yahoo,https://finnhub.io/api/news?id=07aaee48ed0cc7aae6ff0c2dab3069ff4ac17a605427598ffadeee3e564bbd80,0.9280921133129708,0.943495480375516,0.0154033670625451,0.0411011525619388,bullish,0.943495480375516
2024-11-29 06:48:00,BA,"Jobs and Inflation Data Tell Us Rate Cuts Will Continue, but More Slowly","Jobs and Inflation Data Tell Us Rate Cuts Will Continue, but More Slowly",MarketWatch,https://finnhub.io/api/news?id=4e165ac4d808678651a37f4c3ee76a54337a3888f4a0f0254f537dd567901936,0.1990287124531693,0.4750204667461196,0.2759917542929503,0.24898777896093,bullish,0.4750204667461196
2024-11-29 05:28:00,BA,"Boeing, NVIDIA Corp. share gains contribute to Dow's 261-point jump","Boeing, NVIDIA Corp. share gains contribute to Dow's 261-point jump",MarketWatch,https://finnhub.io/api/news?id=51f92c21e90c77a174689fce854227cbbf193551c1672aa18ea55b86cc1b4e78,0.8618352670024415,0.8957729606560755,0.033937693653634,0.0702893456902905,bullish,0.8957729606560755
2024-11-29 03:45:00,BA,"Boeing, IBM share gains contribute to Dow's nearly 150-point climb","Boeing, IBM share gains contribute to Dow's nearly 150-point climb",MarketWatch,https://finnhub.io/api/news?id=6df8ce9709271ac16d92d4c0a25f34eaf4f20c135b60632b00bbf1ff043722a0,0.8985877792387912,0.9175556287111554,0.0189678494723641,0.0634765218164804,bullish,0.9175556287111554
2024-11-29 02:46:56,BA,Update: FAA Won't Require Immediate Action Following Review of Boeing 737 Max Bird Strike Incidents,(Updates to include Boeing and Southwest's responses in the last two paragraphs.) The Federal Avi,Yahoo,https://finnhub.io/api/news?id=3fd67d3e78c169379511367734813c9dc26a6905385ef1314fc0865e927224d2,-0.6628815822205507,0.0291088177879667,0.6919904000085175,0.2789007822035157,bearish,0.6919904000085175
2024-11-29 02:16:33,BA,"Stanley Black & Decker: End Market Recovery, Market Share Gains, And A Reasonable Valuation",Stanley Black & Decker has a favorable revenue and margin outlook ahead and is trading below historical averages. Learn more about SWK stock here.,SeekingAlpha,https://finnhub.io/api/news?id=79f12e1267a39efdd30e7f395284e68a0ac0241c02d475718dd1ef0d683900e2,0.9358987696947972,0.952731123323235,0.0168323536284378,0.0304365230483271,bullish,0.952731123323235
2024-11-28 11:57:00,BA,Ryanair Stock Plunges 17.7% YTD: Should You Buy the Dip?,"With RYAAY shares moving south, we assess the current positioning of the stock to determine if it's a good investment at this juncture.",Yahoo,https://finnhub.io/api/news?id=fd00ad02d742a513b64bd74ba08994d80256a0912d7e0c4f575afc50490c792d,-0.5726610012031086,0.0354354633091083,0.6080964645122169,0.3564680721786748,bearish,0.6080964645122169
2024-11-28 08:49:00,BA,Rocket Lab Sets New Record With Two Successful Rocket Launches,RKLB achieves an impressive milestone by completing two successful rocket launch missions in less than 24 hours.,Yahoo,https://finnhub.io/api/news?id=e61602ab454e22cb78974aab5713622a327809b9cef8be8081529dc516842665,0.7300713243523078,0.743694008781936,0.0136226844296281,0.2426833067884357,bullish,0.743694008781936
2024-11-27 11:33:13,BA,Industrials Down After Inflation Data -- Industrials Roundup,"Shares of industrial and transportation companies ticked down after mixed economic data. Core consumer price inflation accelerated in October, according to the Federal Reserve's preferred gauge....",Finnhub,https://finnhub.io/api/news?id=6c624fe660286de0d96af9e756e9bbbbf15d460bbb4576455d7dddef864aa04d,-0.9363887817350502,0.0169890228730966,0.9533778046081468,0.0296331725187563,bearish,0.9533778046081468
2024-11-27 10:29:00,BA,Boeing Clinches a $113M Contract to Remanufacture CH-47 Helicopter,"BA's CH-47 Chinook is an advanced, multi-mission, tandem-rotor helicopter, proven in cargo and troop transport, search and rescue, special operations and more.",Yahoo,https://finnhub.io/api/news?id=7ee7d5b108aacba8692e807b4fdeceaa19e3fca2626198c960b4f75c91b201af,0.9209024237919948,0.9397760891337475,0.0188736653417527,0.0413502455244996,bullish,0.9397760891337475
2024-11-27 09:31:00,BA,"Life is better without Boeing, airline executive says","Boeing’s ongoing struggles have disrupted airlines racing to replace aging fleets worldwide, but easyJet has avoided both those troubles and the engine issues plaguing some Airbus operators. In an interview with Bloomberg Television, Chief Executive Johan Lundgren expressed thanks that he had Airbus planes with CFM International engines.",Yahoo,https://finnhub.io/api/news?id=02d05ade8720b32be8d9b0d7e9c596983aa6e052cf6df149f6d7b9fd5c8ecaf4,0.0155545548763465,0.0987937159746417,0.0832391610982951,0.8179671229270631,neutral,0.8179671229270631
2024-11-27 08:00:17,BA,Investors Heavily Search The Boeing Company (BA): Here is What You Need to Know,"Zacks.com users have recently been watching Boeing (BA) quite a bit. Thus, it is worth knowing the facts that could determine the stock's prospects.",Yahoo,https://finnhub.io/api/news?id=9d4df7c9df39e0f33ab546b2945c0aa0f7672a2d621395e426e8a602fa62d16a,0.0093139219243787,0.0358576012173711,0.0265436792929923,0.9375987194896364,neutral,0.9375987194896364
2024-11-27 08:00:01,BA,US core capital goods orders unexpectedly fall in October,"New orders for key U.S.-manufactured capital goods unexpectedly fell in October, suggesting a moderation in business spending on equipment this quarter. Non-defense capital goods orders excluding aircraft, a closely watched proxy for business spending plans, dropped 0.2% last month after a downwardly revised 0.3% increase in September, the Commerce Department's Census Bureau said on Wednesday. Economists polled by Reuters had forecast these so-called core capital goods orders gaining 0.1% after a previously reported 0.7% advance in September.",Yahoo,https://finnhub.io/api/news?id=39717147c6fd7fc435da9d50a69983a5514c5ece52b551f9264f4b2bb2dc69f3,-0.9639039190304284,0.0094115538084341,0.9733154728388624,0.0172729733527033,bearish,0.9733154728388624
2024-11-27 07:59:21,BA,Airline stocks soar as demand for premium travel booms,Airline industry watchers see a strong end-of-the-year finish for the stocks of big US carriers,Yahoo,https://finnhub.io/api/news?id=96c0ba6f71305b8b8abc41d8eadd9d698526da430217982b17d6a9b2c1225a51,0.859801225817167,0.90157077009765,0.041769544280483,0.056659685621867,bullish,0.90157077009765
2024-11-27 07:31:00,BA,Dave and Boeing have been highlighted as Zacks Bull and Bear of the Day,Dave and Boeing have been highlighted as Zacks Bull and Bear of the Day,Yahoo,https://finnhub.io/api/news?id=03dd0bb4af8268397c140e13c29a32f96bbfccee8e0eb8793d90d345d3f47c4a,0.2758096836748625,0.2968216924912242,0.0210120088163616,0.6821662986924141,bullish,0.6821662986924141
2024-11-27 06:00:00,BA,Bear of the Day: Boeing,Lofty expectations that always come back down to Earth. Enough with the excuses.,Yahoo,https://finnhub.io/api/news?id=9b8ea0f82c6c679b1118cb93f41c54ea8c066137f8132294cecfe770aac5e0f1,0.147548249632365,0.179715284640202,0.0321670350078369,0.788117680351961,bullish,0.788117680351961
2024-11-27 04:24:00,BA,easyJet Hikes Dividend After Earnings Rise,"The low-cost airline raised its dividend after capacity, passenger revenue, ancillary revenue and passenger numbers all increased.",Yahoo,https://finnhub.io/api/news?id=56468312814151a421e820ecaba340f36af0b519fb4860ad4f10116d6ed89986,-0.2234156596225246,0.2774339226956608,0.5008495823181854,0.2217164949861537,bearish,0.5008495823181854
2024-11-27 03:38:35,BA,Emirates Airline says 'wings clipped' by Boeing delays,"Emirates Airline is a ""frustrated entity"" because of a lack of planes, the carrier's president said on Wednesday, adding that it would now have an 85-strong fleet of Boeing 777-9X jets if the planemaker had been able to deliver them on time.  Emirates, the Middle East's biggest airline, has increasingly voiced its displeasure over delays and uncertainty plaguing delivery of the 777-9X jets, which were exacerbated by a weeks-long strike by Boeing factory workers.  Asked if there were any plans to review the orders in light of the delays, Clark said the company would just wait and see.",Yahoo,https://finnhub.io/api/news?id=bf1a637023772b3c5135232de99f0e71e97b7720605fbfaf49459900d1622f82,-0.906733164168021,0.0197305218437626,0.9264636860117836,0.0538057921444537,bearish,0.9264636860117836
2024-11-26 22:13:25,BA,FAA will not require immediate 737 MAX engine action after bird strikes,"The Federal Aviation Administration said on Tuesday it will not require any immediate action after convening a review board to consider concerns about Boeing 737 MAX engines after two bird strike incidents on Southwest Airlines planes in 2023.  The FAA Corrective Action Review Board reviewed the CFM LEAP-1B engine bird strikes which led to smoke entering two Boeing 737 MAX aircraft.  ""The FAA continues to assess how these events could affect other engines with similar structural designs,"" the agency said, adding it will issue a notice to foreign aviation regulators ""about new information Boeing provided to operators of aircraft with LEAP-1B engines.""",Yahoo,https://finnhub.io/api/news?id=07fb7c1f6f4cfaa594ee13c94b07fba7a4096261233be830e1178183dbb605b3,0.0291333860417191,0.0537426343934943,0.0246092483517751,0.9216481172547304,neutral,0.9216481172547304
2024-11-26 09:30:00,BA,Boeing Secures a $1.7B Contract to Deliver P-8A Poseidon Aircraft,"BA's P-8 is a multi-mission maritime patrol aircraft, excelling at anti-submarine warfare, intelligence, surveillance and reconnaissance.",Yahoo,https://finnhub.io/api/news?id=22fc42cf64a65b9072c3c35ca64d80953a1bf787ef98c69eef68a446f42fbfbf,0.9280844561256708,0.944665969956709,0.0165815138310381,0.0387525162122528,bullish,0.944665969956709
2024-11-26 08:58:00,BA,RTX Secures $439.1M Contract for ESSM Block II Missile Assemblies,RTX secures a modification contract worth $439.1 million involving the ESSM Block II Guided Missiles.,Yahoo,https://finnhub.io/api/news?id=033f9a73389eceba1a53ed5f507ae32d1ca8bcee0e65c4c044743bd17a08185e,0.9331085616816904,0.946145018025743,0.0130364563440526,0.0408185256302043,bullish,0.946145018025743
2024-11-26 05:40:07,BA,Boeing price target lowered to $190 from $195 at JPMorgan,"JPMorgan lowered the firm’s price target on Boeing (BA) to $190 from $195 and keeps an Overweight rating on the shares. After “a year of upheaval,” Boeing enters 2025 with a new CEO, an improved balance sheet, and a new labor agreement in Seattle, the analyst tells investors in a research note. The firm says that while big challenges remain, demand for the company’s commercial aircraft is strong. It sees nearly 30% upside over the next 12 months assuming Boeing can make gradual progress in build",Yahoo,https://finnhub.io/api/news?id=386c19c8876d67d93b80a88657aeea5727f746beaf12ce8845998700cdc06b8a,-0.6556048696217744,0.1268939915197793,0.7824988611415538,0.0906071473386668,bearish,0.7824988611415538
2024-11-26 03:45:00,BA,"Amgen, Boeing share losses lead Dow's 200-point fall","Amgen, Boeing share losses lead Dow's 200-point fall",MarketWatch,https://finnhub.io/api/news?id=81e02a280eef9cad20a7b97d41b9c68ec485d9d91fc0999a95b19d0907fe0f57,-0.8199748674042562,0.0722456031368493,0.8922204705411055,0.0355339263220451,bearish,0.8922204705411055
2024-11-26 01:00:44,BA,Woodward Inc (WWD) Q4 2024 Earnings Call Highlights: Record Revenue and Strategic Challenges,"Woodward Inc (WWD) surpasses $3 billion in annual revenue with strong aerospace growth, while navigating supply chain and market hurdles.",Yahoo,https://finnhub.io/api/news?id=b06bc5676838026d4020447dda734d5a41538b75dbe5a0a1233621f9abb655af,0.8865908873606143,0.9207569613770784,0.0341660740164639,0.0450769646064577,bullish,0.9207569613770784
2024-11-25 22:40:00,BA,BUZZ Investing: Election Sparks 'Trump Trade' Rally,"The US election results fostered a wave of market optimism, contributing to a significant rally across major indices.",SeekingAlpha,https://finnhub.io/api/news?id=22954776023fba792c41549a581f21115334dd9b6193fd1161e8a5e0126c7d27,0.072199916870519,0.0947761987975399,0.0225762819270209,0.882647519275439,bullish,0.882647519275439
2024-11-25 18:08:00,BA,Walmart Rolls Back DEI Programs,The retail giant will wind down the Center for Racial Equity and prevent sellers from listing some LGBTQ-themed items on its website.,Yahoo,https://finnhub.io/api/news?id=28a63fa3e7448f66b74ae859ba73d3910a01fae611976ddff463609d5d8d3285,-0.2974141852223492,0.176322914228309,0.4737370994506583,0.3499399863210327,bearish,0.4737370994506583
2024-11-25 18:01:00,BA,The Fed Has Cut Rates Twice. Its Minutes Could Show If a Pause Is Ahead.,The Fed Has Cut Rates Twice. Its Minutes Could Show If a Pause Is Ahead.,MarketWatch,https://finnhub.io/api/news?id=d256e388b831237828819b9839ec3e444bcc305257d0c8fba8e90c2649ef348a,-0.7149709420825554,0.0388102286566515,0.7537811707392069,0.2074086006041415,bearish,0.7537811707392069
2024-11-25 16:13:00,BA,Aircraft Used by DHL Crashes During Forced Landing in Lithuania,"One person died in the incident, which came months after people alleged to have been working for Russian intelligence services used the company to ship incendiary devices.",Yahoo,https://finnhub.io/api/news?id=7a7921a30bed3dafa6b0b5d9776faa4b33ec6666001443fd7230a724f005888d,-0.945358447832319,0.0112921651242446,0.9566506129565636,0.0320572219191915,bearish,0.9566506129565636
2024-11-25 09:52:24,BA,Update: Boeing 737-400 Cargo Plane for DHL Crashes in Lithuania; 1 Dead,(Updates with Boeing's response in the last paragraph.,Yahoo,https://finnhub.io/api/news?id=9ad7f652602e91976df7eb61b21072d338abc7aed7a99b23ecd7d70f3f205699,-0.8537285289768118,0.0322918565051369,0.8860203854819487,0.0816877580129143,bearish,0.8860203854819487
2024-11-25 05:58:42,BA,Update: Market Chatter: FAA to Review Boeing 737 MAX Engines After Bird Strike Incidents,(Updates with CFM comment in the seventh paragraph.,Yahoo,https://finnhub.io/api/news?id=5f739d1ba5b79709c18b7bd516fbe2bc33a0f5a1e01dc715cabae4bffe529959,-0.9247917426195184,0.0175079617699293,0.9422997043894478,0.0401923338406229,bearish,0.9422997043894478
2024-11-25 05:07:00,BA,"Dow rallies 364 points on gains in Nike, Sherwin-Williams Co. stocks","Dow rallies 364 points on gains in Nike, Sherwin-Williams Co. stocks",MarketWatch,https://finnhub.io/api/news?id=05722b594e8e968f995173d1a35e4c3856732c65ddee1fefd8f096ee28a269bc,0.8275382423744915,0.8793886840798941,0.0518504417054026,0.0687608742147032,bullish,0.8793886840798941
2024-11-25 04:30:00,BA,Christopher Rufo Has Trump’s Ear and Wants to End DEI for Good,"From his perch outside Seattle, the 40-year-old documentary filmmaker and writer has become one of the country’s most influential culture warriors, waging public fights against diversity, equity and inclusion.",Yahoo,https://finnhub.io/api/news?id=652d20da72b13af45125dd275a0ac75330d845442b35b272f46aedd2526ee7ec,0.0040006115138394,0.0994883008415631,0.0954876893277237,0.8050240098307131,neutral,0.8050240098307131
2024-11-25 03:45:00,BA,"Dow's 482-point rally led by gains for Boeing, Amazon.com Inc. stocks","Dow's 482-point rally led by gains for Boeing, Amazon.com Inc. stocks",MarketWatch,https://finnhub.io/api/news?id=a252a32fec1123839ee946fd88069f31d177809b854f5a00adbfd4b08e69ced2,0.883034900091871,0.9134185279585634,0.0303836278666923,0.0561978441747443,bullish,0.9134185279585634
2024-11-25 01:34:10,BA,Boeing: Higher Labor Costs Will Not Kill Profits,"Boeing's new labor agreement includes a 38% pay increase, but it can still maintain profitability. Read why I remain bullish on BA stock.",SeekingAlpha,https://finnhub.io/api/news?id=b43ec7058f8abf5dac53c247b809f96c7adbb8248645a5658663507ecb3f2b2f,0.7970315508433862,0.8409448893403444,0.0439133384969582,0.1151417721626973,bullish,0.8409448893403444
2024-11-24 17:24:00,BA,Is Boeing a Millionaire-Maker Stock?,"On the surface, Boeing (NYSE: BA) looks as though it has all the ingredients of a potential millionaire-maker investment.  The aircraft market is growing, competition is minimal, and government contracts are plentiful.  The phrase ""economic moat"" -- popularized by investing legend Warren Buffett -- refers to certain types of durable competitive advantages a company can possess that make it difficult for potential rivals to make inroads against it.",Yahoo,https://finnhub.io/api/news?id=81bb92df96b06bde320a2114244bcf7626121ad1bad30d3d78c360d4b4594b80,0.0043175070834531,0.0395501846142085,0.0352326775307554,0.925217137855036,neutral,0.925217137855036
2024-11-24 06:07:00,BA,Billionaire Michael Bloomberg Wants to Crush Boeing's Space Dream,Billionaire Michael Bloomberg knows billions -- and warns NASA is spending too many billions of dollars on Boeing's big space rocket.,Yahoo,https://finnhub.io/api/news?id=dd5987f9b4b2fdbcfed846494a0a295657b94c35a679079b07b9c3e0dd8195cd,-0.3420176802124601,0.0451575731078332,0.3871752533202934,0.5676671735718734,bearish,0.5676671735718734
2024-11-24 03:10:48,BA,GE Aerospace: The Top Aerospace Engine Stock To Buy,GE Aerospace's Q3 earnings show positive metrics despite challenges. Click here for a full investment analysis of GE stock.,SeekingAlpha,https://finnhub.io/api/news?id=41b2f4d9e5b86801d6dee3f947bb908397ef5e31c22477b6d13d67112518e50f,0.4773575810504233,0.4870463258591495,0.0096887448087262,0.5032649293321242,bullish,0.5032649293321242
2024-11-23 22:00:00,BA,Welcome to the World of 24-Hour Stock Trading,Brokerages seeking to meet the growing global appetite for U.S. stocks are extending their timetables.,Yahoo,https://finnhub.io/api/news?id=ab68694e3a6323d49a82feecee978dc119cd3da7b08094944422fb5115aed325,0.0594009592357469,0.0756062151048469,0.0162052558691,0.9081885290260532,bullish,0.9081885290260532
2024-11-23 09:00:52,BA,10 predictions for the space economy in 2025,"2025 could prove to be one of the most transformative years on record for the space economy. As we look ahead, here are 10 predictions for the space capital markets in 2025.",Yahoo,https://finnhub.io/api/news?id=c0d1bc5ba189ffa8b5e52ab0960e958e0dcf7aaa1efefa82e12bc3d72bf5f6ec,0.0473103292445674,0.0775551994086742,0.0302448701641067,0.892199930427219,neutral,0.892199930427219
2024-11-23 01:26:04,BA,Ducommun: More Upside On Boeing And Airbus Ramp Up,"Financial writer bullish on Ducommun, raising price target to $86.37 for 30% upside potential.",SeekingAlpha,https://finnhub.io/api/news?id=6126f274dd04990e73d235abeb53bab5d4f54ac5675d39219a3b729715f64db9,0.8156303672235791,0.8837460776744849,0.0681157104509058,0.0481382118746093,bullish,0.8837460776744849
2024-11-22 12:30:00,BA,Another Boeing 737 Max part is facing FAA scrutiny,"Boeing’s (BA) long, difficult year kicked off with a 737 Max door plug blowout, and now a new part is drawing scrutiny from federal investigators. Reuters reports that the Federal Aviation Administration is looking into problems with the plane’s engines after a pair of bird strikes last year aboard a pair of Southwest Airlines (LUV) flights.",Yahoo,https://finnhub.io/api/news?id=2ad5aae5a6824fb47eb19a727ade237a1cdde905614f6b92c7c6324138d9888b,-0.1113284271632448,0.0295447671023933,0.1408731942656382,0.8295820386319683,bearish,0.8295820386319683
2024-11-22 10:30:58,BA,Boeing (BA) Down 7.6% Since Last Earnings Report: Can It Rebound?,Boeing (BA) reported earnings 30 days ago. What's next for the stock? We take a look at earnings estimates for some clues.,Yahoo,https://finnhub.io/api/news?id=e899a0c0f827464ef2f981631a8baf095c0ebb88bc53b1b8a7296cc450f8715f,-0.9595409980193386,0.0113697579149701,0.9709107559343088,0.017719486150721,bearish,0.9709107559343088
2024-11-22 10:21:00,BA,Lockheed Martin Expands Global Reach as Romania Joins F-35 Program,LMT announced that the Government of Romania has signed a Letter of Offer and Acceptance to purchase 32 advanced F-35 Lightning II aircraft.,Yahoo,https://finnhub.io/api/news?id=be7955f1015f6eaeee9c8c4505288375e795ac15711572c31134bf87fffc7516,0.9145363592178564,0.927826080606522,0.0132897213886655,0.0588841980048123,bullish,0.927826080606522
2024-11-22 09:24:58,BA,Boeing’s stock has biggest gain in Dow on Friday,Boeing’s stock has biggest gain in Dow on Friday,MarketWatch,https://finnhub.io/api/news?id=a6bea2a876b2e5a241627023b6de90bc5eec80950ed8f49e100bf747a86c90bf,0.8678207356456232,0.8965599147658144,0.0287391791201912,0.0747009061139943,bullish,0.8965599147658144
2024-11-22 09:24:00,BA,"Boeing Stock Has 37% Upside, According to 1 Wall Street Analyst","A Jefferies analyst recently maintained a buy rating and a $200 price target on Boeing (NYSE: BA) stock, arguing that fears over the impact of potential tariffs on China are exaggerated, given that the country is responsible for only 2% of Boeing's backlog.  While the argument has merit, the price target looks ambitious.  The $200 figure, offering 37% upside from recent prices, would put Boeing at a market cap of almost $150 billion.",Yahoo,https://finnhub.io/api/news?id=0decd71b5e57a24917aa8232563da78b543997a5a095087797e355e2e5597e56,0.2068833618843304,0.2288096530079122,0.0219262911235817,0.749264055868506,bullish,0.749264055868506
2024-11-22 09:12:51,BA,"FAA Probes Boeing 737 MAX Engine Safety, Possible Delays for MAX 7 and MAX 10","FAA to review Boeing 737 MAX engine safety after bird strikes; potential delays in MAX 7, MAX 10 certifications",Yahoo,https://finnhub.io/api/news?id=2410ba99417c46ec71ab6708af154fd4e68802fb96cb5b8bf267c5cca11215a5,-0.9152821859629492,0.0122671779473632,0.9275493639103124,0.0601834581423242,bearish,0.9275493639103124
2024-11-22 08:55:00,BA,Boeing Wins $2.4B Contract to Build KC-46A Pegasus Tanker Jet,BA receives an order from the U.S. Air Force to construct 15 Pegasus KC-46A aerial refueling tankers.,Yahoo,https://finnhub.io/api/news?id=61679c8f2da0485549e02c990bbbadf6b9d0a160abf501eda21548c9c78a1dac,0.9143981168388058,0.9324933319720624,0.0180952151332567,0.0494114528946807,bullish,0.9324933319720624
2024-11-22 07:17:00,BA,Airbus Delivers One H145M Combat Helicopter to the German Armed Forces,Airbus has shipped its first H145M helicopter to the German Armed Forces.,Yahoo,https://finnhub.io/api/news?id=0d0ce603fccdef27bc5fcee2275a3031c92be76eefa34a933625026e26334540,0.7288968724382896,0.7380544953723704,0.0091576229340808,0.2527878816935487,bullish,0.7380544953723704
2024-11-22 07:13:00,BA,"Dow up nearly 375 points on gains for shares of Boeing, Nike","Dow up nearly 375 points on gains for shares of Boeing, Nike",MarketWatch,https://finnhub.io/api/news?id=d0e972502880503add4e04ae317a790ee871414d0e70c6f0d3cbf3d428d5c057,0.8707316532276759,0.9088739055148448,0.0381422522871689,0.0529838421979862,bullish,0.9088739055148448
2024-11-22 05:54:14,BA,Market Chatter: FAA to Review Boeing 737 MAX Engines After Bird Strike Incidents,Market Chatter: FAA to Review Boeing 737 MAX Engines After Bird Strike Incidents,Yahoo,https://finnhub.io/api/news?id=74cabf602479c7e46ce7d83632474956ceccd10484db0ca64ab0203526569a9d,-0.9353236032056866,0.0144210695333196,0.9497446727390062,0.0358342577276742,bearish,0.9497446727390062
2024-11-22 05:08:35,BA,"Trending tickers: Alphabet, Reddit, Gap, Boeing and Ryanair",The latest investor updates on stocks that are trending on Friday.,Yahoo,https://finnhub.io/api/news?id=58e05508e38cae5c9d81d26a53d168bef02be5f51ae3d58f1e49513b9d9bc48a,-0.0095018517411555,0.0215433231911315,0.031045174932287,0.9474115018765814,neutral,0.9474115018765814
2024-11-22 05:05:25,BA,Goldman Sachs: The Boeing Company (BA) Is A Top Growth Investor Stock,"We recently made a list of Goldman Sachs’ Top Growth Investors: 34 Stocks With The Highest Investment For Growth. In this piece, we will look at where The Boeing Company (NYSE:BA) ranks on the list. With the 2024 US Presidential Election having come to a close, Wall Street can now focus on the future of […]",Yahoo,https://finnhub.io/api/news?id=612309169382fe85da9858bf3e149fd791d696848c01f240862fa2f4b42adc23,0.8517101690254671,0.8585905952783203,0.006880426252853,0.1345289784688267,bullish,0.8585905952783203
2024-11-22 04:27:54,BA,British Airways announces multimillion-pound investment in Cardiff base,The airline said it will expand one of three existing maintenance bays at the site to facilitate its larger long-haul Airbus A350 aircraft.,Yahoo,https://finnhub.io/api/news?id=3ec9df506bc9ba18ad3eb74a3493e8ba171218f39fe1a47eb3ed2a5bc51f8f89,0.2637601330013556,0.284640874727655,0.0208807417262993,0.6944783835460456,bullish,0.6944783835460456
2024-11-22 04:00:00,BA,"Airbus-SpaceX trash talk, Boeing layoffs, Spirit's delisting, and more: Airline news roundup",The CEO of Airbus got a little chippy talking about orbital rival SpaceX. The first Boeing layoff notices have officially begun trickling out. Spirit Airlines has officially been delisted by the New York Stock Exchange post-bankruptcy declaration. Plus: The most popular airline routes in America.,Yahoo,https://finnhub.io/api/news?id=a5e6cc83c18ba9c1f525af61f227e7bf80b871b4bba4c585370e0c9bff544b33,-0.3592104062585084,0.0226811352617827,0.3818915415202911,0.5954273232179261,bearish,0.5954273232179261
2024-11-22 01:04:21,BA,Copa Holdings SA (CPA) Q3 2024 Earnings Call Highlights: Strong Operating Margin Amid Revenue ...,Copa Holdings SA (CPA) reports a robust operating margin of 20.3% despite facing revenue pressures from market fluctuations and operational challenges.,Yahoo,https://finnhub.io/api/news?id=6efbbbd001c613266b4577d1f69472603c5d775f3704f3114f75a609ac110aae,0.9405886333731552,0.9582350129119211,0.0176463795387658,0.0241186075493129,bullish,0.9582350129119211
2024-11-21 23:01:00,BA,Spirit’s Demise Is a Lesson in ‘Airline-o-nomics’,Carrier wrongly thought that breakneck growth and aggressive discounting were enough to create a competitive moat.,Yahoo,https://finnhub.io/api/news?id=3d9d871986089ebde26501f0ba978c049fe45836e6b8afd08bead6e0c56b5da5,-0.0747486506448304,0.0418496118029362,0.1165982624477667,0.841552125749297,bearish,0.841552125749297
2024-11-21 19:28:07,BA,Boeing: US Air Force orders 15 KC-46A aircraft,Boeing has announced an order to build an additional 15 KC-46A Pegasus tanker aircraft as part of the $2.38 billion Lot 11 contract awarded by the US Air Force.This gives the aircraft manufacturer a...,Finnhub,https://finnhub.io/api/news?id=8576c5a466136be9dc8681f5f4482525255b6f029ad1e5aa7be2c705b6e609f2,0.6432675202950644,0.7203333812877525,0.077065860992688,0.2026007577195594,bullish,0.7203333812877525
2024-11-21 17:58:15,BA,FAA plans to review 737 MAX engine issue after bird strike incidents,"WASHINGTON (Reuters) -The Federal Aviation Administration plans to convene a review board in the coming weeks to consider safety concerns about engines on Boeing 737 MAX airplanes after two bird strike incidents on Southwest Airlines planes in 2023.  The FAA said it is addressing an issue with the CFM LEAP-1B engine and is collaborating with Boeing, CFM and the European Union Aviation Safety Agency.",Yahoo,https://finnhub.io/api/news?id=e33313350463cf5746ce6d06b0b6ba5577246accfd1e17c8630bf2b15f97f0ba,-0.7022558063940945,0.0307101020428568,0.7329659084369513,0.2363239895201918,bearish,0.7329659084369513
2024-11-21 17:46:24,BA,Boeing secures $2.38 billion contract for 15 additional U.S. Air Force KC-46A tankers,Boeing tanker orderr,Yahoo,https://finnhub.io/api/news?id=e030681fd862fc7a3db0c60aaf4bb7a05bac305d8b26e4cd279c17b38c0e7d78,0.9218275222549062,0.9412578361825856,0.0194303139276795,0.0393118498897346,bullish,0.9412578361825856
2024-11-21 16:18:53,BA,Vancouver airport works to move damaged Amazon Air cargo jet,Recovery efforts for an Amazon Air freighter at Vancouver airport in Canada are underway. The post Vancouver airport works to move damaged Amazon Air cargo jet appeared first on FreightWaves.,Yahoo,https://finnhub.io/api/news?id=bdaa54678d90aa5510e562aac618b33688ffefa7b3578a1e2940502e8b5ad886,-0.9247406104041436,0.0165471718613199,0.9412877822654634,0.0421650458732167,bearish,0.9412877822654634
2024-11-21 15:52:37,BA,"How to play the defense sector: Boeing, Lockheed Martin, RTX","Amid ongoing geopolitical tensions and President-elect Donald Trump's upcoming second term in the White House, Gabelli Funds portfolio manager and aerospace and defense analyst Tony Bancroft joins Julie Hyman and Josh Lipton on Market Domination to discuss how to play the defense sector. ""Overall, the US and the new administration probably still wants to retain its stature as the world's superpower,"" Bancroft says, adding, ""I know that there's been a lot of discussion with the DOGE and cutting costs [and] federal spending. But I think the industry is a relatively an oligopoly,"" Bancroft says. ""There's going to be definitely a friction [between the federal government and defense contractors] and there's going to be negotiations on both sides. But I think the defense industry will probably do well in the long run,"" he adds. Bancroft names Boeing (BA) as one of the top holdings of Gabelli's Aerospace and Defense ETF (GCAD) and says the fund likes Northrop Grumman (NOC), Lockheed Martin (LMT), and RTX Corp (RTX), formerly known as formerly Raytheon Technologies Corporation. To watch more expert insights and analysis on the latest market action, check out more Market Domination here. This post was written by Naomi Buchanan.",Yahoo,https://finnhub.io/api/news?id=1fce854f176f5428a9e09030a026be4ed7fa2643c03dc7db1a438d3a73b71323,0.0153489902598294,0.0358377265404553,0.0204887362806259,0.9436735371789188,neutral,0.9436735371789188
2024-11-21 12:58:15,BA,FAA to convene board to review 737 MAX engine issue after bird strike incidents,The Federal Aviation Administration plans to convene a corrective action review board in the coming weeks to consider safety concerns about engines on Boeing 737 MAX airplanes after two bird strike...,Finnhub,https://finnhub.io/api/news?id=858bfe035a69b350dcd55a7d9438e45649158c788b9a01b0bba3ba48cd6856a8,-0.8744274410227201,0.0217182308266463,0.8961456718493664,0.0821360973239871,bearish,0.8961456718493664
2024-11-21 12:36:10,BA,Boeing Receives $2.39 Billion Contract Modification From Defense Department,"By Connor Hart A Boeing subsidiary has been awarded a $2.39 billion modification to a previously-awarded contract. The contract calls for 15 of Boeing's KC-46 Pegasus aircraft, a military...",Finnhub,https://finnhub.io/api/news?id=f516b95da194e332bc9c392edd57b7ddbaff066b8690b60621b25781eb2048e4,0.8911343039264782,0.9220195304550216,0.0308852265285434,0.0470952430164349,bullish,0.9220195304550216
2024-11-21 12:20:00,BA,Boeing Receives $2.39B Contract Modification From Defense Department,Boeing Receives $2.39B Contract Modification From Defense Department,MarketWatch,https://finnhub.io/api/news?id=b3a9b5f73dea87c461a0618e765766ee78aeed55afee528a3fc155b28768b4f6,0.906537547046385,0.9313312092387728,0.0247936621923878,0.0438751285688392,bullish,0.9313312092387728
2024-11-21 12:13:05,BA,Boeing : Awarded 15 Additional U.S. Air Force KC-46A Tankers,"EVERETT, Wash., Nov. 21, 2024―Boeing [NYSE: BA] will build 15 additional KC-46A Pegasus tankers under a Lot 11 contract award from the U.S. Air Force valued at $2.38 billion. In all, Boeing has 168...",Finnhub,https://finnhub.io/api/news?id=d0aaa67e5ba8a094ac746cd7ebb419a77ed05e9ad3aa534ce9fbff49c0219d51,0.9080502201598056,0.9251194847703172,0.0170692646105116,0.0578112506191711,bullish,0.9251194847703172
2024-11-21 11:19:59,BA,Weekly Jobless Claims Decline to Lowest Level Since April,Weekly Jobless Claims Decline to Lowest Level Since April,Yahoo,https://finnhub.io/api/news?id=82999396ddd2becc46ca7f737512e1d8dfb4c0ac9f1920ce3db0d164d0f40a14,-0.963309332609122,0.0078027923149633,0.9711121249240854,0.0210850827609512,bearish,0.9711121249240854
2024-11-21 10:42:00,BA,Boeing Co. stock underperforms Thursday when compared to competitors,Boeing Co. stock underperforms Thursday when compared to competitors,MarketWatch,https://finnhub.io/api/news?id=e47e984338fe4b7052ac168b08b59b43253864b57320a35a3ca6a4dbf77d9a98,-0.8030616954881458,0.0904504609242219,0.8935121564123677,0.0160373826634103,bearish,0.8935121564123677
2024-11-21 09:55:53,BA,FAA administrator plans to meet with Boeing CEO in Seattle,"FAA Administrator Michael Whitaker said on Thursday he plans to soon visit Boeing's Seattle offices to meet with CEO Kelly Ortberg as the planemaker resumes 737 MAX production.  Earlier this month, the Federal Aviation Administration said it would boost its oversight of Boeing as the planemaker prepares to resume production of its 737 MAX jets following a 53-day strike that ended two weeks ago.  ""We are working closely with Boeing to make sure the safety management system is driving their actions during"" the restart of production, Whitaker said, who spoke to Ortberg earlier this month on the production plan.",Yahoo,https://finnhub.io/api/news?id=969a63fce3ba0e984af13186112fca660a0bdef5451511fb478761d6fa115383,-0.0425663940760138,0.024034089086662,0.0666004831626759,0.909365427750662,neutral,0.909365427750662
2024-11-21 09:44:09,BA,Labor Market Surprises: Unemployment Claims Fall as Strike Recovery Boosts Job Prospects,Jobless claims fall unexpectedly; November payrolls poised to rebound after hurricanes and Boeing strike resolution,Yahoo,https://finnhub.io/api/news?id=35cbd9313199026ab4295cb41ffff5c581a82977802919528f904e4feba1d388,-0.8961418709310844,0.0462438439187054,0.9423857148497898,0.0113704412315047,bearish,0.9423857148497898
2024-11-21 09:30:00,BA,Ukraine Says Russia Fired an ICBM. Here’s Who Makes America’s ICBMs.,"Ukrainian officials said Russia fired an intercontinental ballistic missile, or ICBM, into their country.  Ukraine said the missile targeted the city of Dnipro, located about 300 miles southeast of Kyiv.  ICBMs, as the name implies, can strike targets thousands of miles away.",Yahoo,https://finnhub.io/api/news?id=406ed94c859f67d3a1ca3aa93d41a73eba9526f322f7d6b750a958797664f4ca,-0.0044323430455999,0.0330025337562531,0.0374348768018531,0.9295625894418936,neutral,0.9295625894418936
2024-11-21 08:30:00,BA,Franklin Income Fund Q3 2024 Commentary,"Franklin Income Fund underperformed its benchmark for the quarter ended September 30, 2024, while it outpaced the gain of the S&P 500 Index. Read more here.",SeekingAlpha,https://finnhub.io/api/news?id=e728ea19283433f32430d533441155248b294fba7d9d1587616332c051759624,0.0118909944956283,0.0332040380053598,0.0213130435097314,0.9454829184849088,neutral,0.9454829184849088
2024-11-21 07:38:48,BA,US weekly jobless claims unexpectedly fall,"The number of Americans filing new applications for unemployment benefits unexpectedly fell last week, suggesting that job growth likely rebounded in November after abruptly slowing last month amid hurricanes and strikes.  Initial claims for state unemployment benefits dropped 6,000 to a seasonally adjusted 213,000 for the week ended Nov. 16, the Labor Department said on Thursday.  The claims data covered the period during which the government surveyed businesses for the nonfarm payrolls component of November's employment report.",Yahoo,https://finnhub.io/api/news?id=2004c36afd8b8b5a4ffbe16f967622fbfdd6683d3a3d20466c0a72ab5c2e0cec,-0.9563349663608622,0.0090123599075513,0.9653473262684136,0.025640313824035,bearish,0.9653473262684136
2024-11-21 06:00:08,BA,Boeing’s CEO tells staff to stop ‘bitching by the water cooler’ and focus on beating Airbus,"Boeing's new CEO Kelly Ortberg had some brutal feedback for staff, telling them to stop complaining and start competing.",Yahoo,https://finnhub.io/api/news?id=0c393d376e31a3a543940238b2c0343110d50cd7956bc51a7b3bd73ebabd6034,-0.5058455765247345,0.0434161722660064,0.549261748790741,0.4073220789432525,bearish,0.549261748790741
2024-11-21 04:23:00,BA,Spirit AeroSystems to sell specialty textile subsidiary for $165M,The Boeing supplier is selling Fiber Materials Inc. to specialty textile maker Tex-Tech as it tries to make money amid a challenging financial year.,Yahoo,https://finnhub.io/api/news?id=3421caecdf0a7d7b6bd2c17eca6470161a2158d0f2ee6e734d903d4549f71d3a,0.0593399515027554,0.0706914139140717,0.0113514624113162,0.917957123674612,bullish,0.917957123674612
2024-11-21 00:12:56,BA,US airline flight crews confident and angry as unions seek richer contracts,Alaska Airlines flight attendant Rebecca Owens works 10 hours a day but only gets paid for half that time - a legacy of a common U.S. airline policy to pay cabin crew members only when planes are in...,Finnhub,https://finnhub.io/api/news?id=2a31276a4de42d618b462031411ddc5498e1e00c5529b53e4a251d71eaafe5bd,-0.8315796150580808,0.0683079433876725,0.8998875584457533,0.0318044981665741,bearish,0.8998875584457533
2024-11-20 23:59:40,BA,PPA: Defense Stocks ETF Positioned To Soar,Invesco Aerospace & Defense Fund benefits from increased demand for defense products amid escalating conflicts. Read why I rate PPA ETF a Buy now.,SeekingAlpha,https://finnhub.io/api/news?id=2f75479e881ed161719e714a50f60d49f5882441029107654993d331871cfe66,0.8846835915301052,0.9056678616777328,0.0209842701476276,0.0733478681746393,bullish,0.9056678616777328
2024-11-20 17:43:00,BA,Allegiant Travel Unit Extends Boeing Aircraft-Delivery Agreement to 2027,"The amended agreement also provides for other benefits and considerations related to delivery delays in 2024, Allegiant disclosed in a Securities and Exchange Commission filing.",Yahoo,https://finnhub.io/api/news?id=c8f388c230debb33353fee0a82e9098bb42a0f85ff0e92a97d974c0b1b8ecdf2,0.8524186361115841,0.8642162777656603,0.0117976416540762,0.1239860805802634,bullish,0.8642162777656603
2024-11-20 16:00:50,BA,Boeing gives lay off notices to nearly 700 in Missouri,"SEATTLE - Boeing issued lay off notices to 692 workers in Missouri, home to the company's Defense, Space & Security division, according to a federally-required filing posted on Wednesday, as part of the debt-heavy U.S. planemaker's plan to cut 17,000 jobs, or 10% of its global workforce. Including these layoffs, the company has issued 60-day notices to at least 3,100 U.S. workers in Washington, Oregon, South Carolina and Missouri, according to filings. Nearly 2,200 layoff notices went to workers in Washington and another 220 in South Carolina, the two states where Boeing builds commercial airliners.",Yahoo,https://finnhub.io/api/news?id=948aa32a48e33d7fa02372ba1c5bd512c16a72c79f9278a98dd8926e48131529,-0.9531638648761904,0.0108539274005492,0.9640177922767398,0.0251282803227109,bearish,0.9640177922767398
2024-11-20 14:18:00,BA,Boeing CEO to Employees: We Can’t Afford Another Mistake,"Boeing  Chief Executive  Kelly Ortberg  told employees the once mighty manufacturer has serious culture problems and can’t afford another mistake.  Ortberg, who took over in August, offered a blunt assessment of the troubled aircraft maker’s situation in an hour-long, companywide meeting on Wednesday.  “We spend more time arguing amongst ourselves than thinking about how we’re going to beat  Airbus  ” Ortberg said at an all-hands meeting, according to a recording reviewed by The Wall Street Journal.",Yahoo,https://finnhub.io/api/news?id=9265ca87878bd19138b1abe029e7401e21c1e531f610804827919454b0782ba7,-0.158170640867928,0.0347584681336182,0.1929291090015462,0.7723124228648356,bearish,0.7723124228648356
2024-11-20 12:35:14,BA,Allegiant Travel Unit Extends Boeing Aircraft-Delivery Agreement to 2027 -- Update,"By Stephen Nakrosis Allegiant Travel said its Allegiant Air subsidiary amended a delivery agreement with Boeing, giving the aircraft maker two additional years to deliver 50 737 MAX jets. The...",Finnhub,https://finnhub.io/api/news?id=86099c778695379964d6e00792331fea1285d0e1931bdfc58b76f90e9b1cc9d2,0.7822524194093872,0.7920331506437277,0.0097807312343405,0.1981861181219316,bullish,0.7920331506437277
2024-11-20 12:03:00,BA,"‘We are at a low here, folks,’ Boeing’s new CEO tells employees. ‘I’m tired of it.’","‘We are at a low here, folks,’ Boeing’s new CEO tells employees. ‘I’m tired of it.’",MarketWatch,https://finnhub.io/api/news?id=48693834280217b6d020bdccd7879ea05ee44b03207ab198b2574a3207d4ef39,-0.9390160122812772,0.0137425399834618,0.9527585522647388,0.0334989077517992,bearish,0.9527585522647388
2024-11-20 11:01:12,BA,Allegiant Air Extends Delivery Agreement With Boeing,"By Stephen Nakrosis Allegiant Travel said its Allegiant Air subsidiary amended a delivery agreement with aircraft manufacturer Boeing, extending the delivery schedule for 50 737 MAX aircraft. ...",Finnhub,https://finnhub.io/api/news?id=cf2f3ed069573cfbba7ae25ebf9d358b09a1d7c1ccfaed28222307503cccac8f,0.907398116257871,0.9280530395484102,0.0206549232905392,0.0512920371610505,bullish,0.9280530395484102
2024-11-20 10:12:00,BA,TXT's Arm Delivers First Aeromedical Aircraft to Peruvian Air Force,"Textron's unit, Textron Aviation, announces the delivery of its first multi-mission Beechcraft King Air 360CHW aircraft to the Peruvian Air Force.",Yahoo,https://finnhub.io/api/news?id=12f1411855c755855baf6a215b3a04b5f9926aed1d507216e405cb643e2bd0fa,0.3967642127708406,0.4052485257914492,0.0084843130206086,0.5862671611879422,bullish,0.5862671611879422
2024-11-20 08:02:00,BA,LMT Secures a Contract to Support MK-41 Vertical Launch System,"Lockheed Martin secures a contract to provide logistics, repair and spare support for 161 MK-41 VLS components.",Yahoo,https://finnhub.io/api/news?id=6278a787568ca733c19f812f0cd260678a48e2c0a6b0f5867fc7d005c8caaa9d,0.9321864609105244,0.9461004807647658,0.0139140198542415,0.0399854993809926,bullish,0.9461004807647658
2024-11-20 04:54:00,BA,"Boeing to lay off more than 2,600 across 5 states","The job cuts across Washington, Oregon, Colorado, South Carolina and Pennsylvania are part of the company’s plan to trim its workforce by 10% after a bruising strike.",Yahoo,https://finnhub.io/api/news?id=ec80d05a07f74a7d86bb4cf6df87b0bf3e948a73508143d51645a45b7ec13c64,-0.958161151784661,0.0083013404568752,0.9664624922415362,0.0252361673015884,bearish,0.9664624922415362
2024-11-20 02:10:00,BA,My Dividend Stock Portfolio: New October Dividend Record - 100 Holdings With 15 Buys,"Investment activity in October focused on Business Development Companies. Check out my portfolio, my main picks, and my target for 2024.",SeekingAlpha,https://finnhub.io/api/news?id=ee2c0c1844905ec03a4c7fe82d622e1f1a4eac7b2c437722a3c253267dbcb25d,0.1068686497121162,0.1228708942441242,0.0160022445320079,0.8611268612238678,bullish,0.8611268612238678
2024-11-19 17:36:28,BA,Airbus CEO says Spirit Aero talks going well but industrial challenges lie ahead,"The head of European planemaker Airbus said talks to finalise the takeover of part of troubled U.S. aerostructures supplier Spirit Aerosystems were going smoothly but that bringing it into Airbus would ""not be a walk in the park"".  Airbus plans to take over the running of four Spirit plants associated with its A350 and A220 jetliner programmes as part of a loosely coordinated plan to carve up the company with Boeing, which is buying back almost all the rest of its former unit.  The rare act of cooperation between business foes reflects concerns that the rapid decline of one of the industry's key suppliers, spun off from Boeing almost 20 years ago, could have spread havoc through the world's largest planemakers.",Yahoo,https://finnhub.io/api/news?id=f16620ea18ff11bc06b7a64192c5c9bbdd9385f3418ccc06a2e1e9e16dee946d,-0.705482425908311,0.106021098451241,0.811503524359552,0.082475377189207,bearish,0.811503524359552
2024-11-19 12:34:38,BA,Cargojet charter with Amazon freight skids off runway in Vancouver,"An Amazon charter flight operated by Canadian partner Cargojet overshot the runway at Vancouver airport, impacting flight operations. The post Cargojet charter with Amazon freight skids off runway in Vancouver appeared first on FreightWaves.",Yahoo,https://finnhub.io/api/news?id=0de87c1d387234cd0a55dfc08a18bd55d8178b3ac3223b960d60d3c8b9e50130,-0.938549124734584,0.0147484743357891,0.9532975990703731,0.0319539265938376,bearish,0.9532975990703731
2024-11-19 10:45:52,BA,"Top Midday Stories: Walmart Shares Rise After Q3 Earnings Beat, Guidance Lift; Super Micro Appoints Auditor, Files Compliance Plan","Top Midday Stories: Walmart Shares Rise After Q3 Earnings Beat, Guidance Lift; Super Micro Appoints Auditor, Files Compliance Plan",Yahoo,https://finnhub.io/api/news?id=f27f85808807e4321f72012d7338131cd540544f27b0c77ad876a6c87474be95,0.7763678328083163,0.8626456824591544,0.086277849650838,0.0510764678900075,bullish,0.8626456824591544
2024-11-19 10:17:40,BA,Boeing Begins Layoffs For 10% Workforce Cut; Shares Climb As Dow Slides,Boeing begins layoffs as part of its plan to cut 10% of its workforce. BA stock was one of the few climbers in the Dow Jones Industrial Average.,Yahoo,https://finnhub.io/api/news?id=1db08f8fb6b1fe3f8121eef231ec83d91842def05f1285ee5a039e4b7298fcde,-0.9371062445003306,0.0178259051672149,0.9549321496675456,0.0272419451652394,bearish,0.9549321496675456
2024-11-19 09:50:28,BA,"Hurricanes, Boeing strike likely cut at least 100,000 jobs from US payrolls in October","WASHINGTON (Reuters) -Employment dropped considerably in Washington State and Florida in October, suggesting that a strike by factory workers at Boeing and Hurricane Helene accounted for much of the abrupt slowdown in U.S. job growth last month.  The Labor Department's state employment and unemployment report on Tuesday showed nonfarm payroll employment fell by 38,000 jobs in Florida last month and declined by 35,900 jobs in Washington State.  Helene hit Florida's Big Bend region as a powerful Category 4 hurricane in late September, before cutting a destructive path through the South region.",Yahoo,https://finnhub.io/api/news?id=49f6d4ef59d0997add3ecf07d37fe823e8f94b591d18ea2f4cc5efd57f74a42f,-0.9648361357358722,0.0080993556820829,0.9729354914179552,0.0189651528999618,bearish,0.9729354914179552
2024-11-19 09:48:00,BA,Textron Secures a $276.8M Contract to Supply T-54A Training Aircraft,TXT secures a $276.8 million contract for the production and delivery of 26 T-54A trainer aircraft and other support equipment.,Yahoo,https://finnhub.io/api/news?id=3842dfc4f0558b8a11b4c0c5c67a645162e95c95c09d2f727e6e1e6790ccdb90,0.929609218901602,0.9438172789771246,0.0142080600755228,0.0419746609473525,bullish,0.9438172789771246
2024-11-19 09:22:59,BA,"US State Dept OKs potential sale of F-15 aircraft upgrade to South Korea, Pentagon says","U.S. State Department has approved the potential sale of F-15K aircraft upgrade and related equipment to South Korea for an estimated cost of $6.2 billion, the Pentagon said on Tuesday. ...",Finnhub,https://finnhub.io/api/news?id=acb3fda6da46d2f2d2f361a357694c0cd4a3a36019b2d1409d8603620924f690,0.6535055400934277,0.6785032178405792,0.0249976777471515,0.2964991044122692,bullish,0.6785032178405792
2024-11-19 08:16:00,BA,Beyond Boeing: Potential Opportunities In The Aerospace Sector,"It has been a challenging year for Boeing, as concerns about quality control and staffing have helped to pull its shares down almost 45% year to date. Click to read.",SeekingAlpha,https://finnhub.io/api/news?id=4bc87a3f8529e242513ee3d25b5e850fba6a76b6f081faa39a64f644915cd0a3,0.5384144407645997,0.5476083515793154,0.0091939108147157,0.4431977376059688,bullish,0.5476083515793154
2024-11-19 07:30:41,BA,"Boeing to lay off 2,200 Washington workers in coming months","Boeing workers across the U.S. are learning about a round of layoffs, with most workers impacted currently working in the state of Washington.",Yahoo,https://finnhub.io/api/news?id=62008207671dc25df40eccedc097c1a299049685f88dc79b5d1fa0af43187f7a,-0.9596917522882372,0.0076300031614301,0.9673217554496673,0.0250482413889025,bearish,0.9673217554496673
2024-11-19 07:30:41,BA,"Boeing to lay off roughly 2,200 Washington workers 5 days before Christmas","Boeing workers across the U.S. are learning about a round of layoffs, with most workers impacted currently working in the state of Washington.",Yahoo,https://finnhub.io/api/news?id=7b4daa8fa44ad08693f4eacd4f125a9340531e7cbbd63d1d2119e619f751410b,-0.9589366567296363,0.00735536917894,0.9662920259085764,0.0263526049124836,bearish,0.9662920259085764
2024-11-19 07:20:39,BA,Boeing’s (BA) Recovery in Doubt: Jim Cramer Shifts Stance on Stock Amid Ongoing Challenges,"We recently published a list of Jim Cramer’s Latest Mad Money Episode: Top 10 Stocks to Watch. In this article, we are going to take a look at where The Boeing Company (NYSE:BA) stands against other stocks on Jim Cramer’s top stocks to watch list. Jim Cramer in a latest program on CNBC made the […]",Yahoo,https://finnhub.io/api/news?id=3d5d98f1284b9ca880f1a59ab38420d0b0fdc0a510fedd354bedbd53cbc668a5,-0.8835061379851415,0.0316423892129133,0.915148527198055,0.0532090835890316,bearish,0.915148527198055
2024-11-19 06:00:53,BA,"TransDigm: 10% Annual Growth On EBITDA, 21% On Free Cash Flow Makes This A Buy","TransDigm Group delivers impressive growth and a solid M&A strategy. Read why TDG stock is a buy with a $1,450 price target and continued upside.",SeekingAlpha,https://finnhub.io/api/news?id=4210fb06a3dcfed94412c4a023aae5da64e4155dba0b395705feadec056c7b33,0.9252142103341026,0.9342208891908624,0.0090066788567599,0.0567724319523774,bullish,0.9342208891908624
2024-11-19 06:00:00,BA,Etihad Airways orders 3 additional A350 freighters from Airbus,"MIAMI BEACH, Fla. – Etihad Airways has decided to exercise an option for three Airbus A350 next-generation freighters, bringing its total order to 10 aircraft, said Stanislas Brun, vice president […] The post Etihad Airways orders 3 additional A350 freighters from Airbus appeared first on FreightWaves.",Yahoo,https://finnhub.io/api/news?id=c99a0bce236c977098eaaf7c7dbd9fb2480471b7205cbf738ebbcc8436a46661,0.7766979485750198,0.788930356502533,0.0122324079275131,0.1988372355699539,bullish,0.788930356502533
2024-11-19 04:50:28,BA,"Boeing strike, Helene depress payrolls in Washington state, Florida","Employment decreased in Washington State and Florida in October, suggesting that a strike by factory workers at Boeing and Hurricane Helene accounted for part of the abrupt slowdown in U.S. job growth...",Finnhub,https://finnhub.io/api/news?id=120b64f4ab25922956b4641b671d6b9f67e377e732bb82588d96de46c8589532,-0.951095828882306,0.0116055128173557,0.962701341699662,0.0256931454829822,bearish,0.962701341699662
2024-11-19 03:01:40,BA,Sean Duffy nominated as US transportation secretary by Trump,Copyright © BusinessAMBE 2023Key takeawaysSean Duffy will oversee various aspects of transportation policy if appointed.He will have to deal with challenges such as traffic fatalities and...,Finnhub,https://finnhub.io/api/news?id=feb4bdc2736e531110f9e401e18ac270f94b0747b4b9929d3befb4484be71992,-0.0457704656456341,0.0315283010672286,0.0772987667128627,0.8911729322199087,neutral,0.8911729322199087
2024-11-18 23:55:28,BA,Qualcomm: Is It Still A Good Buy With China Risks In 2025,"Qualcomm remains a strong semiconductor investment, replacing Intel with a conservative IT play due to its high free cash flow, and significant share buybacks. Read more here.",SeekingAlpha,https://finnhub.io/api/news?id=0079970a77a5f6cc5f85e858b3154955a67041f0a0f848d9ff04cddcf3f38688,0.8278104743319483,0.848738960937384,0.0209284866054357,0.1303325524571803,bullish,0.848738960937384
2024-11-18 22:54:00,BA,Fidelity Select Industrials Portfolio Q3 2024 Review,Fidelity Select Industrials Portfolio is a sector-based equity-focused strategy that seeks to outperform its benchmark through active management. Read more here.,SeekingAlpha,https://finnhub.io/api/news?id=4d1a0416ef167ed436f51c7e49b2f3280a77c346a4e1311eb070e5434f8eecd7,0.0034816076896186,0.0267862848870669,0.0233046771974483,0.9499090379154848,neutral,0.9499090379154848
2024-11-18 17:00:00,BA,America’s Shortage Of This Metal Keeps Trump Awake At Night,"The U.S. military is facing a major shortage of antimony, a little-known metal that is critical not just to U.S. national security, but its broader economy.",Yahoo,https://finnhub.io/api/news?id=0e72a765744d85265cd2c0b4af3468e054c75c828ddc7b9e69b3568265c31d39,-0.3420615002097972,0.0909148874610976,0.4329763876708948,0.4761087248680075,bearish,0.4761087248680075
2024-11-18 14:31:00,BA,Boeing Stock Fights to Hold $140. What Happens If It Breaks.,"The jet maker’s stock has been weak since the election, partly because investors are worried that U.S. tariffs on Chinese imports could lead to a backlash.",Yahoo,https://finnhub.io/api/news?id=a7098bc3d421f3e04b8dca55d56aca2ee7032f7c934f3b0d1ef8e65cc1b1b90b,-0.4208639038579438,0.0242503030961458,0.4451142069540897,0.5306354899497644,bearish,0.5306354899497644
2024-11-18 13:35:46,BA,"Boeing layoffs so far total nearly 2,200 workers in Washington state","Boeing said in a notice filed with Washington's Employment Security Department on Monday that it has so far laid off 2,199 workers in the state, among job cuts that will eventually total about 17,000 across the company.  The aerospace giant announced in October that it planned to cut about 10% of its workforce in the coming months as it struggles to recover from financial and regulatory troubles as well as a strike by its machinists that lasted nearly two months.  The planned cuts include workers at Boeing facilities across the country, from Washington to Missouri to Arizona to South Carolina, The Seattle Times reported.",Yahoo,https://finnhub.io/api/news?id=abe580982dfb95f7dbb75367f678ce075b4fbfd7b2c2cb3fcaeb16da50862005,-0.964818324802898,0.007133442826095,0.971951767628993,0.0209147895449119,bearish,0.971951767628993
2024-11-18 12:40:00,BA,Spirit AeroSystems to Sell Fiber Materials Unit for $165M -- Update,Spirit AeroSystems to Sell Fiber Materials Unit for $165M -- Update,MarketWatch,https://finnhub.io/api/news?id=55afcb26c4e5b40c5fabca1aece1f3e07f9957a86029e7853b20c7c45f88d2ae,0.1175414494139749,0.1255210839663155,0.0079796345523405,0.8664992814813439,bullish,0.8664992814813439
2024-11-18 11:55:00,BA,Spirit Airlines Bankruptcy And Boeing's Long-Term Picture: It's Complicated,"Dhierin Bechai delves into Spirit Airlines bankruptcy, Boeing's turnaround plans and why Lockheed Martin looks promising.",SeekingAlpha,https://finnhub.io/api/news?id=68d3618a7537276d01c369ccf06038108b6dd71b3a96c0faf4ed45abf19650c8,-0.3501442771415731,0.0499539304521227,0.4000982075936958,0.5499478619541813,bearish,0.5499478619541813
2024-11-18 11:31:05,BA,Boeing : Elects Tim Buckley to Board of Directors Form 8 K,"Boeing Elects Tim Buckley to Board of Directors •Buckley to join Finance and Governance & Public Policy committees ARLINGTON, Va., Nov. 15, 2024 -...",Finnhub,https://finnhub.io/api/news?id=08d65ba051825155427f32f9b3f2434247e8698f2f93727b71fa327d3f29d66f,0.000123780224897,0.0367422749499994,0.0366184947251023,0.926639230324898,neutral,0.926639230324898
2024-11-18 11:26:35,BA,"Boeing to lay off over 2,200 workers in US states of Washington and Oregon","(Reuters) -Boeing will lay off more than 2,200 workers in the U.S. states of Washington and Oregon, according to filings posted on Monday, as part of the debt-heavy U.S. planemaker's plan to cut 17,000 jobs, or 10% of its global workforce.  The aerospace giant started telling affected U.S. workers on Wednesday that they will stay on Boeing's payroll until Jan. 17, to comply with federal requirements to notify employees at least 60 days prior to ending their employment.  News that Boeing would send out the Worker Adjustment and Retraining Notification (WARN) in mid-November was widely expected.",Yahoo,https://finnhub.io/api/news?id=f9bffd16929c601b3b5e2e98f1ee1f2e647bd2696f30ad93d705d212e16d0b62,-0.9608384402547364,0.0077550420752399,0.9685934823299766,0.0236514755947834,bearish,0.9685934823299766
2024-11-18 11:26:35,BA,"Boeing to lay off over 2,500 workers in US as part of sweeping cuts","(Reuters) -Boeing will lay off more than 2,500 workers in the U.S. states of Washington, Oregon, South Carolina and Missouri, according to federally required filings posted on Monday and a union official, as part of the debt-heavy U.S. planemaker's plan to cut 17,000 jobs, or 10% of its global workforce.  Nearly 2,200 layoff notices went to workers in Washington and another 220 in South Carolina, the two states where Boeing builds commercial airliners.  Boeing declined to comment on the layoffs on Monday.",Yahoo,https://finnhub.io/api/news?id=756503f6ebe0a0137fd536b4be5c555b5632ccbd476288aaa5a43ef09ab90d98,-0.9586369179057876,0.0093890473447815,0.968025965250569,0.0225849874046493,bearish,0.968025965250569
2024-11-18 09:08:58,BA,Boeing's Turbulent Flight: Massive Layoffs and Global Challenges Threaten Recovery,"17,000 Jobs Cut, Strikes End, But Supply Chain Risks and Market Turmoil Loom Large for Boeing Investors",Yahoo,https://finnhub.io/api/news?id=e59443c42f29be94329f3e4179fefea81b3d552be9172e2a16aa80bc6fc3a1a6,-0.943064152239966,0.013518588844067,0.956582741084033,0.0298986700718999,bearish,0.956582741084033
2024-11-18 08:30:11,BA,Is It Worth Investing in Boeing (BA) Based on Wall Street's Bullish Views?,"The average brokerage recommendation (ABR) for Boeing (BA) is equivalent to a Buy. The overly optimistic recommendations of Wall Street analysts make the effectiveness of this highly sought-after metric questionable. So, is it worth buying the stock?",Yahoo,https://finnhub.io/api/news?id=ccbd1993eeccb97e7084d5c50103ec2afeb2be86f5e7608b92d798926c375950,0.1471296612944248,0.1573573359699398,0.0102276746755149,0.8324149893545452,bullish,0.8324149893545452
2024-11-18 07:23:00,BA,Lockheed Secures a $139M Deal to Support Stinger Missile Program,"LMT is a well-known producer of combat-proven missiles like Hellfire II, THAAD, JASSM and LRASM. It boasts more than 65 years of experience partnering with the U.S. Air Force on ICBM.",Yahoo,https://finnhub.io/api/news?id=531b660ac2437e620971da0f5dc0bf08eac5003569d247b3faa39aa3e7392a16,0.9152823353721468,0.927813510129744,0.0125311747575971,0.059655315112659,bullish,0.927813510129744
2024-11-18 06:26:35,BA,"Boeing to lay off nearly 2,200 workers in Washington State, WARN notice shows","Boeing is laying off nearly 2,200 workers in Washington State, a Worker Adjustment and Retraining Notification showed on Monday. The layoffs are a part of a 10% job cut that the...",Finnhub,https://finnhub.io/api/news?id=1f8d9de1420f78212159f231dcf540397f5ab6184dc0eecc12a01bee64b8ac06,-0.9548867104112684,0.0076830995408884,0.9625698099521568,0.0297470905069547,bearish,0.9625698099521568
2024-11-18 03:51:12,BA,Boeing Elects Tim Buckley to Board of Directors; Buckley to join Finance and Governance & Public Policy committees,"ARLINGTON, Va., - The Boeing Company [NYSE: BA] Board of Directors today announced that it has elected Tim Buckley as its newest member, effective January 1, 2025. Buckley will serve on the Finance...",Finnhub,https://finnhub.io/api/news?id=ec834b971c860e4862f14a50b1a23b66d9aabaa2fa9f6174ae5bc67993a62f6a,0.0321840754399787,0.0487699907539966,0.0165859153140178,0.9346440939319856,neutral,0.9346440939319856
2024-11-18 03:14:27,BA,Spotting Winners: Axon (NASDAQ:AXON) And Aerospace and Defense Stocks In Q3,"Looking back on aerospace and defense stocks’ Q3 earnings, we examine this quarter’s best and worst performers, including Axon (NASDAQ:AXON) and its peers.",Yahoo,https://finnhub.io/api/news?id=23bc21e5749f999bc691a6229a09bb069f04da3029d0113f7e63def0fc7822c0,0.5165201284315425,0.5379491398301987,0.0214290113986561,0.4406218487711451,bullish,0.5379491398301987
2024-11-18 01:30:00,BA,"Boeing: Deliveries Sink, The Turnaround Starts Right Here","Boeing faces challenges in 2023, but secures $5 billion in orders. Learn more about BA stock and why it is a Buy for the long term.",SeekingAlpha,https://finnhub.io/api/news?id=e5551cd402d9f971f505bd2ebccaa2075283045ef9959862512c249ecc1909c9,0.0288662105760286,0.0557424977604346,0.026876287184406,0.9173812150551592,neutral,0.9173812150551592
2024-11-18 00:57:59,BA,Wall Street Breakfast Podcast: Spirit Airlines Lands In Chapter 11,Spirit Airlines begins bankruptcy proceedings amid financial woes. Caremax files for chapter 11 bankruptcy protection: reports. Boeing sends layoff notices to members of aerospace union.,SeekingAlpha,https://finnhub.io/api/news?id=05c58eb4fb54afe2ec821444ab3a12b167ac497f1ce9473da07de38723ffcd3d,0.048040918647938,0.0745101267508407,0.0264692081029027,0.8990206651462564,neutral,0.8990206651462564
2024-11-18 00:52:41,BA,Boeing Elects Tim Buckley to Board of Directors,"ARLINGTON - The Boeing Company [NYSE: BA] Board of Directors today announced that it has elected Tim Buckley as its newest member, effective January 1, 2025.Buckley will serve on the Finance and...",Finnhub,https://finnhub.io/api/news?id=f0f0bd32361811446c63356b1d2b1ea4a83936117174eb63a108373e271ad4fe,0.0202624673230128,0.05381160261185,0.0335491352888371,0.9126392620993128,neutral,0.9126392620993128
2024-11-18 00:43:14,BA,Boeing: Tim Buckley to join the Board of Directors,"Boeing has announced the election of Tim Buckley to its Board of Directors, effective January 1, 2025. Former president and CEO of The Vanguard Group, Tim Buckley oversaw an 80% growth in assets under...",Finnhub,https://finnhub.io/api/news?id=666dc31ff16111f7f3bfb756bf812e029b20c68f93aafbcde1c348d872209ce5,0.0068947690571409,0.0345033477218385,0.0276085786646976,0.9378880736134638,neutral,0.9378880736134638
2024-11-17 20:29:07,BA,GKN Aerospace owner Melrose's revenue rises 7% on aftermarket service demand,"-Melrose Industries, the owner of aerospace parts maker GKN Aerospace, reported a 7% rise in revenue for the four-month period ended Oct. 31, helped by strength in its aftermarket business. ...",Finnhub,https://finnhub.io/api/news?id=aa76ee2bbddadc90eafd10b8090f3376662435313e370704b5efc9a841524c38,0.9327754703421812,0.9528576543847584,0.0200821840425771,0.0270601615726644,bullish,0.9528576543847584
2024-11-16 16:21:31,BA,Boeing issues layoff notices to 400-plus workers as it begins drastic cuts,"Boeing has delivered layoff notices to more than 400 members of its professional aerospace labor union, part of thousands of cuts planned as the company struggles to recover from financial and regulatory trouble as well as an eight-week strike by its machinists' union.  The pink slips went out last week to members of the Society of Professional Engineering Employees in Aerospace, or SPEEA, The Seattle Times reported.  Boeing announced in October that it planned to cut 10% of its workforce, about 17,000 jobs, in the coming months.",Yahoo,https://finnhub.io/api/news?id=5d3ca0ca30ffad10463f93193769f9cb8a1fb318cc17bee1b8967d75dca09bfa,-0.9618508852103712,0.0080811245781014,0.9699320097884728,0.0219868656334258,bearish,0.9699320097884728
2024-11-16 09:03:00,BA,Why do workers still yearn for a traditional pension over a 401(k)?,A closer look at the Boeing negotiations,Yahoo,https://finnhub.io/api/news?id=77e5fb66954aafaccd815f343a80e269d8a8d674167630a32f1b9c91189bd000,-0.3170259945648537,0.0340089083833823,0.351034902948236,0.6149561886683816,bearish,0.6149561886683816
2024-11-15 13:00:39,BA,Anduril CEO sees opportunity for defense tech startups under Trump,"President-elect Donald Trump confronts a number of geopolitical challenges when he returns to the White House, including managing the US-China relationship, a potential escalation in the Middle East, and the ongoing Russia-Ukraine war.",Yahoo,https://finnhub.io/api/news?id=eb80918b4ff7d6bdd18180e2c2a19bc0fe26f1b0071a685e8197b49343bc5137,0.8630985601340788,0.8712430937143135,0.0081445335802346,0.1206123727054518,bullish,0.8712430937143135
2024-11-15 11:58:43,BA,"Industrial Production Falls for Second Straight Month Due to Boeing Strike, Hurricanes","Industrial Production Falls for Second Straight Month Due to Boeing Strike, Hurricanes",Yahoo,https://finnhub.io/api/news?id=28764ae79bcc1895b1f68fdb6fae4ec90110b6e833d1c991ba5b3530a03dfa6d,-0.9586867201408292,0.0106316959547132,0.9693184160955424,0.0200498879497443,bearish,0.9693184160955424
2024-11-15 11:26:01,BA,Boeing names ex-Vanguard CEO Buckley as board member,"Buckley, 55, will be Boeing's tenth director since 2019, the company said, adding that he will serve on the board's Finance and Governance & Public Policy committees.  Prior to becoming Vanguard's CEO, Buckley held multiple roles during his over three-decade career at the top U.S. asset manager, including chief investment officer and chief information officer.  He will become the 12th member of Boeing's board, the company said.",Yahoo,https://finnhub.io/api/news?id=e2c00a2abad4127797c951dfbf7c15b0b0e26adb2e517ce7438141f8fd9ea38f,-0.0417706824344392,0.0221072932116512,0.0638779756460904,0.9140147311422584,neutral,0.9140147311422584
2024-11-15 10:51:51,BA,Boeing: Do Not Confuse 'Turnaround' With 'Shareholder Returns',"Boeingâs turnaround faces monumental challenges, despite new leadership. Read why BA stockâs risks and high valuation could affect future shareholder returns.",SeekingAlpha,https://finnhub.io/api/news?id=a6f4bc12fe14ebc1bb99a586b1ec29e52f8d123a9ed4950e9e987bd5fa78eaa6,0.0327075063642998,0.058245363817145,0.0255378574528451,0.9162167787300096,neutral,0.9162167787300096
2024-11-15 09:57:00,BA,Treasury yields finish mixed as spike in rates sparks buying demand,Treasury yields finish mixed as spike in rates sparks buying demand,MarketWatch,https://finnhub.io/api/news?id=f5ceb69560eebae534ad185ed00bd5fdc1ace9a0ea343b191507c886cc74045e,-0.8125701525763903,0.0719289830574791,0.8844991356338694,0.0435718813086515,bearish,0.8844991356338694
2024-11-15 09:28:00,BA,"US industrial production sags in October amid continued drag from Boeing strike, hurricanes","U.S. industrial production fell for a second straight month in October, continuing to be depressed by hurricanes and a strike by factory workers at Boeing, but a rebound is likely in November as the drag from these factors lifts.  Industrial output dropped 0.3% last month after a downwardly revised 0.5% decline in September, the Federal Reserve said on Friday.  Economists polled by Reuters had forecast industrial production falling 0.3% after a previously reported 0.3% decrease in September.",Yahoo,https://finnhub.io/api/news?id=da689ce32912f433a0ae06b70a2c5defe3775bf5e88c2ac7f10d5091956ff38e,-0.9595811154531498,0.0133473596342304,0.9729284750873805,0.0137241652783891,bearish,0.9729284750873805
2024-11-15 08:48:18,BA,"US Industrial Production Falls on Strike, Hurricane Disruptions","(Bloomberg) -- US industrial production declined in October as the impacts from a Boeing Co. machinists’ strike and a pair of hurricanes reverberated through manufacturing for a second month.Most Read from BloombergUnder Trump, Prepare for New US Transportation PrioritiesNYC Congestion Pricing Plan With $9 Toll to Start in JanuaryZimbabwe City of 700,000 at Risk of Running Dry by Year-EndIn Cleveland, a Forgotten Streetcar Bridge Gets a Long-Awaited LiftSaudi Neom Gets $3 Billion Loan Guarantee",Yahoo,https://finnhub.io/api/news?id=0e4b57ddf7da823d43f6ffbc27c260af49d9a15eac8d2686ad89a0dbeb177e68,-0.957818153279747,0.0079265856842642,0.9657447389640113,0.0263286753517246,bearish,0.9657447389640113
2024-11-15 07:42:17,BA,Q4 2024 ESCO Technologies Inc Earnings Call,Q4 2024 ESCO Technologies Inc Earnings Call,Yahoo,https://finnhub.io/api/news?id=b57694985ba5adb67750a9f03564d87ba33da49395b27eaf461be6b5b022ecef,-0.1166382743681377,0.0512686419570409,0.1679069163251786,0.7808244417177804,bearish,0.7808244417177804
2024-11-15 04:16:00,BA,"U.S. industrial output battered for second month by Boeing strike, hurricanes","U.S. industrial output battered for second month by Boeing strike, hurricanes",MarketWatch,https://finnhub.io/api/news?id=179e4abbe1aa2844d1f1d8d042d0ffe23df7dd2f4b88a61bc1ba3ef61e19bd7d,-0.9444498334903406,0.0145565762361709,0.9590064097265116,0.0264370140373173,bearish,0.9590064097265116
2024-11-15 04:00:00,BA,"Boeing layoffs, Spirit bankruptcy, and the most delayed flights: Airlines news roundup",It turns out that Boeing’s huge layoff plans were not just a strike threat. Spirit Airlines can’t put out an earnings report that might show investors how close it is to bankruptcy. Rich people take private flights like the rest of us take taxis. Plus: The most chronically delayed airline routes in America.,Yahoo,https://finnhub.io/api/news?id=f07652e23460b1bf4af85419f80aeb43c36b3252ce083f18180db4ef63357905,-0.5339094077761996,0.0186145834108659,0.5525239911870655,0.4288614254020685,bearish,0.5525239911870655
2024-11-15 03:59:08,BA,"Spirit AeroSystems endures $477M loss in Q3, raises red flag",Losses have soared to $1.5 billion this year as the company weathers Boeing’s commercial airplane facilities’ strike.,Yahoo,https://finnhub.io/api/news?id=3e14aeb389c845b5becb2d48faeed5cbd4d15d4df9c0b90fc4b01a37d18fdfa2,-0.9464657793490572,0.0130835644900253,0.9595493438390826,0.027367091670892,bearish,0.9595493438390826
2024-11-15 03:57:38,BA,"How To Invest $100,000 In Large Cap Stocks: A Tax-Efficient Advisor-Less Strategy","This DIY market index strategy blends large-cap stocks and ETFs, plus tax loss harvesting. Read how you can save on fees and manage your own portfolio.",SeekingAlpha,https://finnhub.io/api/news?id=8341c76eb768a3c3450127c2b3d77bebe3f33ada16d4b0b092714778146d3d1d,0.1299333635527642,0.1396321364099093,0.009698772857145,0.8506690907329456,bullish,0.8506690907329456
2024-11-15 03:33:43,BA,Q3 Earnings Outperformers: Boeing (NYSE:BA) And The Rest Of The Aerospace Stocks,"As the Q3 earnings season wraps, let’s dig into this quarter’s best and worst performers in the aerospace industry, including Boeing (NYSE:BA) and its peers.",Yahoo,https://finnhub.io/api/news?id=e5925156dcbdc10c3af256a4dcbfe372e68ffa8c298fba10b92e6898e0ed31d2,-0.8834603012897186,0.0450328754273383,0.928493176717057,0.0264739478556047,bearish,0.928493176717057
2024-11-15 01:20:46,BA,ESCO Technologies Inc (ESE) Q4 2024 Earnings Call Highlights: Record Backlog and Strong Sales ...,"Despite a decline in orders, ESCO Technologies Inc (ESE) reports robust sales growth and improved margins, setting a positive outlook for 2025.",Yahoo,https://finnhub.io/api/news?id=627dc836f503c6a80ec461cb4836fd2acbfa51ea173b70aa4632991ed55147e8,0.8795004740171312,0.9296583283565316,0.0501578543394004,0.0201838173040679,bullish,0.9296583283565316
2024-11-15 01:12:17,BA,Montana Aerospace AG (XSWX:AERO) Q3 2024 Earnings Call Highlights: Strong Sales Growth Amid ...,"Montana Aerospace AG (XSWX:AERO) reports robust sales and EBITDA growth, while navigating production issues and market uncertainties.",Yahoo,https://finnhub.io/api/news?id=094aa0991079d281f08c89f46da626da2766bd6e57c1cf0cf3a7b5392c35ae14,0.9380059410890548,0.9552498753382864,0.0172439342492318,0.0275061904124818,bullish,0.9552498753382864
2024-11-14 23:01:00,BA,SpaceX Caught a Rocket With ‘Chopsticks.’ What Will It Try Next?,The next test flight for SpaceX’s massive Starship rocket is scheduled for Nov. 18. WSJ’s Micah Maidenberg explains the significance of Starship’s progress and previews what to expect in its next mission.,Yahoo,https://finnhub.io/api/news?id=56f3142b5831d85c7a62d440335fa26e1b0a716c7ad309a23842d0f454edfb94,0.0077122056851933,0.0334247864139783,0.025712580728785,0.9408626328572366,neutral,0.9408626328572366
2024-11-14 13:33:10,BA,Weekly Jobless Claims Decline to Lowest Level Since May,Weekly Jobless Claims Decline to Lowest Level Since May,Yahoo,https://finnhub.io/api/news?id=5b31e5279152702b7acff533925aa75cf6784a6409fc6ae56b502a8931a3851e,-0.9640579312197556,0.0079605110601135,0.9720184422798692,0.0200210466600172,bearish,0.9720184422798692
2024-11-14 12:39:00,BA,Boeing Stock Sale Was Supposed to Mark the Bottom. How Low Shares Could Go.,"Boeing  is starting to show progress in its turnaround plans.  Shares of the plane maker closed at $139.10 on Wednesday, the first time shares have closed below $140 since October 2022 and below the $143 level that Boeing recently sold stock.  New CEO Kelly Ortberg has a list of things he wants to accomplish to turn around the struggling company.",Yahoo,https://finnhub.io/api/news?id=de369e19f95cfa8d6487ea6b6df5cfeeffe82c61a5369e6b3a09fe4ad491ef2f,-0.5650209402121524,0.0236219370693594,0.5886428772815119,0.3877351856491287,bearish,0.5886428772815119
2024-11-14 12:06:02,BA,Boeing hires Northrop executive to take over Pentagon projects,"Miller's hiring as general manager of Phantom Works at Boeing Defense, Space and Security (BDS) had been in the works before the arrival of new Boeing CEO Kelly Ortberg.  Boeing's defense business has been struggling under the weight of budget-busting older contracts, but Ortberg said in October that the unit which makes helicopters, fighter jets and missiles remains ""core"" to the company's future.",Yahoo,https://finnhub.io/api/news?id=a4ff7372b8b06623fa75eebf150a6a67b8783b58f5428d788c620cef5f3cc0fa,0.0287696214647798,0.0512075495838697,0.0224379281190898,0.9263545222970404,neutral,0.9263545222970404
2024-11-14 11:13:00,BA,"Boeing was a buy for Soros fund, but Tepper’s Appaloosa just dumped it","Boeing was a buy for Soros fund, but Tepper’s Appaloosa just dumped it",MarketWatch,https://finnhub.io/api/news?id=199496361144d3b41d9e2cf105772600658c4a50c9f625533242f0a562a2d238,0.0163702104916756,0.0558368217975493,0.0394666113058736,0.9046965668965772,neutral,0.9046965668965772
2024-11-14 10:57:00,BA,Boeing Hires Northrop Executive to Revamp Pentagon Projects,"Boeing  has poached an executive from defense rival  Northrop Grumman  to run its Phantom Works division, which oversees research efforts for its Pentagon business and is involved in bidding for U.S. government projects.  Colin Miler, a former Air Force commander who oversaw aeronautics engineering at Northrop, will take over the division, the jet maker told employees on Thursday.  The Phantom Works division is also being combined into a single division.",Yahoo,https://finnhub.io/api/news?id=6496ffea57543f38c08f84d44ab7f17eccc0560679a3f793d64940efe27c016e,0.1049605392289201,0.1542871754935918,0.0493266362646716,0.7963861882417365,bullish,0.7963861882417365
2024-11-14 10:15:00,BA,Boeing Stock Sale Was Supposed to Mark the Bottom. Shares Just Keep Dropping.,Boeing Stock Sale Was Supposed to Mark the Bottom. Shares Just Keep Dropping.,MarketWatch,https://finnhub.io/api/news?id=28eccd98a82e58956f35bc1d1bbd1d44e2f9d9cacc383631a95035aa49d38966,-0.9385668809427496,0.0083810966437221,0.9469479775864718,0.044670925769806,bearish,0.9469479775864718
2024-11-14 09:05:00,BA,Fidelity Large Cap Stock Fund Q3 2024 Review,"For the quarter, the fund gained 5.38%, lagging the 5.89% advance of the benchmark S&P 500 index. Click to read.",SeekingAlpha,https://finnhub.io/api/news?id=09881d64c26603deb9e14e75ffa85065df6a68f3570e08f689aeb6c4a397cf69,0.0161956943767965,0.0337471150582889,0.0175514206814923,0.9487014642602188,neutral,0.9487014642602188
2024-11-14 08:34:00,BA,Bell-Boeing Secures Contract to Aid CMV-22 Osprey Aircraft Program,"Bell-Boeing, a joint venture between BA and Bell Helicopter, an unit of TXT, secures a contract involving the CMV-22 Osprey aircraft.",Yahoo,https://finnhub.io/api/news?id=f8a5b2acb57b9af9992434421b9003571552e82de599e5388b13a0e8f148bdc2,0.9193743526819042,0.9401243504159964,0.0207499977340921,0.0391256518499115,bullish,0.9401243504159964
2024-11-14 07:38:47,BA,US weekly jobless claims fall; unemployment rolls shrink,"The number of Americans filing new applications for unemployment benefits fell last week, suggesting the labor market continued to chug along and that the abrupt slowdown in job growth in October was an aberration.  Initial claims for state unemployment benefits dropped 4,000 to a seasonally adjusted 217,000 for the week ended Nov. 9, the Labor Department said on Thursday.  Claims surged in early October amid distortions from  Hurricanes Helene and Milton as a well as a strike by factory workers at Boeing, but layoffs have remained historically low, which is underpinning the economy.",Yahoo,https://finnhub.io/api/news?id=21c04896230a5eaa258852f8bda5ac0ceba9efd7f7c2866a6750ddfe19e8f86d,-0.952923566409885,0.0127340787191516,0.9656576451290366,0.0216082761518117,bearish,0.9656576451290366
2024-11-14 03:20:00,BA,Fidelity Dividend Growth Fund Q3 2024 Review,Fidelity Dividend Growth Fund is a diversified domestic equity strategy with a large-cap core orientation.,SeekingAlpha,https://finnhub.io/api/news?id=6d104adb708b77d4465e94cdbdce3f39aae662aeaac37e429898a12d2f30d4d9,0.0346184282385575,0.0487933846240446,0.0141749563854871,0.9370316589904684,neutral,0.9370316589904684
2024-11-14 03:14:00,BA,Boeing's Big News Is Bigger News for These 3 Companies,"The company's equity raise will de-risk its operations, and that's great for its suppliers.",Yahoo,https://finnhub.io/api/news?id=a708974e645d0831c664c97859b07df787bd29ea421d7423b8879d743ad6a3a7,0.2445337384954162,0.2676869973711352,0.0231532588757189,0.7091597437531458,bullish,0.7091597437531458
2024-11-13 13:04:02,BA,Market Chatter: Southwest Airlines CEO 'Wouldn't Be Surprised' If Boeing Fails to Meet Deliveries in 2025,Market Chatter: Southwest Airlines CEO 'Wouldn't Be Surprised' If Boeing Fails to Meet Deliveries in 2025,Yahoo,https://finnhub.io/api/news?id=6f14f8e044a8c28d29d3e42aa1301510458ac1596fc8643c9e282e6cec8d6bd4,-0.9152800630687932,0.0127221320213009,0.9280021950900944,0.0592756728886047,bearish,0.9280021950900944
2024-11-13 12:48:47,BA,Update: Boeing Starts Sending Layoff Notices,Update: Boeing Starts Sending Layoff Notices,Yahoo,https://finnhub.io/api/news?id=372d481c85ce44ece97d7ff69529f5c501ab675caf9daec8673f116bc02a3185,-0.950997154529278,0.0087145518182843,0.9597117063475624,0.0315737418341533,bearish,0.9597117063475624
2024-11-13 10:43:00,BA,Boeing Co. stock underperforms Wednesday when compared to competitors,Boeing Co. stock underperforms Wednesday when compared to competitors,MarketWatch,https://finnhub.io/api/news?id=f9494377e33ca73cbbb8b7ab397741e5c23080a4f759ee0128458e4c3d2bdd77,-0.811138804609626,0.0862635103361302,0.8974023149457562,0.0163341747181135,bearish,0.8974023149457562
2024-11-13 10:25:11,BA,Boeing starts issuing layoff notices as planemaker trims 10% of workforce,"WASHINGTON (Reuters) -Boeing said on Wednesday it is issuing layoff notices starting this week to workers impacted by a broader plan by the heavily indebted planemaker to cut 17,000 jobs, or 10% of its global workforce.  U.S. staff receiving the notices this week will stay on Boeing's payroll until January to comply with federal requirements that give workers 60 days' notice prior to ending their employment.  News that Boeing would send out the Worker Adjustment and Retraining Notification (WARN) in mid-November was widely expected.",Yahoo,https://finnhub.io/api/news?id=02f164877499855c257cd2c0f73fd100418b0b6d4d958ea9c8cb7c388fd3cd3c,-0.9597228516591818,0.0092069917970577,0.9689298434562396,0.0218631647467026,bearish,0.9689298434562396
2024-11-13 08:10:44,BA,Aviation giants bail out major Northern Ireland employer in $450m rescue,"Boeing and Airbus will provide $450m (£353m) in emergency funding to troubled supplier Spirit AeroSystems, which employs 3,600 people in Belfast.",Yahoo,https://finnhub.io/api/news?id=5e55e177abaa32631345188ab9dd5b24c3926b10dd0367b650dfe9ed4e6a5e51,0.5155030936002731,0.6456653475761414,0.1301622539758682,0.2241723984479904,bullish,0.6456653475761414
2024-11-13 08:00:17,BA,Here is What to Know Beyond Why The Boeing Company (BA) is a Trending Stock,"Boeing (BA) has received quite a bit of attention from Zacks.com users lately. Therefore, it is wise to be aware of the facts that can impact the stock's prospects.",Yahoo,https://finnhub.io/api/news?id=194aa6d9b79b35e962f16a67f86e754f510facc66550ab1acf8176ead8c74ad8,0.013185874413602,0.0455579859350911,0.0323721115214891,0.9220699025434198,neutral,0.9220699025434198
2024-11-13 05:25:11,BA,Boeing starts issuing layoff notices starting this week,"Boeing said on Wednesday it is issuing layoff notices starting this week to workers impacted by a broader plan by the heavily indebted planemaker to cut 17,000 jobs, or 10% of its global workforce. ...",Finnhub,https://finnhub.io/api/news?id=f4c24ceeb2beb189de74e19731233a7ed246265f55e7a9a2e91388ba346e1de2,-0.9425878173638949,0.0087515112477723,0.9513393286116671,0.0399091601405605,bearish,0.9513393286116671
2024-11-13 04:04:15,BA,Boeing delivers two new O3b satellites to SES,"Boeing announced on Wednesday the delivery of the seventh and eighth new-generation O3b mPower satellites for SES, with the aim of launching them in December from Cape Canaveral.The satellites - to be...",Finnhub,https://finnhub.io/api/news?id=f4700aa658a05cf869a64ea2a5e63489e1561e69d83c4ce3ca368fff66eafd01,0.7131905576808482,0.7213325634846941,0.0081420058038459,0.2705254307114599,bullish,0.7213325634846941
2024-11-13 03:38:10,BA,Boeing : Delivers Advanced O3b mPOWER Satellites to Operator SES,"EL SEGUNDO, Calif., Nov. 13, 2024 - Boeing [NYSE: BA] teams have successfully delivered the 7th and 8th O3b mPOWER satellites to SES. These satellites, featuring Boeing's advanced software-defined...",Finnhub,https://finnhub.io/api/news?id=fa63d8744e668e0d28591f6519da3f8328a40bbb8510b82524961e6475d963bd,0.2264261452374894,0.2329829168842515,0.0065567716467621,0.7604603114689863,bullish,0.7604603114689863
2024-11-13 01:08:31,BA,Triumph Group Inc (TGI) Q2 2025 Earnings Call Highlights: Strong Aftermarket Growth and ...,Triumph Group Inc (TGI) reports significant aftermarket revenue growth and raises fiscal 2025 guidance amid strategic advancements and operational excellence.,Yahoo,https://finnhub.io/api/news?id=1c62cda975a08faa3277d1b0edce405424d00487b8d812dc2f12526010027b97,0.9412540577585632,0.9575476824780494,0.0162936247194861,0.0261586928024644,bullish,0.9575476824780494
2024-11-13 01:03:55,BA,Q2 2025 Triumph Group Inc Earnings Call,Q2 2025 Triumph Group Inc Earnings Call,Yahoo,https://finnhub.io/api/news?id=996076ea1d260c005d9ef0c9d04507927108528f67f226167696f26bb5017866,-0.1640414644492109,0.0393659335185865,0.2034073979677974,0.757226668513616,bearish,0.757226668513616
2024-11-12 23:54:37,BA,Vietnam Airlines to request bids for 50 narrowbody jets next year,"BANDAR SERI BEGAWAN (Reuters) -Vietnam Airlines will issue requests for proposals to aircraft manufacturers next year to purchase 50 narrowbody jets, its CEO said on Wednesday.  The carrier last year signed a provisional deal with Boeing for 50 737 MAX planes that has yet to be finalised.  ""In Vietnam we have to go through the bidding process, we have to open to others... The door is still open for everyone,"" Vietnam Airlines CEO Le Hong Ha told Reuters on the sidelines of an Association of Asia-Pacific Airlines event in Brunei.",Yahoo,https://finnhub.io/api/news?id=cd797ad3dcef7d5bdfe484868e5b4be0d702d7978d2a969690fa12a13015c163,0.7926633017853698,0.8035611023833308,0.010897800597961,0.1855410970187082,bullish,0.8035611023833308
2024-11-12 13:46:17,BA,Boeing October Deliveries Decline to 14 Amid Labor Strike Impact,Boeing October Deliveries Decline to 14 Amid Labor Strike Impact,Yahoo,https://finnhub.io/api/news?id=aec9238bc1e835a81bfbfe3653d11062f3b8239d1f51540bc10fd0063c2f5a82,-0.9652530330818088,0.0086544951531051,0.973907528234914,0.0174379766119807,bearish,0.973907528234914
2024-11-12 12:31:00,BA,Boeing delivered its fewest planes in years. Recovering from the strike will take weeks,"A week after Boeing machinists ended an almost two-month strike, the aerospace manufacturer said Tuesday that October saw it deliver the smallest number of planes in years.",Yahoo,https://finnhub.io/api/news?id=b3f27d625699b6751cb56a98c7a00c8c493f2320288ed3c1291dfdd56dc1c4f3,-0.9341384294400864,0.014214223559882,0.9483526529999684,0.0374331234401494,bearish,0.9483526529999684
2024-11-12 12:29:00,BA,Boeing Stock Is Down Again. Here Are the Reasons Investors Should Pay Attention To.,"Boeing  stock slid again Tuesday, but not all the reasons for the drop are good ones.  There are a few potential factors causing investors to feel increasingly nervous after getting—ostensibly—good news with the ending of the company’s contentious labor strike.  But what investors really should be focusing on are two other issues: U.S.-China tensions and Boeing’s stock chart.",Yahoo,https://finnhub.io/api/news?id=bb67f85d23dfd0a98ce1e9d549ca9a78649e7e2d8be62a96436b11cfa9892b25,-0.5737568824016873,0.0210081284177012,0.5947650108193886,0.3842268607629101,bearish,0.5947650108193886
2024-11-12 12:22:00,BA,Boeing layoffs weren't just a strike threat,Update: Boeing delivered its fewest planes in years — and recovering from the strike will take weeks,Yahoo,https://finnhub.io/api/news?id=fba1ac3d567ae67450021e0ffcd7191cccdf4f40de47941c9cbeb10ca5b1f801,-0.8785683341057661,0.014612350885055,0.8931806849908211,0.0922069641241238,bearish,0.8931806849908211
2024-11-12 12:15:37,BA,Boeing stock slides as company posts sharp decline in October deliveries due to strike,Boeing delivered just 14 planes in October as a worker strike by its biggest union hampered the aerospace giant's production.,Yahoo,https://finnhub.io/api/news?id=24e8921eb3c36cd0a624a039ee36ae0b8682ca7da28ee036b73d0cec77067ff4,-0.9592933799247448,0.0112781488665731,0.970571528791318,0.0181503223421088,bearish,0.970571528791318
2024-11-12 12:15:00,BA,FTSE 100 drops to three-month low amid global sell-off,London’s main stock index slid to its lowest closing price for three months this afternoon amid a global sell-off.,Yahoo,https://finnhub.io/api/news?id=7216fee59c1eeb5b6d27b51cda1b6ba81d5aa33ee6d11bfcbd97057580f481d8,-0.9514929601061094,0.0115199189907258,0.9630128790968352,0.0254672019124389,bearish,0.9630128790968352
2024-11-12 12:13:59,BA,Boeing October deliveries hit low after strike,"Boeing’s (BA) October performance has taken a downturn, with just 14 aircraft delivered — its lowest monthly total since November 2020. The drop comes after a seven-week strike by over 32,000 machinists, which disrupted operations and production. Yahoo Finance’s Seana Smith, Jared Blikre, and Brad Smith break down what this means for Boeing’s long-term deliveries and the impact the delays are having on airline companies like Southwest (LUV) and United Airlines (UAL) that are facing the challenges of postponed aircraft arrivals. For more expert insight and the latest market action, click here. This post was written by Cindy Mizaku.",Yahoo,https://finnhub.io/api/news?id=98273594b30a99467328c54106e82fb07ed993e9dedca85b6f1526971cb9dbb8,-0.7657570379312336,0.1030253790660105,0.8687824169972441,0.0281922039367454,bearish,0.8687824169972441
2024-11-12 12:07:25,BA,Boeing is giving its troubled supplier Spirit AeroSystems an awkward $350 million bailout,"Fuselage manufacturer Spirit AeroSystems (SPR) sounded the alarm last week that it might not be able to stay in business much longer. On Tuesday, it announced that former and future owner Boeing (BA) would be coming through with a $350 million bailout.",Yahoo,https://finnhub.io/api/news?id=3d68393ddd4054423829403cb066750ca340d5184f3baf9743e11a3f13f69eac,0.7281695286048169,0.7613471803169487,0.0331776517121318,0.2054751679709193,bullish,0.7613471803169487
2024-11-12 12:00:00,BA,Boeing: Air Cargo Traffic to Double by 2043 as Emerging Markets Drive Growth,"With a strong air cargo market exceeding pre-pandemic levels, Boeing [NYSE: BA] forecasts continued long-term growth, saying air cargo traffic will increase by an average of 4% per year through 2043. These projections appear in Boeing's 2024 World Air Cargo Forecast (WACF), the biennial overview and long-term outlook for the air cargo industry.",Yahoo,https://finnhub.io/api/news?id=87c931939215e5501ca5f3fcfee6ba4a935cb884beab773707ff99ed0f597aea,0.9338981417607676,0.948156241575402,0.0142580998146345,0.0375856586099635,bullish,0.948156241575402
2024-11-12 11:54:17,BA,"Airbus: No Boeing-Like Crisis, But Airplane Delivery Target Is Slipping","Airbus SE's delivery target faces risk, but strong demand and a large backlog ensure stability. See why EADSY stock continues to be a solid buy.",SeekingAlpha,https://finnhub.io/api/news?id=f96eef2cdd95166b5ea5ea53c7dd4121728cdc93db5f1455884dabb7c4d95489,0.0001998506583201,0.0549061064190394,0.0547062557607193,0.8903876378202412,neutral,0.8903876378202412
2024-11-12 10:37:00,BA,"These Stocks Moved the Most Today: Tesla, Home Depot, Trump Media, Shopify, Honeywell, Boeing, Tyson Foods, and More","These Stocks Moved the Most Today: Tesla, Home Depot, Trump Media, Shopify, Honeywell, Boeing, Tyson Foods, and More",MarketWatch,https://finnhub.io/api/news?id=dc8f47020ce0bfd59d0c93a73f7fa180da49f552c44cdd3bbc5cb1069ee942db,0.1443706750080382,0.1819708550438584,0.0376001800358201,0.7804289649203214,bullish,0.7804289649203214
2024-11-12 10:04:48,BA,Boeing strike sinks October deliveries to 14 jets,"Boeing said on Tuesday it delivered 14 commercial jets in October, less than half of the 34 jets it handed over to customers during the same month in 2023, after a weeks-long strike halted most of its aircraft production.  Boeing is facing heightened oversight by the U.S. Federal Aviation Administration (FAA) as it resumes output of its strongest-selling 737 MAX jets, along with 767, 777 and 777x models, after their production was halted during the strike which started on Sept. 12.  Boeing 787 production in South Carolina was not affected by the strike.",Yahoo,https://finnhub.io/api/news?id=e6e70c14040fe8b062d281aad6e72fe497386b1ee433f19d52cb38768eacd018,-0.7553195060884805,0.1044373468887015,0.8597568529771821,0.0358058001341164,bearish,0.8597568529771821
2024-11-12 10:00:38,BA,"Boeing got the easy part done. Now comes the tougher, existential problems","Boeing’s most immediate problem – an eight-week strike by 33,000 workers – is over. But its more serious problems – ongoing massive losses, quality and safety problems – are as bad as ever, and could even get worse.",Yahoo,https://finnhub.io/api/news?id=01ad5a2d12f30e0e09228ed85bd1b895c22d189dbb900f071f0b117a41ed6207,-0.0871484794680142,0.0492329668310808,0.1363814462990951,0.814385586869824,bearish,0.814385586869824
2024-11-12 09:44:42,BA,Boeing says it will take several weeks to resume production of planes after the strike,"Boeing says it will be several weeks before it fully resumes building passenger planes, as factory workers return following a strike that lasted nearly two months.  A Boeing spokesperson said Tuesday that the delay in restarting plants in Washington state and Oregon is due to multiple steps needed to resume production.  Airline customers have grown increasingly upset over delays in getting new planes from Boeing — delays that started long before 33,000 machinists went on strike Sept. 13.",Yahoo,https://finnhub.io/api/news?id=b388ee06b04ad37261eb9ba13d06c4919c5a9b8a5ee2ebf314a78feb662699db,-0.0984487019363694,0.0728460779253101,0.1712947798616795,0.7558591422130103,bearish,0.7558591422130103
2024-11-12 09:40:00,BA,Boeing to Pay Spirit AeroSystems Up to $350 Million in Advance,The payments are intended to help address high levels of inventory and lower operational cash flows.,Yahoo,https://finnhub.io/api/news?id=cdae408e75efd7123588014c3f425fb8e315ba7d30e963d1f42204d4cc13bd12,0.1372881348749969,0.1481494659351456,0.0108613310601486,0.8409892030047056,bullish,0.8409892030047056
2024-11-12 09:26:00,BA,"Dow's 300-point fall led by losses in shares of Amgen, 3M","Dow's 300-point fall led by losses in shares of Amgen, 3M",MarketWatch,https://finnhub.io/api/news?id=a5251fadb7e9004bb567cb954e154ae8f24b932d0832764f4146d7e2545db7cf,-0.9538239604009996,0.0117596422706617,0.9655836026716612,0.022656755057677,bearish,0.9655836026716612
2024-11-12 09:26:00,BA,Embraer to Supply C-390 Multi-Mission Military Aircraft to Sweden,ERJ has been selected by the Swedish Ministry of Defense to supply its C-390 Millennium multi-purpose aircraft.,Yahoo,https://finnhub.io/api/news?id=9efa17bc1347fa4850cab137fdcbe05e1b107415c27665d8bb974ba29f8df587,0.7074071324068152,0.7147733162818845,0.0073661838750692,0.2778604998430463,bullish,0.7147733162818845
2024-11-12 08:29:30,BA,Spirit Aero gets planemaker help to prop up weak finances,"(Reuters) -Spirit AeroSystems said on Tuesday it would receive up to $350 million in advance payments from its largest customer Boeing, giving the struggling supplier a lifeline as it burns cash after four consecutive years of losses.  The Wichita, Kansas-based aerostructures giant is also on the verge of an agreement for a smaller amount of fresh funding and revised payment terms with Boeing's European rival Airbus, a source familiar with the matter said.  Plans for a funding agreement with Boeing, first reported last week by Reuters, come days after Spirit issued a ""going concern"" warning - effectively putting investors on notice that it may be unable to pay its bills within the next 12 months.",Yahoo,https://finnhub.io/api/news?id=1f76d25a9c903b6425f6cbe686ce023ea0ced3877805678c4ed4329e7348152c,0.83839273243959,0.8514637755459664,0.0130710431063763,0.1354651813476572,bullish,0.8514637755459664
2024-11-12 07:59:00,BA,"3M, Boeing share losses lead Dow's nearly 200-point drop","3M, Boeing share losses lead Dow's nearly 200-point drop",MarketWatch,https://finnhub.io/api/news?id=932bea31d3357e503641b379f5472194bfd90bae909ee858beb2613bb2cf18b4,-0.9371178512392369,0.0231749237831248,0.9602927750223618,0.0165323011945133,bearish,0.9602927750223618
2024-11-12 07:46:10,BA,Boeing Bets on More Growth in Air Cargo Industry,"By Connor Hart Boeing expects air cargo traffic to double by 2043, driven by the expansion of emerging markets and continued growth in manufacturing and e-commerce. The aerospace manufacturer...",Finnhub,https://finnhub.io/api/news?id=4572c70a4cd8459243eebe5d5fb4883766d6d15e752057f9fa847f42b927bbb4,0.923015984347358,0.9373043932686363,0.0142884089212784,0.048407197810085,bullish,0.9373043932686363
2024-11-12 07:31:31,BA,Boeing's Troubles May Not Be Baked Into The Stock Price,"Boeing secures over $20 billion to maintain credit rating amidst challenges, plans asset sales for cash flow, faces profitability uncertainty. Learn more on BA stock here.",SeekingAlpha,https://finnhub.io/api/news?id=710d7bcb98c025a7d0b4797cf6ddf1dd9503afee2d59d2ce7e3d2a406090ce66,0.0025108904394772,0.0460486500277712,0.043537759588294,0.9104135903839348,neutral,0.9104135903839348
2024-11-12 07:18:57,BA,"Boeing Lands 737-8 Deal With Avia Solutions: 40 Planes Now, 40 More To Follow","Boeing Company (NYSE:BA) disclosed an initial order from Avia Solutions Group for 40 of its 737-8 aircraft, with an option to purchase an additional 40 in the future. Avia Solutions Group holds 11 air operator certificates, including Avion Express and Smartlynx, serving airlines and tour operators in over 60 countries year-round. The 737-8 is a single-aisle aircraft that seats 162 to 210 passengers and has a range of up to 3,500 nautical miles (6,480 km), depending on its configuration. Brad McM",Yahoo,https://finnhub.io/api/news?id=fb34a3cf4ac94385de31d97e66acc1f5e84873c73b93e20585464338f511a000,0.3153218667923818,0.3369856639981777,0.0216637972057959,0.6413505387960263,bullish,0.6413505387960263
2024-11-12 07:14:00,BA,Lockheed Martin's Unit Secures Contract to Modify CH-53K Helicopters,"LMT's unit, Sikorsky Aircraft, secures a $20.6 million contract to modify CH-53K helicopters for the Israel Air Force.",Yahoo,https://finnhub.io/api/news?id=43adc3c48dce8007c99bc35e86f72fc45a5b8bce782828edb636d0a00cc31fac,0.925934228908148,0.9413861053835342,0.015451876475386,0.0431620181410797,bullish,0.9413861053835342
2024-11-12 07:00:00,BA,Millennium Spacecraft for NASA TRACERS Mission Moves to Testing Phase,"Millennium Space Systems, a Boeing (NYSE: BA) company, completed two spacecraft for NASA's Tandem Reconnection and Cusp Electrodynamics Reconnaissance Satellites, or TRACERS, mission, which will measure the connection between solar wind and the magnetic field surrounding Earth.",Yahoo,https://finnhub.io/api/news?id=819c7f16abc4248f83e2b425bea0b6a86325b18774cbacf68fbb27ffabec2563,0.0940630621885008,0.1065554458907713,0.0124923837022704,0.8809521704069582,bullish,0.8809521704069582
2024-11-12 06:58:00,BA,"Dow drops nearly 350 points on losses for 3M, Boeing stocks","Dow drops nearly 350 points on losses for 3M, Boeing stocks",MarketWatch,https://finnhub.io/api/news?id=692db5e17087dd3e499530636a0758743e1a4f6f01ffb1625a2ce55f944e4368,-0.9190871983426512,0.0200668059314342,0.9391540042740854,0.0407791897944804,bearish,0.9391540042740854
2024-11-12 06:10:00,BA,"Markets Are Riding the Trump Wave, Buffett Isn’t. Investors Should Remember His Mantra and 5 Other Things to Know Today.","Bitcoin is smashing records, Boeing’s quality chief is leaving with production set to restart, and more news to start your day.",Yahoo,https://finnhub.io/api/news?id=b9a4e9240c70572e263f8f63b915b0c3476f8526865903883a0be5706e66c06d,0.029551511355196,0.0510980258593519,0.0215465145041559,0.927355459636492,neutral,0.927355459636492
2024-11-12 05:39:00,BA,"3M, Boeing share losses contribute to Dow's 234-point drop","3M, Boeing share losses contribute to Dow's 234-point drop",MarketWatch,https://finnhub.io/api/news?id=5e51c72a20faeaa70ed7937dbabb48a8b0c662d1149c0eb695fc793e84e3d034,-0.952786890805745,0.0147578815182959,0.9675447723240408,0.017697346157663,bearish,0.9675447723240408
2024-11-12 04:28:00,BA,"3M, UnitedHealth share losses lead Dow's 115-point drop","3M, UnitedHealth share losses lead Dow's 115-point drop",MarketWatch,https://finnhub.io/api/news?id=7a684154148ebe0befd419daa402ea6f9590f2f9f69115b0afe4f6587f1b4678,-0.9392517441013188,0.0193776417046762,0.9586293858059952,0.0219929724893285,bearish,0.9586293858059952
2024-11-12 03:29:30,BA,Spirit to receive up to $350 million in advance payments from Boeing,"Spirit AeroSystems said on Tuesday that Boeing will pay a total of up to $350 million in advance payments to the firm, providing the struggling supplier a lifeline as it continues to burn cash after...",Finnhub,https://finnhub.io/api/news?id=f02c1514164b0782f81bdacebc4f0a715ddad06dd44a54ecbaf74c650754f36c,0.5451341645545217,0.5564776197713037,0.011343455216782,0.4321789250119143,bullish,0.5564776197713037
2024-11-12 02:39:39,BA,Avia orders 40 Boeing 737 MAX jets,"The 40 jets will be valued at about $2.17 billion, according to Reuters calculations based on estimated delivery prices from Cirium Ascend.  Avia Solutions which has 11 air operator certificates expects delivery of 737 MAX jets to start in 2030.  Production delays by aircraft manufacturers have boosted carriers' demand for leased planes to meet a spike in travel demand.",Yahoo,https://finnhub.io/api/news?id=94cd9f991473c63d648d4606a521a6ecce6e9ca25b1e38a67cd51f17f16d91c4,0.4115966435684628,0.4515516015289888,0.0399549579605259,0.5084934405104852,bullish,0.5084934405104852
2024-11-12 01:06:09,BA,Boeing 737 Max Resumes - Relief for African Carriers,"Airlines across the globe may find some reprieve as Boeing resumes production of the 737 MAX, an aircraft model renowned for its efficiency.The shortage of aircraft has posed significant challenges...",Finnhub,https://finnhub.io/api/news?id=089e4c4781520ddce09d69e1545df83596822c0a1795c30aef2baf4a7793fa6a,0.773519387929476,0.8483992905378764,0.0748799026084004,0.0767208068537231,bullish,0.8483992905378764
2024-11-11 21:43:13,BA,Boeing: Avia Solutions orders 40 737-8 aircraft,"Boeing announces that Avia Solutions Group has placed its first direct order for 40 737-8 aircraft, with an option for a further 40. Avia Solutions Group, world leader in ACMI , operates 11 Air...",Finnhub,https://finnhub.io/api/news?id=b57788b1a1883154d8a64881719a0c5c25b93af88b901721382f550d946694cc,0.343746254453575,0.3675068479960096,0.0237605935424345,0.6087325584615559,bullish,0.6087325584615559
2024-11-11 21:41:37,BA,China's AVIC reveals uncrewed cargo spaceplane at Zhuhai air show,"State-owned aerospace company AVIC unveiled China's first commercial uncrewed spaceplane at the country's biggest air show in Zhuhai on Tuesday, with a mission of supplying the Chinese space station....",Finnhub,https://finnhub.io/api/news?id=3ababcd703324e88b0d4034cdc7ef2b2ae874078b5a7b11db22a72ccca20f2c1,0.273867444912106,0.2850937880494753,0.0112263431373693,0.7036798688131554,bullish,0.7036798688131554
2024-11-11 17:39:06,BA,Southwest is offering buyouts to airport workers and blaming Boeing for the job cuts,"The move on Monday comes as a hedge fund presses Southwest to increase profits and boost the stock price, which has fallen sharply since early 2021.  A Southwest spokesperson said the offers of “voluntary separation” are limited to 18 airports.",Yahoo,https://finnhub.io/api/news?id=fcd307dd1ee3fcca30817dfc21a56dc652fbb4f0cbbd1d2ebcdd3a173a82d069,-0.9507875306491372,0.0120046848167448,0.962792215465882,0.0252030997173731,bearish,0.962792215465882
2024-11-11 12:35:00,BA,Boeing Quality Chief to Depart,The executive’s retirement comes as the manufacturer attempts to restart factories after a damaging strike.,Yahoo,https://finnhub.io/api/news?id=f05595c96b5f5e3a7e04c466078fac35ba7a3d8f18598e2138274cad517ad3c4,0.0115646210340722,0.0400785221859175,0.0285139011518453,0.9314075766622372,neutral,0.9314075766622372
2024-11-11 12:13:09,BA,Boeing commercial airplanes quality chief to retire in December,"Boeing Commercial Airplanes quality chief Elizabeth Lund -- who has spearheaded the planemaker's improvement plans -- will retire in December, the company said Monday. Elizabeth Lund, a 33-year veteran Boeing, had been named to the new position of senior vice president of quality for its commercial planes in February after the crisis sparked by the Jan. 5 mid-air panel blowout of a new Alaska Airlines 737 MAX 9. In June, the NTSB said Boeing violated investigation rules when Lund provided non-public information to media and speculated about possible causes.",Yahoo,https://finnhub.io/api/news?id=f33168ba2e5da605ab2e3816db52e943b9ee05d3c2ce6dc1e1d0426694f47d82,-0.2295407790266809,0.0195332954026754,0.2490740744293564,0.7313926301679682,bearish,0.7313926301679682
2024-11-11 11:37:07,BA,Industrials Up on Trump Optimism -- Industrials Roundup,"Shares of industrial and transportation companies rose amid continued optimism about Trump policy. In some ways, the market looks pretty pricey, said J.D. Joyce, president of Houston financial...",Finnhub,https://finnhub.io/api/news?id=322814941814bfaf01137a9ca673ceef70820d0745fb85aa7f83f3a34e7a6941,0.6945501005109437,0.7471163551180197,0.052566254607076,0.2003173902749043,bullish,0.7471163551180197
2024-11-11 11:04:38,BA,"Natilus Concept Could Compete with Popular Boeing 737, Airbus A320 Aircraft",The aircraft stands to improve the overall flight experience or at least offer a few new options as to how the sardines are laid into the can.,Yahoo,https://finnhub.io/api/news?id=0ffd35a467b0cf552fdeba280aecb5978b532cc504595654f3690b22e29180a6,0.8254437254570945,0.8320443150407306,0.0066005895836361,0.1613550953756332,bullish,0.8320443150407306
2024-11-11 10:41:00,BA,Fixing Boeing Could Mean Breaking It Up,Fixing Boeing Could Mean Breaking It Up,MarketWatch,https://finnhub.io/api/news?id=a9620b193b393d44d08045fc1becc5e3d2e43cb8f92a353a50900d512eadc710,-0.7435057019972218,0.0169568077612458,0.7604625097584676,0.2225806824802865,bearish,0.7604625097584676
2024-11-11 08:24:09,BA,Boeing Preferred Stock: A Fascinating Bet On Common Stock Price And Interest Rate Environment,Boeing's preferred stock offers a 5.6% yield with dividends paid quarterly starting January 2025. Read why mandatory conversion by October 2027 limits long-term income appeal.,SeekingAlpha,https://finnhub.io/api/news?id=2bc3cfdcd2cba5d14b5b92cde7c3f593d9b656252e4d44014b74b111e806b48d,0.0855782054417909,0.098769713055037,0.013191507613246,0.8880387793317169,bullish,0.8880387793317169
2024-11-11 07:08:44,BA,Rolls-Royce: Multiple Growth Drivers,Rolls-Royce's recent trading update continues to reflect progress. The stock's forward P/E also continues to reflect upside both in the near term and the medium term.,SeekingAlpha,https://finnhub.io/api/news?id=ae522e68360ff0cb581b9ad45cc73582ca193d147c87d13e3c0a89ecb2880fba,0.6664347713845581,0.678455820142443,0.0120210487578849,0.3095231310996721,bullish,0.678455820142443
2024-11-10 23:14:05,BA,Boeing: Losing Today But Paving Way To Win In The Future,Boeing's capital raise is crucial to address near-term cash needs and long-term debt maturities. Learn why BA stock is a Buy.,SeekingAlpha,https://finnhub.io/api/news?id=f08c40a3c96776c95d46c838db311e8a0fc4a9687f71da68ee0a9f6f68e97449,0.8002860445726359,0.8304752087734318,0.0301891642007959,0.1393356270257722,bullish,0.8304752087734318
2024-11-10 07:08:00,BA,Where Will Boeing Be In 3 Years?,"In 2027, Boeing will earn a lot more than it does in 2024 -- and a lot less than investors think.",Yahoo,https://finnhub.io/api/news?id=686326a4d9a8e4a00c40e635273d0ed9fabab34d960db52fb825471b4f6157d7,-0.0047566739578541,0.0322780594701442,0.0370347334279984,0.9306872071018574,neutral,0.9306872071018574
2024-11-10 04:54:50,BA,The Boeing Company (BA)’s Robotics Revolution: Can Autonomous Tech Propel a Turnaround?,"We recently published a list of 8 Most Promising Robotics Stocks According to Hedge Funds. In this article, we are going to take a look at where The Boeing Company (NYSE:BA) stands against other most promising robotics stocks according to hedge funds. The Service Robotics Industry Is on the Move The robotics industry was once […]",Yahoo,https://finnhub.io/api/news?id=0d8c6726aff78634c081f2b8d134a1e358b880f816470704348f89c8e2abdeba,0.3184184542538282,0.3281521228639121,0.0097336686100838,0.662114208526004,bullish,0.662114208526004
2024-11-10 04:19:57,BA,Israel moves forward on deploying Arrow-3 missile defence system in Germany in 2025,Israel's Defence Ministry has begun coordinating joint preparations with the German Federal Ministry of Defence for the initial deployment of Israel's Arrow-3 missile interception system on German...,Finnhub,https://finnhub.io/api/news?id=663687c3f7bdc311d93337fa8a7cd7b1f1a18a00e1e947294e3b0f4c56b7a228,0.7653786422863277,0.774490304774971,0.0091116624886433,0.2163980327363855,bullish,0.774490304774971
2024-01-26 09:10:00,BA,Layoffs in 2024: A List of Companies Cutting Jobs This Year,"Google said it planned to lay off more employees this year but at a smaller scale than in 2023, when it cut more than 12,000 workers as part of large trims across the tech industry.  Chief Executive  Sundar Pichai  told employees in a Jan. 17 memo the company would have to make tough choices as it funded investments in areas like artificial intelligence.",Yahoo,https://finnhub.io/api/news?id=00ae9fef0806f577893746e912a579b9b59440a85c44c983455b3a84bccb7d3b,-0.952669164789122,0.0066723237843416,0.9593414885734638,0.0339861876421944,bearish,0.9593414885734638
