as_of_date,ticker,headline,news_text,source,url
2025-04-30 11:02:24,TSLA,US House panel drops bid to remove FTC's antitrust authority,"The House JudiciaryCommittee reversed course on a proposal to remove the U.S.Federal Trade Commission's antitrust authority on Wednesday,days after its Republican leadership included the measure in...",Finnhub,https://finnhub.io/api/news?id=52d5598a13747a284ce9d596b6e7e285cf19926df71908c6448ca4388fdfe1b6
2025-04-30 10:05:00,NVDA,ClearBridge Appreciation Portfolios Q1 2025 Commentary,,SeekingAlpha,https://finnhub.io/api/news?id=fdd2322c3ab98387db66531d584acc0998360d53b29d6846fafca59161c0e972
2025-04-30 09:18:38,NVDA,Nvidia's Risk To Chinese Trade Restrictions May Be Easing,Nvidia Corporation battles export restrictions to China but gains bullish momentum from strong AI infrastructure investments. Read why NVDA has been upgraded to Strong Buy.,SeekingAlpha,https://finnhub.io/api/news?id=91eecdaeecee892bd991b36c2048dd031188602f1b871fd5667e61c38180b9c1
2025-04-30 09:08:00,NVDA,3 Reasons Arista Networks Could Rally Significantly In The Next 12 Months,Arista Networks is poised for significant growth due to its strong product portfolio and market position. Click here to read an analysis of ANET stock now.,SeekingAlpha,https://finnhub.io/api/news?id=e5ae654ce79206b1d237b6e9617d1ef0c2ff9a9aac06177530bd77defdfa71f0
2025-04-30 07:50:41,TSLA,Trump to Musk: Stay as long as you want,"U.S. President DonaldTrump on Wednesday told his billionaire adviser Elon Musk thathe was invited to stay in the administration as long as hewants. Trump, who made the comments at a...",Finnhub,https://finnhub.io/api/news?id=df54ced1a67a90f7281d2dc7c25305dcf7dea67651d68a76c9a001a7830e937d
2025-04-30 06:51:00,NVDA,Nvidia’s stock gets a rare sell call – due to ‘mounting questions’ about AI,Nvidia’s stock gets a rare sell call – due to ‘mounting questions’ about AI,MarketWatch,https://finnhub.io/api/news?id=34b4ab6e80864a296f5aa1eae9da3eec29af69c8ba0a9a46252481c890e1f75b
2025-04-30 06:47:00,NVDA,"Dow's 237-point fall led by losses in Chevron, Amazon.com Inc. stocks","Dow's 237-point fall led by losses in Chevron, Amazon.com Inc. stocks",MarketWatch,https://finnhub.io/api/news?id=8f5db8bb05f279b315d175cf3df51eee27a83b72c60e0b3c17a7da160779d936
2025-04-30 06:42:14,NVDA,"Nvidia CEO says Trump should revise AI chip export rules, Bloomberg News reports",Nvidia CEO JensenHuang said he would like the Trump administration to change theregulations related to exporting AI technology from the U.S. forbusinesses to better capitalize on future...,Finnhub,https://finnhub.io/api/news?id=73f41a14e1857da193e073dbf3d832776c05db31c7da89f7b452d0032078c2e4
2025-04-30 06:41:13,NVDA,Supermicro Warning Takes Down AI Data Center Stocks,Supermicro Warning Takes Down AI Data Center Stocks,DowJones,https://finnhub.io/api/news?id=656881a8af23f3210eceb6378358187cea5f42a921c456840715dbe4adb75d76
2025-04-30 06:35:06,NVDA,"Stock Market Today: Dow Jones Plunges On Surprise GDP; Nvidia, Tesla Dive As Super Micro Crashes (Live Coverage)","Stock Market Today: Dow Jones Plunges On Surprise GDP; Nvidia, Tesla Dive As Super Micro Crashes (Live Coverage)",DowJones,https://finnhub.io/api/news?id=e1179fa3561e5563ebf90d474db0791e233ce2d12b11f12b0cb6b3ef09a60e5d
2025-04-30 06:25:00,TSLA,Tesla Stock Drops. Where the Charts Say It’s Headed Next.,Tesla Stock Drops. Where the Charts Say It’s Headed Next.,MarketWatch,https://finnhub.io/api/news?id=bcf2726ab365922921a669de1530e81b30de0a680a6ba2d0565d08315b0ce75c
2025-04-30 06:19:00,TSLA,"These Stocks Are Moving the Most Today: Super Micro, Nvidia, Tesla, Starbucks, Seagate, Norwegian, First Solar, Snap, and More","These Stocks Are Moving the Most Today: Super Micro, Nvidia, Tesla, Starbucks, Seagate, Norwegian, First Solar, Snap, and More",MarketWatch,https://finnhub.io/api/news?id=24aa0f9be2cbf4f5a0a8af72f881c499ffb0ce4a72d0b6c7f5dde6d9b194ff9b
2025-04-30 06:13:25,NVDA,Super Micro Computer Results Suggest Nvidia Will Miss Q2 Outlook: Strong Sell,Nvidia Corporation stock may struggle as July guidance is expected to miss expectations. Discover why analysts foresee a drop below $100. Read more on NVDA stock update.,SeekingAlpha,https://finnhub.io/api/news?id=ddc9bfa5fa8a4c36b3c7538a60ca4ab64dd42823dda3b2339bd87571dfc2c636
2025-04-30 06:00:27,NVDA,Tech CEOs Meet With Lawmakers for National Security Summit,"(Bloomberg) -- Silicon Valley’s growing influence in Washington will be on full display Wednesday as tech titans and venture capitalists gather with top US lawmakers for a summit focused on how cutting-edge technologies can bolster national security and American manufacturing.Most Read from BloombergNew York City Transit System Chips Away at Subway Fare EvasionNYC’s Congestion Toll Raised $159 Million in the First QuarterThe Last Thing US Transit Agencies Should Do NowAt Bryn Mawr, a Monumental",Yahoo,https://finnhub.io/api/news?id=7a319472a70d83d96fa0453382f11560b6e3dca38098659c4fc0fa1c223453c0
2025-04-30 05:59:29,NVDA,Nvidia CEO Says Trump Should Revise Rules For AI Chip Exports- Bloomberg News,"April 30 - * NVIDIA CEO SAYS TRUMP SHOULD REVISE RULES FOR AI CHIPEXPORTS-BLOOMBERG NEWS * NVIDIA CEO HUANG SAYS CHINA IS RIGHT BEHIND US. WE’REVERY,VERY CLOSE-...",Finnhub,https://finnhub.io/api/news?id=486fdc75fa5a282169ea42a15fc2a00c36389e5d39e16c958590fc3e357cc6e0
2025-04-30 05:56:07,NVDA,Taiwan's ASE evaluates how it will support Nvidia's $500 billion US plan,"TAIPEI (Reuters) -Taiwan's ASE Technology Holding Co. has yet to decide how it will support a plan by Nvidia to build artificial intelligence servers worth as much as $500 billion in the U.S. over the next four years, it said on Wednesday.  The company, the world's largest chip packaging and testing provider, is still evaluating an invitation from a customer to invest in the U.S. and has yet to decide on the investment size or timing, its Chief Financial Officer Joseph Tung told an earnings call.  He did not name the customer but the company later confirmed to Reuters that he was talking about a plan announced by AI chip giant Nvidia made public earlier this month to expand production in the U.S., with the help of partners including ASE subsidiary Siliconware Precision Industries.",Yahoo,https://finnhub.io/api/news?id=73808e5f365ea1805b2eb24cda6d827136eb3675144386ad1f732c1792ddd3ea
2025-04-30 05:49:04,BA,Three Reasons To Watch This Boeing Supplier — And One Point Of Caution,Three Reasons To Watch This Boeing Supplier — And One Point Of Caution,DowJones,https://finnhub.io/api/news?id=6746be888069ff502b692f76d5e84c8fc0e33ad13b2cdd302d738776a812c70a
2025-04-30 05:46:00,NVDA,"Dow drops nearly 450 points on losses in shares of Amazon.com Inc., Nike","Dow drops nearly 450 points on losses in shares of Amazon.com Inc., Nike",MarketWatch,https://finnhub.io/api/news?id=9fe743e469fa3e0676239462836e200a28292f33e954787c5d2c99c49c92fa70
2025-04-30 05:34:16,TSLA,US Senate puts Elon Musk up for $2.37 billion in potential legal claims,Copyright © BusinessAMBE 2023Key takeawaysElon Musk faces $2.37 billion in potential legal exposure.$1.19 billion fine for Tesla related to allegedly misleading statements about autopilot and...,Finnhub,https://finnhub.io/api/news?id=242a15919fd376ac225159a4d7e1bc0ace513c1b792a4ecda4557d526032bab4
2025-04-30 05:32:17,NVDA,Nvidia CEO Jensen Huang Says I'm Certain We Can Manufacture Chips On Shore With Resources Of Our Country - CNBC Interview,April 30 - * NVIDIA CEO JENSEN HUANG SAYS I'M CERTAIN WE CANMANUFACTURECHIPS ON SHORE WITH RESOURCES OF OUR COUNTRY- CNBC INTERVIEWSource text:Further company coverage: ...,Finnhub,https://finnhub.io/api/news?id=6a1aea0e9cb4f7f8515cfe2e14966700f8a687ee559544597879fd2f8c243b80
2025-04-30 05:26:17,TSLA,EV maker Polestar pauses annual forecast amid tariff uncertainty,"Polestar paused its 2025forecast on Wednesday as it braces for a potential hit fromsweeping tariffs that threaten to roil supply chains and push upcar prices, sending the U.S-listed shares of the...",Finnhub,https://finnhub.io/api/news?id=69fc4be72be99b2c22abb9ebb64b5a5f927598be387e9071af04ef674f54a2b4
2025-04-30 05:15:00,NVDA,"These 2 Chip Stocks Could Be Better Bets Than Nvidia, Analyst Says","These 2 Chip Stocks Could Be Better Bets Than Nvidia, Analyst Says",MarketWatch,https://finnhub.io/api/news?id=eba6efd65ef8cb48e7807ec02ce9c0a79aba22bef92cd3a4e17ca16498f17bd1
2025-04-30 05:15:00,NVDA,The Davenport Core Leaders Fund Q1 2025 Commentary,"The Davenport Core Leaders Fund declined 3.48% in Q1 2025, although it did exceed its benchmark. Click here to read the full commentary. ",SeekingAlpha,https://finnhub.io/api/news?id=30cbbdae87c9b1b956e51ece59c8a96cf5c63ad9d62c5732ec1a96c345d1f8cc
2025-04-30 05:12:00,NVDA,Prediction: 1 Stock That'll Be Worth More Than Apple a Year From Now,"Apple is the world's largest company by market cap right now, but it could be overtaken by this fast-growing chipmaker in the coming year.  The booming demand for artificial intelligence (AI) hardware has helped this chipmaker deliver outstanding growth.  It also explains why analysts are anticipating greater upside gains from this stock than Apple's.",Yahoo,https://finnhub.io/api/news?id=4cbbe989904989ded6f923684f1524ad775fe656914665e5dd95f1e0b85c00ee
2025-04-30 05:08:01,TSLA,Tarnished Magnificent 7 stocks rebound faces test with earnings,"NEW YORK (Reuters) -The U.S. technology and growth stocks known as the ""Magnificent Seven"" have regained their footing somewhat after a steep slide, but a few weeks of growing valuations and a dimming earnings edge could make it harder for them to push Wall Street higher.  The stocks -- Apple, Microsoft, Nvidia, Alphabet, Amazon, Meta Platforms and Tesla -- have stumbled in 2025, dragging down the benchmark indexes they had lifted to record peaks the prior two years.  The highly valued shares had swooned as investor fears spiked about the economic fallout from President Donald Trump's tariffs.",Yahoo,https://finnhub.io/api/news?id=5d5261f22d2a55777a4a3e9278afc30f9a9ef86391e2efc1ab21de9ffadf9daf
2025-04-30 05:07:00,NVDA,Super Micro Stock Is on Track for Its Worst Day Since November. Here’s Why.,Super Micro Stock Is on Track for Its Worst Day Since November. Here’s Why.,MarketWatch,https://finnhub.io/api/news?id=bb6cbf49d01c3bd844158c901b8cd347aa15acf17ee50fddfcda50e8b8c661c0
2025-04-30 05:00:00,TSLA,"Large cryptocurrencies drop on XRP, Sui declines","Large cryptocurrencies drop on XRP, Sui declines",MarketWatch,https://finnhub.io/api/news?id=06b50a926f97a8b8f66f470ffc9468a68eb8e92e0052b1cab3425ccb7b25e27a
2025-04-30 04:59:00,NVDA,"Sell Nvidia Stock, Analyst Says. Here’s Why.","Sell Nvidia Stock, Analyst Says. Here’s Why.",MarketWatch,https://finnhub.io/api/news?id=6ab18474e670cfcde56b9cf4a721ad3f9790bdd9c8d3f76ded0056e7300e9de0
2025-04-30 04:57:36,NVDA,"Dow Jones Slides 650 Points On Surprise GDP, Jobs Data; Nvidia, Tesla, Super Micro Sell Off","Dow Jones Slides 650 Points On Surprise GDP, Jobs Data; Nvidia, Tesla, Super Micro Sell Off",DowJones,https://finnhub.io/api/news?id=7c0cc56ea3d9e7f584ebd1eca50430814c185b4a350a744f0e4ee204dc6df78b
2025-04-30 04:53:23,TSLA,"Waymo, Toyota Announce Partnership Exploring 'Personally Owned Vehicles'","Waymo, Toyota Announce Partnership Exploring 'Personally Owned Vehicles'",DowJones,https://finnhub.io/api/news?id=51ea6d95b3bb5cd77bf443b3e18e3acc59902579686fff3efa8122f1720e3fe1
2025-04-30 04:47:00,TSLA,Tesla: Elon Musk's Long Awaited Return Is Here - Prospects Remain Mixed,"Tesla stock has underperformed as expected, attributed to the higher stagflation risks, intensified tariff war/EV competition. See why we remain neutral on TSLA.",SeekingAlpha,https://finnhub.io/api/news?id=b3134beab616e576c0258d3e0fc3a0c0e75b01dc39aa19f7fd6d9720f49cda46
2025-04-30 04:45:00,NVDA,"Nike, Amazon.com Inc. share losses contribute to Dow's 650-point drop","Nike, Amazon.com Inc. share losses contribute to Dow's 650-point drop",MarketWatch,https://finnhub.io/api/news?id=50ef0844d99f076e1545463dbb61a4899a4701de9126ad2f36eea95cc337a0b9
2025-04-30 04:38:00,NVDA,"These Stocks Are Moving the Most Today: Super Micro, Snap, First Solar, Starbucks, Seagate, Microsoft, Meta, and More",Super Micro issues a fiscal third-quarter forecast well below previously issued guidance. Microsoft and Meta Platforms report earnings after the closing bell Wednesday.,Yahoo,https://finnhub.io/api/news?id=db3ec42e4706fccb401914a19ca3ac9feb67c2b546af641c3ea471cc8a746da0
2025-04-30 04:30:00,TSLA,"If Tesla Loses This 1 Quality, the Stock Could Crumble",Tesla just reported dismal first-quarter results.  The stock still rose in the wake of the earnings call as Elon Musk hyped the company's robotaxi plans.  Musk's credibility with investors may be the stock's greatest asset right now.,Yahoo,https://finnhub.io/api/news?id=7af78d2b2d1b8dcaf74028fa07b992ef4ed21d89e95068ea87777005745a45a3
2025-04-30 04:29:00,NVDA,Nasdaq Bear Market? 3 Artificial Intelligence Stocks Down 15% This Year.,"The Nasdaq is out of bear market territory for now, but investors shouldn't assume the worst is over.  Many artificial intelligence stocks are still down big this year.  The stocks listed here still possess some attractive growth opportunities.",Yahoo,https://finnhub.io/api/news?id=a95123a0657db68345672087556fc22514a72632a1cdd41cb916672b44c090be
2025-04-30 04:26:25,TSLA,"Tesla: Deeply Stressed, But Growing Positives Too (Rating Upgrade)",Tesla's stock is down 29% YTD but shows potential with energy growth and competitiveness. Click here to find out why I'm upgrading TSLA to a hold rating.,SeekingAlpha,https://finnhub.io/api/news?id=81ba83a0014ce7e3ff5fa0a9cbaa6e3edad9f20f9b2a6a5b616f7f092ddaacc4
2025-04-30 04:18:00,TSLA,Tesla Robotaxis Face Challenge From Waymo and Toyota Deal,Alphabet’s Waymo and Toyota Motor announced a preliminary agreement to delveop self-driving technologies together. Tesla investors should take notice.,Yahoo,https://finnhub.io/api/news?id=78727674e8795260859727fe702f4606599c7c580aac22a808626ff2905e73f8
2025-04-30 04:12:00,NVDA,Nvidia Stock Slips. What the Chip Maker Needs from Meta and Microsoft Earnings.,"Nvidia stockholders will be hoping Meta and Microsoft stick to, or even raise, their guidance for capex and signal they will continue investing in AI data centers.",Yahoo,https://finnhub.io/api/news?id=73a849679fc8a720114d01a791855dfdb71c5f06f3705bad36ab1297e61e419c
2025-04-30 04:00:00,BA,Boeing 787 Dreamliner Fleet Eclipses 1 Billion Passengers,"Boeing [NYSE: BA] shared today that the 787 Dreamliner fleet has surpassed 1 billion passengers faster than any widebody commercial airplane in history, accomplishing the feat in less than 14 years since entering service. The global 787 fleet of more than 1,175 airplanes has flown nearly 5 million flights covering more than 30 million flight hours.",Yahoo,https://finnhub.io/api/news?id=232895e74aa86d16bb5d884f7ca65fbe7101f5603267ccd0a19e885bb391ffa7
2025-04-30 03:58:00,NVDA,Better Semiconductor Stock: AMD vs. Nvidia,"The negative stock market sentiment has weighed on shares of AMD and Nvidia this year.  The PHLX Semiconductor Sector index has been under duress this year and lost over 14% of its value thanks to the tariff-fueled economic uncertainty that has raised the potential of a global recession, which explains why some of the major names in this sector have performed poorly on the stock market in 2025.  Shares of both Advanced Micro Devices (NASDAQ: AMD) and Nvidia (NASDAQ: NVDA) are down close to 20% so far this year.",Yahoo,https://finnhub.io/api/news?id=a61cea2c071b24dc4279a0d7fec88007b12653d83c39f9f5f6d2972cba765f4d
2025-04-30 03:50:00,NVDA,Billionaires Sell Nvidia Stock Before the Market Crash and Buy a Golden ETF Up 166% in 10 Years,Hedge fund billionaires Israel Englander and Paul Tudor Jones sold Nvidia stock and bought positions in the SPDR Gold Shares ETF in the fourth quarter.  The SPDR Gold Shares ETF has outperformed the S&P 500 year to date as tariffs imposed by President Donald Trump have pushed investors away from risk assets.,Yahoo,https://finnhub.io/api/news?id=5e9fd332ce60ae9ff4bb06f20b2b6f6a6c8e895d1aed0d398729bcac4a49414d
2025-04-30 03:33:00,TSLA,Tesla Has Big Plans to Reaccelerate Sales. But Is a Turnaround Already Priced In?,Wall Street hopes the company's bold growth initiatives will start paying off soon.,Yahoo,https://finnhub.io/api/news?id=55b435324401cd5d069165993c2745833a06ed572fe1d66e66b125eb50badf8d
2025-04-30 03:27:00,NVDA,Tariff And Tumble: April's Market Mood Swings,"April was a month of rapid escalation and partial de-escalation, driving major moves across equity, bond, and commodity markets. Click to read.",SeekingAlpha,https://finnhub.io/api/news?id=f92bb6891932e980e9955be0e1f8ec8fb5428b2485a512c9949cf6191b8e273a
2025-04-30 03:23:00,TSLA,"Is 2025 a ""Throwaway Year"" for Tesla?","Nearly half of Americans have a negative view of Tesla's brand.  Tariffs and economic uncertainty are significant headwinds for the automaker this year.  There are still a lot of unknowns for Tesla next year, too.",Yahoo,https://finnhub.io/api/news?id=e91e6b24d56e9a9fb525162d039a3340f5ac27b22103e487f6f83d065414cc92
2025-04-30 03:15:00,NVDA,Should You Buy SoundHound AI Stock Before May 8? This Recent Move by Nvidia Might Hold the Answer,"Nvidia supplies the best data center chips for developing artificial intelligence (AI), and it has become one of the world's largest companies.  Nvidia holds a portfolio of other AI stocks, and SoundHound AI used to be one of them, but the chipmaker exited its position at the end of 2024.  Nvidia (NASDAQ: NVDA) has added an eye-popping $2.3 trillion to its market capitalization since the beginning of 2023, thanks to soaring demand for its data center chips that are the best in the industry for powering and training artificial intelligence (AI).",Yahoo,https://finnhub.io/api/news?id=edcb3f2090e7b0f56ac406e8c241f40664b0d2d607054fae988a9ecd6fcf96eb
2025-04-30 03:15:00,NVDA,TSMC Stock Gets Trump Boost. Intel Thinks It Knows How to Strike Back.,TSMC Stock Gets Trump Boost. Intel Thinks It Knows How to Strike Back.,MarketWatch,https://finnhub.io/api/news?id=b517492407eeba543c6df8af8b6fe5d499542853b10764d302076f765f4a783f
2025-04-30 03:14:20,TSLA,Dow Jones Futures: Stock Market Rallies On 'Done' Trade Deal; Nvidia Partner Super Micro Dives Late,Dow Jones Futures: Stock Market Rallies On 'Done' Trade Deal; Nvidia Partner Super Micro Dives Late,DowJones,https://finnhub.io/api/news?id=50141434c9839cbb37eb268da158e2229824baba19b4cec3170f5b84b1598199
2025-04-30 03:14:00,TSLA,Waymo and Toyota Strike Deal on AI-Assisted Driving. What It Means for Tesla.,Waymo and Toyota Strike Deal on AI-Assisted Driving. What It Means for Tesla.,MarketWatch,https://finnhub.io/api/news?id=b15b96bd9efb191674e13941fa2bf756770a2c9040808fee6c9934b6dbe923c0
2025-04-30 03:10:00,TSLA,Tesla Stock Falls as It Chases 7-Day Winning Streak. Investors Are Waiting for This.,What if the EV maker's shares didn’t rocket higher into December and tank after the presidential inauguration?,Yahoo,https://finnhub.io/api/news?id=8bf6afeac003d7947d99570281af9ce8aecca37773fa360ed1234f4d92196ebf
2025-04-30 03:10:00,NVDA,Should Investors Worry About Nvidia's Future in China?,"Just a few years ago, Nvidia (NASDAQ: NVDA) generated more of its revenue in China than it did in the United States.  U.S. tech giants from Amazon to Meta Platforms ramped up their AI platforms and turned to Nvidia for its top graphics processing units (GPUs) and other products and services.  As a result, Nvidia's total revenue soared, climbing in the double and triple digits quarter after quarter to reach record levels.",Yahoo,https://finnhub.io/api/news?id=80f9e9a851a9944e847ce8d4aa40bee3bbb1119b841b98a031877882318d4c74
2025-04-30 03:05:55,NVDA,Is NVIDIA Corporation (NVDA) a Stock That Should Double in 3 Years?,"We recently published a list of the 30 Stocks That Should Double in 3 Years. In this article, we are going to take a look at where NVIDIA Corporation (NASDAQ:NVDA) stands against other stocks that should double in 3 years. On April 25, Kari Firestone, Aureus Asset Management executive chairman and co-founder, joined CNBC’s ‘Squawk […]",Yahoo,https://finnhub.io/api/news?id=435c888b7fe112602771316aab11322480955df976889c7a86e1c39923c5b6ca
2025-04-30 02:50:47,NVDA,Taiwan's ASE: evaluating how it will support Nvidia's $500 billion US plan,TAIPEI -Taiwan's ASE Technology Holding Co. has yet to decide how it will support a plan by Nvidia to build artificial intelligence servers worth as much as $500 billion in the U.S. over the next...,Finnhub,https://finnhub.io/api/news?id=bcdd7c62c1ec920924dd87ce2022f85bb129b893e6baafc095c7546299dc5643
2025-04-30 02:33:00,TSLA,Baron Focused Growth Fund Q1 2025 Shareholder Letter,"Baron Focused Growth Fund declined during the first quarter of 2025, although it outperformed its benchmark, the Russell 2500 Growth Index. Read more here.",SeekingAlpha,https://finnhub.io/api/news?id=c354c07c7cd219db64273fbcc0cdff4c560a049b68b9a5250855d6adb719c019
2025-04-30 02:21:25,TSLA,Is Tesla (TSLA) A Stock That Should Double in 3 Years?,"We recently published a list of the 30 Stocks That Should Double in 3 Years. In this article, we are going to take a look at where Tesla, Inc. (NASDAQ:TSLA) stands against other stocks that should double in 3 years. On April 25, Kari Firestone, Aureus Asset Management executive chairman and co-founder, joined CNBC’s ‘Squawk […]",Yahoo,https://finnhub.io/api/news?id=fd80fd336ecc8346623585b1bab21d344c72f6f49a6d327a3021ec60573dcaf5
2025-04-30 02:11:31,NVDA,Samsung profit slows after US-China trade war hits AI spending,"(Bloomberg) -- Samsung Electronics Co. reported slower profit growth and softening demand for storage chips, a sign that the US-China trade war may be triggering cuts in artificial intelligence hardware spending.Most Read from BloombergNew York City Transit System Chips Away at Subway Fare EvasionNYC’s Congestion Toll Raised $159 Million in the First QuarterThe Last Thing US Transit Agencies Should Do NowAt Bryn Mawr, a Monumental Plaza Traces the Steps of Black HistoryAt the National Public Hou",Yahoo,https://finnhub.io/api/news?id=97b7658ccb669aa72e7ff893df84270e1b645a9952e77e4d641953150d3ccbdb
2025-04-30 02:03:58,BA,Howmet (HWM) Q1 Earnings Report Preview: What To Look For,Aerospace and defense company Howmet (NYSE:HWM) will be announcing earnings results tomorrow before market hours. Here’s what to expect.,Yahoo,https://finnhub.io/api/news?id=6285f00c065a1458aed022b4ead67b173f1ff22d4e5a9f75ce7a55a8c7ce1a41
2025-04-30 01:22:09,NVDA,"Super Micro shares dive, Nvidia dips, and other early market movers","Super Micro shares dive, Nvidia dips, and other early market movers",MarketWatch,https://finnhub.io/api/news?id=86acc270299f9d5106f201ce99111cea8dd5bc566b3af40b251f174bf49e1c46
2025-04-30 00:10:00,NVDA,Deep Sail Capital Partner Q1 2025  Investor Letter,"In Q12025, Deep Sail Capital Partners returned 0.02% net of fees while averaging 80% net long exposure. Click here to read the full letter. ",SeekingAlpha,https://finnhub.io/api/news?id=5f965399513cb14b84ef3ef41a567a1ac86c76f81149cf5ddf454f0921799161
2025-04-29 23:43:29,TSLA,Xiaomi Joins China AI Game With Maiden DeepSeek-Like Model,"(Bloomberg) -- Xiaomi Corp. unveiled its own open-source AI model, joining the growing ranks of Chinese tech leaders hoping to make a splash in a burgeoning field endorsed by Beijing.Most Read from BloombergNew York City Transit System Chips Away at Subway Fare EvasionNYC’s Congestion Toll Raised $159 Million in the First QuarterThe Last Thing US Transit Agencies Should Do NowAt Bryn Mawr, a Monumental Plaza Traces the Steps of Black HistoryAt the National Public Housing Museum, an Embattled Ide",Yahoo,https://finnhub.io/api/news?id=1ffaf7c27dbe08bd7c347cfba5173c0133f1f5530cba7e411e10ec9c45b47657
2025-04-29 20:55:25,NVDA,TSMC Starts Building Third Arizona Plant As US Tariffs Loom,"(Bloomberg) -- Taiwan Semiconductor Manufacturing Co. has begun construction on a third chip plant in Arizona, ramping up its US expansion as the Trump administration threatens further tariffs to spur American manufacturing.Most Read from BloombergNew York City Transit System Chips Away at Subway Fare EvasionNYC’s Congestion Toll Raised $159 Million in the First QuarterThe Last Thing US Transit Agencies Should Do NowAt Bryn Mawr, a Monumental Plaza Traces the Steps of Black HistoryAt the Nationa",Yahoo,https://finnhub.io/api/news?id=a8954f0c3129dad1e5a7739a2c401d43b26e6886e262271264deeca170604035
2025-04-29 19:57:40,NVDA,Nvidia: Bullish Thesis Fully Intact,"Nvidia faces a $5.5B charge from export guidelines, but strong U.S. GPU demand and AI growth fuel profits. See why we rate NVDA stock a buy.",SeekingAlpha,https://finnhub.io/api/news?id=49c625e6eff9d8b2cee2d0c8e80f95b5ae342eeff04d7c0b9c5d0f7e18016ddc
2025-04-29 19:39:00,BA,“We’ll Happily Take Them All”: Boeing Stock (NYSE:BA) Gains as Another Buyer for the Chinese Planes Emerges,"It was just a few days ago when we heard that Air India was interested in buying the refused Chinese planes that China turned away as the result of the tariff war. And that gave aerospace stock Boeing (BA) a boost back then. Now, another potential buyer has come forward, ready to deal, and that is also giving Boeing a boost. As a result, Boeing shares are up over 2% in Monday afternoon’s trading. Aeroflot stepped in after hearing several Boeing aircraft were available for immediate purchase, tho",Yahoo,https://finnhub.io/api/news?id=b2e2f752079ed26a9ded6c0938369656b3d01eccfe1b91750c2e3a494661505a
2025-04-29 18:55:49,TSLA,"Elon Musk Was Asked 'Who's the Smartest Guy You've Ever Met?' He Picked Two CEOs, Both Named Larry — And One Even Said He'd Leave Him His Fortune","Elon Musk last month appeared on the ""Verdict with Ted Cruz"" podcast, where the Texas senator threw him a rare question: Who's the smartest guy you've ever met? Musk didn't hesitate. He named two heavyweights — Larry Ellison and Larry Page — both billionaires, both tech legends, and at one point, both close friends of Musk. ""Larry Ellison's very smart,"" Musk said. ""I will say Larry Ellison is one of the smartest people."" He added, ""You know, Larry Page... there are a lot of people that are very",Yahoo,https://finnhub.io/api/news?id=08854e8fa5980e020e4e622c1f90bf9696ed272ddf384d848e48d86f88082f73
2025-04-29 18:30:26,NVDA,"Brad Gerstner Says He’s Buying NVIDIA (NVDA) Amid ‘Off The Charts’ GPU Demand, Secular Growth","We recently published a list of 10 AI Stocks Investors Are Monitoring After Tariff Shock. In this article, we are going to take a look at where NVIDIA Corporation (NASDAQ:NVDA) stands against other AI stocks investors are monitoring after tariff shock. The tariff wars and a potential slowdown in AI spending threw water on investors’ […]",Yahoo,https://finnhub.io/api/news?id=7f269108bbfe196931249ecf1645a30998d22f448c37096d3ad87d3c0a18a428
2025-04-29 17:21:00,TSLA,Trump's auto tariff exemptions: What they mean for automakers,"President Trump signed an executive order on Tuesday providing some relief from auto tariffs. Cox Automotive executive analyst Erin Keating joins Asking for a Trend to explain how the latest tariff break only affects certain vehicle imports. To watch more expert insights and analysis on the latest market action, check out more Asking for a Trend here.",Yahoo,https://finnhub.io/api/news?id=d41292d3d70cb5931bef86953b33f22a0895e94d63288a9e075736afe11f3b29
2025-04-29 16:45:16,NVDA,Nvidia (NVDA) Gains But Lags Market: What You Should Know,"Nvidia (NVDA) closed at $109.02 in the latest trading session, marking a +0.27% move from the prior day.",Yahoo,https://finnhub.io/api/news?id=501983642c4dab8fadc4793f6c1b4ede943600b0ceec8b8c003377247eae629d
2025-04-29 16:30:40,NVDA,"NVIDIA, Dell fall after-hours after SMCI’s Q3 warning",Investing.com - NVIDIA (NASDAQ:NVDA) shares fell 1.7% in after-hours trading on Tuesday after major customer Super Micro Computer Inc (NASDAQ:SMCI) issued preliminary third quarter results well below estimates. Super Micro makes advanced AI servers that include NVIDIA chips.,Yahoo,https://finnhub.io/api/news?id=11e765f6f4d383bfe785cf90f13a790404d1ebaf4cd25759c8765e822b4afad0
2025-04-29 16:30:00,NVDA,Franklin Growth Fund Q1 2025 Commentary,Franklin Growth Fund underperformed its S&P 500 Index benchmark in the ï¬rst quarter of 2025. Read more here.,SeekingAlpha,https://finnhub.io/api/news?id=a091628b0a27d1cf98991f0b43e4b870ee995ccbc62e3a1b6d1eb96ddc3bf609
2025-04-29 16:26:32,NVDA,Super Micro Computer Stock Plunges On Weak March-Quarter Figures,Super Micro Computer released preliminary March quarter figures that were well below Wall Street's targets. SMCI stock fell.,Yahoo,https://finnhub.io/api/news?id=2685e868fc77b0b8492a27a73dea976586555f8c2485958b971f054de7746f07
2025-04-29 15:52:00,TSLA,"For Ford, Tesla, the Worst Auto Tariff Case Is Off the Table",President Trump modified his policy on auto tariffs as part of his plan to bring domestic manufacturing back to the U.S.,Yahoo,https://finnhub.io/api/news?id=a427dfa0f3fc0275aad599bdcf346f7ee08704ea722a55a2561f1f814a84ea75
2025-04-29 15:48:39,BA,Watch These Boeing Stock Price Levels After 5-Session Winning Streak Snapped,Boeing shares closed slightly lower on Tuesday to put an end to a five-day winning streak during which the stock gained 14%. Put these major chart levels on the radar.,Yahoo,https://finnhub.io/api/news?id=1f3bee3bf206f1fcae0c22ba207689b85e5176f26b8ca0607cc8c01147f3fa90
2025-04-29 15:46:43,NVDA,Jim Cramer Says NVIDIA (NVDA) Being ‘Punished’ for Doing Business With ‘Enemy Nation’,"We recently published a list of Top 10 Buzzing Stocks You Should Watch Today. In this article, we are going to take a look at where NVIDIA Corporation (NASDAQ:NVDA) stands against other top buzzing stocks you should watch today. Jim Cramer in a recent program on CNBC expressed surprise that the Republican administration could be […]",Yahoo,https://finnhub.io/api/news?id=8e8f38f31d0997f34ed0f930667a0a8f8ebda8d43ed21d42d0755967a8e69d04
2025-04-29 15:46:00,NVDA,Trump Touts Economic Wins in Detroit Speech. Americans Aren’t Buying It.,Trump Touts Economic Wins in Detroit Speech. Americans Aren’t Buying It.,MarketWatch,https://finnhub.io/api/news?id=894f4c2b17060051d215b00750f8b1016c97b3f546e01d577e2de7b7bbc65944
2025-04-29 15:44:00,TSLA,Tesla Stock Rose for 6th Straight Day. Why Robots Matter More Than Tariffs.,"Tesla  finished strong on Tuesday, rising for the sixth consecutive day as investors weighed the shorter-term impact of tariffs and the longer-term impact of robots.  Shares are up 28% over the six-day run, but volatility is falling.  Tesla  stock rose just 0.3% on Monday, and its historical volatility has dropped to 69.7%, down from 132.8% on April 11.",Yahoo,https://finnhub.io/api/news?id=583d063d281cecde72358836d02118d9a23fad9f3f2fc7f8092a5377878e0bf8
2025-04-29 15:42:19,TSLA,"Tesla's Slump Has Been A Goldmine For Short Sellers This Year—They've Made $11.5 Billion, Beating Out Nvidia's $9.4 Billion","It's been a tough year for Tesla (NASDAQ:TSLA) shareholders, but short sellers are cashing in big time. Short Sellers Score Big Tesla’s stock has dropped 44% so far in 2025, wiping out hundreds of billions of dollars in market value and resulting in $11.5 billion in mark-to-market profits for investors betting against the company, according to S3 Partners and reported by CNBC. That haul beats the $9.4 billion short sellers made from Nvidia, making Tesla the most lucrative short this year. Don't",Yahoo,https://finnhub.io/api/news?id=7851c54a99e0373e2f4e1ec280db119682896b00fff300cce67a5a0cb3e488e2
2025-04-29 15:19:00,TSLA,"These Stocks Moved the Most Today: GM, Tesla, Ford, JetBlue, Wolfspeed, SoFi, Nvidia, and More","Shares of U.S. auto makers fell after GM earnings despite a prospective tariff announcement, JetBlue braces for earnings, and Wolfspeed extends its gains",Yahoo,https://finnhub.io/api/news?id=4e2a441a6f7bd1351ea550e83b1594d1eaaee563f558ab5e9de8770c8c79fb1c
2025-04-29 15:18:00,NVDA,Super Micro’s stock tanks and Nvidia could be the reason why,Super Micro’s stock tanks and Nvidia could be the reason why,MarketWatch,https://finnhub.io/api/news?id=29e1963197f8b285801d54d2636cff2a88d3ecfbfa9628eefdefc30e3f76fa70
2025-04-29 14:58:48,NVDA,Nvidia stock dips amid Reuters report on AI chip export rule review,"Investing.com -- Shares of Nvidia (NASDAQ:NVDA) edged lower, but remained higher by 0.5% as the market responded to a report from Reuters that Trump administration officials are considering changes to a Biden-era AI chip export rule. The potential revision could impact how advanced semiconductors are distributed globally, stirring a cautious reaction among investors.",Yahoo,https://finnhub.io/api/news?id=baa290a973314e62b2e40e29648c64ee7948b91900cd313d52459de384c6c29c
2025-04-29 14:58:34,TSLA,"Tesla hiring over 1,000 workers to ramp up Semi truck production, Business Insider reports","On Monday, Tesla released a video on YouTube announcing that the first units of its electric trucks will begin production at the Gigafactory in Sparks, Nevada, by the end of 2025.  The factory will have an annual production capacity of 50,000 units.  Tesla has been ramping up operations at its Nevada facility, onboarding new workers for training and tours in recent months, the report said.",Yahoo,https://finnhub.io/api/news?id=507a58a303762356bbf60154e2affbc3dc698a68b403355ed8bac1c22c548c24
2025-04-29 14:54:18,BA,Trump touts 100-day record in Michigan amid concern about economy,"WARREN, Michigan -President Donald Trump touted what he described as a series of major economic wins and forcefully attacked Democrats, including former President Joe Biden, during a rally in...",Finnhub,https://finnhub.io/api/news?id=203c8bc1787b721b74e3a25a264ffff01bb32368d186daaa834a71e501bb8101
2025-04-29 14:45:34,TSLA,"Tesla sees a rare insider buy, but also a notable insider sale",Investing.com -- Tesla (NASDAQ:TSLA) saw a couple of notable insider trading transactions over the past 24 hours.,Yahoo,https://finnhub.io/api/news?id=6064ff3beed34ad5e503c72140cee33fef33abf3f73677bf960a9195a9c8d992
2025-04-29 14:41:47,TSLA,How the auto industry will benefit from new tariff break rules,"Automakers expect to get a break from steep import taxes under a new White House plan aimed at easing tariff pressure, according to a report from the Wall Street Journal. Yahoo Finance Senior Reporter Pras Subramanian joins Market Domination to explain how automakers could benefit from a phased relief approach. To watch more expert insights and analysis on the latest market action, check out more Market Domination here.",Yahoo,https://finnhub.io/api/news?id=93cc46278d6f03080ac461d7f49b375f776b608ed117f761c51d81a64e461cf6
2025-04-29 14:15:51,TSLA,Controversial EV tax credits will be bad news for Tesla,Elon Musk's company could be on the verge of losing one of its hidden assets.,Yahoo,https://finnhub.io/api/news?id=c854e4f61e6ad144d4d57678586efce17f4b94795fa1b379365a935bd3561b7d
2025-04-29 14:11:20,TSLA,"Elon Musk Wants Tesla To Be 'Most Valuable Company' In The World, But Top Investor Doubts EV Giant's Rise Without Apple-Style Marketing Strategy","Future Fund's noted investor, Gary Black, has raised questions over Tesla Inc.'s (NASDAQ:TSLA) marketing strategy as Elon Musk says his brand can be the “most valuable company” in the world. What Happened: The investor called into question Musk’s and ...",Yahoo,https://finnhub.io/api/news?id=29d126f8f5d290a96fc8bac30412933cca0ee379448c7b80d231126f110d9ce9
2025-04-29 12:39:00,NVDA,These Charts Show How Every S&P 500 Stock Has Performed in Trump’s First 100 Days,These Charts Show How Every S&P 500 Stock Has Performed in Trump’s First 100 Days,MarketWatch,https://finnhub.io/api/news?id=f46c73afbb904310bba13a89e72df3321f20d01f8c72ad30441f389692485445
2025-04-29 12:24:00,NVDA,Super Micro Stock Tumbles on Big Earnings Miss,Super Micro Stock Tumbles on Big Earnings Miss,MarketWatch,https://finnhub.io/api/news?id=447428d0592bfe12c64f1eaf1ea80ba303c7c22f39f774e22c614ab4acca5fe1
2025-04-29 12:14:00,TSLA,Trump Cuts Cumulative Tariffs on Some Imported Goods,Trump Cuts Cumulative Tariffs on Some Imported Goods,MarketWatch,https://finnhub.io/api/news?id=1e9f44c9816107fe91f97f57ea155d13a51b402e512e86a1a2ec679e42c096e2
2025-04-29 11:24:30,TSLA,Howard Lutnick confirms tariff relief for US automakers,"US Secretary of Commerce Howard Lutnick has confirmed that the Trump administration is planning to provide tariff relief for American automakers and auto parts, while tariffs rates may still apply to foreign-made vehicles. To watch more expert insights and analysis on the latest market action, check out more Wealth here.",Yahoo,https://finnhub.io/api/news?id=be6f5231103e0a301ad8b0ad29eb9031d11a20dba6b6cd10e458d16c00aba361
2025-04-29 11:10:55,NVDA,"IGM: Mag 7's P/E Has Come Down Ahead Of Q1 Earnings, But Technical Damage Done",iShares Expanded Tech Sector has seen a significant rebound but remains fairly valued with a mixed technical outlook. Learn more about IGM ETF here.,SeekingAlpha,https://finnhub.io/api/news?id=7c9e304cead5b4e7264c467e7adac95eb451e30ca85b688a28a6ae909fc613a0
2025-04-29 10:38:16,NVDA,NVIDIA Corporation (NVDA): Among Billionaire Andreas Halvorsen’s Stock Picks With Huge Upside Potential,"We recently published a list of Billionaire Andreas Halvorsen’s 10 Stock Picks With Huge Upside Potential. In this article, we are going to take a look at where NVIDIA Corporation (NASDAQ:NVDA) stands against other billionaire Andreas Halvorsen’s stock picks with huge upside potential. Ole Andreas Halvorsen is one of the prominent names among former employees […]",Yahoo,https://finnhub.io/api/news?id=d97eb3cdaefc14fa42e94492c0ef907cc658c75ad8543e7556e8bf8aadebd8ee
2025-04-29 10:08:30,BA,Trump Is Finally Coming Face to Face With Voters After Approval Rating Falls,"(Bloomberg) -- President Donald Trump is finally getting on the road to promote his agenda, after spending much of his first 100 days in office ensconced in the White House or his private clubs.Most Read from BloombergNew York City Transit System Chips Away at Subway Fare EvasionNYC’s Congestion Toll Raised $159 Million in the First QuarterNewsom Says California Is Now the World’s Fourth-Biggest EconomyThe Last Thing US Transit Agencies Should Do NowAt Bryn Mawr, a Monumental Plaza Traces the St",Yahoo,https://finnhub.io/api/news?id=be4d4faecfa07437fe6a34715d8dce9ca56b67d74b4b06013abff94cee1f80d8
2025-04-29 10:03:08,TSLA,Tesla Is Still A Strong Sell After Earnings,"Tesla, Inc.'s Q1 earnings disappoint with falling revenues and income, while brand image and valuation metrics fuel a strong sell rating. Read more on TSLA stock update.",SeekingAlpha,https://finnhub.io/api/news?id=60866eb9f40a13279116fbd891f691e185bab6ec38a33d071e7ba9071224abaf
2025-04-29 09:53:22,NVDA,"Nvidia's Technology Gap At Risk Amid Blackwell Delay, Analyst Says; Is Nvidia A Sell Now?",Nvidia was set to extend losses Tuesday.  Shares fell Monday following news that China's Huawei Technologies is testing a new artificial intelligence chip that could have higher capabilities than Nvidia's H100.  Does that mean Nvidia stock is a sell now?,Yahoo,https://finnhub.io/api/news?id=9d85ab7403e4daf065a66c7fc11dff3e8dd747d4d01df10a93d256946ed802c8
2025-04-29 09:45:00,NVDA,Nvidia Stock Drops. Where This Analyst Sees a ‘Threat to Sales.’,Nvidia stock is likely to be driven by whether U.S. technology companies are continuing to spend on artificial-intelligence data centers.,Yahoo,https://finnhub.io/api/news?id=56d37478c03d672c8e4e0eeacbfd07bb1c58140fe9a4c6ca8ed882689ba6a11e
2025-04-29 09:41:24,NVDA,"NVDA Stock Can Perform Well in the Long Term, Veteran Investor Says","Nvidia (NVDA)”stock can be strong over the next two years” if the firm continues to execute well, Dan Flax, Neuberger Berman’s Managing Director told Yahoo Finance recently. Neuberger Berman is an investment management firm. Why Flax Is Bullish on NVDA NVDA is effectively developing its new Blackwell chips, and the demand for them is “ramping,” […]",Yahoo,https://finnhub.io/api/news?id=e7b7ae1b9cc13d853cc45a019ef43f99ad4cb0acf88717123d29c0c6cfa733e5
2025-04-29 09:40:47,BA,UBS Recently Raised Its Price Target on Boeing (BA) Stock,"Swiss bank UBS recently increased its price target on Boeing (BA) to $207 from $190 and kept a Buy rating on the shares. After BA reported its first-quarter results last week, UBS is upbeat on the company’s new management team. Other Reasons That UBS Is Bullish on Boeing BA has taken steps to ensure that […]",Yahoo,https://finnhub.io/api/news?id=844526295309b0ecea88bfb0bf5953cd2d6d60560ebb3e80ea94e3344d48eb61
2025-04-29 09:39:41,TSLA,Cramer Says He’s Betting on TSLA When It Comes to Robotaxis,"Speaking on CNBC today, Jim Cramer said that he’s “putting his chips on (Elon) Musk” winning the robotaxi competition. According to Cramer, Alphabet’s (GOOG) Waymo will have trouble building up its business. Additionally, Tesla’s (TSLA) self-driving technology will prove to be superior to that of Waymo, Cramer suggested. Two CNBC anchors—Carl Quintanilla and David Faber […]",Yahoo,https://finnhub.io/api/news?id=147bdeebc071d00027e268a97bde8036b505b887bcbbce260829a811249a0c45
2025-04-29 09:16:50,NVDA,Is NVIDIA Corporation (NVDA) the Worst-Performing Blue Chip Stock So Far in 2025?,"We recently published a list of 11 Worst-Performing Blue Chip Stocks So Far in 2025. In this article, we are going to take a look at where NVIDIA Corporation (NASDAQ:NVDA) stands against other worst-performing blue chip stocks so far in 2025. Blue chip stocks are under immense pressure amid the evolving trade tensions and tariff […]",Yahoo,https://finnhub.io/api/news?id=0299c04f60a22b349e0f77d823246fa0011791463b4d0923a9cde873b77e33b5
2025-04-29 09:12:59,TSLA,"Is Tesla, Inc. (TSLA) the Worst-Performing Blue Chip Stock So Far in 2025?","We recently published a list of 11 Worst-Performing Blue Chip Stocks So Far in 2025. In this article, we are going to take a look at where Tesla, Inc. (NASDAQ:TSLA) stands against other worst-performing blue chip stocks so far in 2025. Blue chip stocks are under immense pressure amid the evolving trade tensions and tariff […]",Yahoo,https://finnhub.io/api/news?id=eb44c028d32223b620775d19f0c252af0d5b61a323fc67707b51bdd896da1cb9
2025-04-29 09:00:00,TSLA,Tesla: Don't Keep Letting The Market Take You For A Ride,,SeekingAlpha,https://finnhub.io/api/news?id=d5ded0cb91ae654cdfdef6b13a35306f9077052ae457f018d1d190ad63cce1b6
2025-04-29 08:59:12,TSLA,Trump to offer relief on auto tariffs in new executive order,"Automakers could see some relief as President Trump prepares to sign an update to tariffs on the auto industry, announced by White House Press Secretary Karoline Leavitt on Tuesday. Yahoo Finance Senior Reporter Pras Subramanian joins The Morning Brief to discuss how the changes could impact tariffs on foreign-made cars and auto parts. To watch more expert insights and analysis on the latest market action, check out more Morning Brief here.",Yahoo,https://finnhub.io/api/news?id=54bc0331f0ffa8c165c120c3e12690104223a58743cb7f50f7d3ab2dac5e7382
2025-04-29 08:54:58,TSLA,Mag 7: What the technicals are saying about Big Tech stocks,"As four of the Magnificent Seven prepare to release earnings results this week — Microsoft (MSFT), Meta Platforms (META), Apple (AAPL), Amazon (AMZN) — the group of tech stocks has been noted to be underperforming a majority of their 200-day moving averages. Blue Chip Daily Trend Report chief technical strategist Larry Tentarelli comes on the Morning Brief to talk about Amazon's relationship with the broader retail sector and his cautious outlook on the Mag 7. To watch more expert insights and analysis on the latest market action, check out more Morning Brief here.",Yahoo,https://finnhub.io/api/news?id=60c5a227ca78dd7a1c300a62836c4809dc9ca5a991e062f7b5787efa61043db0
2025-04-29 08:50:00,TSLA,Tesla Stock Is Stuck. Can Trump’s Auto Tariff Changes Get It Moving Again?,"Tesla  stock was rising—barely—in early trading Tuesday as shares have suddenly gotten less volatile.  Predicting the electric vehicle maker’s daily stock moves isn’t easy, but shares are likely to get a boost from potential changes to President Donald Trump’s car tariffs.  Tesla  stock rose just 0.3% on Monday, and its historical volatility has dropped to 69.7%, down from 132.8% on April 11.",Yahoo,https://finnhub.io/api/news?id=d18c1f84ab94e02afbbcb1d37d04d8b32d1b203898d10cb172eb5904874ad8d8
2025-04-29 08:44:49,BA,India's $67 Billion Boeing Bet Could Rewrite the US Trade Playbook,New Delhi unleashes private plane orders to dodge tariffs and tilt the balance in high-stakes US talks.,Yahoo,https://finnhub.io/api/news?id=b40eb8b6f7c143fd0ca9d36990e860e47eae370ecb6f158ca22909a8905caee2
2025-04-29 08:37:00,NVDA,"The Best Vanguard ETF to Invest $1,000 in Right Now",It's time for investors to rethink what the stock market's foreseeable future holds.,Yahoo,https://finnhub.io/api/news?id=b3651620f414dc7ae760d8e73f3c2e6c5d438ae9dbf255e3b81f3d69be59e4f3
2025-04-29 08:36:55,NVDA,Microsoft and Amazon Capex in Focus Amid Potential AI Pullback,"(Bloomberg) -- When the two biggest players in cloud computing report earnings this week, the amount the companies are spending will be just as interesting to investors as how much they are making. Most Read from BloombergNew York City Transit System Chips Away at Subway Fare EvasionNYC’s Congestion Toll Raised $159 Million in the First QuarterNewsom Says California Is Now the World’s Fourth-Biggest EconomyThe Last Thing US Transit Agencies Should Do NowAt Bryn Mawr, a Monumental Plaza Traces th",Yahoo,https://finnhub.io/api/news?id=4c685c105b41eb7fa2d70d10e3da7fa6b562e224747c90dea138c1d7860c5f95
2025-04-29 08:21:08,NVDA,Here’s Why NVIDIA Corporation (NVDA) Fell in Q1,"Investment advisory firm Ithaka Group released the “Ithaka US Growth Strategy” first-quarter 2025 investor letter. A copy of the letter can be downloaded here. Following two years of gains exceeding 25%, the markets welcomed the new year with considerable volatility and a sharp decline. In the first quarter, Ithaka’s portfolio underperformed the R1000G by 30 basis points, recording […]",Yahoo,https://finnhub.io/api/news?id=acee33cc3611cd83c2be2d05c872b8933bbad060803ea747926f51f0902e7ab7
2025-04-29 08:00:13,NVDA,NVIDIA Corporation (NVDA) is Attracting Investor Attention: Here is What You Should Know,"Zacks.com users have recently been watching Nvidia (NVDA) quite a bit. Thus, it is worth knowing the facts that could determine the stock's prospects.",Yahoo,https://finnhub.io/api/news?id=52e996c5ccbe1896b015687a671d50bb3e13cfd0cb58b46867c0ca313d9eabb8
2025-04-29 08:00:13,BA,Is Trending Stock The Boeing Company (BA) a Buy Now?,"Zacks.com users have recently been watching Boeing (BA) quite a bit. Thus, it is worth knowing the facts that could determine the stock's prospects.",Yahoo,https://finnhub.io/api/news?id=f333aa46ee07281bbf2ac135d80da6552bc4e44a3b3bf376645f1a226ac651be
2025-04-29 07:30:27,NVDA,Q1 2025 Cadence Design Systems Inc Earnings Call,Q1 2025 Cadence Design Systems Inc Earnings Call,Yahoo,https://finnhub.io/api/news?id=697841abe9d921ccb2eb22088ef71a2700a2d42ebe82a7bd3879e490eeb8f966
2025-04-29 07:29:00,TSLA,Tesla Stock Sees First Insider Buy in Years,"Joe Gebbia, a co-founder of Airbnb and a Tesla director, just bought $1 million of shares of the electric-vehicle firm.",Yahoo,https://finnhub.io/api/news?id=a677c8c8312ecc4ea7ee2af8317cb5a819182bdfe5d7847155e9076d9f9d2d0d
2025-04-29 07:24:10,TSLA,Summer Recession Forecasted By Apollo: Is This S&P 500 Rally Built To Last?,"Apollo Global foresees a recession by summer 2025. Click to discover insights on market trends, CAPEX declines, and S&P 500 strategies amid economic uncertainty.",SeekingAlpha,https://finnhub.io/api/news?id=a0c69b4efd976a5ee680260b10cdb2bcf12984af2572c66ee3e01a58c766cc21
2025-04-29 07:18:23,BA,"Emirates CEO on Aircraft Order Talks With Boeing, Airbus","Emirates Chairman and Chief Executive Officer Sheikh Ahmed bin Saeed Al Maktoum says the airline is in negotiations with Boeing Co. and Airbus SE to order more jets to upgrade and expand its fleet of long-distance aircraft. The CEO also says he's ""optimistic that Boeing will be able to deliver that in about a year plus from now."" He speaks in an interview with Bloomberg's Joumanna Bercetche.",Yahoo,https://finnhub.io/api/news?id=932fc6f3e715f53e11ce28de7838d21af4381cbbbe412d984ba0bb2b3888424e
2025-04-29 07:18:00,TSLA,"These Stocks Are Moving the Most Today: GM, Tesla, Ford, JetBlue, Wolfspeed, SoFi, Nvidia, and More","Shares of U.S. auto makers fell after GM earnings despite a prospective tariff announcement, JetBlue braces for earnings, and Wolfspeed extends its gains",Yahoo,https://finnhub.io/api/news?id=1151b2c836f02dd34e07ffe6c40faa79af2d9eabe1c6367bbb71db0e2fc9478e
2025-04-29 07:11:00,NVDA,Stock-Split Watch: Is Nvidia Next?,"It was nearly one year ago that Nvidia (NASDAQ: NVDA) last split its stock.  Shares have since retreated along with many others as the Nasdaq Composite index briefly entered bear market territory in early April, declining more than 20% off recent highs.  While the downturn in the stock market may not be over, it will eventually gain ground again.",Yahoo,https://finnhub.io/api/news?id=99b23908e0f0102bd78e83b770b5b23ade36fdb75feb5c261fc9d3fb53822312
2025-04-29 07:00:55,NVDA,S&P 493 earnings growth appears to be gaining as Mag 7 slows,"As earnings growth has slowed for the Magnificent Seven — the group of stocks comprised of Meta Platforms (META), Microsoft (MSFT), Alphabet (GOOGL, GOOG), Amazon (AMZN), Apple (AAPL), Nvidia (NVDA), Tesla (TSLA) — the rest of the S&P 493 has gained momentum and closed the gap with the leading tech giants. Yahoo Finance host Julie Hyman assesses forecasts anticipating the pick-up in S&P 493 performances. To watch more expert insights and analysis on the latest market action, check out more Asking for a Trend here.",Yahoo,https://finnhub.io/api/news?id=2d2bf1f72d5fd04e3cddd14140d0d2031eeb0374e5284055f4bd16c5003c0873
2025-04-29 07:00:00,NVDA,Nvidia: Time To Go All In,"Nvidia faces significant macroeconomic and geopolitical risks, including tariffs and export restrictions. Learn why NVDA stock is a Buy.",SeekingAlpha,https://finnhub.io/api/news?id=2df417600d5ba4e923b61d24465555e6d7b419cacdebac879e42491650a2d814
2025-04-29 06:45:56,BA,Q2 2025 Woodward Inc Earnings Call,Q2 2025 Woodward Inc Earnings Call,Yahoo,https://finnhub.io/api/news?id=1dd3437447364038be7d1741457a724022446a6c077b4db596b4d2aaec69ef43
2025-04-29 06:37:12,TSLA,Latest News In Energy Transition - Innovative Energy Storage Empowers California Health Center,"Recent developments in the energy transition landscape spotlight the awarding of a $10 million grant by the California Energy Commission to Quino Energy and Long Hill Energy Partners. This funding will enable the demonstration of an 8 MWh organic flow battery system at a regional health center in California, marking the first U.S. commercial deployment of Quino Energy's technology. The project aims to provide critical energy resilience and significantly reduce electricity costs while...",Yahoo,https://finnhub.io/api/news?id=83f03e175b76ae27fdfbedcb02f1b25308532269430a01d01b04e8411eb021c3
2025-04-29 06:32:39,BA,"Spirit AeroSystems, Airbus reach $439M divestiture deal","The agreement includes the sale of some fuselage assets and production at Spirit AeroSystems’ Wichita, Kansas, factory.",Yahoo,https://finnhub.io/api/news?id=09d211e9ad22dd1dbf446186231063e31f168195de7d3639deea18c0b5437c19
2025-04-29 06:30:08,TSLA,Tesla 'riding waves of sentiment' on hopes of better Q2,"Tesla's (TSLA) rough first quarter raised questions about the company's demand and leadership, but expectations for a second quarter rebound are growing. Barron associate editor Al Root joins Market Domination to break down what's driving investor sentiment — from Elon Musk's reengagement to his role as CEO and hopes for a new model. To watch more expert insights and analysis on the latest market action, check out more Market Domination here.",Yahoo,https://finnhub.io/api/news?id=d6940752f6f5f504ca6245f22b972d9cdd6e8a1fb4c15d48585c954e53d4d783
2025-04-29 06:17:00,TSLA,Tesla Stock Is Down. Why Robots Matter More Than Tariffs.,Tesla Stock Is Down. Why Robots Matter More Than Tariffs.,MarketWatch,https://finnhub.io/api/news?id=eb2b1c766a21e900df255dbe288d335f9e5f3c41d6471434d531974ad8c01595
2025-04-29 05:30:01,BA,Xi Is Trying to Turn World Against US as Trump Cuts Trade Deals,"(Bloomberg) -- Supply Lines is a daily newsletter that tracks global trade. Sign up here.Most Read from BloombergNew York City Transit System Chips Away at Subway Fare EvasionNYC’s Congestion Toll Raised $159 Million in the First QuarterNewsom Says California Is Now the World’s Fourth-Biggest EconomyThe Last Thing US Transit Agencies Should Do NowAt Bryn Mawr, a Monumental Plaza Traces the Steps of Black HistoryPresident Xi Jinping’s diplomats are fanning out across the world with a clear messag",Yahoo,https://finnhub.io/api/news?id=82dae76833aa16b8b8ef65a6e59d5e4c607af014945c812b4a6a42b3cd69025c
2025-04-29 05:30:00,NVDA,Pay Close Attention to This Crucial Revenue Source for Artificial Intelligence (AI) Giant Nvidia,"Nvidia (NASDAQ: NVDA) has quickly risen from an obscure semiconductor company to become a household name.  The company's success has mainly been driven by its skyrocketing data center sales, which have boomed as technology companies commit hundreds of billions of dollars to build the most advanced artificial intelligence (AI).  The latest research from The Motley Fool shows that Nvidia easily leads the pack when it comes to data center sales, with $35.5 billion in the fourth quarter of 2024.",Yahoo,https://finnhub.io/api/news?id=2cdcc504abbfe5d49a7716db63e9cd7dea17ee2ddd7b6666c5de6575a0a0749b
2025-04-29 05:05:00,NVDA,Markets Hold Their Breath,"Wall Street opted to conserve energy on Monday, leaving stocks unchanged. All eyes turn to this weekâs megatech earnings, consumer confidence updates, and April employment data.",SeekingAlpha,https://finnhub.io/api/news?id=1a88606f14911bbb783653406da86bff017c587d50b635656a561583835a6cc5
2025-04-29 05:00:15,BA,Elon Musk Lost 25% of Fortune During His Quest to Gut the US Government,"(Bloomberg) -- Elon Musk bounded into Washington as a special government employee earlier this year. Gaining unprecedented access to the corridors of power and data, the billionaire injected a sense of chaos across the US government. He joined President Donald Trump’s meetings with foreign leaders and Cabinet Secretaries, weighed in on defense and tariff policies, and most notably, gutted dozens of agencies as the public face of DOGE.Most Read from BloombergNew York City Transit System Chips Awa",Yahoo,https://finnhub.io/api/news?id=bba93100bcba292c9996f478927de950ffe9296f2f6bf4e51845aac49ea0578c
2025-04-29 05:00:00,TSLA,Sui leads declines as large cryptocurrencies start mixed,Sui leads declines as large cryptocurrencies start mixed,MarketWatch,https://finnhub.io/api/news?id=e219fc413625ce94fc02aba03c5b1a61a16355b2f05e2cc42f4ce20e8369c2a6
2025-04-29 04:52:00,BA,"Stock Market News for Apr 29, 2025",Wall Street closed mixed on Monday after a choppy session.,Yahoo,https://finnhub.io/api/news?id=f5a7fe4c88c802b4326d3d09156f44cdf8eb9787a141dfb74b8e0ead29451d21
2025-04-29 04:45:00,BA,"Dow up 125 points on gains for Sherwin-Williams Co., Honeywell shares","Dow up 125 points on gains for Sherwin-Williams Co., Honeywell shares",MarketWatch,https://finnhub.io/api/news?id=45cd770616bf94d971e0a1d6d69f4351bdfdcf794842a90b51203356ef4de88a
2025-04-29 04:42:21,TSLA,Dow Jones Rises Amid Key Economic Data; Spotify Plunges On Earnings,Dow Jones Rises Amid Key Economic Data; Spotify Plunges On Earnings,DowJones,https://finnhub.io/api/news?id=4e8f8f243ebf9eed381c71a59c74f9d07ec7d447ecb1fa02109cd3e831f9a6c8
2025-04-29 04:32:00,NVDA,2 Artificial Intelligence (AI) Stocks That Could Make You a Millionaire,"Artificial intelligence, or AI, is undeniably a massive opportunity with room for multiple big winners.  Many of the most promising AI stocks have fallen out of favor recently thanks to economic uncertainty and AI spending concerns.  Advanced Micro Devices (NASDAQ: AMD), which is more commonly referred to simply as AMD, is often overlooked by investors because it holds a distant-second market share in the data center graphics processing units (GPU) space to chipmaking behemoth Nvidia, which has about 95% of the space.",Yahoo,https://finnhub.io/api/news?id=c15abfab48be9743b3955b0b0c2c195323429d61270083c3822fbce0a79a68e2
2025-04-29 04:30:00,NVDA,Nvidia’s Trump Worries Go Far Beyond China,“AI-diffusion” rules could limit the U.S. chip company’s sales even to friendly countries—and give more opportunity to foreign rivals.,Yahoo,https://finnhub.io/api/news?id=d9ddb2b7578f819728ef69a17c94f6917f6544358f5b05f36746167bcd33f0d1
2025-04-29 04:24:42,TSLA,Tesla Valuation Update: Bearish Signals In A Changing Market (Rating Downgrade),Tesla downgraded to sell as trade tensions and higher battery costs weaken its energy business. Check out our updated look at TSLA stock prospects.,SeekingAlpha,https://finnhub.io/api/news?id=d475b218ff0b8abfc8d13549e4f89c35c0dd8e06cfc0549340c1aef37dfce01a
2025-04-29 04:20:00,TSLA,Baron Partners Fund Q1 2025 Top Contributors And Detractors,"Baron Partners Fund declined in Q1 2025, underperforming its benchmark. Who were the top contributors and detractors? Click here to find out. ",SeekingAlpha,https://finnhub.io/api/news?id=2c70bb7a6cdb956d2804cd73da575b67cff1e8e37b3953f599eec104247aa284
2025-04-29 04:17:21,TSLA,"Elon Musk Taps Friends, Associates For Private Sales Of Business Empire","Elon Musk Taps Friends, Associates For Private Sales Of Business Empire",DowJones,https://finnhub.io/api/news?id=ea63a1f2be976aced9e0d0ec300a3d75d97826e83ccad566a6d730d58ca0a2b4
2025-04-29 04:12:26,NVDA,"H100 Renting Prices Will Drop, Fast - Reiterating Sell On Nebius","Discover why Nebius Group N.V. stock's recent rise may be overhyped. Click to learn about NBIS pricing pressures, valuation concerns, and competitive risks.",SeekingAlpha,https://finnhub.io/api/news?id=7f5f98dc6db1908086a3c7365b4eddd6269d3fc71d06d6e4c94fe6348b2c55dd
2025-04-29 04:08:42,TSLA,"Tesla: Early Signs Of A Turnaround, But Fundamentals Are Not Driving It","Despite missing Q1 2025 expectations and delaying its FY 2025 guidance update, Tesla's stock is up by 20% since the results came out. Read why I rate TSLA stock as a buy.",SeekingAlpha,https://finnhub.io/api/news?id=2559a41dbf543bb40ce2f2d2d3100345f41735474f7027dfd420e2ccc47a09fe
2025-04-29 04:05:00,NVDA,Chip Design Hits AI Crossover Point,AI-powered tools can drive impressive improvements in chip performance and energy efficiency. This has also led to significant growth in use of AI-powered capabilities in chip design tools.,SeekingAlpha,https://finnhub.io/api/news?id=6c17033151b1bf166f032b85890d34248092bd7bef1b5e4a760af45f2fd9ba7e
2025-04-29 04:02:29,BA,"China's largest airlines deepen losses in first quarter as competition, US tariffs to weigh","BEIJING -China's three biggest airlines reported deeper first-quarter losses on Tuesday from the same period a year ago, amid intensifying competition and economic pressures on consumers, and a...",Finnhub,https://finnhub.io/api/news?id=fc6ef70dd1bc4049be6f58157a0866d7313c0d0609da36c45ab6bae5bc017a0a
2025-04-29 03:45:00,NVDA,The Best Tech ETF to Invest $250 in Right Now,"If you're feeling overwhelmed by the stock market right now, you're not alone.  The S&P 500 had one of its fastest drops on record in early April, and the Nasdaq Composite hurtled into a bear market, falling more than 20% from its high just in February.",Yahoo,https://finnhub.io/api/news?id=c5b7db10eb1e8c5c1b9152e5c8b9e6accea1d4207d5b4d6698e8803adfdcf059
2025-04-29 03:37:00,TSLA,Will Musk's Increased Focus on Tesla Boost Its Stock?,"Tesla (NASDAQ: TSLA) investors received good news in the company's earnings call for the first quarter of 2025.  CEO Elon Musk, who had spent significant amounts of time working for the government's Department of Government Efficiency (DOGE), announced that he would be spending less time managing DOGE and more time leading Tesla starting in May.  Tesla stock recovered following that news.",Yahoo,https://finnhub.io/api/news?id=e0487d939dc12c0e42a98b3d4068843694e1fcf1ec974795199cd723d825ed4e
2025-04-29 03:30:00,NVDA,Fiduciary Management Q1 2025 Shareholder Letter,"In recent shareholder letters, we have been highlighting market anecdotes illustrating speculative behavior across financial markets. Click here to read more.",SeekingAlpha,https://finnhub.io/api/news?id=b9f4b3c750f97cf925ab0e33e6b24da8791c9cc97ec59f3cbf76e121b4766c15
2025-04-29 03:30:00,NVDA,ClearBridge Global Value Improvers Strategy Q1 2025 Commentary,,SeekingAlpha,https://finnhub.io/api/news?id=4777d1093e87a14df62c8046130e86746a78550592dfcc51a616b39754e74653
2025-04-29 03:25:00,NVDA,Prediction: Nvidia Will Beat the Tariff Turmoil (and the Stock Will Soar),"Everything seemed to go right for Nvidia (NASDAQ: NVDA) last year.  The Dow Jones Industrial Average (DJINDICES: ^DJI) even invited Nvidia to join, and this new member delivered the best performance in the index for the year, advancing more than 170%.  President Donald Trump announced a broad plan to tax imports from countries around the world, and that translates into higher costs for companies that import materials and products.",Yahoo,https://finnhub.io/api/news?id=d41d6657d0b0c863de403cabb3297cae18c5fd9eebca6d187143cb81c2db2ac7
2025-04-29 03:17:17,BA,Boeing Announces Winners of University Innovation Program,BENGALURU - Boeing [NYSE: BA] announced seven teams comprising university students and early-stage start-up entrepreneurs as winners of the fourth edition of the Boeing University Innovation...,Finnhub,https://finnhub.io/api/news?id=55ff68bc0bac490e4f7d874f77bc2cf941b96fd62b9fdabd2fcd126b61f8e0af
2025-04-29 03:10:00,TSLA,Baron Partners Fund Q1 2025 Shareholder Letter,"Baron Partners Fund declined in the first quarter of 2025, underperforming its benchmark, the Russell Midcap Growth Index.",SeekingAlpha,https://finnhub.io/api/news?id=4f4622c6d09e7d0966d52c40bda81487270eca1da420282f54219d7029283295
2025-04-29 02:54:44,BA,China blames US tariffs for halting Boeing plane deliveries,,Fintel,https://finnhub.io/api/news?id=7742888eb046a2b0f3f3613eaed816ea3dd38183cd9ee02c9669f569359cf1d0
2025-04-29 02:42:00,BA,Competition For Elon Musk’s SpaceX? Amazon Has Satellites Too.,Competition For Elon Musk’s SpaceX? Amazon Has Satellites Too.,MarketWatch,https://finnhub.io/api/news?id=c32133657ac439623e7361880a100ccb3878f6bc3c3ec09e5316e54d61e6ef4a
2025-04-29 02:15:00,TSLA,Tesla's Q1 Disaster: Downgrading To Sell As Future Looks Bleaker Than Ever,"Tesla's Q1 earnings disappoint with a 20% revenue drop, yet shares rally on future prospects. Read why I have no other choice but to downgrade TSLA stock to Sell.",SeekingAlpha,https://finnhub.io/api/news?id=c8787290828164950f2763bed4feb0fdf217c1bb61b2acdc728abc2107f06279
2025-04-29 01:51:00,NVDA,Why Trump’s Next 100 Days Will Be More Crucial for Stock Markets and 5 Other Things to Know Today.,Why Trump’s Next 100 Days Will Be More Crucial for Stock Markets and 5 Other Things to Know Today.,MarketWatch,https://finnhub.io/api/news?id=f78935f0cbb49de1c3049de7ebc757a65d09fa428b2bb263b8c4b9f7d59d8196
2025-04-29 01:25:53,NVDA,Nvidia: The Reversion Angle Executed My Thesis Much Faster,Nvidia is closing the inference gap with Blackwell architecture ahead of the next wave of high-performance computing. Read why I remain bullish on NVDA stock.,SeekingAlpha,https://finnhub.io/api/news?id=359a0beeeb1d3f3f90b9ac711bd1519a012e37d8178b40a35c114826a3c0801a
2025-04-29 01:07:00,NVDA,Grey Owl Capital Management Q1 2025 Client Letter,"For the first quarter of 2025, every primary asset class provided positive returns except equities which were down -0.9%. Read more here.",SeekingAlpha,https://finnhub.io/api/news?id=0c5652cb17f37bf21469b52fe2edbfc48dd2f3a84446404e47fe024cd5735ec9
2025-04-29 01:05:00,BA,China Offers Olive Branch to U.S. Firms After Boeing Delivery Halt,"Beijing is willing to support normal business cooperation with American firms, China’s commerce ministry said, coming days after Chinese airlines were ordered to stop taking delivery of Boeing aircraft.",Yahoo,https://finnhub.io/api/news?id=01d93154bfb3897bca1857784f187ffb0315b562ce517ebb75910f40ed50c1b7
2025-04-29 00:30:00,TSLA,"China Pushed a Hard Sell on Autonomous Driving. After a Deadly Crash, It’s Pulling Back.","China Pushed a Hard Sell on Autonomous Driving. After a Deadly Crash, It’s Pulling Back.",DowJones,https://finnhub.io/api/news?id=e46d2c04a06f73261d04cec805880e3b86f40ec1a3857ef398c685e1369c91b6
2025-04-29 00:16:48,TSLA,"Tesla Stock: The Technoking Has Returned - Buy (Technical Analysis, Rating Upgrade)","Despite poor Q1 results, Elon Musk reaffirmed timelines for key projects. See why Tesla (TSLA) stock upgraded to a buy amid bullish technicals & promising outlook.",SeekingAlpha,https://finnhub.io/api/news?id=04ecce56fc6d19eac623f3d0cff9cca0eb69452d8f4d0180246ffd9332903193
2025-04-28 22:42:18,BA,"Chinese airlines and Boeing severely hit by tariffs, Beijing says","BEIJING (Reuters) -Chinese airlines and Boeing have been severely affected by U.S.-imposed tariffs, China's commerce ministry said on Tuesday, saying it hopes Washington will listen to companies' concerns and create a stable trade environment.  The statement is Beijing's first comment on the impact of tariffs on the aviation industry since U.S. planemaker Boeing flew three 737 MAX planes that had been stationed in China for delivery to Chinese customers back to the United States.",Yahoo,https://finnhub.io/api/news?id=42cf2fed5f87b8f6ac1abd24a364a2a6cb0962f56369c90a6885524eb26c6658
2025-04-28 21:15:00,NVDA,Alphabet Sets A Positive Tone Ahead Of Mega Tech Earnings Results This Week,"With 12% of S&P 500 companies reporting for the Q1 reporting season, EPS growth currently stands at 10.1%. Read more here.",SeekingAlpha,https://finnhub.io/api/news?id=dc13ebbfecea942308757fd0ac43260ba4092619f845854fd643fdea3987fe21
2025-04-28 19:03:39,BA,Bernstein Upgrades Boeing (BA),,Fintel,https://finnhub.io/api/news?id=8f6f382eb856b46939a5b6585ef4da77d5c3b5d19c84188675042c592fef7425
2025-04-28 19:00:00,TSLA,Worried About Tesla's Brand Issues? These 3 Words From the Company's First-Quarter Earnings Call Should Put Your Fears to Rest.,One of the biggest factors fueling the sell-off in Tesla stock is concern around the company's brand.,Yahoo,https://finnhub.io/api/news?id=264439ba1477af0c2cb29c8e9f40b778ccd6f6e32cd92bae3793efc28d0fc56a
2025-04-28 18:42:18,BA,China says its airlines and Boeing have been severely affected by tariffs,"BEIJING -Chinese airlines and Boeing have been severely impacted by U.S.-imposed tariffs, disrupting regular trade and investment activities of many businesses, the Chinese commerce ministry said in...",Finnhub,https://finnhub.io/api/news?id=da02a3a05fb7dadee745bd49705904432849b066a5aa0d9810c2272fe3f4aa11
2025-04-28 17:52:58,TSLA,Tesla's Semi factory in Nevada to have first trucks in production by end of 2025,"Dan Priestley, who leads the Semi program at Tesla, said in a video posted to YouTube on Monday, that the factory has an annual capacity of 50,000 units, adding that the company will prepare for high volume production over the next few quarters.  ""First units are set to be on the line by the end of this year, and we'll be ramping the factory throughout 2026,"" Priestley said.  Tesla, which has been looking to build a truck-making business for years, had said it would have the Semi in production by 2019.",Yahoo,https://finnhub.io/api/news?id=fea283d8a5bb24e79c3d5d1fde3a53dd42070ab785026ba8461a44b76926168d
2025-04-28 17:37:00,TSLA,Elon Musk gets more bad news as rival launches the anti-Tesla,Another titan of industry is gunning hard for Musk's market share.,Yahoo,https://finnhub.io/api/news?id=a61df92ef31251e2c329ab5cf2a1748e48220330d61c269203f112b5d3f9d7bb
2025-04-28 17:15:31,BA,S&P removes Boeing's rating from CreditWatch negative on improving aircraft production,"The U.S. planemaker's rating was placed on CreditWatch negative after about 33,000 of its workers went on a strike, which halted production of its best-selling jets.  S&P said on Monday that Boeing appears to be on track to recover from the 2024 strike-driven production halt and persistent manufacturing quality problems.",Yahoo,https://finnhub.io/api/news?id=446314fbe519ff36e8cd8eaaa4d45b0a17316a8924fdec677a5b5f9ebab573d4
2025-04-28 17:01:33,TSLA,"Elon Musk Said He'd Give $6 Billion to End World Hunger If the UN Could Explain How — They Did, But He Didn't Give Them a Dime","In October 2021, Elon Musk had just been crowned the richest person on Earth. David Beasley, head of the United Nations World Food Program at the time, didn't miss a beat. In a tweet tagging Musk, he wrote: ""Congratulations to @elonmusk for passing up @JeffBezos as the world's richest person — worth a whopping $221B! Elon, to celebrate I'm offering you a once in a lifetime opportunity: help us save 42M people from starvation for just $6.6B!!"" Don't Miss: Deloitte's fastest-growing software compa",Yahoo,https://finnhub.io/api/news?id=7be1aa9ea2e6d982a442a97c5de9e825e55f147d4e3407f84c460d7d6751edb7
2025-04-28 17:00:29,TSLA,"Dow Jones Futures: Nvidia, Tesla Test Key Levels; Apple, Amazon Lead Big Earnings Reports","Dow Jones Futures: Nvidia, Tesla Test Key Levels; Apple, Amazon Lead Big Earnings Reports",DowJones,https://finnhub.io/api/news?id=1b86cb5b023a5157422b87f0b2ec1ab92103c249e3c7aaeccc4b6e0c62aaa8e9
2025-04-28 16:49:15,BA,Boeing outlook remains negative as S&P cites recovery risks,"Investing.com -- S&P Global Ratings affirmed Boeing Co ’s (NYSE:BA) ’BBB-’ credit rating Monday and removed the aerospace giant from CreditWatch Negative, citing improved production levels and declining cash burn. However, the ratings agency maintained a negative outlook due to ongoing uncertainty around the pace of recovery in aircraft deliveries.",Yahoo,https://finnhub.io/api/news?id=06f099a07de41be9b3698c8ef5efe53a1bbc9055978ff044c14c279c3b6a7394
2025-04-28 16:25:42,TSLA,"Brad Gerstner Says ‘No Market’ for Tesla (TSLA) If It Doesn’t Execute on Pricing, Speed","We recently published a list of 10 AI Stocks Investors Are Monitoring After Tariff Shock. In this article, we are going to take a look at where Tesla, Inc. (NASDAQ:TSLA) stands against other AI stocks investors are monitoring after tariff shock. The tariff wars and a potential slowdown in AI spending threw water on investors’ […]",Yahoo,https://finnhub.io/api/news?id=81af82e4b4deb1f7167ada8d7603483756a29429887ab303d9164d56cbccde55
2025-04-28 15:57:42,BA,"Stocks to Watch Recap: Domino’s Pizza, Nvidia, Boeing, Plug Power","↘️ Nvidia (NVDA): Huawei Technologies is gearing up to test its newest AI processor, which the Chinese company hopes could replace some Nvidia products. The U.S. chip stock fell 2.1% Monday. ↗️ Domino's Pizza (DPZ): The chain posted mixed quarterly results, including a decline in U.",Yahoo,https://finnhub.io/api/news?id=a21a90d44ee7068062dd0c0fd6998529b9c793515d7f8532b1bbe20f6d91f54d
2025-04-28 15:34:00,BA,Boeing Stock Rose Today for 2 Reasons,"Bernstein upgraded Boeing stock to Buy from Hold. Airbus agreed to take facilities back from Spirit AeroSystems, which is being acquired by Boeing.",Yahoo,https://finnhub.io/api/news?id=e6e3df90a6a2efcb41793b1f9ce5542407e989f7a5d21b051c343d35e1297c69
2025-04-28 15:07:27,BA,Boeing Stock Rises as Company Gets Double Dose of Good News,"Boeing shares rose Monday after the manufacturer got two pieces of good news as its stock was upgraded by Bernstein analysts, and the company's deal to reacquire Spirit AeroSystems cleared another hurdle.",Yahoo,https://finnhub.io/api/news?id=4bbfee25d1a3b22d68f59c52d8dc3fedb0c05aeb1f1072f84fe83583a0ec4f9a
2025-04-28 15:05:00,NVDA,Why Nvidia investors shouldn’t worry about Huawei’s new AI chip,Why Nvidia investors shouldn’t worry about Huawei’s new AI chip,MarketWatch,https://finnhub.io/api/news?id=01be21d77f75445728c045d67004aaf6c1514b4d3b23d2153c7325fe4449a97a
2025-04-28 13:32:11,BA,Dow Jones Aerospace Giant Boeing Nears Buy Point; Spotify Earnings Imminent,"Dow Jones aerospace giant Boeing is approaching a new buy point, while Spotify earnings loom ahead of the market open Tuesday.",Yahoo,https://finnhub.io/api/news?id=f33b4dfb055219487384ad488b4a5336db94f9010b8bb58addfdb16793f5695e
2025-04-28 12:09:00,NVDA,Nvidia Stock Falls. This Huawei Breakthrough Won’t Help.,Nvidia Stock Falls. This Huawei Breakthrough Won’t Help.,MarketWatch,https://finnhub.io/api/news?id=a9c32468dbbe27729cc4e3257d4a0bf01c99610eaf079aff5ab64f14b60b72f3
2025-04-28 11:54:00,NVDA,"Quantum Computing Stock Can Nearly Double, Says Analyst","Quantum Computing Stock Can Nearly Double, Says Analyst",MarketWatch,https://finnhub.io/api/news?id=0c5140752db335cc57002886a9e681a73373eb063b411d4fd62398420f6a161e
2025-04-28 11:27:08,NVDA,Nvidia Stock Sinks On China's Growing AI Chip Ambitions,Nvidia Stock Sinks On China's Growing AI Chip Ambitions,DowJones,https://finnhub.io/api/news?id=6e5ff7dc396f2a56b4fe168b02adcbed548944906aa279adcdffd9201d71c885
2025-04-28 11:27:00,TSLA,Tesla Stock Barely Eked Out a Gain. Why the $300 Level Is Back in Play.,Tesla Stock Barely Eked Out a Gain. Why the $300 Level Is Back in Play.,MarketWatch,https://finnhub.io/api/news?id=63e282289a2a4e9ea22d8d9639585f8e28e05842260b526340597a23184ace42
2025-04-28 11:23:05,NVDA,Stock Market Today: Dow Jones Up But Nvidia Falls On New China Threat; Cathie Wood Loads Up On This Stock (Live Coverage),Stock Market Today: Dow Jones Up But Nvidia Falls On New China Threat; Cathie Wood Loads Up On This Stock (Live Coverage),DowJones,https://finnhub.io/api/news?id=4b78f07bcef4af8df2d5f7eacbfbafc289c157149691d14e1319d1324224b71a
2025-04-28 11:17:01,BA,"Boeing Stock Climbs On Upgrade, China Jet Offer; Airbus To Buy Spirit AeroSystems Plants","Boeing Stock Climbs On Upgrade, China Jet Offer; Airbus To Buy Spirit AeroSystems Plants",DowJones,https://finnhub.io/api/news?id=00b144db9bb990a3dd0e1f64fc1d6f4bc1e28bc1b08f2b067acd4146b830adf2
2025-04-28 11:12:00,TSLA,"These Stocks Moved the Most Today: Tesla, Nvidia, Domino’s, Spirit AeroSystems, IBM, MicroStrategy, and More","These Stocks Moved the Most Today: Tesla, Nvidia, Domino’s, Spirit AeroSystems, IBM, MicroStrategy, and More",MarketWatch,https://finnhub.io/api/news?id=bb1dad7fcd26d4d13ff20906e0c11b90ffd445de482a8c1a627e07423a583542
2025-04-28 10:22:00,BA,"Boeing, IBM share gains contribute to Dow's 100-point climb","Boeing, IBM share gains contribute to Dow's 100-point climb",MarketWatch,https://finnhub.io/api/news?id=83b2322e6ba4998ed6f19591491fb74af43c92479b33a8619cac3a4c38e60b40
2025-04-28 10:16:24,TSLA,"Tesla stock, Domino's Q1 earnings, WW International activist stake","Yahoo Finance host Madison Mills tracks today's top moving stocks and biggest market stories in this Market Minute, including electric vehicle maker Tesla (TSLA), Domino's Pizza (DPZ), and WW International (WW). Stay up to date on the latest market action, minute-by-minute, with Yahoo Finance's Market Minute.",Yahoo,https://finnhub.io/api/news?id=0f1cff008144bc51a053613aa92d0465ca3ada8667eaba4f09d82b77382de378
2025-04-28 10:03:05,NVDA,Stock Market Today: Dow Jones Up As Indexes Seek More Gains; Biotech Soars On Key Approval (Live Coverage),"The Dow Jones rose on the stock market today as stock indexes sought more gains. Meta Platforms, Apple and Microsoft were mixed.",Yahoo,https://finnhub.io/api/news?id=fc6ca16334a0325eef77a38e404b9962a0993ce908ff15d6659addfed4293fe2
2025-04-28 10:00:09,TSLA,Retail traders should consider more conservative investments: Wall Street veteran,The average investor needs to be mindful of fundamental risks to companies amid the Trump trade war.,Yahoo,https://finnhub.io/api/news?id=28b26a8ec7e1d95318471f9c4b6d04601e04be9627a010b9246c1ffb49b6df6f
2025-04-28 09:53:49,BA,Stocks Churn as Busy Earnings Week to Test Rally: Markets Wrap,"(Bloomberg) -- Wall Street traders bracing for a deluge of corporate earnings and key economic data sent stocks churning on Monday as they awaited more insights on the impacts of President Donald Trump’s trade war.Most Read from BloombergNewsom Says California Is Now the World’s Fourth-Biggest EconomyAt Bryn Mawr, a Monumental Plaza Traces the Steps of Black HistoryLos Angeles Downgraded to AA- by S&P Due to Budget WoesUS Cricket Deepens Bet on Texas With HQ Shift From CaliforniaThe Last Thing U",Yahoo,https://finnhub.io/api/news?id=068217683677097bf96c79dd9b3261221bf57f20be61457d35169a1cde3284dd
2025-04-28 09:48:06,NVDA,AI And Energy Play Persist In Real Economy,"AI power needs are advancing, with specific training runs potentially reaching 2GW by 2027. Click here to find out more on Market Outlook.",SeekingAlpha,https://finnhub.io/api/news?id=974fe9c802141e7b6ce19e93abd7fbbaf0742ce9833d4f72c8f6c07ff096d26c
2025-04-28 09:45:00,NVDA,"These Stocks Are Moving the Most Today: Tesla, Nvidia, Domino’s, Spirit AeroSystems, IBM, Novavax, and More","Domino’s Pizza reports earnings, Nvidia faces stiff competition in China, and Spirit AeroSystems finalizes a deal to transfer some assets to Airbus.",Yahoo,https://finnhub.io/api/news?id=8d6cc05e660c1d9475824fd5c8f3eb6541f6dde28bac853db381e07c770c62ce
2025-04-28 09:35:38,TSLA,"Temu, Tesla prices, Merck KGaA deal: Trending Tickers","Online retailer Temu — owned by PDD Holdings (PDD) — aims to raise prices amid tariffs, while Tesla (TSLA) raises its EV prices in Canada and Merck KGaA (MRK) seeks to acquire SpringWorks Therapeutics (SWTX) in a $3.9 billion deal. Catalysts host Madison Mills and Ritholtz Wealth Management chief market strategist Callie Cox weigh in on these top stocks. To watch more expert insights and analysis on the latest market action, check out more Catalysts here.",Yahoo,https://finnhub.io/api/news?id=dcbcab0d70f03d3793e1cbcb6241cc71a49390224680fef1fafdefd163fe21bb
2025-04-28 09:24:35,NVDA,This portfolio mgr. is 'cautiously optimistic' on Mag 7 earnings,"Tech stocks face a pivotal week as Meta Platforms (META), Microsoft (MSFT), Amazon (AMZN), and Apple (AAPL) gear up to report earnings. T. Rowe Price global technology fund portfolio manager Dominic Rizzo joins Morning Brief to share why he's cautiously optimistic and what fundamentals he'll be watching from earnings across the Magnificent Seven. To watch more expert insights and analysis on the latest market action, check out more Morning Brief here.",Yahoo,https://finnhub.io/api/news?id=0e5af6627c899e646b08f01916c18ccb0febc383d4b579b9072bd9422cdb7750
2025-04-28 09:13:16,BA,"Boeing, Jack in the Box, Eli Lilly: Trending Tickers","Brad Smith and Madison Mills take a closer look at some of today's trending tickers and top calls from Wall Street analysts on Morning Brief. Boeing (BA) is in focus after Bernstein analysts upgraded the stock to Outperform from Market Perform. Jack in the Box (JACK) also saw a rating upgrade from Stifel analysts, who upgraded the company's stock to Buy from Hold. Eli Lilly (LLY), on the other hand, saw a double downgrade from HSBC analysts. To watch more expert insights and analysis on the latest market action, check out more Morning Brief here.",Yahoo,https://finnhub.io/api/news?id=eae2a324ac2d27d2017cbbeb863566777439a9cec76f5a9262ddb853d09408f6
2025-04-28 09:11:32,BA,"Fears for 2,000 UK jobs as Airbus and Boeing carve up Belfast factory","More than 2,000 jobs are under threat at one of the UK’s biggest aerospace plants after some workers were left out of a deal between Boeing and Airbus to carve up the site.",Yahoo,https://finnhub.io/api/news?id=cd23bdbd13ba4b6240ed50a6bedfa8c7f204e89bda15607a7afe7a04516bc602
2025-04-28 09:06:32,NVDA,Huawei Set to Test New AI Chip to Rival Nvidia: WSJ,"Huawei Technologies is getting ready to test a new and powerful artificial intelligence processor that the company hopes can replace some products made by Nvidia, the Wall Street Journal reported. Mandeep Singh has more on ""Bloomberg Open Interest.""",Yahoo,https://finnhub.io/api/news?id=2b725438fbdecc26c21d15115c55d3727593c2720e40271f7dfa0322f04409c7
2025-04-28 09:01:39,NVDA,Oracle’s OCI deploys thousands of NVIDIA Blackwell GPUs,"Investing.com -- Oracle (NYSE:ORCL) announced Monday the deployment of thousands of NVIDIA (NASDAQ:NVDA) Blackwell GPUs, marking a significant enhancement of its Oracle Cloud Infrastructure (OCI). The first wave of liquid-cooled NVIDIA GB200 NVL72 racks has been set up and optimized in Oracle’s data centers, ready for customer use. These deployments are aimed at developing and running advanced reasoning models and AI agents on the NVIDIA DGX Cloud and OCI.",Yahoo,https://finnhub.io/api/news?id=8f2b5279f367464d1162de31b431f5966fbb4999120a963353845064532723a4
2025-04-28 09:01:03,TSLA,"Tesla Stock Has 73% Upside, According to 1 Wall Street Analyst","As the analyst notes, Musk announced he would spend more time on Tesla starting in May. Management confirmed Tesla is on track to release lower-cost models this year, the Cybercab is still on track for mass production in 2026, and the ""robotaxi"" -- initially a Model Y with fully autonomous full-self driving (FSD) -- will be in Austin in June.  If we throw in a resolution to the tariff conflict, there's potential for upside for Tesla stock.",Yahoo,https://finnhub.io/api/news?id=718d0556eea375e4523924808e33e0b9cca47ad661b8555b849e2dfdaa007090
2025-04-28 08:55:10,TSLA,"BYD Is Outperforming Tesla, And Its Stock Should, Too - Reiterating Buy","BYD Company Limited is making it as the new leader of EVs based on the numbers, and the stock should reflect that. Click here to find out why BYDDF is a Buy.",SeekingAlpha,https://finnhub.io/api/news?id=ce877f64e84af6a08431aa1c16f2bab3d29ecfe08bd6715969d01bc40300516d
2025-04-28 08:54:09,NVDA,"Nvidia vs Huawei, Domino's Q1 miss, IBM's $150B US investing plan","Morning Brief hosts Brad Smith and Madison Mills take a look at some of the top trending stories of the trading day so far. Nvidia (NVDA) is in focus as Chinese competitor Huawei is reportedly preparing a new artificial intelligence (AI) chip that could replace some Nvidia products. Domino's (DPZ) missed first quarter revenue estimates on weaker US same-store sales. IBM (IBM) has announced plans to invest $150 billion in the US over the next five years to boost the company's role in computing. To watch more expert insights and analysis on the latest market action, check out more Morning Brief here.",Yahoo,https://finnhub.io/api/news?id=b9ebc4f77e2d86b6e35debb9c52cb754e257d80d33a4942174c05bebb615e3c5
2025-04-28 08:51:56,NVDA,Nvidia stock falls as China's Huawei reportedly readies AI chip after Trump's export ban,Nvidia stock fell Monday following a report that Chinese tech giant Huawei is readying another advanced AI chip in the wake of President Trump's export ban on Nvidia chips to China.,Yahoo,https://finnhub.io/api/news?id=068dde17988e72c2143a5ef2a1657942c2386a3ae960f4994c5bc765a175dded
2025-04-28 08:51:00,BA,Boeing Stock Is Rising for Two Reasons,"Bernstein upgraded Boeing stock to Buy from Hold. Airbus agreed to take facilities back from Spirit AeroSystems, which is being acquired by Boeing.",Yahoo,https://finnhub.io/api/news?id=5da307cdbfaf70857841af3e23a39f546b3c4af1cedc18889f128ffdecdf7d85
2025-04-28 08:47:18,NVDA,Jim Cramer Says He’s ‘Not Selling’ NVIDIA (NVDA) as Demand in ‘Total Acceleration’,"We recently published a list of 10 Stocks to Watch as Trade Wars Begin. In this article, we are going to take a look at where NVIDIA Corp (NASDAQ:NVDA) stands against other stocks to watch as trade wars begin. Bill Strazzullo, Bell Curve Trading chief market strategist, said in a latest program on CNBC that […]",Yahoo,https://finnhub.io/api/news?id=776c964d35f2c8055c550ca9a879bd719896b384627bef84e6b06bb41a9227e8
2025-04-28 08:42:23,BA,"Boeing upgraded, Chipotle downgraded: Wall Street's top analyst calls","Boeing upgraded, Chipotle downgraded: Wall Street's top analyst calls",Yahoo,https://finnhub.io/api/news?id=ccfd38b3216a7de003a6cfbf7db5194bf3734b965eabd281af8d80aff9bb1b36
2025-04-28 08:39:00,TSLA,Tesla Stock Rises. Why the $300 Level Is Back in Play.,"Tesla  stock was rising in early trading Monday.  Shares are heading for five consecutive days of gains as the electric vehicles maker builds on a great reaction this past week to a less-than-great earnings report.  Tesla stock was up 1.2% in early trading at $288.30, while the  and  were up 0.2% and 0.3%, respectively.",Yahoo,https://finnhub.io/api/news?id=b4bb27d6603cdd36fbba7377bfb0e6049e2eebcc50df46cbced2dfa3769673c6
2025-04-28 08:37:00,BA,How Should an Investor Play Boeing Stock After Q1 Earnings Beat?,"Investors interested in BA stock should wait for a better entry point, considering its poor ROIC and dismal performance at the bourses.",Yahoo,https://finnhub.io/api/news?id=58b38074f32da43ae8f42a7a6a209e3371e5e525f651b025c5b3c47ebe56017a
2025-04-28 08:33:35,NVDA,"Stocks to Watch Monday: Domino’s Pizza, Spirit AeroSystems, Nvidia, DoorDash","↘️ Nvidia (NVDA): The Wall Street Journal reported Huawei Technologies is gearing up to test its newest AI processor, which the Chinese company hopes could replace some higher-end Nvidia products. The U.",Yahoo,https://finnhub.io/api/news?id=80dd1b667a729633f2d5b4cf04a8d964f063a264d95680d4f1f575edb19d2083
2025-04-28 08:31:12,NVDA,"Stock market today: S&P 500, Nasdaq turn lower to start huge week of Big Tech earnings, economic data",US stocks rose on Monday with investors focused on Big Tech earnings for the week ahead.,Yahoo,https://finnhub.io/api/news?id=073847291cec60a0f25d916795f80a20721643b2b6b032cc33c6525af15f9b98
2025-04-28 08:14:00,NVDA,"NVIDIA Corp., Amazon.com Inc. share losses lead Dow's 200-point drop","NVIDIA Corp., Amazon.com Inc. share losses lead Dow's 200-point drop",MarketWatch,https://finnhub.io/api/news?id=29ca072e9bd5cf36d2a20cefece41db98d3ca62ce5443037294d96b16f593a7c
2025-04-28 08:11:56,TSLA,"A slight sell-off by foreign investors could rock the US stock market, says veteran CIO","The conditions remain in place for another downdraft in the stock market, former Bridgewater CIO Rebecca Patterson warns.",Yahoo,https://finnhub.io/api/news?id=9248a7c8b6ee6d42bf488c78065719fc1f6b6ab4b5d09fb9836072351436a3b0
2025-04-28 08:07:35,TSLA,What To Expect In The April 2025 Job Report On Friday,"April 2025 jobs report is predicted to show slowed growth with 150,000 new jobs, steady 4.2% unemployment, and sector-specific changes. Read more here.",SeekingAlpha,https://finnhub.io/api/news?id=615cba4b9716f321d3a59a67a3746e0a903711ffd0d6941ab7e546d2726c9aa5
2025-04-28 08:04:45,NVDA,"S&P 500: Palantir, 2024's Big Winner, Leads Again In 2025. These Giants Are Laggards.","S&P 500: Palantir, 2024's Big Winner, Leads Again In 2025. These Giants Are Laggards.",DowJones,https://finnhub.io/api/news?id=c55a19f9d24cbc074737d8d3cc1b89a446dd1ea6ae768709ebc29fcfb2441afa
2025-04-28 08:02:52,NVDA,"Nvidia, Visa, Domino's, NXP: Stocks to watch today","U.S. stocks were on track for a flat to slightly lower open Monday as investors geared up for a jam-packed week of earnings spanning pizza chains, semiconductor makers, and sanitation giants.",Yahoo,https://finnhub.io/api/news?id=964e8a8738940f31fe4862584a3ccbeb8e8ccc8ff19335482ed5c91b754c101d
2025-04-28 08:00:13,TSLA,"Investors Heavily Search Tesla, Inc. (TSLA): Here is What You Need to Know","Tesla (TSLA) has received quite a bit of attention from Zacks.com users lately. Therefore, it is wise to be aware of the facts that can impact the stock's prospects.",Yahoo,https://finnhub.io/api/news?id=c07b37e2a1f425952a0cb6358e85cc65f673e176122172f2b343019a1bc01749
2025-04-28 07:45:00,NVDA,"Want to Avoid the ""Magnificent Seven"" and Generate Passive Income? This Vanguard ETF May Be for You","The ""Magnificent Seven"" -- Apple, Microsoft, Nvidia (NASDAQ: NVDA), Amazon, Alphabet, Meta Platforms, and Tesla -- took the market by storm in 2023 and 2024 by contributing a sizable portion of gains in major indexes like the S&P 500 and Nasdaq Composite.  As of the time of this writing, all seven stocks are underperforming the S&P 500 in 2025.  Here's why investors looking for low-cost exchange-traded funds (ETFs) that don't include the Magnificent Seven may want to take a closer look at the Vanguard High Dividend Yield ETF (NYSEMKT: VYM).",Yahoo,https://finnhub.io/api/news?id=1a6e39c8d8e761fe2c6c05da9354ea7f5424dbb42e1ddfec8b0c78067b4706cc
2025-04-28 07:16:48,NVDA,NVIDIA Corporation (NVDA): Among Stocks with Consistent Growth to Buy Now,"We recently published a list of 11 Stocks with Consistent Growth to Buy Now. In this article, we are going to take a look at where NVIDIA Corporation (NASDAQ:NVDA) stands against stocks with consistent growth to buy now. The market is clouded by friction between trading partners. But even at these uncertain times, one investment […]",Yahoo,https://finnhub.io/api/news?id=b7c28ce9380bbeb9652191047f3ed11038ef42c5fb9bd45b79f532c08cb0f2a6
2025-04-28 07:03:00,NVDA,"NVIDIA Corp., Amazon.com Inc. share losses contribute to Dow's 100-point drop","NVIDIA Corp., Amazon.com Inc. share losses contribute to Dow's 100-point drop",MarketWatch,https://finnhub.io/api/news?id=a766cc87ccffa2c9f02f8147d18314aab1a99dbe0e4758d0395ea4a5a25e589c
2025-04-28 07:00:08,TSLA,Want solar panels on your roof? How to navigate market and tariff chaos,"(Bloomberg) -- Google “solar panels for my house” and big national companies like SunPower and Tesla appear near the top of the search. But SunPower went bankrupt last year and Tesla’s solar business has shrunk. Another powerhouse, Sunnova, is teetering on the edge of insolvency. Most Read from BloombergNewsom Says California Is Now the World’s Fourth-Biggest EconomyAt Bryn Mawr, a Monumental Plaza Traces the Steps of Black HistoryLos Angeles Downgraded to AA- by S&P Due to Budget WoesUS Cricket",Yahoo,https://finnhub.io/api/news?id=26583fd0343b38814c29580f369b51a2096f3fe80f43fe9262dffd46cd27bead
2025-04-28 07:00:00,TSLA,Tech Sizzled Last Week: Top-Performing ETFs in the Sector,"Tech stocks fueled Wall Street's last-week rally, with the Nasdaq jumping 6.7% and Tesla surging 23.8%.",Yahoo,https://finnhub.io/api/news?id=bc0fe665d06ed2d96162bb5e1394d853b8d24727a0681f693ccfd1acf6e7fa5c
2025-04-28 07:00:00,TSLA,Trump’s first 100 days: How Elon Musk’s Tesla has surprised,"You can catch Opening Bid on Apple Podcasts, Spotify, YouTube, or wherever you get your podcasts. Tesla’s (TSLA) stock is back to its electrified trading sessions following the company’s latest earnings report a week ago. Shares have rallied 18% in the past five trading sessions as Trump supporter and Tesla CEO Elon Musk has promised to cut back his DOGE-related activities. While the bulls may feel emboldened again on the controversial stock, the reality is shares have done the complete opposite of what many thought at the start of the Trump 2.0 presidency. With Musk literally inside the White House almost daily, it was supposed to mean great things for Tesla’s money-printing presses and stock price. That has hardly been the case. Shares look poised to end Trump’s first 100-day period down more than 30%. First quarter results showed sales and profits plunged as Musk faced public backlash over his DOGE role and dealt with an aging product lineup. The Street remains level-headed with its analysis of the new “show me” stock in Tesla. “We believe downside risk to consensus estimates over the near to medium term is offset by what we think will be improved longer-term profits driven in part by increased software revenue with full self-driving (although we have a more balanced view of Tesla’s monetization potential from FSD than the company is targeting),” Goldman Sachs analyst Mark Delaney said. The verdict is out on where Tesla’s stock will be on Trump’s 200-day mark, but for Musk’s sake, hopefully it won’t mirror the performance out of the gate. The path to renewed sales and profit growth won’t be easy, however. The Tesla brand will likely continue to feel blowback from Musk’s outspokenness on government policies. At the same time, tariff policy stands to hammer margins, given Tesla’s exposure to solar panels from China and autos being made outside the US. The uncertainty on how quickly Musk can fix Tesla is something execs pointed to on the earnings release – Tesla yanked its 2025 financial guidance, promising to revisit it when second quarter results hit. For full episodes of Opening Bid, listen on your favorite podcast platform or watch on our website. Yahoo Finance's Opening Bid is produced by Langston Sessoms",Yahoo,https://finnhub.io/api/news?id=f3be98239f16a712dc36d8ce1016515cab30f2114f1820372da062af37c0b730
2025-04-28 06:55:00,BA,Turbulence Ahead? Airlines Look To Navigate Uncertain Tourism Outlook,Uncertainty around trade and economic growth are weighing on travel and tourism. Can the airline sector navigate the turbulence? TD Asset Management's David Mau shares his views.,SeekingAlpha,https://finnhub.io/api/news?id=f4159df7881dbf946427e898ea8217e2478c8fb16c8610e4f83f3f648119cb3e
2025-04-28 06:50:13,TSLA,"Trump Promised a Markets Boom. 100 Days In, Stocks Have Only Seen Damage","(Bloomberg) -- Donald Trump promised Americans a “boom like no other” if they elected him president. But based on the stock market’s performance during his first 100 days in office, it depends on what you mean by “boom.”Most Read from BloombergNewsom Says California Is Now the World’s Fourth-Biggest EconomyAt Bryn Mawr, a Monumental Plaza Traces the Steps of Black HistoryLos Angeles Downgraded to AA- by S&P Due to Budget WoesUS Cricket Deepens Bet on Texas With HQ Shift From CaliforniaThe Last T",Yahoo,https://finnhub.io/api/news?id=1f80aa2c472e6f168f3220124e2226197a0a670590f785c9484b6e3df8375b54
2025-04-28 06:37:20,NVDA,This Week In AI Chips - Global AI Industry Leaders Unite for Innovative Growth at Summit,"The ""Towards the Light: Co-creating a New Global Journey in the AI Field — 2025 AI Intelligent Development Summit"" recently held in Hong Kong gathered global AI industry leaders to discuss trends and foster international collaboration in AI. Hosted by AIFEEX, the summit emphasized the rapid development and integration of AI technologies, aiming to drive innovative growth in the field. Key speakers highlighted the importance of ethics in AI, strategic market expansions, and fostering...",Yahoo,https://finnhub.io/api/news?id=41c926ce8aa2603f79fae9b4355587dae3d59e5267d1ae912b76b60f5f1f69f4
2025-04-28 06:37:00,BA,"Boeing is getting back to 2023, analyst says. Investors can buy the stock again.","Boeing is getting back to 2023, analyst says. Investors can buy the stock again.",MarketWatch,https://finnhub.io/api/news?id=d23b8a2a992bdd15f9129d5cc5aefdc4cb80aabce7ef818055e6857e7daa0b0c
2025-04-28 06:31:18,TSLA,Tesla's Plunge Isn't Close To Being Over,"Tesla's stock is declining, with challenges in revenue, market share, and profitability. Check out insights on TSLA stock valuation and prospects.",SeekingAlpha,https://finnhub.io/api/news?id=9d23506439820e0df3477be160c2e3423956d8aa1cb680c775eb4ef34f0c21ea
2025-04-28 06:27:00,TSLA,Anduril Is Aiming to Do to Lockheed What Tesla Did to Ford,Anduril Is Aiming to Do to Lockheed What Tesla Did to Ford,MarketWatch,https://finnhub.io/api/news?id=7da890ec77a6fca545fa5d3c373b22192f040d4c4b69cd2047176f3f1c81f677
2025-04-28 06:20:07,TSLA,"Tesla: Hated And Down, But Not Out",Tesla's stock rose 10% post-earnings despite a 20% sales dip. Check out why we think that investing in TSLA stock now could offer significant upside,SeekingAlpha,https://finnhub.io/api/news?id=66a0f81e60f7aeb0ed5eb5276497f1f0b7f788ad43aa6092f4344422a284580c
2025-04-28 06:15:09,BA,Boeing shares up in premarket as Bernstein upgrades to Buy on improved outlook,"Investing.com -- Bernstein has upgraded Boeing (NYSE:BA) to Outperform from Market-Perform, hiking its price target to $218 from $181, citing a clearer path to growth across both its commercial and defense units.",Yahoo,https://finnhub.io/api/news?id=953e0cb48d907675eb1f695f0aca52382bd3567ff1d8a9172d5aee364e169530
2025-04-28 06:04:14,NVDA,Palantir Q1 Earnings Preview: Nothing Stops The AI Train,"With the latest developments in federal space, Palantir should see a boost in its government revenue. Click here to find out why PLTR stock is a Buy.",SeekingAlpha,https://finnhub.io/api/news?id=7ca361e132321b32596f13559f23578d62f9ac054485d549421b4fd96705c533
2025-04-28 06:00:00,NVDA,1 Artificial Intelligence (AI) Powerhouse That Could Crush Earnings Expectations Next Month,"Nvidia (NASDAQ: NVDA) has a strong history of beating analyst expectations for quarterly earnings and sales.  According to data compiled by Barchart, Nvidia stock has risen on a majority of those earnings beats, but still fell on several occasions.  With so much market and trade uncertainty, it's reasonable to expect a weak earnings announcement from the company next month.",Yahoo,https://finnhub.io/api/news?id=c646383d5de4042d4e259e5ba2e9ccd5fefc02deefb201e1fc50be7bc444f797
2025-04-28 05:53:39,BA,Market Chatter: Riyadh Air Offers to Buy Boeing Jets Blocked From China Amid Trade Tensions,Riyadh Air is ready to purchase Boeing planes originally intended for Chinese carriers if deliveries,Yahoo,https://finnhub.io/api/news?id=4ee8659a397754d54519c9d990503ecd915f4b658b2c42eb6fee6ca44e2dc33d
2025-04-28 05:50:00,TSLA,This Will Determine a Crunch Week for Stock Markets and 5 More Things to Know Today.,"Trump to mark first 100 days with a focus on tariffs and tax cuts, Warren Buffett gears up for annual meeting appearance, and more news to start your day.",Yahoo,https://finnhub.io/api/news?id=cfb783bfc5ccd8689a58f4bd165d95d6eee32ea8f8c775ce34a7f9c7b2edf461
2025-04-28 05:50:00,BA,"Dow's 175-point rally highlighted by gains for shares of Boeing, Caterpillar","Dow's 175-point rally highlighted by gains for shares of Boeing, Caterpillar",MarketWatch,https://finnhub.io/api/news?id=5b91356091aefb076d0bc490b953b80451158b818da5a5213e2fd31a256f5b40
2025-04-28 05:45:55,TSLA,"Microsoft: What To Consider, Ahead Of The Q2-25 Earnings Event",,SeekingAlpha,https://finnhub.io/api/news?id=5da848f456ba2a93c6a81a25b899bd1d43af01ae74765881f3546d710a882a70
2025-04-28 05:39:46,TSLA,Electric Vehicles Today - Off-Highway Electric Vehicles Set for Major Market Growth,"The off-highway electric vehicle (OHEV) market is set to expand significantly, with projections indicating growth from $5.48 billion in 2024 to $56.48 billion by 2034. This expansion is largely driven by the increasing adoption of electric technologies in the construction, agriculture, and mining sectors as they strive to reduce emissions and improve operational efficiencies. Key factors contributing to this growth include technological innovations in battery efficiency, charging...",Yahoo,https://finnhub.io/api/news?id=bef5b83210f4ed9d475e4b578d04c03a63fe82d3e8d1a2a4715361f62d702d33
2025-04-28 05:39:00,NVDA,Where Will SoundHound AI Be in 1 Year?,"Is now the time to buy SoundHound AI, or is patience the smarter move? Here's what investors need to know.",Yahoo,https://finnhub.io/api/news?id=6a91045fda5c15a571b4cfa9e655e5fb99a2e93edb0b007110db36e57a72ba5d
2025-04-28 05:34:42,TSLA,Big Tech’s Earnings Problem Is Estimates May Be Way Too High,"(Bloomberg) -- The last time Big Tech delivered earnings, Donald Trump had just started his term, stocks were soaring on expectations of a pro-growth government agenda and investors’ main worry was how long it would take companies to convert their artificial intelligence spending into profits.Most Read from BloombergNewsom Says California Is Now the World’s Fourth-Biggest EconomyAt Bryn Mawr, a Monumental Plaza Traces the Steps of Black HistoryLos Angeles Downgraded to AA- by S&P Due to Budget W",Yahoo,https://finnhub.io/api/news?id=eea6ed14d54d303d6e04942c2aa97b7a312858aedd6e4b090bf264ea955d8f12
2025-04-28 05:23:34,BA,XLI: The Pick If You Are Bullish On U.S. Manufacturing,"Discover how U.S. manufacturing rebound, government spending, and tariffs could boost industrials.",SeekingAlpha,https://finnhub.io/api/news?id=dd6a1b140aff87954e8c59240f457d321c3ba456210a156e281f83ac7f401cc4
2025-04-28 05:23:29,NVDA,"Huawei, Nvidia's Chinese nightmare",Huawei GPUs are gaining ground in China and could soon relegate Nvidia to second place. A worst-case scenario seems to be unfolding for the Santa Clara-based company.,Finnhub,https://finnhub.io/api/news?id=4598f82eb485d55a1d7eef84bffbb6b6377741b61e871c09ed4a5c2433cebddc
2025-04-28 05:08:45,NVDA,Tariffs Won't Stop The AI Revolution,"Despite recent tariff setbacks, AI-related growth remains robust, with Amazon and Nvidia executives optimistic about the segment's future in today's uncertain market. Read the latest here.",SeekingAlpha,https://finnhub.io/api/news?id=89a356026d1621f51b7153fbcb95cb98b91c6612cc9ab08e5294e294ec7265a2
2025-04-28 05:03:28,BA,"US aviation industry slammed by tariffs, seeks exemptions","CHICAGO (Reuters) -The U.S. aviation industry, reeling from President Donald Trump's trade war and a slump in travel demand, is lobbying the White House for exemptions from tariffs.  Industry officials have held meetings with senior members of the Trump administration including the President, asking them to restore the tariff-free regime under the 1979 Civil Aircraft Agreement, under which the sector enjoyed a $75 billion annual trade surplus.  Trump's tariffs have ended its decades-old duty-free status.",Yahoo,https://finnhub.io/api/news?id=6f6d2e3981ac11b1100b9599f497572348bc399b69a01869e1cbc3246fccfcda
2025-04-28 05:03:01,TSLA,BYD: A Winner Of The Trade War,"Discover why BYD's stock is soaring past Tesla with advanced FSD tech, dominance in China's NEV market, and minimal tariff impact.",SeekingAlpha,https://finnhub.io/api/news?id=94459fa2bb4402858724ee3daab1906cd4cbe944debd63c6a2017ad4f62309c5
2025-04-28 05:00:00,TSLA,"Most large cryptocurrencies decrease on Dogecoin, Avalanche drops","Most large cryptocurrencies decrease on Dogecoin, Avalanche drops",MarketWatch,https://finnhub.io/api/news?id=55bfe71b415f03ea62a050d4a64c4ea6be7b410f8e3e1a1e19faccc6dd61688c
2025-04-28 04:52:41,TSLA,Dow Jones Rises As Nvidia Slides On New China AI Chip; Tesla Extends Rally,Dow Jones Rises As Nvidia Slides On New China AI Chip; Tesla Extends Rally,DowJones,https://finnhub.io/api/news?id=b18483a8fcdf8be8cf07de6eaffaf7c942d77d6443d7618a686efbea73bd0a00
2025-04-28 04:47:27,BA,"Riyadh Air willing to buy Boeing planes from cancelled Chinese orders, CEO says","DUBAI (Reuters) -Riyadh Air CEO Tony Douglas said on Monday the Saudi startup carrier would be ready to buy Boeing aircraft destined for Chinese airlines if they are not delivered due to the escalating trade war between the United States and China.  Boeing is looking to resell potentially dozens of planes locked out of China by tariffs after repatriating a third jet to the United States in a delivery standoff that drew new criticism of Beijing from U.S. President Donald Trump.  ""What we've done... is made it quite clear to Boeing, should that ever happen, and the keyword there is should, we'll happily take them all,"" Douglas said in an interview with Reuters on the sidelines of the Arabian Travel Market conference.",Yahoo,https://finnhub.io/api/news?id=5bad7b6a6e448cb5d107c0e8e79ee687b4cc6c6b839d0e8fcf590653921f27bd
2025-04-28 04:45:00,BA,"Boeing, Goldman Sachs share gains contribute to Dow's 280-point jump","Boeing, Goldman Sachs share gains contribute to Dow's 280-point jump",MarketWatch,https://finnhub.io/api/news?id=fc1c1378d89193d31e846b12de2727d91702d2b20c596ae69a35c4bbfbc4a470
2025-04-28 04:31:00,BA,Airbus Reaches Deal to Buy Spirit AeroSystems Plants,"Airbus will buy some Spirit AeroSystems facilities that make parts for its jets, moving to take direct control of production in a bid to stabilize supply chains after months of disruption.",Yahoo,https://finnhub.io/api/news?id=60d0938b5b4dee83af6502e2965458012dec6ed99aa786656a66ac2332ab6491
2025-04-28 04:30:00,TSLA,CGGR: The ETF If You Can't Stomach Volatility But Still Want Tech Exposure,"CGGR is a diversified ETF focusing on superior growth companies, with a 6.6% YTD decline presenting an attractive long-term accumulation opportunity. Read why I rate CGGR as a buy.",SeekingAlpha,https://finnhub.io/api/news?id=66d39f07d50bc31ebae5ad1d5c432dac638550a9001370c38a4a6560ecb70a2c
2025-04-28 04:30:00,TSLA,The Tesla Story Few See Coming,"Teslaâs AI-driven vision system, rising energy revenues, and misleadingly high P/E make the current valuation compelling. See why TSLA stock is a strong buy.",SeekingAlpha,https://finnhub.io/api/news?id=cf85660f5b352330f985751a21b9f278d06a3f51670064e09965de0bfe0e56ca
2025-04-28 04:00:52,TSLA,Tesla is in worse shape than you think,"How bad are things at Tesla? So bad that it would have lost money in the first three months of the year had it not been the sale of regulatory credits, credits that could be going away if the Trump administration gets its way on auto emissions rules.",Yahoo,https://finnhub.io/api/news?id=65d105cfed33cd3da2703ebc9ac29d7091087728fab0bef3112c82e4c05f0962
2025-04-28 04:00:00,TSLA,BYD is coming for Tesla's lunch,A version of this article originally appeared in Quartz’s members-only Weekend Brief newsletter. Quartz members get access to exclusive newsletters and more. Sign up here.,Yahoo,https://finnhub.io/api/news?id=4482b48ecb35719ad58aef570129c8e9eec68e8653a20e938ae3923108f05565
2025-04-28 03:48:56,BA,"Riyadh Air CEO on Tariffs, Cabins, Orders, Deliveries","Riyadh Air CEO Tony Douglas speaks to Bloomberg's Joumanna Bercetche about the carrier's cabin design, existing aircraft orders, and the impact tariffs could have on the broader aviation sector.",Yahoo,https://finnhub.io/api/news?id=2fa7762de39508f283cc53d2b1397df269c2f8bb76efc91cb6e78a97834b814e
2025-04-28 03:13:50,TSLA,"Dow Jones Futures Await Earnings Wave, Trump Tariff News; 7 Stocks Near Buy Points","Dow Jones Futures Await Earnings Wave, Trump Tariff News; 7 Stocks Near Buy Points",DowJones,https://finnhub.io/api/news?id=20d191e02bdc165f0ba11e044157285879c8f8635199ade8dc22445a01d764ea
2025-04-28 03:00:00,NVDA,O'Keefe Stevens Advisory Q1 2025 Investor Letter,OâKeefe Stevens Advisory recently released their Q1 2025 letter. Click here to read the full letter. ,SeekingAlpha,https://finnhub.io/api/news?id=a61f441e8a29308030162537f882c922dfdb8cf63a18242263636373ff53667e
2025-04-28 02:30:00,NVDA,The Market May Be About To Get Turned Upside Down,"With the rise of AI, traditional index funds like SPY and QQQ could face challenges. Read why infrastructure and farmland could become the biggest winners.",SeekingAlpha,https://finnhub.io/api/news?id=e9623ed64cb59af2bc6e6996fd5a3e7c0b99b744a110dd5af3d0ebf5f19e7f10
2025-04-28 02:29:00,NVDA,Templeton Growth Fund Q1 2025 Commentary,"The core of our investment process relies on performing a thorough fundamental stock research, taking a long-term view and focusing strongly on valuation.",SeekingAlpha,https://finnhub.io/api/news?id=cf0251472310e1f8cadd85967ac61a7e883bc26349a0ab961ccc682af4056170
2025-04-28 01:47:46,NVDA,Wall Street Breakfast Podcast: Huawei Preps AI Chip To Challenge Nvidia: Report,Huawei preparing to test latest AI chip to challenge Nvidia (NVDA): report. Merck KGaA to buy Springworks for $3.9 billion. CrowdStrike unveils new AI agents for cybersecurity.,SeekingAlpha,https://finnhub.io/api/news?id=a55df481178f519626797c82fe75f844da7e0389502062ff8a3ac6b7e9c80e29
2025-04-28 01:34:00,TSLA,ClearBridge Large Cap Growth Portfolios Q1 2025 Commentary,The S&P 500 Index declined 4.27% while the benchmark Russell 1000 Growth Index (RLG) fell 9.97%. Click here to read more.,SeekingAlpha,https://finnhub.io/api/news?id=2e92a8f7b937927939ca9347888da879ca6c08a86154d429849d4b2c6ffde3b5
2025-04-28 01:11:11,BA,Joint Development Agreements And Trade Secrets - Sweat The Small Stuff,"Joint development, or teaming agreements regularly anticipate one party disclosing trade secret subject matter to its counterparty to facilitate the joint development effort. While most JDAs involve...",Finnhub,https://finnhub.io/api/news?id=f737498311841432dd8d1ebf69ff458cf116cf91879b850cd302d118c3e09248
2025-04-28 00:59:09,TSLA,Why Tesla Stock Rose Despite Poor Earnings,Teslaâs innovation-led strategy and industry leadership contrast with short-term financial softness and speculative enthusiasm. Read why TSLA stock is a hold.,SeekingAlpha,https://finnhub.io/api/news?id=a92600fd8c0732b075163de94c67c40866df71f3c8a907a8023e03651e92c618
2025-04-28 00:03:34,NVDA,Nvidia's Price Falling To Reasonable Levels,"NVIDIA has expanded beyond gaming into data centers, AI, and autonomous vehicles. Read why I remain neutral on NVDA stock.",SeekingAlpha,https://finnhub.io/api/news?id=03a219443845eb8f622d5c6a5651e054732eee4b4631bb0ff741a9d74f128255
2025-04-28 00:02:00,TSLA,"Kia will offer its new electric EV4 next year, with unique looks that can’t be pigeon-holed","Kia will offer its new electric EV4 next year, with unique looks that can’t be pigeon-holed",MarketWatch,https://finnhub.io/api/news?id=df5fd4e1cd4bda5499923c5306c8f42d057b8f8b24032e204f8cabad1b1d3bbe
2025-04-27 23:12:06,BA,Unions warn on UK jobs as Airbus reaches Spirit Aero factory deal,"Airbus finalised an agreement on Monday to take over some plants from Spirit AeroSystems in a carve-up of the struggling supplier with rival Boeing, as unions voiced fears over thousands of jobs in Northern Ireland and Scotland.  The deal comes months after Boeing agreed to buy back its main fuselage supplier, two decades after spinning it off for $4.7 billion in stock, while Airbus moved to take on Spirit's loss-making Europe-focused activities.  The unprecedented coordinated decision between planemakers to prevent a collapse of the world's largest independent aerostructures supplier follows years of financial pressure on Spirit, brought to a head by Boeing's recent 737 MAX crisis.",Yahoo,https://finnhub.io/api/news?id=becff465859f1f01aadedab927abd7c6f336a4fdc665dd33bf84a21692725495
2025-04-27 22:55:35,TSLA,Tesla Is Facing Near-Term Hurdles And Doubling Down On A 'Real World' AI Future (Rating Downgrade),Tesla's Q1 2025 earnings call highlighted challenges in vehicle deliveries due to factory updates & brand hostility. See why I downgrade TSLA from hold to sell.,SeekingAlpha,https://finnhub.io/api/news?id=b5308cc102c12134f352483eed270cb4757202e4dad8bdf27db02ac65013e596
2025-04-27 22:40:00,NVDA,"China’s Huawei Develops New AI Chip, Seeking to Match Nvidia","China’s Huawei Develops New AI Chip, Seeking to Match Nvidia",DowJones,https://finnhub.io/api/news?id=f5cf7c8573bc19df8a907ca0bcd84a701d1e49915594e702d79aa446f9a90259
2025-04-27 22:09:52,BA,The Boeing Company (BA): Among the Best Military Drone Stocks to Buy Now,"We recently published a list of the 10 Best Military Drone Stocks to Buy Now. In this article, we will take a look at where The Boeing Company (NYSE:BA) stands against other best drone stocks. Modern warfare is rapidly evolving from being the sole domain of soldiers, tanks, and fighters. Swarms of UAVs, guided by […]",Yahoo,https://finnhub.io/api/news?id=3f0555b3df01d4ba0f6a61533cbdfe9baffa57822a354b9755a06bed33fc162f
2025-04-27 20:01:02,NVDA,Intel: It Could Get Worse Before It Gets Better,Intel's stock remains under pressure after a mixed 1Q FY2025 earnings report and a weak outlook. See why I maintain my hold rating on INTC.,SeekingAlpha,https://finnhub.io/api/news?id=a257b3c17dcee73a3f76eab8bb32ae3861b15530143e9cf4d1195d387b1a4f96
2025-04-27 18:02:00,TSLA,ClearBridge Large Cap Growth Fund Q1 2025 Commentary,"The S&P 500 Index declined 4.27% while the benchmark Russell 1000 Growth Index (RLG) fell 9.97%, trailing its value counterpart by over 1,200 basis points.",SeekingAlpha,https://finnhub.io/api/news?id=c5382aa45a906d8a8f0fd4f09e661c99fde4fdc5a873e332a6b84cee15c72c09
2025-04-27 17:42:17,NVDA,Hewlett Packard: Why It's Too Unstable To Buy Right Now,Hewlett Packard Enterprise's AI revenues are facing demand and supply side headwinds but are expected to accelerate in H2 FY25. See why HPE stock is a Hold.,SeekingAlpha,https://finnhub.io/api/news?id=c1e88017f18d5d092967a50de6770d5a8652988b3a8b7425e330c87b1d5ded5d
2025-04-27 16:02:00,NVDA,The Boyar Value Group's Q1 2025 Letter,"After notching a record high on February 19th, the S&P 500 closed the quarter down 4.6%, its worst performance since 3Q2022. Read more here.",SeekingAlpha,https://finnhub.io/api/news?id=272eff22fe9eb94697e1b5b1a7e674532401f62c4debe59d7c9154782f6efcc2
2025-04-27 15:00:00,NVDA,Nvidia: False Narrative,Nvidia's impressive FQ1 guidance of $43 billion and solid AI growth make it an attractive investment. Find out why NVDA stock is rated buy.,SeekingAlpha,https://finnhub.io/api/news?id=f656c979c0a7d19730083090c9efaa802c23d1e84c8e5bfae4f6107242a2d09e
2025-04-27 10:25:00,TSLA,"Elon Musk’s popularity has fallen since he gained power in Washington, poll finds","Elon Musk’s popularity has fallen since he gained power in Washington, poll finds",MarketWatch,https://finnhub.io/api/news?id=4cd1f79598e4da70023c082bd3ebd7a50a87d1c7ad7a0a85700db7a771563ab8
2025-04-27 07:44:00,TSLA,Tesla’s 2025 Sales Started Out Slow. A New Lease Deal Could Change That.,Tesla’s 2025 Sales Started Out Slow. A New Lease Deal Could Change That.,MarketWatch,https://finnhub.io/api/news?id=96fbe4ee3e94a7a5146955177a5958661ab397620ee8a68d6742fa1b0c96d311
2025-04-27 07:00:00,NVDA,"The More It Underperforms, The More I Buy",Recent sector surges hide undervalued stocks with major upside potential. Check out why these market laggards are great buys today.,SeekingAlpha,https://finnhub.io/api/news?id=cb6af0257ac1ad292083025b768003db48faea5fc7b5c87e2a16e7052a85adac
2025-04-27 05:06:00,BA,SpaceX Trounces Boeing and Lockheed as Space Force Hands Out $13 Billion in Launch Contracts,"There are a lot of space company winners in this new space launch contract, but only two losers: Boeing and Lockheed Martin.",Yahoo,https://finnhub.io/api/news?id=077c466f65bb435ba9d29a05b8731d50bfaf2e1a85b0d96495d09ea589a33164
2025-04-27 04:00:00,NVDA,Intel: Is Hope Enough? I Wouldn't Bet On It (Upgrade To Hold),"Intel's recovery faces significant hurdles, including the US-China trade tensions and competition. Read why I upgrade INTC stock from sell to hold.",SeekingAlpha,https://finnhub.io/api/news?id=9c03a735179a47abd48e2766335fe033df1bdaf8ddf6011336f175ebf11c3385
2025-04-27 02:50:00,TSLA,Tesla Stock Investors: Elon Musk Expects 99% Market Share in This Trillion-Dollar Industry,"Every metric of consequence -- deliveries, revenue, operating margin, and earnings -- declined as the company lost market share across China, Europe, and the United States.  Tesla is on track to launch its first robotaxi service in Austin, Texas, by June, and Musk predicted the company would eventually have ""99% market share or something ridiculous.""  For instance, Morgan Stanley recently wrote, ""Assuming that the autonomous providers are paid per mile that they drive, the industry could have an addressable market of over $1 trillion per year just in the U.S."" Similarly, Uber CEO Dara Khosrowshahi recently said, ""The U.S. market alone is a trillion-dollar opportunity.""",Yahoo,https://finnhub.io/api/news?id=d52a5420a17f10e64bf1a4eb0d01e57c6b0886fbc70e6e0d4e5feba0784983f8
2025-04-27 02:45:00,NVDA,"2 Artificial Intelligence Stocks to Buy With $2,000","The stock market has gotten off to a rocky start this year, but market volatility is a small price to pay for the large gains of holding shares of a great business over many years.  If you put your money in the right growth stocks, you can build wealth that lasts for generations.  The following AI stocks would make solid additions to a well-rounded portfolio of growth investments.",Yahoo,https://finnhub.io/api/news?id=9e20aa4b7ffdef47ce24e9db33efe568ba0cec253265195eddea446896c75075
2025-04-27 02:01:34,BA,Woodward (WWD) To Report Earnings Tomorrow: Here Is What To Expect,Aerospace and defense company Woodward (NASDAQ:WWD) will be reporting earnings tomorrow afternoon. Here’s what to expect.,Yahoo,https://finnhub.io/api/news?id=4961c15bbbd501420e0c9d4b5cea637f73125ab711ee995960f89a2a949a57e0
2025-04-27 01:02:28,TSLA,Tesla: The 'Musk Put' Is In Play,"Tesla reported its Q1 FY25 earnings on 22nd April, where total revenue declined 9% YoY. Read why I remain bullish on TSLA stock.",SeekingAlpha,https://finnhub.io/api/news?id=b4964cb1cd674f1180a51db7185effe35548201ff50d81fc3271e58febe875c8
2025-04-27 00:17:56,TSLA,Tesla's Poor Earnings Reaffirms Our Top Short Pick,"Tesla's Q1 2025 results show declining revenues, weak demand, and increased competition.",SeekingAlpha,https://finnhub.io/api/news?id=82ce363a58db80a53b1d2c335e5075857a1975d9b74019ab3a968e496668f6da
2025-04-26 20:00:00,NVDA,A Reckoning for the Magnificent Seven Tests the Market,"Alphabet, Amazon, Apple, Meta, Microsoft, Nvidia and Tesla are collectively off to their worst start since the 2022 slide, worrying investors.",Yahoo,https://finnhub.io/api/news?id=8d2a75cb2544fa9ad08338906a498e786f8fbbab447a7737e07d77832fcd4484
2025-04-26 19:45:32,TSLA,Alphabet Q1: The Top Risk-Averse Stock Positioned For A 2026 Boom,Alphabet's Q1 2025 demonstrates exceptional resilience in turbulent markets. See why GOOGL stock is an ideal pick ahead of the anticipated 2026 economic rebound.,SeekingAlpha,https://finnhub.io/api/news?id=6f3747a5dacc4e23e93c7d8d06fca11873b95406ed0324aa9215bb27bebc36f0
2025-04-26 19:02:00,TSLA,Dyspro-What? Why an Obscure Element Has the EV Industry in a Panic,Dyspro-What? Why an Obscure Element Has the EV Industry in a Panic,DowJones,https://finnhub.io/api/news?id=cac754f489e629fe1f075163062d79f17723461ca5d25689557df91962d06348
2025-04-26 14:29:28,TSLA,Why Tesla Inc. (TSLA) Soared Last Week,"We recently published a list of Why These 10 Firms Recorded Double-Digit Gains Last Week. In this article, we are going to take a look at where Tesla Inc. (NASDAQ:TSLA) stands against other firms that recorded double-digit gains last week. Ten companies finished the past trading week on a high note, outperforming the three major […]",Yahoo,https://finnhub.io/api/news?id=4d62de91bd848d14fa21a605dd3c92e3255625a2a3e5f7d136431981621f744e
2025-04-26 14:00:00,BA,Private Credit’s Cracks Widened Before Turmoil,"(Bloomberg) -- The companies that get private credit loans are looking increasingly wobbly and banks are among those that could eventually be on the hook for losses.Most Read from BloombergWhy Car YouTuber Matt Farah Is Fighting for Walkable CitiesNewsom Says California Is Now the World’s Fourth-Biggest EconomyBackyard Micro-Flats Aim to Ease South Africa’s Housing CrisisAt Bryn Mawr, a Monumental Plaza Traces the Steps of Black HistoryLos Angeles Downgraded to AA- by S&P Due to Budget WoesMany",Yahoo,https://finnhub.io/api/news?id=a5948622f316b2086f8ab62246f05cdd3717750f4adb0e00625afef98e266a22
2025-04-26 13:25:00,NVDA,1 No-Brainer AI Stock Down 27% to Buy the Dip on Right Now (Hint: It's Not Nvidia),"Taiwan Semiconductor Manufacturing, often known as TSMC, is the world's biggest contract semiconductor, handling more than 50% of contract chip production in the world, and an estimated 90% of contract production for advanced chips.  TSMC is now one of the most valuable companies in the world, and it's the company that tech titans like Apple, Nvidia, Broadcom, Advanced Micro Devices, and Qualcomm, among others, making it a linchpin in the global technology supply chain.  TSMC has delivered impressive growth through the AI era, and the company benefits from significant competitive advantages in capacity, expertise, technology, and customer relationships.",Yahoo,https://finnhub.io/api/news?id=83a2de75833f26bbbb93cdc4f9f7d7f143240e3e7fd3c7f0cf04e987727d3e37
2025-04-26 13:24:28,TSLA,"Ross Gerber Says Elon Musk A 'Negative' For Tesla Stock, Trump's Win Proved 'Not Good At All' For Company","Tesla (NASDAQ:TSLA) shares have been under pressure as the company faces falling demand for its vehicles all over the world and a brand crisis amid CEO Elon Musk's involvement in politics. The stock has lost 33% in value so far this year. Tesla's deliveries fell 13% in the first quarter year over year, while sales in Europe dropped a whopping 49% in the first two months of the quarter. Ross Gerber, the co-founder and CEO of Gerber Kawasaki Wealth & Investment Management, said in an interview wit",Yahoo,https://finnhub.io/api/news?id=831f89787893613acfc1224d4e37d4880b78ac87a79d2c3471d751284cb7f29b
2025-04-26 13:14:00,TSLA,"Tech Executives Are Starting to Talk Tariffs. What It May Mean for Apple, Amazon Earnings.","Amazon, Apple, Meta, and Microsoft will need to address tariffs on earnings calls next week. Tech executives are sounding alarms.",Yahoo,https://finnhub.io/api/news?id=dd8d3f2d0cf04892de7ff792fd33ae6e9f036367f41c219b2b34278f3e3f1e4e
2025-04-26 11:25:28,TSLA,"Tesla refunds show India entry may be near, Bloomberg reports","Tesla’s (TSLA) India office is refunding early reservations of its Model 3, a sign the company is planning to start sales in the country, Alisha Sachdev of Bloomberg reports, citing emails. Customers who had made reservations bookings back in 2016 received an email, saying in part, “When we finalize our offerings in India, we will reach out in the market again. We hope to see you back with us once we are ready to launch and deliver in your country.” Days ago, Elon Musk said in a post on X that h",Yahoo,https://finnhub.io/api/news?id=26b55ed0043965054502a1ef18fa71969dcd57712346465d24c97823221ce53a
2025-04-26 11:21:33,TSLA,"A New Community Of Homes Powered By Tesla Tech Is Selling Out Fast, Facing 'No Issues With Trump and Musk Backlash'","Amidst the controversy surrounding Elon Musk, it’s sometimes easy to forget that Tesla (NASDAQ:TSLA) has been at the forefront of clean energy adoption worldwide. It makes sense, then, that Tesla’s tech is powering the company’s first home community. Consisting of 11 homes in Houston, Realtor.com reports that the properties are attracting intense buyer interest, despite recent vandalism experienced by Tesla car owners and showrooms. “We have honestly had no issues with Trump and Musk backlash. I",Yahoo,https://finnhub.io/api/news?id=123efa8f32354feed8bf24367198187dd660c094baabee6d0ba67dc9c589645a
2025-04-26 09:29:45,NVDA,Analyst on NVIDIA (NVDA): ‘Everyone Is Confirming Demand is Crazy’,"We recently published a list of Top 10 Stocks to Watch Ahead of May. In this article, we are going to take a look at where NVIDIA Corporation (NASDAQ:NVDA) stands against other top stocks to watch ahead of May. Aswath Damodaran from NYU Stern School of Business said in a latest interview with CNBC that […]",Yahoo,https://finnhub.io/api/news?id=b173d2cadab47a9e7533b8eb3245e3e3cd9af2109e00f203399a1482c7822219
2025-04-26 09:22:45,NVDA,NVIDIA Corporation (NVDA) Maintains AI Leadership Amid Export Headwinds and GB200 Launch,"We recently published a list of 10 AI Stocks That Will Skyrocket. In this article, we are going to take a look at where NVIDIA Corporation (NASDAQ:NVDA) stands against other AI stocks that will skyrocket. AI (Artificial Intelligence) isn’t just a buzzword anymore—it’s becoming a part of our everyday lives, from the apps we use […]",Yahoo,https://finnhub.io/api/news?id=a7ad8761243b8c95ba51b7293b35c580795c26b8f52b058d3986c4ae74479cbd
2025-04-26 09:20:59,TSLA,"Tesla, Inc. (TSLA) Faces Weak Q1 Auto Revenues but Stresses Long-Term AI and Robotics Vision","We recently compiled a list of the 12 AI Stocks Analysts Are Talking About Right Now. In this article, we are going to take a look at where Tesla, Inc. (NASDAQ:TSLA) stands against the other AI stocks. Latest reports from the IMF reveal that economic gains from artificial intelligence are likely to outweigh the costs of rising […]",Yahoo,https://finnhub.io/api/news?id=26c105bfcd72201923cfe0ba4384f32d2c1da22cde18576373a1d7e9cbd71c26
2025-04-26 09:13:00,TSLA,Artificial Intelligence (AI) Investors Keep Watching Tesla for Robotaxis. But Billionaire Bill Ackman May Have Just Identified An Even Bigger Opportunity,"Autonomous driving presents an enormous opportunity for Tesla's future, but the company is not the only one exploring robotaxi services.",Yahoo,https://finnhub.io/api/news?id=93739d4ecf5b7cf06c203528b06d54a648d5cb5cf22e854515851e1d19869bbe
2025-04-26 08:45:00,NVDA,"Contrarian Opinion: Tariffs, Inflation, and Recession Fears Could Be a Tailwind for This Retail Stock and Propel It to a $1 Trillion Valuation",President Trump's new tariffs could cause prices to rise for consumers and induce a period of slowing economic growth.,Yahoo,https://finnhub.io/api/news?id=6f1a92cd75bcdb4148874024e11b0db76693e5b49b84090a58cebf4a2b5818cc
2025-04-26 08:26:58,TSLA,"Tesla Vs. BYD: EV Giants' Earnings Diverge Wildly, But Both Stocks Soar","BYD's Q1 net income doubled vs. a year earlier, passing Tesla for the first time. Tesla earnings dived, but Elon Musk is still bullish on robotaxis. Both stocks soared.",Yahoo,https://finnhub.io/api/news?id=f0375a028b98167e373d4c0d227937767d7ed0dc378250ff779f51820c8d1a69
2025-04-26 08:15:00,NVDA,Better Artificial Intelligence Stock: Rigetti Computing vs. Nvidia,"Two popular stocks among tech investors lately are Rigetti Computing (NASDAQ: RGTI), which makes quantum computing hardware and software, and the semiconductor company Nvidia (NASDAQ: NVDA).  While Nvidia is a much more direct bet on the booming artificial intelligence (AI) market, Rigetti's quantum computing systems are integrated into some existing AI.  Both stocks have soared, too, with Rigetti up 34% and Nvidia skyrocketing 342% over the past three years, compared to the S&P 500's 15% rise.",Yahoo,https://finnhub.io/api/news?id=d461b22c4e39cdfd611b9d4f2b9603e7f3b9a0a489bfe9c9e688ebe27c13530a
2025-04-26 08:03:00,TSLA,Experts sound alarm on Elon Musk's misguided Tesla plan,The company is trying to pull off something that seems impossible to many.,Yahoo,https://finnhub.io/api/news?id=f77ee4a3077f62b3172e34165ae4b349c7342885984194929758d994f34ad7cf
2025-04-26 08:00:00,NVDA,"Nvidia stock slides, Apple gets a warning, and Tesla short-sellers cash in: Markets news roundup",Nvidia (NVDA) stock fell more than 6% Monday as investors digested growing fallout from the Biden and Trump administrations’ efforts to curb the company’s chip sales to China.,Yahoo,https://finnhub.io/api/news?id=96c9f1644e9f9a0de3fda7899c66e579d423ba99b270c778a074c86e8ca605dc
2025-04-26 07:25:00,NVDA,2 Cheap Tech Stocks to Buy Right Now,These once high-flying tech stocks have had their wings clipped in 2025.,Yahoo,https://finnhub.io/api/news?id=f03a8c4bb2db6473434a5d99b4e9a0a905e798aebd7e03296af0f11e3d77e218
2025-04-26 07:16:50,TSLA,"Tesla, Inc. (TSLA) Bets on Full Self-Driving and Optimus Robots as AI Future Accelerates","We recently published a list of 10 AI Stocks That Will Skyrocket. In this article, we are going to take a look at where Tesla, Inc. (NASDAQ:TSLA) stands against other AI stocks that will skyrocket. AI (Artificial Intelligence) isn’t just a buzzword anymore—it’s becoming a part of our everyday lives, from the apps we use […]",Yahoo,https://finnhub.io/api/news?id=9a0336221e69e9afb323391a4870361dfb0b3fdb1fc4832e038bef4b1f004f42
2025-04-26 07:13:45,NVDA,Is NVIDIA Corporation (NVDA) the Most Promising Stock According to Analysts?,"We recently published a list of the 11 Most Promising Stocks According to Analysts. In this article, we are going to take a look at where NVIDIA Corporation (NASDAQ:NVDA) stands against other promising stocks. On April 23, Stephen Parker, JPMorgan Private Bank co-head of global investment strategy, joined ‘Squawk Box’ on CNBC to express that […]",Yahoo,https://finnhub.io/api/news?id=3e11a25efa849e28257072785960c1a13ad25c9029e1c79c0350f7083d6ba5b7
2025-04-26 06:00:00,NVDA,Nvidia Is Nearly Cheaper Than the S&P 500 Using This 1 Important Metric. Is It Time to Buy?,"Nvidia (NASDAQ: NVDA) has been notorious for being a high-growth, highly valued stock since its run began in early 2023.  Now, it's nearly the same price as the S&P 500 (SNPINDEX: ^GSPC), which is an odd thing to say considering how much growth Nvidia is expected to put up over the next few years.  By definition, forward earnings haven't been achieved yet; they're just projections.",Yahoo,https://finnhub.io/api/news?id=ec51f33e9b5407685febd7ad264b31628ecd88cb60cff66690e1fa60ce11b012
2025-04-26 05:55:00,TSLA,"Tesla Stock Climbs Despite Pulling Guidance, but Is More Downside Ahead?","Despite an abysmal quarter on nearly every metric, shares of Tesla (NASDAQ: TSLA) climbed even after the electric vehicle (EV) maker pulled its guidance for the year.  The stock's rise can be attributed to CEO Elon Musk pledging to spend more time running the company instead of overseeing the Department of Government Efficiency (DOGE).  Musk also continued to hype Tesla's robotaxi and artificial intelligence (AI) ambitions.",Yahoo,https://finnhub.io/api/news?id=269e20373f3e097ba3887fc19c7f2ecd950e86eb379c442c447b8cee5ce220a2
2025-04-26 04:07:00,TSLA,"Members of Congress Are Buying This Beaten-Down ""Magnificent Seven"" Stock (Hint: It's Not Nvidia or Tesla)","The U.S. Congress might not be the place you want to look for guidance on anything financial-related.  After all, the national debt is over $36.7 trillion and growing, and every penny of the money spent by the federal government had to be approved by Congress.  It doesn't make sense to mimic anyone's stock trades without thought, but Congress can be a place to find stocks worth checking out.",Yahoo,https://finnhub.io/api/news?id=ce8c2ce462534c03fa5e2873b46e3a080363277367ad85feeeb604afa04e3760
2025-04-26 04:00:00,NVDA,It’s time to buy tech stocks: 4 ways to find winners while the market is down,It’s time to buy tech stocks: 4 ways to find winners while the market is down,MarketWatch,https://finnhub.io/api/news?id=f61969f5cf929d6306b5b2e8c7b3009aef80fbd7d31405ca1968b7fcbbdb5442
2025-04-26 04:00:00,NVDA,"Better Buy Now: Gold at $3,500 or an S&P 500 Index Fund?","Meanwhile, the S&P 500 (SNPINDEX: ^GSPC) is in a correction.  Below I'll discuss why gold is doing so well, different ways to invest in gold -- including through an exchange-traded fund (ETF) -- and if gold is a better buy than an S&P 500 index fund.  Gold prices are up over 30% year to date at the time of this writing, compared to a 12.3% sell-off in the S&P 500.",Yahoo,https://finnhub.io/api/news?id=65beea020879a79d18e970a9efd34bbe46f5b779c56b63b8396b3b48bf11b807
2025-04-26 03:42:46,TSLA,Why Tesla Inc. (TSLA) Went Up On Friday,"We recently published a list of These 10 Firms Led Friday’s Rally, Here’s Why. In this article, we are going to take a look at where Tesla Inc. (NASDAQ:TSLA) stands against other firms that led Friday’s rally. The stock market ended the week stronger with all its major indices closing higher as investors repositioned portfolios […]",Yahoo,https://finnhub.io/api/news?id=c628c52609336e1b891b6cb3909cbae619ecd182c235d71bb6421541e0626550
2025-04-26 03:18:00,NVDA,Is Nvidia an Undervalued Growth Stock or a Falling Knife?,The AI chipmaker is becoming a divisive investment in this choppy market.,Yahoo,https://finnhub.io/api/news?id=8288518d781ca01bdafb5c7b0427571824c1fe5cc8f068cda76d5c54f6618c68
2025-04-26 03:15:00,TSLA,A Big Market Reversal Might Be Coming In 2025,We will still likely face a recession. See which investments are poised to outperform amid a potential recession and trade war resolution.,SeekingAlpha,https://finnhub.io/api/news?id=7050ea206420403c0c47d08179210238b7f66cf311225db019e11774a0e7864b
2025-04-26 03:05:00,TSLA,Better EV Stock: Lucid vs. Tesla,"Tesla (NASDAQ: TSLA) has been the role model for a host of electric vehicle (EV) start-ups.  What has Tesla achieved?  From a big-picture perspective, Tesla has gone from a money-losing start-up to a sustainably profitable business.",Yahoo,https://finnhub.io/api/news?id=40d3dc63cdcbf574758407801c108b9e1672f46ae572115bcb4e27f01f8ce9ae
2025-04-26 03:00:00,NVDA,5 Best CEFs This Month For Yields Up To 15% (April 2025),"Read here for an analysis of 5 top CEFs with high distributions, solid track records, and unique discounts, perfect for income investors.",SeekingAlpha,https://finnhub.io/api/news?id=92f6fde472f0f7d1aad43f00c3e261e9356d999b83967de91340ac47aa791c2d
2025-04-26 01:45:39,BA,What Moved Markets This Week,U.S. stocks recorded the second-best weekly advance of 2025 on Friday as tariff concerns eased. Read more about this week's major events on Wall Street.,SeekingAlpha,https://finnhub.io/api/news?id=9cbd8576e561e89b433c0b95f43fbbd1c93dda3f91d0ece9b74ac2a1e8fbff09
2025-04-25 23:28:23,NVDA,NVIDIA Corporation (NVDA): Among Billionaire Steve Cohen’s Large-Cap Stock Picks With Huge Upside Potential,"We recently published a list of Billionaire Steve Cohen’s 10 Large-Cap Stock Picks With Huge Upside Potential. In this article, we are going to take a look at where NVIDIA Corporation (NASDAQ:NVDA) stands against other billionaire Steve Cohen’s large-cap stock picks with huge upside potential. What does the future hold for the US economy and […]",Yahoo,https://finnhub.io/api/news?id=df22ef6639f421204c067a59cea40eb373002b77f97b24328702bc70f644fa00
2025-04-25 22:46:25,TSLA,"Elon Musk Is $122 Billion Poorer In 2025, And Still Richer Than Bezos, Huang, Cuban Combined","Tesla Inc (NASDAQ:TSLA) stock ended 2024 on a high note with shares hitting all-time highs in December, helping boost the wealth of CEO Elon Musk. The start of 2025 has been anything but the same, with shares down and Musk's wealth falling by more than $100 billion. What Happened: Musk ended 2024 as the world's richest person worth an estimated $432 billion. The Tesla CEO added $203 billion to his wealth in 2024 and was the first person in the world to hit the $400 billion milestone. As Benzinga",Yahoo,https://finnhub.io/api/news?id=17d294cc57ba44e6ea85327a34412b108f6982260f8aa3cc8caa6bb924d7d6e7
2025-04-25 22:11:44,TSLA,Toyota Chairman Proposes Record Buyout of Its Supplier at $42 Billion Valuation,"(Bloomberg) -- Toyota Motor Corp. Chairman Akio Toyoda has proposed a buyout of Toyota Industries Corp., people familiar with the matter said, seeking to consolidate his grip on Japan’s biggest business empire as a wave of merger and acquisition activity roils the country.Most Read from BloombergWhy Car YouTuber Matt Farah Is Fighting for Walkable CitiesNewsom Says California Is Now the World’s Fourth-Biggest EconomyBackyard Micro-Flats Aim to Ease South Africa’s Housing CrisisAt Bryn Mawr, a Mo",Yahoo,https://finnhub.io/api/news?id=812da0b75fbee3fcda08bc73e37d8da0ceb7d07c57b5caf62b058d3aff834874
2025-04-25 19:04:26,BA,"Boeing Faces Key Turnaround Challenges With Tariff Risks, China Orders: Analyst","BofA Securities analyst Ronald J. Epstein reiterated the Neutral rating on Boeing Company (NYSE:BA) on Thursday, with a price forecast of $185. The analyst states that Boeing still faces major hurdles in its turnaround efforts. Key among them is the need to stabilize 737 model production at 38 units per month before seeking FAA approval to increase output to 42. Additionally, Epstein remarks that the company must keep its loss-making defense programs on track to avoid further pressure on free ca",Yahoo,https://finnhub.io/api/news?id=7c88c60df8e09f43b8dd2aa71ffe917172a46553b45366c8b9888164b8a9e7b2
2025-04-25 18:59:00,TSLA,"S&P 500 Earnings: Updating Q2 '25 EPS Trends, Q1 '25 Earnings Look Great",The âexpectedâ S&P 500 EPS growth by sector has lost about 600 bps or 6% since the start of the year.,SeekingAlpha,https://finnhub.io/api/news?id=5e86b7b8e6e72e19850533c6f239c2de3572d138747ae50b4d2ab710a1c5f430
2025-04-25 17:24:24,TSLA,"Jim Cramer Reacts to Tesla (TSLA) Rally: “Musk Is Back, That’s Enough”","We recently published a list of Jim Cramer Put These 16 Stocks Under a Microscope. In this article, we are going to take a look at where Tesla, Inc. (NASDAQ:TSLA) stands against other stocks that Jim Cramer discussed. On Wednesday, Jim Cramer, the host of Mad Money, took to discussing how President Donald Trump’s influence […]",Yahoo,https://finnhub.io/api/news?id=ea71b3de41bfd96f268d4d434c32682e3681797f5fdd66f37e338519df607ba5
2025-04-25 16:41:58,TSLA,What Wall Street's top CEOs are saying about tariff impacts,"Uncertainty about US President Trump's tariff policies has created a difficult environment for corporate America to make business decisions. Watch the video above to hear what some of the top CEOs on Wall Street, including Whirlpool (WHR) CEO Marc Bitzer, Southwest Airlines (LUV) CEO Bob Jordan, Chipotle (CMG) CEO Scott Boatwright, T-Mobile (TMUS) CEO Mike Sievert, and Procter & Gamble (PG) CEO Jon Moeller have told Yahoo Finance. To watch more expert insights and analysis on the latest market action, check out more Market Domination Overtime here.",Yahoo,https://finnhub.io/api/news?id=ed88ed508565d4a5d909bc9f80397d7fa6ec889f328cf4921bedbd395ed4116c
2025-04-25 16:00:00,NVDA,Could Nvidia's Sales Drop 30% due to a Trade War Between the U.S. and China?,"It's been a rough year for Nvidia (NASDAQ: NVDA).  Since 2025 began, Nvidia's stock has fallen by more than 30%, shedding more than $1 trillion in value off the company's market cap.  Up to 30% of the company's revenues could be at risk this year due to the ongoing trade war between the U.S. and China.",Yahoo,https://finnhub.io/api/news?id=ddbad1ef1f1de9a8cb84c9de5706eb63d02d85c2858029a68d81026d099f69d1
2025-04-25 15:39:00,BA,"The Score: Tesla, Capital One, Boeing and More Stocks That Defined the Week","Elon Musk  is planning more time at  Tesla  less time in the White House.  During Tesla’s earnings call, the billionaire chief executive talked about his plans to pull back from the Department of Government Efficiency, saying that he expects to continue spending “a day or two” each week on government matters.  Musk’s controversial work with the Trump administration and his political endorsements have weighed on Tesla demand and led to protests and vandalism at Tesla showrooms.",Yahoo,https://finnhub.io/api/news?id=67e932c1190d048ce27d9f2ddc245e9438fa29b313e9433cfd363a85f041bb38
2025-04-25 15:34:34,NVDA,Is NVIDIA Corporation (NVDA) the Best Stock to Invest in for Long Term?,"We recently published a list of 10 Best Stocks to Invest in for Long Term. In this article, we are going to take a look at where NVIDIA Corporation (NASDAQ:NVDA) stands against other best stocks to invest in for long term. The markets have had two monster years with the S&P 500 index surging 24.73% […]",Yahoo,https://finnhub.io/api/news?id=5afbb72888837aff8053834034cf755adc5f31d7c2933417ef5ddca443ff492e
2025-04-25 15:32:42,NVDA,"Stock Market Today: Nasdaq Jumps, Dow Jones Flat To End A Big Week; Apple Makes Huge Plan Amid Trump Tariff Threat (Live Coverage)",Major stock indexes held firm in the stock market today after three days of bullish gains. Tesla spiked 9% and Nvidia led the Dow.,Yahoo,https://finnhub.io/api/news?id=de632ba0b1a328a8b2ee7361a74b94db9762414ac644d8544f002c6c4bb47d15
2025-04-25 15:00:00,NVDA,"Pope Francis Modernized the Vatican’s Investment Program, With Some Caveats","Pope Francis Modernized the Vatican’s Investment Program, With Some Caveats",MarketWatch,https://finnhub.io/api/news?id=6878dd29b7579adb0bff94026392dee3d2a5be1f4de3d1a3f76284f9af1a1883
2025-04-25 14:43:18,NVDA,Nvidia Stock Jumped Another 5% Today. Does It Have More Room to Run?,"Tariffs, trade policy, and the risk of recession have all contributed to market turmoil lately.  Shares in tech giant Nvidia (NASDAQ: NVDA) have been rebounding sharply in recent days after a more than 20% drop over the last month.  Nvidia shares dropped to as low as $95 in early April, but have rebounded to near $110 per share as this week's trading nears a close.",Yahoo,https://finnhub.io/api/news?id=5f45b608a90814e10faf875b446ee808c36c6bd546f40f8a8d0fee21c6660931
2025-04-25 14:03:55,NVDA,"Why a Cautious, Longtime Investor Is Rather Bullish on NVDA","Harvest Portfolio Management Chief Investment Officer​​ Paul Meeks is cautious on the Mag 7 overall, suggesting that investors not buy any of the names until after they report their first-quarter earnings. Moreover, he does not believe that any of the companies will have much confidence in their outlooks, and he does not expect AI to […]",Yahoo,https://finnhub.io/api/news?id=c1f622004a02067f3b19e9c82fe3d234ad84e13da9bfc422e432f58493f5bc35
2025-04-25 13:46:00,TSLA,The Stock Market Surged This Week. Why Its Next Move Looks to Be Lower.,The Stock Market Surged This Week. Why Its Next Move Looks to Be Lower.,MarketWatch,https://finnhub.io/api/news?id=58e3c667ecb5fb13069f9dc75d102d7462d02de1423f80dc8c9c66cc75e0e958
2025-04-25 13:19:21,TSLA,"Tesla in India, Saia Q1 miss, SoFi initiated by Citizens JMP","Julie Hyman goes over some of the trading day's top stories on this segment of Market Minute. Tesla (TSLA) stock jumps as the company refunded early Model 3 bookings in India, according to Bloomberg. The move raises speculation that Tesla is nearing an entry point into India. Saia (SAIA) stock slides after missing first quarter earnings and revenue targets, citing tough weather and macro headwinds. SoFi Technologies (SOFI) stock is rising after Citizens JMP initiated coverage on the stock with an Outperform rating and $17 price target. Stay up to date on the latest market action, minute-by-minute, with Yahoo Finance's Market Minute.",Yahoo,https://finnhub.io/api/news?id=83ff81b5e2a3a521d5a83c56cfda8476534032b247e00722012d86ba161d15cc
2025-04-25 13:01:55,TSLA,"Robotaxi Showdown: Tesla Hits the Gas, Waymo Changes Gears",Musk races to launch in Austin. Waymo eyes a new path--straight to your driveway.,Yahoo,https://finnhub.io/api/news?id=efc5c3e9c2a941d354e17822053a2c0715de014399b185004889d0212ecbdc13
2025-04-25 12:48:04,TSLA,Tesla (NasdaqGS:TSLA) Superchargers Now Accessible To Kia EV Owners For Enhanced Charging Connectivity,"Tesla (NasdaqGS:TSLA) experienced a significant share price increase of 7.5% over the past week. This move coincides with several positive developments, including CEO Elon Musk's announcement to focus more on Tesla and the loosening of U.S. regulations concerning self-driving vehicles. Additionally, Tesla's stocks benefited from an overall market trend that saw the Nasdaq Composite rise by 5.4% amid a broader rally driven by earnings reports and optimism over possible tariff resolutions...",Yahoo,https://finnhub.io/api/news?id=a8c99aa4f0c42a6be9d0966b8be3e3833ff5fcf2a8b6a5ca993767fe8482da77
2025-04-25 12:26:15,NVDA,Construction Stock Argan Builds New Base; Nears Entry As Profits Surge 196%,The future will need more electrical power as artificial intelligence boosts data center demand. Construction stock Argan is expected to benefit.,Yahoo,https://finnhub.io/api/news?id=c9cb615dbd0f58aa41ed8e370f6d421a33a3cf6f466c4f55fd5d1eb20b9182c1
2025-04-25 12:23:48,TSLA,Why Tesla’s stock is having such a great week,Tesla’s week has gone from good to better.,Yahoo,https://finnhub.io/api/news?id=089d107519bfbca4c821954c51b896596c789918128622d6f22fb016a388e7c7
2025-04-25 11:42:00,TSLA,"Tesla Stock Is a Buy for 3 Reasons, Says Analyst. Plus, Apple v. Tariffs, and More.","Tesla Stock Is a Buy for 3 Reasons, Says Analyst. Plus, Apple v. Tariffs, and More.",MarketWatch,https://finnhub.io/api/news?id=44e9350d0eed444af96c260f31744a7d024de63e879bc3e8da9bb5fc60a531da
2025-04-25 11:36:58,TSLA,BYD's earnings spell more bad news for Tesla,"Chinese automaker BYD (BYDDY) said its net profit doubled year-over-year in the first quarter, climbing to 9.15 billion yuan, or about $1.3 billion.",Yahoo,https://finnhub.io/api/news?id=55b89386477e1483c155c51355c5d06d12652a917b2420e84a444cdf17384abe
2025-04-25 11:31:29,TSLA,Commentary: DOGE gets downsized,Congress is trying to formalize a small amount of the federal spending cuts Elon Musk's government efficiency project has claimed. It won't be easy.,Yahoo,https://finnhub.io/api/news?id=6ca7977d6ec305a2a99505aa6821274a94f0b68a5b101e6e99255628f9a033e6
2025-04-25 11:30:50,NVDA,"If You Invested $10K In Nvidia Stock 10 Years Ago, How Much Would You Have Now?","Nvidia (NASDAQ:NVDA) provides graphics and compute and networking solutions in the U.S. and internationally. It is set to report its Q1 2026 earnings on May 21. Wall Street analysts expect the company to post EPS of $0.93, up from $0.61 in the prior-year period. According to Benzinga Pro, quarterly revenue is expected to reach $43.35 billion, up from $26.04 billion a year earlier. Don't Miss: Deloitte's fastest-growing software company partners with Amazon, Walmart & Target – Many are rushing to",Yahoo,https://finnhub.io/api/news?id=14ceb5c395af3e3ce812c29c465aea32825eb4922c3b44ed7197ad53a5ee35ad
2025-04-25 11:09:00,TSLA,Tesla Stock Soars to End a Solid Week. Robotaxis Just Got a Step Closer.,Tesla Stock Soars to End a Solid Week. Robotaxis Just Got a Step Closer.,MarketWatch,https://finnhub.io/api/news?id=acd2ec864067182a470daa29fd0072d639c82f63ceb970fb0e7f56184ae3e9ac
2025-04-25 11:08:25,NVDA,QQQ: Nasdaq 100 Is Still A Bubble - Sell,The Nasdaq 100's high PE ratio and slowing GenAI capex could signal a bubble burst. Click to read more on the incoming bear market and if it would burst the GenAI bubble.,SeekingAlpha,https://finnhub.io/api/news?id=de978dde57dbc9260845d12f628076cf2a8ee1cb666566f0d37da0c7d08fb874
2025-04-25 11:08:22,TSLA,Tesla (TSLA) Shares Jump After U.S. Loosens Self-Driving Car Rules,TSLA Gains as U.S. Clears Path for Cybercab Launch,Yahoo,https://finnhub.io/api/news?id=5612d2a5d0c3d1e124e0ebe06e8ba9a5749b753feb6ea82ff723ee3b31dc4276
2025-04-25 11:04:00,TSLA,Why Tesla Stock Is Soaring Today,"Shares of Tesla (NASDAQ: TSLA) are climbing on Friday.  The rise comes as the S&P 500 was mostly flat and the Nasdaq Composite rose modestly.  Late yesterday, the Trump administration announced regulatory changes that could help Tesla achieve its self-driving ambitions sooner.",Yahoo,https://finnhub.io/api/news?id=2f5f617fc8d650b955939a4d15c5bdfd0ac4beb381673f960f403b1eff42534c
2025-04-25 11:00:32,NVDA,Wall Street Shuffle: Game On For Nvidia And Tesla — And Game Over For These Stocks?,Wall Street Shuffle: Game On For Nvidia And Tesla — And Game Over For These Stocks?,DowJones,https://finnhub.io/api/news?id=31511f34c2a18d4c324707a6aace106f74014164897d191b3d58b858818e0caa
2025-04-25 10:59:36,NVDA,Intel: Credit Likely To Be Junk Within Five Quarters,Intel beat estimates but the guidance was once again abysmal. We tell you what you should look for if this ship is indeed turning around. Read the latest INTC stock analysis here.,SeekingAlpha,https://finnhub.io/api/news?id=9fc5a99153830e1458787e812cc45ace7c398249c7fcbf4c6b7f89644f64aadd
2025-04-25 10:58:55,NVDA,"Former Cisco CEO John Chambers on tariffs: Yes, Apple can make iPhones in the US",Former Cisco CEO John Chambers says Apple could profitably make iPhones in the US.,Yahoo,https://finnhub.io/api/news?id=6f56b00bde9aee51d162b2b4c78bec8f3d27d996a7e4c1a8d01f29fe913c828a
2025-04-25 10:56:05,TSLA,"NHTSA Loosens Safety Rules While Waymo, Tesla Gear Up for AV Expansion",New U.S. policy opens path for non-traditional AVs as Alphabet's Waymo and Tesla accelerate rollout timelines,Yahoo,https://finnhub.io/api/news?id=eaa4644770883cb7d47ee88d7990b43bed2b05a1b5b84b65664d7b9ad54db8e6
2025-04-25 10:42:43,NVDA,Nvidia Shares Climb After Morgan Stanley Hikes 2027 Forecast on Soaring AI Demand,Nvidia Forecast Raised by Morgan Stanley Amid AI Infrastructure Strain,Yahoo,https://finnhub.io/api/news?id=91c1549a8d69a20250d5ddcf82585668a95ca056bd93b71f2d9fdcce96ab8b90
2025-04-25 10:40:11,NVDA,Intel Shifts to In-House AI Development Amid Competitive Pressure from Nvidia and Cloud Giants,CFO David Zinsner said improving the balance sheet takes priority over further acquisitions.,Yahoo,https://finnhub.io/api/news?id=dab02254af5428b3c04cecbfaaf1e37e73ca36f902738673586ae3d61ed9bfcc
2025-04-25 10:32:00,BA,"HWM Q1 Earnings Preview: Time to Buy, Sell or Hold the Stock?","As Howmet gears up to report first-quarter earnings, let us find out how the expectations stack up and whether it is the right time to buy, hold or sell the stock.",Yahoo,https://finnhub.io/api/news?id=f5bb8660f9e850c85de1da8de4af6e5418713183cdb85275f22b008ca16c40da
2025-04-25 10:30:00,TSLA,Pony AI: Risk Versus Potential,"Pony AI Inc.'s potential as a high-risk, high-reward play in the booming autonomous driving market. Click for my updated look at PONY stock prospects.",SeekingAlpha,https://finnhub.io/api/news?id=134277623ae906bdd7d33c8c19b84ea061b139cdd228adff155f875001d5303a
2025-04-25 10:15:11,TSLA,"Tesla Stock Jumps, Extending Gains as US Loosens Self-Driving Car Rules","Tesla shares jumped Friday, extending their recent rally after CEO Elon Musk said he would spend more of his time focusing on Tesla, as the Trump administration moved to loosen rules around self-driving cars.",Yahoo,https://finnhub.io/api/news?id=442904a1b4c79987c3134edfde5e6ac76142de177ac23fa8040e3c0b9486f27b
2025-04-25 10:03:46,TSLA,Tesla Needs Perfection To Justify Its Valuation (Rating Upgrade),"Tesla, Inc.'s stock soared 14% post-earnings as Elon Musk refocused on growth. Read more on the TSLA earnings update and why I'm upgrading the stock.",SeekingAlpha,https://finnhub.io/api/news?id=92d4ae80295767aee1b92f669cc90cd9766655a47a71505531b627cd6aef0993
2025-04-25 09:57:48,NVDA,Nvidia Gets Forecast Upgrade as AI Inference Demand Surges Globally,"Nvidia sees growing AI chip usage tied to real business applications, as investor concerns about hype-driven demand fade",Yahoo,https://finnhub.io/api/news?id=dfa060702b22face0d8faca0bf9b2d289d0ff79d6f14f72079ba86e518a60b37
2025-04-25 09:55:31,BA,"Boeing ‘should default China’ for not taking committed planes, Trump says","President Donald Trump stated in a Truth Social post: “Boeing (BA) should default China for not taking the beautifully finished planes that China committed to purchase. This is just a small example of what China has done to the USA, for years… And, by the way, Fentanyl continues to pour into our Country from China, through Mexico and Canada, killing hundreds of thousands of our people, and it better stop, NOW!” Published first on TheFly – the ultimate source for real-time, market-moving breaking",Yahoo,https://finnhub.io/api/news?id=58f83a1b77e1bf3d005ff3b95cb36f4072f95e9fa1692108870e9773051186b7
2025-04-25 09:55:00,TSLA,Tesla Stock Soars. Robotaxis Just Got a Step Closer.,"The Transportation Department announced a national framework for autonomous vehicles, a step closer to putting more self-driving cars on U.S. roads.",Yahoo,https://finnhub.io/api/news?id=2842d70c0bdee6975a52654afd2348b4ea8ff1004b81261aba1185447c361c2d
2025-04-25 09:52:00,TSLA,Tesla's Stock Has Crashed 30% This Year. 1 Thing to Know Before You Buy.,"Tesla's (NASDAQ: TSLA) stock has come down considerably since the year began.  Shares are down roughly 30% in value so far this year, with the stock's price-to-sales ratio falling from over 15 to just 9.2.  There's no doubt that Tesla's stock is much cheaper than it was just four months ago.",Yahoo,https://finnhub.io/api/news?id=3b9a310e1f56a64ef216f7c3d3ecb863174bfc1cd13982fbe082b49fb28c4311
2025-04-25 09:45:42,NVDA,Stock Market Today: Dow Jones Dips With Trump Tariff Headlines In Focus; Google Spikes On Earnings,Major stock indexes held firm in the stock market today after three days of bullish gains. Several gold stocks lagged again.,Yahoo,https://finnhub.io/api/news?id=2534f57b8ed734f1fff09a4299ce2ed95ae129351dafd81cbd4bd17ed22ca10c
2025-04-25 09:43:00,NVDA,Nvidia Stock Rises. What Alphabet and Intel Earnings Mean for the Chip Maker.,Alphabet executives reiterated their “strong relationship” with Nvidia as Intel struggles to get going in the artificial-intelligence chip race.,Yahoo,https://finnhub.io/api/news?id=1b9434aea3ab2cb5f05bfc3492bdefe69aa93b1d429bae3681a0346bf791a2c5
2025-04-25 09:41:17,TSLA,"US agency eases some self-driving safety rules, sending Tesla stock soaring",WASHINGTON -The Trump administration announcement that it aims to speed deployment of self-driving vehicles by exempting some from certain safety requirements and easing rules requiring reporting of...,Finnhub,https://finnhub.io/api/news?id=1536d7dc580be4de4f9e320832edd2bbe97458ebc65c42f40ba6751a8d8d8e47
2025-04-25 09:39:22,TSLA,Big Tech ETF rallies Friday to accelerate strong weekly advance,Big Tech ETF rallies Friday to accelerate strong weekly advance,MarketWatch,https://finnhub.io/api/news?id=2ae32e98caa83db2ae8cf7dc39c1b04b7c3ef61f7d23f56ad16f1c7be6a8371e
2025-04-25 09:30:00,TSLA,Leveraged ETFs Gain Popularity on Market Rebound Hopes,Leveraged ETFs surge this month with investors betting on amplified gains amid hopes of a rebound after tariff-driven sell-off.,Yahoo,https://finnhub.io/api/news?id=2ea52047210096b9dde70d6b2a57b7e2f901cba27532f17fbe72c39324c55083
2025-04-25 09:05:00,TSLA,Earnings Dominating But Don't Sleep On Economic Data,"Trump commentary on Powell. Fed rate cuts. Netflix up, backing off guidance. Important earnings coming.",SeekingAlpha,https://finnhub.io/api/news?id=ac09231e566caaa6b2229e3eeaf5f1acfdd5f8ed4f77322f937e5f54ebd72f90
2025-04-25 08:58:00,NVDA,"This common worry about Nvidia is ‘laughable,’ Morgan Stanley says","This common worry about Nvidia is ‘laughable,’ Morgan Stanley says",MarketWatch,https://finnhub.io/api/news?id=f746630bb09b17b62620c0b8bff08eb154b83a2abba59015b84239a6b47f5bd0
2025-04-25 08:45:00,NVDA,Meet the Latest Supercharged AI Stock I Bought During the Stock Market Downturn,"One of the stocks I added to my portfolio a while back due to lower prices was Broadcom (NASDAQ: AVGO), although its price today is lower than when I purchased it.  Instead, I'm focusing on a three- to five-year time frame, and Broadcom's outlook during that period is quite strong.  Broadcom has its fingers in many industries.",Yahoo,https://finnhub.io/api/news?id=925bd11bf6803bf811aa9fd99e9dff0731bbf96dc6e6a853374b59658742ba5a
2025-04-25 08:44:54,TSLA,"Stocks to Watch on Friday: Alphabet, AbbVie, T-Mobile, Skechers","↗️ Alphabet (GOOGL): Google's parent company reported quarterly operating income that solidly beat Wall Street's forecasts, while advertising revenue rose 8% on the year. Shares rallied Friday morning.",Yahoo,https://finnhub.io/api/news?id=20d572cf9b416b19d2940e6d433b3a8166713c78688cd7e4d2216336751e5503
2025-04-25 08:12:59,TSLA,"Renowned Analyst Is More Bullish on Tesla (TSLA) Stock, But It Will Likely Be Ejected From Momentum ETF","Well-known tech analyst Dan Ives of Wedbush Securities recently raised his price target on TSLA stock, CNBC reported. But Joe Terranova, the Senior Managing Director and Chief Market Strategist for Virtus Investment Partners, indicated that there is a very high chance of Elon Musk’s firm being ejected soon from his Virtus Terranova U.S. Quality Momentum ETF […]",Yahoo,https://finnhub.io/api/news?id=43832d589fce545f45f0e67ca77ce6cbe530a70407fdc87305f146b66df0e3b5
2025-04-25 08:10:27,NVDA,"Nvidia (NVDA) Will Benefit From Resolution of Trade War in the Medium Term, Veteran Analyst Says","The Trump administration is looking to resolve the trade war between the U.S and China, and the dispute is likely to be resolved in the next 90 days, Patrick Moorhead Founder, CEO, and Chief Analyst of Moor Insights & Strategy told Yahoo Finance recently. Moorhead suggested that the administration’s stance makes NVDA stock attractive for […]",Yahoo,https://finnhub.io/api/news?id=7aa7c61c95cc81f435ab27bdd6f346fb8d3da581f3649592443eb2cbe6a5974b
2025-04-25 08:04:00,TSLA,Tesla Stock's 50% Crash: 1 Metric Suggests More Pain Is Ahead for the Electric Vehicle Giant,"Meanwhile, the company's margins continue to erode, and it's losing market share in countries around the world.  As ever, CEO Elon Musk has grand ambitions for the future of Tesla.  Cybercabs, a new roadster, artificial intelligence (AI) projects, and even a Tesla Diner are in the works.",Yahoo,https://finnhub.io/api/news?id=464dc04b462a2620e6cb4f82d0b952acbacbdff5c4c6435906b7a75b0b0005c8
2025-04-25 07:57:00,TSLA,Super Micro Stock Gets a ‘Neutral’ Rating. Why Competition Is a Worry.,Super Micro Stock Gets a ‘Neutral’ Rating. Why Competition Is a Worry.,MarketWatch,https://finnhub.io/api/news?id=d4e7a72ea6b95a0564e68563a6880e4eeb7d07e90a9790b1b4f53eacffcdf11f
2025-04-25 07:40:20,NVDA,"You Might Not See Waymo Coming, But I Do: Maintaining Alphabet With A Buy","Alphabet Inc. beat Q1 earnings estimates, shows growth in YouTube ads and Waymo's advancements. Click to find out why GOOGL is undervalued and primed for a breakout.",SeekingAlpha,https://finnhub.io/api/news?id=e0c0f39e2de301120cea24203342bc8feb29697141e1e8afdc14721defb17643
2025-04-25 07:26:33,TSLA,"Stock Market Rallies On Trump Tariff Hopes; Google, ServiceNow, AT&T, Tesla In Focus: Weekly Review","Stock Market Rallies On Trump Tariff Hopes; Google, ServiceNow, AT&T, Tesla In Focus: Weekly Review",DowJones,https://finnhub.io/api/news?id=a283cfe04eba05db8b4deffcc6626c9d627ef8edf01f7aefe0729263b0d8cf88
2025-04-25 07:15:59,BA,Exclusive-US Congress Republicans seek $27 billion for Golden Dome in Trump tax bill,WASHINGTON -Republicans in the U.S. Congress plan to introduce a sweeping $150 billion defense package that will give an initial $27 billion boost to President Donald Trump's controversial Golden...,Finnhub,https://finnhub.io/api/news?id=71d98ae262c9f64437f9d8e22537c40d9b11809929c04c43966048e93e46d1c7
2025-04-25 07:09:54,TSLA,Alphabet: Cloud And Waymo Ready To Take Up The Growth Baton,Alphabet Inc. beat Q1 estimates with growth in Google Cloud & Waymo. Attractive valuation despite challenges. Click for my GOOGL stock earnings update.,SeekingAlpha,https://finnhub.io/api/news?id=59f62e449eff9069a049be4f5f4722e1e38e90df1c95bcfb8e4718c2b862152f
2025-04-25 07:00:00,NVDA,2 Top Stocks You Can Buy Now With $500,"Wall Street's concerns over tariffs and how President Donald Trump's trade wars will impact the U.S. economy have sent the Nasdaq Composite down by around 18% year to date, and it's off more than 20% from its peak.  For less than $500, you can buy one share each of Amazon (NASDAQ: AMZN) and Apple (NASDAQ: AAPL).  The market sell-off has taken Amazon down to $166 per share at the time of this writing.",Yahoo,https://finnhub.io/api/news?id=635bcc251cb923a2d77e049731c8895ea258d85ebc98e29b68a036954e1993ea
2025-04-25 07:00:00,TSLA,"Should Netflix be One of the Mag 7, Replacing Tesla? ETFs in Focus","As Tesla stumbles, Netflix surges -- could the streaming giant be the next big name in tech leader group Magnificent Seven?",Yahoo,https://finnhub.io/api/news?id=ced2145e1a4027e25c12315a00a6be4a81c2bafba7c3fccfb7b6d8c48fdd45c3
2025-04-25 06:45:00,NVDA,Elon Musk Thinks Tesla Will Become the World's Most Valuable Company. Here's Why Its Stock Could Decline by 50% (or More) Instead,"Tesla (NASDAQ: TSLA) stock hit a new record high shortly after President Donald Trump's election win last November because investors thought a friendlier regulatory environment could help the company bring its autonomous robotaxi and humanoid robot to market more quickly.  CEO Elon Musk thinks these product platforms will help Tesla become the world's most valuable company one day.  In fact, Musk believes Tesla could eventually be as valuable as the next five largest companies combined.",Yahoo,https://finnhub.io/api/news?id=0a55ea5dccec377fd567b51502f1e22131f5f91ec671a92b0741ff5a22550469
2025-04-25 06:42:00,NVDA,Trump Tariffs Are Creating Chaos. Barry Ritholtz Says It’s Time to Embrace Your Inner Mr. Spock.,Trump Tariffs Are Creating Chaos. Barry Ritholtz Says It’s Time to Embrace Your Inner Mr. Spock.,MarketWatch,https://finnhub.io/api/news?id=2b0ee4760c5a890788846564057b7e7dbfbfe36401d17bd792d4a9e119f770c6
2025-04-25 06:37:34,NVDA,AI Chips Today - Cerence AI Revolutionizing Automotive Interaction With New Partnership,"Cerence AI, in collaboration with MediaTek and NVIDIA, has unveiled an advanced multi-modal language model designed for automotive applications, just ahead of Auto Shanghai 2025. This development integrates Cerence's CaLLM Edge technology with MediaTek's Dimensity Auto Cockpit chipsets and NVIDIA's AI Enterprise software, creating a solution that enhances in-car interactions through increased intelligence and security. The system aims to provide both drivers and passengers with personalized,...",Yahoo,https://finnhub.io/api/news?id=ea3e7a4f2f732dd60322ae22695ecfbcf43bd8f6e9c5c8475b87eddd3510fd29
2025-04-25 06:35:16,NVDA,Mar Vista’s U.S. Quality Strategy Established a Position in NVIDIA (NVDA) Following a Pullback,"Mar Vista Investment Partners, LLC, an investment management company, released the “Mar Vista U.S. Quality Select Strategy” first quarter 2025 investor letter. A copy of the letter can be downloaded here. US stocks suffered their worst quarter in three years, with the steepest losses since 2022, due to tariff concerns and economic stagnation fears. In the […]",Yahoo,https://finnhub.io/api/news?id=88ad9334d8e7a34f0508975f77c8a33ce55e37c040cbfb30bae3ecb470f373f8
2025-04-25 06:15:00,NVDA,NZS Capital Q1 2025 Shareholder Letter,The NZS Growth Equity strategy had a gross return of -3.45% and net return of -3.61% for the first quarter.,SeekingAlpha,https://finnhub.io/api/news?id=68f36eaddc50cc61ff2ce3f56aa5bbee4e0e320d99f1b0ce1a1c9e28ff841989
2025-04-25 06:13:11,TSLA,Where Will Tesla Stock Be in 5 Years?,"Over the long term, Tesla (NASDAQ: TSLA) has been one of the best-performing auto stocks in history, with shares increasing by 1,580% over the last decade due to the success of its mass-market electric vehicles, such as the Model S and Model Y. However, in recent months, the company's growth story stalled.  CEO Elon Musk's foray into politics has damaged Tesla's brand, while low-cost Chinese rivals pose a threat to its business model.  If things go well, Tesla could transition from being just another automaker into a diversified technology giant, maintaining or even growing its $813 billion market capitalization.",Yahoo,https://finnhub.io/api/news?id=e2777e4a3c55b893ac339cfac6b4256d7ddd6e8e01a6f01c5a6783b90945e5a7
2025-04-25 06:03:21,NVDA,Are Magnificent 7 stocks still worth the hype? Here's how readers voted,Mag 7 earnings kick off and investors will be keen to see if they are still magnificent.,Yahoo,https://finnhub.io/api/news?id=79d7138a0013bbcc374ff9cd6c2492b1978fc3c194c8ac0bad241c51d2c32361
2025-04-25 06:01:54,BA,"Boeing will find it ‘relatively easy’ to find customers for China’s rejected planes, says jet leasing CEO",Boeing planned to complete 50 orders for Chinese customers this year but is now assessing options as China refuses Boeing plane deliveries due to the trade war.,Yahoo,https://finnhub.io/api/news?id=a835ce607becfc96aa3923e7c4255e057dd5aa9f6923378c9f5a38633bc6a489
2025-04-25 06:00:00,NVDA,2 Unstoppable Stocks Destined to Achieve a $1 Trillion Valuation,"The $1 trillion stock club has been getting a bit thinner amid the stock market sell-off, as a handful of companies have fallen out of this prestigious club.  Taiwan Semiconductor (NYSE: TSM) and Broadcom (NASDAQ: AVGO) are two companies that are destined to join the $1 trillion valuation club.  Broadcom and TSMC aren't that far away from joining the $1 trillion club, as Broadcom and TSMC are currently valued at around $800 billion and $770 billion, respectively.",Yahoo,https://finnhub.io/api/news?id=b28ca2be17cc692f2a858eac8a3db366f8fbd247a18e71b321f70d2e4c83804e
2025-04-25 05:58:00,TSLA,BYD First-Quarter Profit Doubled on Strong EV Sales,"Chinese auto giant BYD continued to outpace Tesla in the first quarter, reporting a doubling in net profit on robust growth in its electric-vehicle business.",Yahoo,https://finnhub.io/api/news?id=0d18becda31511b92adbd4b53bc013005e57079832851f07d9008f83961a8f1c
2025-04-25 05:43:53,NVDA,Nvidia: AI Floodgates Are About To Open,Nvidia will likely capture the largest percentage of the exponential compute demand. Read why I think the AI world is transitioning to full workflow automation.,SeekingAlpha,https://finnhub.io/api/news?id=178835a8dc0d2c107bb197e9698ea17de36182f6ffadd24a9a99e975264b542b
2025-04-25 05:39:33,TSLA,This Week In Electric Vehicles - Voltera Expands Charging Infrastructure in Key Urban Markets,"Voltera has announced the expansion of its electric vehicle (EV) charging infrastructure in major urban markets across California, Texas, Arizona, and Florida, adding 294 charging stalls and over 28 megawatts of capacity. This expansion includes new facilities in Santa Monica, San Francisco, Dallas, and Austin, with additional sites planned for Houston, Phoenix, and Miami. The strategically located facilities are purpose-built to support light-duty passenger fleets, reflecting Voltera’s...",Yahoo,https://finnhub.io/api/news?id=d75663c959f1f11caa6fc6a33d3463b1ed850b8ac98249be1c8a0e50da1b6415
2025-04-25 05:31:23,TSLA,Tesla: The Great Unlock,"Tesla, Inc. Q1 results disappointed with revenue, earnings miss & pulled guidance, but an inflection point may unlock massive valuation. Click for my TSLA update.",SeekingAlpha,https://finnhub.io/api/news?id=cf438ecdb3b908078b61ec598fd22f5fba24a51f4371768b4bdce67fb9d1307e
2025-04-25 05:20:00,NVDA,President Donald Trump Just Dealt a Jarring Blow to Nvidia. Can the Artificial Intelligence (AI) Chip King Recover and Reclaim Its Previous Highs?,"Things have gone from bad to worse this year for the artificial intelligence (AI) chip king Nvidia (NASDAQ: NVDA).  It all started with the emergence of DeepSeek, a Chinese start-up that used less advanced Nvidia chips to build a chatbot that could rival OpenAI's ChatGPT, supposedly at a fraction of the cost.  Then, Nvidia had to deal with the threat of tariffs since the company sources a lot of its chips from Taiwan.",Yahoo,https://finnhub.io/api/news?id=8f1da85a0d73c60d862db322f7d070a9334663fbe28aedce1855988b4e0f1ea6
2025-04-25 05:00:00,NVDA,Large cryptocurrencies mixed as Tronix falls,Large cryptocurrencies mixed as Tronix falls,MarketWatch,https://finnhub.io/api/news?id=1f82513718e5e03bc09aa1ac82945612591d877ebc4cb9b4a176122b6e3fd962
2025-04-25 04:50:38,NVDA,Nvidia's Stock Is Trading As If It's 2022 Again,"Nvidia Corporation's growth is fueled by AI investments, strategic U.S. manufacturing expansion, and partnerships. Click to read my NVDA stock update.",SeekingAlpha,https://finnhub.io/api/news?id=be9af401b7b0ed4f331f30d45dfa47ec78ff8ca413cfc44eb606a05bfe3092f6
2025-04-25 04:45:00,TSLA,Why Warren Buffett Isn't Likely to Buy Tesla Stock -- Ever,"Back on April Fools' Day, there were rumors about Warren Buffett acquiring Tesla (NASDAQ: TSLA) for $1 trillion and taking it over, in what would have been a stunning move for the billionaire investor.  While Tesla is a leading company in the electric vehicle (EV) market, it's simply not the type of stock I would ever expect Buffett to buy, let alone for it to take up a significant position in the Berkshire Hathaway (NYSE: BRK.A)(NYSE: BRK.B) portfolio.  Here's why Buffett would likely never own the stock, regardless of its valuation.",Yahoo,https://finnhub.io/api/news?id=60b24e6bea26d2233dfa227e8ac33135317d9d690cf8f08a451d28343e6361e4
2025-04-25 04:30:00,NVDA,IBM Is Back. Now It Must Prove Its Mettle in AI.,"“Big Blue” has clawed its way back into investor favor, but the company needs to show staying power in AI to cement its comeback.",Yahoo,https://finnhub.io/api/news?id=85d224251c98e316a4c3e08eb2fb93d6ff71ff82362cb86aa12ef34bac95c1b2
2025-04-25 04:28:00,TSLA,Google’s $70 Billion Buyback Will Help the Stock. Don’t Expect It to Take Off.,Google’s $70 Billion Buyback Will Help the Stock. Don’t Expect It to Take Off.,MarketWatch,https://finnhub.io/api/news?id=9e8db86eee97d9c5a31f7eeea47fd7396319e43b1925d6b2b3dfa41fb74bd779
2025-04-25 04:15:00,TSLA,Tesla: It Is Likely Going To Get Much Worse,"Tesla's Q1 earnings results were poor, due to weak vehicle sales. Check out why I think TSLA's second quarter results are likely to be even worse.",SeekingAlpha,https://finnhub.io/api/news?id=879475f61f8420e76ce251cf5d3efcace460a0d459e8879a9e22378c43a11bda
2025-04-25 04:00:00,TSLA,Uber: End-Of-2024 Decline Provided An Extremely Attractive Opportunity,The Pershing Square funds acquired a position in early 2025 as the decline in Uberâs share price at the end of 2024 provided an opportunity. Click here to read more.,SeekingAlpha,https://finnhub.io/api/news?id=ea59077a8e42da006245e936a255c38c168760808a59ef0e320550a3aca74e51
2025-04-25 03:57:00,NVDA,2 Vanguard ETFs That Have Crushed the Market This Year,"What started out looking like it might be a good year in 2025 with some early gains may end up being a nightmare for investors.  The S&P 500 was trading at elevated levels prior to this sell-off, and it has been highly vulnerable to how tech stocks perform, given how significant their positions are in the index.  A couple of top-performing Vanguard funds may offer some attractive options.",Yahoo,https://finnhub.io/api/news?id=1e8398c2e449b32b56b8b00c7639a9f54a7df41bf9efe43f90f554e6f074ca56
2025-04-25 03:47:00,TSLA,"Zacks Investment Ideas feature highlights: CoreWeave, Cantor Equity Partners, Tesla, Nvidia and Apple","CoreWeave, Cantor Equity Partners, Tesla, Nvidia and Apple have been highlighted in this Investment Ideas article.",Yahoo,https://finnhub.io/api/news?id=0ff975f7ba4c07ad958d1cf553c98f7f31804214317de85827d00bf275d51877
2025-04-25 03:44:00,NVDA,Wall Street Is Screaming to Buy Nvidia Stock Hand Over Fist Right Now. Should You Listen?,"Nvidia (NASDAQ: NVDA) is down roughly 30% below its previous high.  Since its initial public offering (IPO) in 1999, Nvidia's share price has plunged by that amount or more from its previous peak eight other times.  Importantly, Nvidia eventually rebounded strongly every time in the past after a steep sell-off.",Yahoo,https://finnhub.io/api/news?id=b2c630fcabacc04ee933e8f042609f8760ba6384aa6fa9d4d050bd7fa32778cd
2025-04-25 03:20:10,TSLA,Dow Jones Futures Fall Ahead Of Inflation Survey; Google Surges On Earnings,Dow Jones Futures Fall Ahead Of Inflation Survey; Google Surges On Earnings,DowJones,https://finnhub.io/api/news?id=9d262246bc78d4d114890e2a719ec7f8a5f2b4f774a81a18b27f21c14fd38fd2
2025-04-25 03:15:00,TSLA,Pershing Square Holdings Full Year 2024 Letter To Shareholders,"In 2024, Pershing Square Holdings generated a solid NAV performance of 10.2%, and a 8.3% total shareholder return. Click here to read the full letter. ",SeekingAlpha,https://finnhub.io/api/news?id=0858f25bc2ab5996e0eae166650dd78b723493f4ee59243d35371f1ca9442a61
2025-04-25 02:45:00,NVDA,"Tesla Stock vs. Nvidia Stock: The Best Buy Right Now, According to Wall Street","Tesla (NASDAQ: TSLA) and Nvidia (NASDAQ: NVDA) are the two of the most highly traded and widely discussed stocks on the market.  Dan Ives at Wedbush recently said they were two of the ""best disruptive technology companies in the world.""  Among the 56 analysts who follow Tesla, the median target price is $307 per share.",Yahoo,https://finnhub.io/api/news?id=bbc8ab7d14f915ce28c9de4ebe8fd332cd1042309686d9f5510f4b7c7a50c53f
2025-04-25 02:39:10,TSLA,"Dow Jones Futures Fall After Nasdaq Runs On; Google Rises On Earnings, Tesla Rival Booms","Dow Jones Futures Fall After Nasdaq Runs On; Google Rises On Earnings, Tesla Rival Booms",DowJones,https://finnhub.io/api/news?id=35993c75eae633d2d570e0240bd2a2824bfefedcdb9e6e3d6152cc319e17857a
2025-04-25 02:15:12,TSLA,Is Tesla Stock A Buy Or A Sell With Elon Musk Stepping Back From The Trump White House?,Is Tesla Stock A Buy Or A Sell With Elon Musk Stepping Back From The Trump White House?,DowJones,https://finnhub.io/api/news?id=3bbf0d321b1a6fca4f31023b1bf0ee356a91cbaa8f103ec7cd920b672c9dbf33
2025-04-25 02:15:00,NVDA,1 Wall Street Analyst Thinks Nvidia Stock Is Going to $150. Is It a Buy?,"Chip export restrictions to China have been an overhang on Nvidia (NASDAQ: NVDA) shares.  Nvidia disclosed on April 15 it would take a $5.5 billion financial hit as a result of the U.S. government's licensing requirement for its H20 chip designed for the China market.  It's a hit in the near term, but long term, Nvidia has more opportunities to drive growth.",Yahoo,https://finnhub.io/api/news?id=3add79199b30766253db447c5389364162277486d280b9ec37e19fbc6e5c26b9
2025-04-25 02:10:00,TSLA,Tesla Stock Is Rising. The Trump Administration Is Helping With Robotaxis.,Tesla Stock Is Rising. The Trump Administration Is Helping With Robotaxis.,MarketWatch,https://finnhub.io/api/news?id=cef0384d4c7e412c6a16ed02dfcbeae84077d8c2809864390f54a5504fdc5684
2025-04-25 01:48:06,TSLA,"BYD Earnings: Net Income Doubles, Racing Past Tesla In Latest Milestone","BYD Earnings: Net Income Doubles, Racing Past Tesla In Latest Milestone",DowJones,https://finnhub.io/api/news?id=35febd239334c242743c15ed7834ad063feceab5c780618a6ab8ebd4fe767a10
2025-04-25 01:30:36,NVDA,"NVDY: The Market Has Changed, So Has My Opinion (Upgrade)","YieldMax NVDA Option Income Strategy ETF has flaws, but evolving market conditions and structure adjustments improve appeal. See why NVDY is upgraded to hold.",SeekingAlpha,https://finnhub.io/api/news?id=76493291c5824a9a82ea54bcd047e71795027a840eb96b5b2cd54a80228aa6b5
2025-04-25 01:30:00,BA,Airbus Stock Could Gain From Boeing’s Woes. Sizing Up the China Question.,The company has pulled ahead of longtime leader Boeing in airplane production. Europe’s military industry could well provide a further lift.,Yahoo,https://finnhub.io/api/news?id=132619ad378608e4d074bbcb0e99194734fc0d56d705effbd987d49df44610dd
2025-04-25 01:15:00,TSLA,"These Stocks Are Moving the Most Today: Alphabet, Intel, T-Mobile, Palantir, and More","These Stocks Are Moving the Most Today: Alphabet, Intel, T-Mobile, Palantir, and More",MarketWatch,https://finnhub.io/api/news?id=da3d37f9180fc209b5051b5173ca7cbc24b770cf792ad816e30881530b5d69dc
2025-04-25 00:54:23,NVDA,China's Momenta Not Worried About US Chip Curb,"One Chinese self-driving system developer, Momenta Ai, works closely with Nvidia . Momenta's CEO told Bloomberg's Stephen Engle he wasn't worried about restrictions on chip supply....",Finnhub,https://finnhub.io/api/news?id=62c421180f1be74acc4e2e0dc8af71f8de8d187f6c2d7ae609035493333507ad
2025-04-25 00:38:00,NVDA,Intel Layoffs Can’t Solve the Chip Maker’s Issues. Why Wall Street Is Wary of the Stock.,Intel Layoffs Can’t Solve the Chip Maker’s Issues. Why Wall Street Is Wary of the Stock.,MarketWatch,https://finnhub.io/api/news?id=1452c10548e89a3546dd10b11d5d4ef87b11a3b70b622581a2ac715cd753ebc9
2025-04-25 00:01:08,TSLA,Tesla targets millions of self-driving cars by the end of 2026,Copyright © BusinessAMBE 2023Key takeawaysTesla reaffirms plans to launch a commercial robotic taxi service.Autonomous driving technology is expected to significantly impact Tesla's financial...,Finnhub,https://finnhub.io/api/news?id=d08f86a7deeb55ebc2fba412d2dc51d95f6d15a4c54b88052d4e63d3025dc97f
2025-04-24 23:01:10,TSLA,Export restrictions China hit Teslas Optimus robots,"Copyright © Emerce 2023Production of Teslas Optimus robots is being hampered by the latest export restrictions imposed by China on rare earth magnets, CEO Elon Musk has announced. These measures...",Finnhub,https://finnhub.io/api/news?id=5d78d8b128340b4e9994114db97ae3f0f8ee52bc015cde4f91144ca43272f3f6
2025-04-24 22:01:47,BA,Trump Says US Talking With China on Trade After Beijing’s Denial,"(Bloomberg) -- Supply Lines is a daily newsletter that tracks global trade. Sign up here.Most Read from BloombergTrump Gives New York ‘One Last Chance’ to End Congestion FeeWhy Car YouTuber Matt Farah Is Fighting for Walkable CitiesBackyard Micro-Flats Aim to Ease South Africa’s Housing CrisisThe Racial Wealth Gap Is Not Just About MoneyTo Fuel Affordable Housing, This Innovation Fund Targets Predevelopment CostsPresident Donald Trump said his administration was talking with China on trade, afte",Yahoo,https://finnhub.io/api/news?id=dfa7b89e2b9223b00d5da6512f22ec4ed98aa6a21ab75c2d371d2a762d3c6ab1
2025-04-24 21:45:37,TSLA,Alphabet says Waymo may offer robotaxis for personal ownership in future,"SAN FRANCISCO (Reuters) -Alphabet's Waymo self-driving taxis may be available for people to own in the future, CEO Sundar Pichai said on Thursday, just as electric vehicle maker Tesla gears up to roll out robotaxis this year in the United States.  Waymo, which started as a small self-driving project in 2009 and spun out of Google seven years later, has expanded slowly but steadily in a tricky autonomous vehicle market that has witnessed several casualties due to soaring investment, tight regulatory requirements and tough technological hurdles.  With more than 700 vehicles in its fleet - 300 of which operate in San Francisco - Waymo is the only U.S. firm that runs uncrewed robotaxis that collect fares.",Yahoo,https://finnhub.io/api/news?id=4dc4c013be742f3508d42472660537f9a9a6a57e8d716d5de419126e6b3b0238
2025-04-24 20:47:04,TSLA,1 Wall Street Analyst Thinks Tesla Stock Is Going to $325. Is It a Buy Around $250?,"A drop in revenue and earnings per share were therefore expected as well.  Automotive revenue declined by 20% and an operating margin that was once the envy of the automotive industry tumbled.  Vijay Rakesh with Mizuho Securities shaved $50 off that price target and now feels the stock is worth $325 per share, according to reports.",Yahoo,https://finnhub.io/api/news?id=3567c1698b45e2439254a916d103c4f5d9051e47b8058ccd87521b586fb2c85a
2025-04-24 20:09:41,BA,Indonesia wants 'fair and square' trade in US tariff talks,"Indonesia is prioritising its national interests in its ongoing negotiations over U.S. tariffs, its senior economic minister and top negotiator said on Friday, as it wants a fair and square trade...",Finnhub,https://finnhub.io/api/news?id=f03518b9e4647263eb99a7b7fd1d02a8202341d420615f5b6bb51c4498927612
2025-04-24 20:00:00,TSLA,A Side Hustle for Friends of Musk: Selling Access to Stakes in His Private Companies,Lucrative stock deals have allowed SpaceX to avoid public scrutiny even as it has grown into one of the largest companies in the U.S.,Yahoo,https://finnhub.io/api/news?id=10947485ae1ec04e329b43fc5b5ff7d28ae22f374daf134fc80a72aa9adc3211
2025-04-24 19:59:41,TSLA,Elon Musk Equates Car Ownership In Future To Riding A Horse While Using A Flip Phone — Pierre Ferragu Says Tesla's 'iPhone Moment' Hinges On Full Autonomy,"On Tuesday, during Tesla Inc.'s (NASDAQ:TSLA) first-quarter earnings call, CEO Elon Musk predicted that car ownership will soon become obsolete. What Happened: Musk said that most people will no longer buy cars in the future, framing the shift as an inevitable change. He compared traditional gasoline vehicles to outdated technologies, likening them to flip phones in an era dominated by smartphones. “In the not too distant future, buying a gasoline car that is not autonomous will be like riding a",Yahoo,https://finnhub.io/api/news?id=5f1aa43e35592058136a4410fc9d837e4335af99f21f1fa20f77b6b2ebf71711
2025-04-24 19:17:45,NVDA,"Analysis-After years of failed AI deals, Intel plans homegrown challenge to Nvidia","(Reuters) -One of Intel's biggest missteps over the past decade was the failure to challenge Nvidia's dominance in the fast-growing market for artificial intelligence chips.  During his first earnings conference call with analysts as Intel's new CEO, Lip-Bu Tan outlined how Intel hopes to change that, but warned, ""This is not a quick fix.""  Tan said he would comb through Intel's existing products to sharpen them for emerging trends in the AI market such as robotics and agents that can carry out tasks for human users.",Yahoo,https://finnhub.io/api/news?id=a5283e9598c6b6dda82269769a36ff34425780ada41574765860a7721158aa61
2025-04-24 17:09:00,NVDA,"Intel Cuts Outlook, Says Layoffs Are in Store",The American chip-making giant’s stock fell after it said an overhaul is under way and that macro conditions would prove challenging.,Yahoo,https://finnhub.io/api/news?id=4521d5695b238086f291eb4f914ad02a6481fcb6a76c971ae94a5e01b4df8573
2025-04-24 17:01:22,TSLA,"Tesla Optimus Robot Hit By China's Rare Earths Crackdown — Elon Musk Says Thousands May Be Ready By Year-End, But No Guarantees","Tesla Inc.'s (NASDAQ:TSLA) plans to ramp up production of its humanoid robot Optimus are facing significant roadblocks due to supply chain constraints and China's new export restrictions on rare earth materials. What Happened: On Tuesday, during Tesla's first-quarter earnings call, CEO Elon Musk said that Optimus remains in early-stage development, with mass production still months away. Musk said the company hopes to produce thousands of the robots by the end of the year, but cautioned that pro",Yahoo,https://finnhub.io/api/news?id=f23db8047032f3bf6e388724a8dc195c9abe9d213922074803c8f6a0b0de63ec
2025-04-24 16:33:20,NVDA,Is NVIDIA Corporation (NVDA) the Best Aggressive Growth Stock to Buy Now?,"We recently compiled a list of the 13 Best Aggressive Growth Stocks to Buy Now. In this article, we are going to take a look at where NVIDIA Corporation (NASDAQ:NVDA) stands against the other aggressive growth stocks. US stocks delivered a positive performance on Wednesday, April 23, after President Trump pointed out that he does […]",Yahoo,https://finnhub.io/api/news?id=5810ead1b3c2ce6aa3cc833cfa5d6071eb1061c3e055ab9a7c3433d1eb05070e
2025-04-24 16:24:54,TSLA,"Stocks to Watch Recap: Alphabet, Intel, P&G, Merck","? After-Hours Earnings: Shares of Google-parent Alphabet and Gilead Sciences rose after earnings releases late Wednesday, while shares of Intel, T-Mobile and Skechers fell. ↘️ IBM (IBM): The tech company warned that macroeconomic uncertainty was prompting businesses to rethink spending.",Yahoo,https://finnhub.io/api/news?id=e7b2fe0db1f9ac3e2c755b7b21717175036d296642b3df98dc43d7bf863c4dcc
2025-04-24 16:19:58,TSLA,How much was Elon Musk’s pledge to step back from DOGE worth? $67 billion to frustrated Tesla shareholders,The news—and subsequent jump in Tesla’s stock price—followed a Q1 where its core business lost money.,Yahoo,https://finnhub.io/api/news?id=643c373135caf3ef459da661d499fe69a30f49af4e5d7eb839d0217033dac806
2025-04-24 15:57:17,NVDA,"Nvidia Supplier SK hynix Rides AI Boom With Big Q1, Steady HBM Outlook","Despite macro uncertainties, SK hynix reaffirms HBM sales strategy and expects strong growth in AI memory shipments",Yahoo,https://finnhub.io/api/news?id=832bc7fc3d75ada9f77a59d6be3f55441ec72dc0840eee7cd98b20893d1d0a5e
2025-04-24 15:18:42,NVDA,"Tech stocks climb as Nvidia, Amazon reject claims of AI buildout slowdown","Investing.com -- Shares of NVIDIA Corporation (NASDAQ:NVDA) and Amazon.com Inc (NASDAQ:AMZN) rose 3.2% and 3% respectively Thursday after executives from both companies pushed back on reports suggesting a slowdown in artificial intelligence infrastructure spending. Speaking at a conference reported on by CNBC, the companies said demand for compute power and data center capacity remains strong, directly addressing recent concerns from investors.",Yahoo,https://finnhub.io/api/news?id=7c2590587d46482f693bea6e76e41c19db66acc9bda154678f4f4deae6f768df
2025-04-24 15:16:00,TSLA,Tesla Stock May Need More Than the New ‘Model Q’,The EV maker has two big catalysts coming later in 2025. A robo-taxi service and new lower-priced models. Investors want to see both.,Yahoo,https://finnhub.io/api/news?id=dc9a62ea1519999502f9b52ff840fec90869d0de306f42ea645716d6bc64ae66
2025-04-24 15:14:00,BA,"Boeing Sees Skies Clear After MAX, Covid, and Quality Woes Took a $240 Billion Toll",Wall Street is feeling more optimistic about shares of the maker of commercial jets after Boeing’s solid first-quarter earnings.,Yahoo,https://finnhub.io/api/news?id=cde8a5b4d1890bcd39c665cd2e4d5be0a2aaa1f0d0aa573ee1df2b9cb2420856
2025-04-24 15:11:00,NVDA,Why Broadcom Stock Soared Today,"Broadcom (NASDAQ: AVGO) stock rose 6.3% in Thursday's trading.  Investors were sunny on the stock after a supplier of memory chips published quarterly results that point to demand remaining strong for artificial intelligence (AI) hardware.  Before the market opened today, SK Hynix published its first-quarter results, and the information could be great news for Broadcom.",Yahoo,https://finnhub.io/api/news?id=855637b07d25ecbf13bd7e660af956807b11b104d2d8c305b640c4c74abd0665
2025-04-24 14:55:11,TSLA,Apple to Strip Secret Robotics Unit From AI Chief Weeks After Moving Siri,"(Bloomberg) -- Apple Inc. will remove its secret robotics unit from the command of its artificial intelligence chief, the latest shake-up in response to the company’s AI struggles.Most Read from BloombergTrump Gives New York ‘One Last Chance’ to End Congestion FeeWhy Car YouTuber Matt Farah Is Fighting for Walkable CitiesBackyard Micro-Flats Aim to Ease South Africa’s Housing CrisisThe Racial Wealth Gap Is Not Just About MoneyTo Fuel Affordable Housing, This Innovation Fund Targets Predevelopmen",Yahoo,https://finnhub.io/api/news?id=cc88411905b52bbabdda5842b0d50f8f3826e1f0afbca39233d6c6531ead771a
2025-04-24 14:53:57,BA,March Durable Goods Orders Rise More Than Forecast Amid Commercial Aircraft Boost,"US durable goods orders increased more than expected in March, buoyed mainly by robust demand for co",Yahoo,https://finnhub.io/api/news?id=da7b28e0c2114312a45d7d1b6d4f3bfb25a8b2b5e44e60b5a30c508724b47ed3
2025-04-24 14:38:09,TSLA,Trump Says He Expects to Reach Deal With Norway on Tariffs,"(Bloomberg) -- Supply Lines is a daily newsletter that tracks global trade. Sign up here.Most Read from BloombergTrump Gives New York ‘One Last Chance’ to End Congestion FeeWhy Car YouTuber Matt Farah Is Fighting for Walkable CitiesBackyard Micro-Flats Aim to Ease South Africa’s Housing CrisisThe Racial Wealth Gap Is Not Just About MoneyTo Fuel Affordable Housing, This Innovation Fund Targets Predevelopment CostsUS President Donald Trump expressed confidence he would be able to reach an agreemen",Yahoo,https://finnhub.io/api/news?id=140c07454009abd92ee64eca0d03bb006a4c903dd1d6e161560cddd234c3f696
2025-04-24 14:36:18,BA,Airbus Executive: Tariffs Could Unravel Aerospace Supply Chain’s Post-Covid Recovery,"Airbus's CEO for North America, Robin Hayes, said tariffs threaten to undo progress made in restoring a global aerospace supply chain that had just started to recover from the Covid pandemic.  The world’s vast network of jet makers, engine manufacturers and parts suppliers have taken years to get back on track after the pandemic brought global air travel to a near standstill, he said.  Hayes said aerospace companies—from jet makers like Airbus and Boeing to global airlines and parts suppliers—have been working together to lobby the Trump Administration to restore a trade pact that has allowed much of the industry to operate without tariffs since the 1980s.",Yahoo,https://finnhub.io/api/news?id=23969124fd6a2f8ebff8ee43a246b5e614d48201f07d0dcd8d0151bca9b216bd
2025-04-24 14:29:00,TSLA,"U.S. to loosen rules on Tesla, other automakers to develop self-driving cars","U.S. to loosen rules on Tesla, other automakers to develop self-driving cars",MarketWatch,https://finnhub.io/api/news?id=e676c86ec87c9fb3d21911b6eb468823da8a14906711096f5526610acf5a5753
2025-04-24 14:15:00,TSLA,New to The Street Announces Vision for Tesla Robo-Fleet Media Activation in NYC,"Tesla (NASDAQ:TSLA) is more than an automobile company. NEW YORK CITY, NEW YORK / ACCESS Newswire / April 24, 2025 /New to The Street, the nationally syndicated business interview series seen weekly across Fox Business and Bloomberg, is exploring ...",Yahoo,https://finnhub.io/api/news?id=97e077ecd3d52ca26b093e55c6b996b67edbca85cb7eadc0e92e30b6b618ee88
2025-04-24 13:49:59,BA,Trump Blasts China Over Boeing Jet Snub Amid Escalating Trade Feud,Trump criticizes China's Boeing snub as part of ongoing trade fight; Beijing denies any current negotiations,Yahoo,https://finnhub.io/api/news?id=d495ec594089a5d231278d33039bf6f6335afc54775535b08f43dd2b1c90e795
2025-04-24 13:39:24,TSLA,Elon Musk's Wealth Skyrockets By Billions As Tesla Stock Rallies After Billionaire CEO Steps Back From DOGE,The net worth of Tesla Inc. (NASDAQ:TSLA) CEO Elon Musk witnessed a staggering increase of $7.5 billion on Wednesday as the shares experienced a 5% rally. What Happened: Despite Tesla’s Q1 report revealing profits and revenues below consensus ...,Yahoo,https://finnhub.io/api/news?id=5fc7b5e1eda6e4741d9ebf311ecb4b595232d04f32cef0e7681249b419d0889f
2025-04-24 13:30:58,NVDA,"Alphabet Q1: Excellent Results, Strong Buy","Alphabet Inc. beat Q1 estimates with 12% revenue, 49% EPS growth. Google's new $70 billion share repurchase authorization is a key plus. Click for my GOOGL update.",SeekingAlpha,https://finnhub.io/api/news?id=229d1d725304464ee91e001d72aa0bf68684a1470ce075265821204aed7989b6
2025-04-24 13:12:21,TSLA,Tesla Sales Drop in Europe,"Kristin Hull, head of Nia Impact Capital, says she is concerned about Tesla's sales drop in Europe and California. The activist investor explains why she isn't bullish on Tesla despite Elon Musk's plans to refocus on the company. Hull joins Caroline Hyde and Ed Ludlow on ""Bloomberg Technology.""",Yahoo,https://finnhub.io/api/news?id=ca8569a803cd635eaec59844986b61a12c693ededbaa73f18395ee997a0fd9b5
2025-04-24 13:04:16,TSLA,Databricks Just Dropped $250M in India--Here's Why It Could Redefine the Global AI Race,"The $62B AI giant is betting big on Bangalore, training 500,000 and doubling its engineering force.",Yahoo,https://finnhub.io/api/news?id=efdf33562d0802e0bbc4247a31120fb630f91f3a83572d22087fc988eb2beaa3
2025-04-24 13:00:00,TSLA,"Alphabet Q1: Beat And Dividend Raise, The Best Mag 7 Value By A Long Shot","See how a major dividend hike, $70B stock buyback, and strong financials reflect growth confidence and Alphabet Inc. shareholder value. Click for my GOOGL update.",SeekingAlpha,https://finnhub.io/api/news?id=fa8e22cafb2697983c7c91e1024a6a0badf6d644ff87644e095641e73206f40e
2025-04-24 12:43:53,NVDA,NVIDIA (NasdaqGS:NVDA) Powers Cerence's Next-Gen Automotive AI with MediaTek Partnership,"NVIDIA (NasdaqGS:NVDA) advanced 1.20% last week. The company remains in focus with the recent expansion of its partnership with Cerence Inc. to enhance automotive user experiences through new AI capabilities. This development coincides with the recent rally in the broader tech market led by chipmakers, as evidenced by gains in other semiconductor stocks like Broadcom. Overall, an optimistic atmosphere in the tech sector, propelled by strong earnings reports and positive market sentiment,...",Yahoo,https://finnhub.io/api/news?id=0955a3fa77d2da3b23f62c50d251289124f6ca380bb774597cd10f89f2e1e291
2025-04-24 12:40:20,TSLA,Garrett Motion Is Quietly Evolving Into A Cash Machine And Potential Compounder,Garrett Motion evolves with EV tech innovations and strong cash flow. Read more on how GTX is well-positioned to tide over macro uncertainties and sectoral headwinds.,SeekingAlpha,https://finnhub.io/api/news?id=c780a5eb2befeba39b596d49a2ac33015f90a82b1957de23a352241fdfaa3081
2025-04-24 12:34:10,BA,"Air India in talks with Boeing to take 10 planes snubbed by Chinese airlines, sources say","NEW DELHI (Reuters) -Air India is in talks with U.S. planemaker Boeing to acquire around 10 737 MAX jets after Chinese customers started rejecting deliveries amid a trade war with the United States, two people familiar with the discussions told Reuters.  Boeing CEO Kelly Ortberg said on Wednesday that ""due to the tariffs, many of our customers in China have indicated that they will not take delivery"", and the company could redirect jets to other customers in need.  Two sources, who declined to be named as the discussions are private, said Air India was seeking around 10 narrowbody planes from Boeing for its budget carrier Air India Express, which has a fleet of more than 100 aircraft.",Yahoo,https://finnhub.io/api/news?id=73cd7ed4be2f44783349a9aabf272ada9ea4bab76e76401bbee5cd5bf73bbaa2
2025-04-24 12:25:00,TSLA,5 businesses Elon Musk is refocusing on as he leaves DOGE — and how they did while he was busy,"Elon Musk has said he will be stepping back from his day-to-day involvement in the Trump administration’s Department of Government Efficiency (DOGE) to focus on his other roles, namely as the CEO of Tesla.",Yahoo,https://finnhub.io/api/news?id=89e9390422e5f3064d31da99fa3a390b03997999898352777b2e934416e782ff
2025-04-24 12:14:04,TSLA,"Tesla launches test run for FSD Supervised, an AI-powered ride hailing service","FSD Supervised ride-hailing service launched to a select few in Austin, Texas, and the San Francisco Bay Area, Tesla announced on social media following its latest sales call.",Yahoo,https://finnhub.io/api/news?id=e2b80efb43f37ab3b77d029f747e48775239e37e4dece97274d552a0112ba2a3
2025-04-24 12:13:57,BA,Trump Says Boeing Should ‘Default’ China Over Returned Planes,"President Trump said Boeing should “default” China after Chinese airlines returned three of the jet maker’s planes.  “Boeing should default China for not taking the beautifully finished planes that China committed to purchase,” Trump posted on Truth Social.  “This is just a small example of what China has done to the USA, for years.”",Yahoo,https://finnhub.io/api/news?id=ec41689d745d1013222251ea0f992b2b80e936f1a3c80a19a930c2e2b00992b2
2025-04-24 12:13:48,TSLA,Wall Street Unloads Musk's $1.2B Debt Bomb -- And Investors Are Rushing In,Morgan Stanley finally cuts loose Musk's controversial Twitter debt with a juicy 9.5% yield. Here's why timing is everything.,Yahoo,https://finnhub.io/api/news?id=657b218a12ad09aa45cb31ee006a401f253c16abf5df92c724107e89a02f123a
2025-04-24 12:08:06,TSLA,Tech Up as Traders Rotate Back Into Tariff-Hit Sectors -- Tech Roundup,"Shares of technology companies rallied as traders rotated back into one of the sectors most beaten down during the recent tariff scare. Shares of Nvidia, which is caught in the crossfire of a...",Finnhub,https://finnhub.io/api/news?id=b37b73f10e606dedaf14b07051f13a25d608dd79f11b21af0f8fb755b5c6ff1c
2025-04-24 11:49:00,TSLA,"These Stocks Moved the Most Today: Tesla, IBM, ServiceNow, Texas Instruments, Newmont, Southwest Airlines, and More","These Stocks Moved the Most Today: Tesla, IBM, ServiceNow, Texas Instruments, Newmont, Southwest Airlines, and More",MarketWatch,https://finnhub.io/api/news?id=99b164dd7dbf40f4bdb69c8b80bdbd24b445e49cf9dff8e76d882fd14a112486
2025-04-24 11:44:28,NVDA,Josh Brown Explains Long-Term Threats to Nvidia (NVDA),"We recently published a list of 10 Stocks on Analysts’ Radar Amid Tariff Turbulence. In this article, we are going to take a look at where NVIDIA Corporation (NASDAQ:NVDA) stands against other stocks on analysts’ radar amid tariff turbulence. Dan Niles, Niles Investment Management founder, predicted in a CNBC program earlier this month that unlike […]",Yahoo,https://finnhub.io/api/news?id=7fb994a79567ef2af4c32e296992d349b46422d0d9a4f68487e811224fc85e1b
2025-04-24 11:39:46,NVDA,Hold Your Horses On Nvidia: Why Long-Term Risks Temper The AI Euphoria,Nvidia Corporation's soaring AI-driven growth faces export controls and valuation risks. Click here to find out why I rate NVDA stock a Hold.,SeekingAlpha,https://finnhub.io/api/news?id=22e234df0fa0da0439e248f3d4d9b3e9051a5f172c96afc9fdb6473ba50bcbfe
2025-04-24 11:31:59,NVDA,Dean of Valuation Damodaran on CoreWeave (CRWV): ‘Buzzwords’ AI and Nvidia ‘Aren’t Working Anymore’,"We recently published a list of 10 Stocks on Analysts’ Radar Amid Tariff Turbulence. In this article, we are going to take a look at where CoreWeave Inc (NASDAQ:CRWV) stands against other stocks on analysts’ radar amid tariff turbulence. Dan Niles, Niles Investment Management founder, predicted in a CNBC program earlier this month that unlike […]",Yahoo,https://finnhub.io/api/news?id=6d4aef18ee4760b12e0dd7bab4f91263f3ea9d1b79b22a0f91b091c699f4b5e6
2025-04-24 11:20:02,BA,American Airlines Doesn’t Want Tariff-Fueled Prices Increases on Planes,"American Airlines really doesn’t want to pay tariffs on new planes.  American is expecting European-built planes to be delivered at the end of the year that could potentially be subject to the levies.  “Certainly, this is not something we would intend to absorb,” Isom said, echoing similar objections from Delta Air Lines CEO Ed Bastian.",Yahoo,https://finnhub.io/api/news?id=fa3992fffafac31093f866292e021fc1f3e4059276bd44453d6fd45bd1e6997a
2025-04-24 11:07:00,NVDA,This veteran investor is known for spotting winning stocks. Here’s why he’s all-in on Nvidia and Eli Lilly.,This veteran investor is known for spotting winning stocks. Here’s why he’s all-in on Nvidia and Eli Lilly.,MarketWatch,https://finnhub.io/api/news?id=d16ac7bae85c2258f323ffcd267ce17c0ee13084fddf9b475b73a1a0db63fd51
2025-04-24 11:02:47,TSLA,Analysts Expected Profit Growth This Year. Then Tesla Released Q1 Earnings And Things Changed.,Analysts Expected Profit Growth This Year. Then Tesla Released Q1 Earnings And Things Changed.,DowJones,https://finnhub.io/api/news?id=18d5da8ca6fb0902fa31985628cbeb590bce9da29d4a4413c520acccb00dee07
2025-04-24 10:34:00,NVDA,Should You Forget Nvidia and Buy These 2 Millionaire-Maker AI Stocks Instead?,"The market doesn't know what to make of Nvidia (NASDAQ: NVDA) stock right now.  Its shares are down 30% so far this year, and analysts are trimming their growth forecasts for the chipmaker as its valuation slides.  Nvidia stock is arguably a great buy following the market's early 2025 correction.",Yahoo,https://finnhub.io/api/news?id=1fad4a8b672f16522884808c3ce0088243d040d3c28a4a56807f145fd0adde6a
2025-04-24 10:25:00,NVDA,Nvidia Stock Climbs. It’s Headed for Its 3rd Straight Day of Gains.,Nvidia faces restrictions on exports to China but negotiations could reduce fears over sector-specific levies on imported semiconductors.,Yahoo,https://finnhub.io/api/news?id=da6ddd134387a6ab92e76b55136d65d72525eb39da365d250f89a9239d9de3b7
2025-04-24 09:49:02,BA,Boeing CEO 'won't be shy' about bringing in new execs if needed,"“Won’t be shy about doing that, but again, I think the team is coming together pretty well,” Ortberg said in response to a question about whether Boeing is considering changes to upper management at its defense and commercial airplanes units.  “Having said that, if we need to continue to supplement the team going forward, not just direct reports to me but all the way up and down the organization, we will do that,” Ortberg said.  Ted Colbert, then head of Boeing's troubled space and defense unit, left the company last year in Ortberg's first management change, fueling speculation about additional moves.",Yahoo,https://finnhub.io/api/news?id=9e9dde952be8c9a1520439d6d8ed332924f725849a55f665ca01d3fb2e934b8f
2025-04-24 09:45:39,BA,Boeing says much of supply chain based in U.S.,"Says much of the company’s supply chain is based in the U.S. Says many of the company’s imports from Canada and Mexico are exempt under the USMCA agreement. Says currently paying a 10% tariff on components from Japan and Italy, but believes it should recover tariff costs for those aircraft that are subsequently exported, “which is a large portion of our widebody.” The company says it “hopes” over time that the tariffs can be resolved through negotiated agreements, will have to manage through inc",Yahoo,https://finnhub.io/api/news?id=4b6600bacb2323f1ce058d3fd98960093d6c889984c89d8d99b5b8e951a59fca
2025-04-24 09:42:00,BA,"Boeing's Q1 Earnings Top Estimates, Revenues Increase Y/Y (Revised)",BA's Q1 revenues of $19.50 billion outpace the Zacks Consensus Estimate by 1.1% and increase 17.7% year over year.,Yahoo,https://finnhub.io/api/news?id=3def9b10064a321da7b1efd7d2ab77e7612e33a58dfd18bf552234f6c2e71452
2025-04-24 09:42:00,NVDA,"Salesforce, Caterpillar share gains lead Dow's 480-point rally","Salesforce, Caterpillar share gains lead Dow's 480-point rally",MarketWatch,https://finnhub.io/api/news?id=c2bdec0145e581d759429f17a85688a0a63a304bf369d3ac0ed487c559eefd94
2025-04-24 09:41:23,BA,"Lockheed Martin Delivers Strong Earnings, Upside Remains",Lockheed Martin's first quarter earnings showed strong improvement. Read more on what Wall Street expects from this defense giant in 2025.,SeekingAlpha,https://finnhub.io/api/news?id=4e93780ef4633ab7a48a140de39d09772108f77dd612b1ca60d275b90eff2336
2025-04-24 09:37:24,BA,"BA Q1 Earnings Call: Boeing Addresses Tariff Uncertainty and Production Ramp, Sees Progress on Recovery","Aerospace and defense company Boeing (NYSE:BA) fell short of the market’s revenue expectations in Q1 CY2025, but sales rose 17.7% year on year to $19.5 billion. Its non-GAAP loss of $0.37 per share was 71.3% above analysts’ consensus estimates. The stock traded up 6.2% to $172.49 after reporting and hosting the earnings call.",Yahoo,https://finnhub.io/api/news?id=dc2fa80fb0e9023c825ffe3734e1c4234e6c5bd6b046084ef11acc6da41d9917
2025-04-24 09:33:00,NVDA,Nvidia could see an unexpected benefit from the trade war,Tariffs may not push this stock down as hard as other tech leaders.,Yahoo,https://finnhub.io/api/news?id=8b732f38658ba3b95b03ba9e323e4ba25cb3cb2035f69332a21d4e203c1d5050
2025-04-24 09:20:00,NVDA,Wall Street Lunch: Tesla The Story Of The Week,"Tesla's bad numbers, market response.Â Palantir taking over. IBM falling.",SeekingAlpha,https://finnhub.io/api/news?id=4b93bfc70a7f64e577e22c6a90067f6ad49e3daf2af387fb472f0033958bdc85
2025-04-24 09:16:15,NVDA,"A16z Unleashes $20 Billion AI Fund Fueled By 20,000 Nvidia GPUs As Marc Andreessen Bets Big On The Next Tech Superstars","Andreessen Horowitz is doubling down on artificial intelligence—literally. The Silicon Valley powerhouse, co-founded by Marc Andreessen and Ben Horowitz, is in early talks to raise a massive $20 billion fund, making it the largest in the firm's history. If successful, it would be one of the biggest AI-focused funds ever, second only to SoftBank's Vision Funds. A $20 Billion Play For AI Dominance Reuters reported that the firm, commonly referred to as a16z, is pitching the fund to global investor",Yahoo,https://finnhub.io/api/news?id=146007b896df9269d0b5f3c53478736d39687cf7615d1bc1278abadcce233011
2025-04-24 09:05:22,NVDA,Nvidia Heads Higher But Watch Out For This Retest; Is Nvidia A Buy Now?,"Nvidia headed higher on Thursday, on track for a three-day winning streak, after President Trump said that tariffs on China would be substantially lower.  Does that mean Nvidia stock is a buy now?  On Monday, reports said China's Huawei Technologies is planning mass shipments of its 910C artificial intelligence chip which equals the capabilities of Nvidia's older H100 chip next month.",Yahoo,https://finnhub.io/api/news?id=2b9743c61b0e3b103aded493a4fde55fe31529bbdd07b2ebd54146b993f512e5
2025-04-24 09:04:13,NVDA,NVIDIA Corporation (NVDA): Among Louis Navellier’s Stock Picks with Huge Upside Potential,"We recently published a list of Louis Navellier’s 10 Stock Picks with Huge Upside Potential. In this article, we are going to take a look at where NVIDIA Corporation (NASDAQ:NVDA) stands against other Louis Navellier’s stock picks with huge upside potential. Navellier & Associates is an independent money management firm founded in 1987 by renowned stock […]",Yahoo,https://finnhub.io/api/news?id=c07a58e7237d01eab955ac69c06ee0cf832853fafd608236d1800b5a44a984e8
2025-04-24 08:50:00,BA,"Stock Market News for Apr 24, 2025","U.S. stocks gained for the second straight day on Wednesday, but closed off their session highs, on renewed hopes that the trade tensions between the U.S. and China could ease, while President Donald Trump assured that he had no plans to fire Federal Reserve Chairman Jerome Powell.",Yahoo,https://finnhub.io/api/news?id=9f856330d25b743528b7db6fb8a980dd1aac29703b79e9f947ab6638887f22cd
2025-04-24 08:45:00,NVDA,Is IonQ Stock a Buy?,"Now, we have a new theme emerging: quantum computing.  Stocks such as IonQ (NYSE: IONQ) have soared in recent quarters due to the enormous potential of this technology, which could bring a genuinely new type of computer to market for the first time in close to a century.  Investing in cutting-edge technology can be worthwhile.",Yahoo,https://finnhub.io/api/news?id=6f897a76e0f2ed40f573e7d00138ce2008996ca7805f2001c86303ad0b49e0fd
2025-04-24 08:31:40,BA,"Qatar Airways CEO on Fleet, Aircraft Deliveries, Orders","Badr Mohammed Al-Meer, the chief executive officer of Qatar Airways, discusses the airline's fleet and the potential impact of delivery delays on the company. He also talks about Qatar Airways' wide-body and narrow-body aircraft strategies. Badr Mohammed Al-Meer speaks in an interview with Bloomberg's Joumanna Bercetche.",Yahoo,https://finnhub.io/api/news?id=b567de02bc09190bcb92ab926f5befc0450b6ad53ea8ed5dd908636cc3cbb99d
2025-04-24 08:17:27,BA,"American Airlines, Carriers Pull Outlooks; Boeing Confirms China Boycott","American Airlines, Southwest, Alaska Air pull full-year outlooks with earnings. Boeing seeks buyers for China jet deliveries due to tariffs.",Yahoo,https://finnhub.io/api/news?id=508f8d8777fe47da51b81470eb275aefec73e2af4ec4ac8755a6062fb5d4c4b1
2025-04-24 08:03:57,BA,US durable goods orders soar on aircraft bookings in March,"WASHINGTON (Reuters) -Orders for long-lasting U.S. manufactured goods surged in March on strong demand for commercial aircraft, but activity elsewhere was muted, likely as businesses exercised caution against the backdrop of a darkening economic outlook caused by tariffs.  Orders for durable goods, items ranging from toasters to aircraft meant to last three years or more, jumped 9.2% last month after slightly downwardly revised 0.9% gain in February, the Commerce Department's Census Bureau said on Thursday.  Economists polled by Reuters had forecast durable goods orders advancing 2.0% after a previously reported 1.0% gain in February.",Yahoo,https://finnhub.io/api/news?id=752a3a5a1b4596c607278861592aea301840bf539e2922bed416f3c0450e8062
2025-04-24 07:58:52,TSLA,"Tesla's Robotaxi Hits Roads in Two Cities, Logs 15,000 Miles Ahead of Full Rollout",Tesla Kicks Off Robotaxi Trials in Austin and Bay Area Ahead of 2025 Launch,Yahoo,https://finnhub.io/api/news?id=5ffe927e973c37294eebd6402168eb50c997698086c3407658c6b363d6f31196
2025-04-24 07:52:04,TSLA,Aristotle Atlantic’s Large Cap Growth Benefited From An Underweight Exposure In Tesla (TSLA),"Aristotle Atlantic Partners, LLC, an investment advisor, released its “Large Cap Growth Strategy” first quarter 2025 investor letter. A copy of the letter can be downloaded here. The U.S. equity market experienced a modest decline in Q1 2025, with the S&P 500 Index falling 4.27%, while bonds showed stability with the Bloomberg U.S. Aggregate Bond […]",Yahoo,https://finnhub.io/api/news?id=ee2cb6f0c8c8e47e2b88c6a8a61fdfa7526d8b961a21da490bd7c4690da2398e
2025-04-24 07:51:48,BA,Boeing poised to resell jets as tariffs hit China trade,SEOUL/PARIS -Boeing is looking to resell potentially dozens of planes locked out of China by tariffs after repatriating a third jet to the United States in a delivery standoff that drew new criticism...,Finnhub,https://finnhub.io/api/news?id=72cd15acfb5a1bdaf3f21a38d71c71263364ec86604f9720c37a6681d100ef1e
2025-04-24 07:34:00,NVDA,"Zacks Investment Ideas feature highlights: Alphabet, NVIDIA and CrowdStrike","Alphabet, NVIDIA and CrowdStrike are part of the Zacks Investment Ideas article.",Yahoo,https://finnhub.io/api/news?id=51e7ed88aa0713ff69095f09b342a129bea9b16e5a312123e563bda3e622fc79
2025-04-24 07:30:00,NVDA,"Dow's 379-point rally highlighted by gains for Salesforce, Caterpillar shares","Dow's 379-point rally highlighted by gains for Salesforce, Caterpillar shares",MarketWatch,https://finnhub.io/api/news?id=6c4592a229ba8bb6b141b0a1a7415df6b386470b3bb53cd695a0b64d7a38b376
2025-04-24 07:06:11,TSLA,5 Things to Know Before the Stock Market Opens,"News of the day for April 24, 2025",Yahoo,https://finnhub.io/api/news?id=82700c9cedd75ac48a6ad1452e9e6e29cfee851df11216a149269ba5aa5b67c9
2025-04-24 06:52:04,TSLA,Norway’s $1.7 Trillion Fund to Keep Buying US Stocks After Loss,"(Bloomberg) -- Norway’s $1.7 trillion sovereign wealth fund reported its biggest loss in six quarters in what was a roller-coaster period for markets globally, with the decline largely caused by a drop in the value of technology companies.Most Read from BloombergTrump Gives New York ‘One Last Chance’ to End Congestion FeeWhy Car YouTuber Matt Farah Is Fighting for Walkable CitiesBackyard Micro-Flats Aim to Ease South Africa’s Housing CrisisThe Racial Wealth Gap Is Not Just About MoneyTo Fuel Aff",Yahoo,https://finnhub.io/api/news?id=4104962883d5f139a085db121ee7d9d507a6b54ffe930322bf8185f7774c26a3
2025-04-24 06:51:00,NVDA,Nvidia Stock Drops. What’s Behind the Weakness.,Nvidia faces restrictions on exports to China but negotiations could reduce fears over sector-specific levies on imported semiconductors.,Yahoo,https://finnhub.io/api/news?id=617396912cc7fb1630a8a1e40e785b0e18a48f7c54eeb512fd8635b503ccb8ec
2025-04-24 06:43:00,TSLA,Tesla’s ‘New Model’ May Not Be New Enough. What It Means for the Stock.,Tesla has two big catalysts coming later in 2025. A robo-taxi service and new lower-priced models. Investors want to see both.,Yahoo,https://finnhub.io/api/news?id=33ca4004ac42dcc1c50af8df1bc78469fd2f79f871acde3f36cf531f3cb90cea
2025-04-24 06:42:40,TSLA,Stellantis targets India for EVs developed by its China partner,"""With the size of the automotive market, India certainly has a lot of potential as well,"" said Tianshu Xin, head of China operations for Stellantis and CEO of its joint venture, Leapmotor International.  ""We're  accelerating entering into the Indian market,"" Xin told Reuters on the sidelines of the Shanghai auto show.",Yahoo,https://finnhub.io/api/news?id=55e73e391fb081728d60f186a278fb2b85e89f9b5f6be7aae363651ef888a0d7
2025-04-24 06:40:00,TSLA,Stocks Rise On News Trump Might Hold The Line,"In just two days, the S&P 500 climbed 4.2% and Nasdaq 5.3% on the strength of two presidential promises: Fed Chair Powell keeps his job, and tariffs on China may come down. Read more here...",SeekingAlpha,https://finnhub.io/api/news?id=fb88d73e9cfe1e62ed8b5fdc6a1c8551913b3607ce7b114eadfa0c728d6cc2a0
2025-04-24 06:37:42,BA,Boeing: A Very Bullish Outlook,"Boeing is boosting cash flow with higher production rates and inventory deliveries, despite short-term margin issues. Find out why BA stock is a buy.",SeekingAlpha,https://finnhub.io/api/news?id=4e88d211a65cf36ff05ab2fb2ac04d77453e0881521dfe7084306705b22f3b35
2025-04-24 06:37:22,TSLA,Energy Transition Today - Solar Energy Projects Boost Sustainability in Long Island Schools,"SUNation Energy, Inc. has entered Letters of Intent with Energy Systems Group for the development of solar projects totaling over 2.35 megawatts (MW) at two school districts on Long Island, New York. The proposed installations aim to deliver renewable solar energy across ten buildings, with a generation of over 3 megawatt hours annually, effectively offsetting a significant portion of the districts' energy requirements. These projects represent a notable step in advancing the adoption of...",Yahoo,https://finnhub.io/api/news?id=1f792c890e885f4ff44c019947c73d0008c27e4cf568d0eeba0ad1edaa8e79c1
2025-04-24 06:33:00,NVDA,Prediction: The Trade Desk Will Beat the Market. Here's Why.,The Trade Desk's stock has tumbled 65% in five months. Here's why it's still a compelling long-term investment.,Yahoo,https://finnhub.io/api/news?id=1d3a4ca8e8152c364e6da70f972770ea40094c68062c2909569ae61f862fb9ff
2025-04-24 06:20:00,NVDA,"Dow's 269-point rally highlighted by gains for Salesforce, Caterpillar stocks","Dow's 269-point rally highlighted by gains for Salesforce, Caterpillar stocks",MarketWatch,https://finnhub.io/api/news?id=c55f40e10a6b188de0f5f44a2929fd72b46fe9a272f9e38154898396abdda6d3
2025-04-24 06:20:00,BA,Boeing Q1 revenue jumps to $19.5B as tariff impacts loom,"The company is successfully ramping back up production, but is dealing with fallout from the U.S.’s trade war as China customers refuse to accept deliveries.",Yahoo,https://finnhub.io/api/news?id=d080c7a56fd06cbf6b88c1d219d0183181317834676b3769963b815b719ea3f0
2025-04-24 06:15:00,NVDA,Nasdaq Bear Market: Is AMD or Nvidia the Best Buy Now?,"Nvidia (NASDAQ: NVDA) and AMD (NASDAQ: AMD) are two of the biggest providers of artificial intelligence (AI) computing hardware, but Nvidia is much larger and more successful than AMD in this regard.  Nvidia's CEO and co-founder, Jensen Huang, invented the GPU in 1999, and AMD also makes GPUs.  This makes them ideal for workloads that need intense computing power, like AI.",Yahoo,https://finnhub.io/api/news?id=c46e25889e3eccb5a7efb56949fbf271e06294024c064e8321d380527b59871f
2025-04-24 06:06:51,TSLA,Analysis: Tesla doubles down on robotaxi timeline; investors enthused - and skeptical,"(Reuters) -Tesla peppered its latest earnings call with pledges to launch commercial robotaxi operations soon, with CEO Elon Musk promising that autonomous vehicles will ""move the financial needle in a significant way"" by late next year.  While the U.S. electric vehicle maker has missed targets many times before, its reiteration on Tuesday of a previously announced launch target has investors believing that its self-driving future is close.  As its core automotive business struggles, with vehicle sales down 13% in the first quarter, expectations are high for Tesla to prove it can overcome the technological hurdles of autonomous driving and demonstrate a sound business model for driverless car services.",Yahoo,https://finnhub.io/api/news?id=c16949f74f37fdb95cb1ae8694170595200b67fce496e6729f0dc233ca21557d
2025-04-24 06:01:00,NVDA,These Were the 3 Worst-Performing Stocks in the Dow Jones Industrial Average in March 2025,"The Dow Jones Industrial Average (DJINDICES: ^DJI) index started to crack in March, falling 4.2%, with 73% of its 30 blue chip stocks ending the month in the red.  Nike (NYSE: NKE), Walt Disney (NYSE: DIS), and Nvidia (NASDAQ: NVDA) were the worst-performing Dow stocks in March, and they've fallen further this month.  Nike stock plunged 20.1% to multiyear lows in March after reporting a 9%  and 30% drop in revenue and earnings per share (EPS), respectively, for its 2025 fiscal third quarter, which ended Feb. 28, 2025.",Yahoo,https://finnhub.io/api/news?id=6a76118fcca3b981412352099b092d058e8eef0ea7aa4af959dd6a110a671787
2025-04-24 06:00:36,TSLA,Q1 earnings trends: Companies pulling outlooks due to tariff risks,"Pulling guidance has become a common theme of the first quarter earnings season, with Tesla (TSLA), Walmart (WMT), Delta (DAL), and others among the companies withdrawing their previous outlook. Other companies, like GE Vernova (GEV) and Norfolk Southern (NSC), reaffirmed guidance but acknowledged the cost of tariffs. Watch the video above to hear more from Julie Hyman and Roundhill Investments CEO Dave Mazza on Market Domination. To watch more expert insights and analysis on the latest market action, check out more Market Domination here.",Yahoo,https://finnhub.io/api/news?id=868f1e3bbb720c37753cc29221d26c0e5fcf26847904a33b470b6645d3b44384
2025-04-24 06:00:27,NVDA,Why Nvidia's Real Story Is Mispriced,"On conservative estimates, Nvidia is reasonably priced at its current levels at $100 with steady growth. Read why I rate NVDA stock a Strong Buy now.",SeekingAlpha,https://finnhub.io/api/news?id=b835518c57db5eed9f85330f566173cf86562477130edddea267a916a8bf9937
2025-04-24 05:59:58,NVDA,Why the stock market's problem isn't only about tariffs,Why the stock market's problem isn't only about tariffs,MarketWatch,https://finnhub.io/api/news?id=84732cbbdae77e080631addb6012bf00dd849a4d7ede172f6ceb442a0df1a4fb
2025-04-24 05:59:00,NVDA,"BAI: Not An Encouraging Start For An AI Portfolio, But Still Very Much A Buy","BAI charges a 0.55% net ER and focuses on key AI players like Nvidia, Microsoft, Meta, and Amazon. See why I rate the fund a buy.",SeekingAlpha,https://finnhub.io/api/news?id=1fa787c77de64df920fd54a5dc06deb5c3002273bee8c94aa3c8cad72cddf3dd
2025-04-24 05:50:00,NVDA,Micron Stock Is Rising. How Earnings From a Rival Are Helping.,Micron Stock Is Rising. How Earnings From a Rival Are Helping.,MarketWatch,https://finnhub.io/api/news?id=f3e032e4bf93e726236e3034f507e715cc6cbd657b43ab0ea6ae9d9d4bb4667f
2025-04-24 05:49:53,TSLA,"Is Tesla, Inc. (TSLA) the Best Nancy Pelosi Stock to Invest In Now?","We recently published a list of 15 Best Nancy Pelosi Stocks To Invest In Now. In this article, we are going to take a look at where Tesla, Inc. (NASDAQ:TSLA) stands against other best Nancy Pelosi stocks to invest in now. We are aware that Nancy Pelosi isn’t the only member of the Congress with […]",Yahoo,https://finnhub.io/api/news?id=a08a1c818470a4e18599f24bed4bee32a61c3dd2f7802c5f7ba32825a1d0cdcd
2025-04-24 05:45:37,TSLA,Tesla's EU Sales Sink Again,"Tesla's sales in the European Union tumbled for a third consecutive month in March, even as overall new battery-electric vehicle registrations went up.",Yahoo,https://finnhub.io/api/news?id=906c42509d8dbcc6a382fab0c7b67d47417682634aa4825fad24c7879e8925b4
2025-04-24 05:45:00,NVDA,1 No-Brainer Vanguard ETF to Buy Right Now,"Market turbulence has defined 2025's investment landscape as political brinkmanship over trade policy sent stocks on a wild ride.  The initial shock of President Trump's aggressive tariff announcements triggered widespread selling, particularly in growth-oriented sectors with global supply chains and international revenue exposure.  With many premier growth companies still trading well below their recent highs despite improving fundamentals, the current market environment favors those willing to look beyond short-term volatility.",Yahoo,https://finnhub.io/api/news?id=b8cf05e87481b50a5e829646d12c975052dc3aacbdd7957c2051d2f360c8b9dc
2025-04-24 05:40:00,TSLA,Here's How Waymo's Robotaxi Momentum Will Pay Off For Google Stock,Here's How Waymo's Robotaxi Momentum Will Pay Off For Google Stock,DowJones,https://finnhub.io/api/news?id=2b08a74846b451c2ecf3d81126e157d690c0598c610180b2ac5fa7f0e682952e
2025-04-24 05:19:18,TSLA,Tesla sales plunge in Europe despite rebound in electric car demand,Tesla’s sales in Europe are tumbling despite a broader rebound in demand for electric vehicles (EVs) across the Continent.,Yahoo,https://finnhub.io/api/news?id=d3473d83a3377afbdf2780682ca1463301ad55e9a67db30e1f4f700493873491
2025-04-24 05:19:00,NVDA,"Dow's 100-point rally led by gains for Salesforce, Walt Disney stocks","Dow's 100-point rally led by gains for Salesforce, Walt Disney stocks",MarketWatch,https://finnhub.io/api/news?id=64c5465169bc868b324be933780e086b19b297888b00295d3823c7a751490921
2025-04-24 05:16:39,NVDA,Nvidia's Recent Troubles Should Be Absorbed By The Big Picture (Upgrade),"Nvidia Corporation's growth potential shines despite challenges. Click for how tariffs, nearshoring, new GPUs, and AI reduce NVDA stock risks and boost revenues.",SeekingAlpha,https://finnhub.io/api/news?id=b82f76171ee6c4749dbdb05e6b519f46d10551fd44675d5d9f4a35fcaa34c7a7
2025-04-24 05:12:00,NVDA,AWS Just Delivered Great News for Nvidia Shareholders,"Nvidia (NASDAQ: NVDA) has faced its share of negative news in recent weeks, from a halt on its exports to China to uncertainty about tariffs on imports into the U.S. of its chips.  Nvidia, after soaring 800% over the past two years, has slipped 26% since the start of the year.  The U.S. recently informed Nvidia that it would need a license to continue selling its chips to China -- meaning the company can't fulfill current orders, and the company said it would take a $5.5 billion charge.",Yahoo,https://finnhub.io/api/news?id=483736b7f88767c5272b79b79e73aad02da4b823b95ad9133e7b7db979c9c4b0
2025-04-24 05:10:00,NVDA,"Microsoft Just Showed the Future of AI, and It's Great News for Intel and AMD","The most powerful generative AI models from the likes of OpenAI, Alphabet, and Anthropic require costly and power-hungry AI accelerators stuffed into data centers to produce results.  AI models from Chinese start-up DeepSeek released earlier this year turned some assumptions about the AI infrastructure market on their heads.  The assumption that AI models would require ever-increasing quantities of computational horsepower, the foundation of the bull case for Nvidia stock, started to look a lot less like a sure thing.",Yahoo,https://finnhub.io/api/news?id=9b4d41e27bfe41122c4fa5fb652a30b614a142d89f13c4542281e3b15a619947
2025-04-24 05:00:31,NVDA,"NVDY: Lower Risk Option Than Nvidia, But Also Lower Returns",Generate income with YieldMax NVDA Option Income Strategy ETF through covered calls on Nvidia stock. Click for more on the NVDY ETF and its benefits and risks.,SeekingAlpha,https://finnhub.io/api/news?id=5e2ba951bd11963afd5ad3681536b1195ce33bfd14fe558ce4405aeba9fd8cf4
2025-04-24 05:00:26,TSLA,Why Tesla's upcoming cheaper EV is going to look very familiar,Tesla execs on the company's first quarter earnings call dropped some heavy hints as to what the EV maker's cheaper upcoming vehicles could look like — and those EVs are going to look very familiar.,Yahoo,https://finnhub.io/api/news?id=68a24413b5fc915fd5d9a767d555692d7db08eb20d772a631cd295a9e3575f2a
2025-04-24 05:00:00,TSLA,"Most big cryptocurrencies fall on Dogecoin, Ethereum drops","Most big cryptocurrencies fall on Dogecoin, Ethereum drops",MarketWatch,https://finnhub.io/api/news?id=24be27b211080f992c993ec0fbad8ecc42850c577b3bac9f13f8f6be7187da62
2025-04-24 04:54:34,TSLA,"Dow Jones Falls On Trump Tariff News; Nvidia, Tesla Rally","Dow Jones Falls On Trump Tariff News; Nvidia, Tesla Rally",DowJones,https://finnhub.io/api/news?id=24163b765220f961a0fa922a2ba9691b832c6b0bdc817e9139eb28c34a268cde
2025-04-24 04:32:52,BA,"Trending tickers: Tesla, IBM, Boeing, Unilever and Asos",The latest investor updates on stocks that are trending on Thursday.,Yahoo,https://finnhub.io/api/news?id=fa9b6d0f135eb80857b03728b966959abdcd9fb9e12448dd3cb4b5c94f5fcad9
2025-04-24 04:24:32,BA,India's IndiGo appoints former FAA chief Whitaker as independent director,"Whitaker served as the head of the FAA, the U.S. agency in charge of air safety, efficiency, and the air traffic system, from October 2023 to January this year, during which he oversaw the agency's response to significant safety issues at Boeing.  IndiGo, the world's second-largest airline by market capitalisation, has been tapping India's growing outbound travel market to drive growth as capacity constraints hinder domestic growth.  The appointment comes as IndiGo has been expanding internationally, while also trying to attract more affluent passengers in a departure from its low-cost model focus.",Yahoo,https://finnhub.io/api/news?id=00f951f2d35e94dc4f6493596a120cbce59a8790696a214af7a8bea7562141cd
2025-04-24 04:03:00,BA,Boeing contracts and tariff ‘front running’ boost durable-goods orders. It won’t last if trade wars keep raging.,Boeing contracts and tariff ‘front running’ boost durable-goods orders. It won’t last if trade wars keep raging.,MarketWatch,https://finnhub.io/api/news?id=d42792b06e61929c3e9111db64b66d2a43600edf32b683a4178969b62629f7eb
2025-04-24 02:14:45,BA,Q1 2025 Boeing Co Earnings Call,Q1 2025 Boeing Co Earnings Call,Yahoo,https://finnhub.io/api/news?id=6778da32a5f292040fc0a052bd72b5d94755db019c1c49c55e753962565be196
2025-04-24 02:05:45,BA,Boeing Co (BA) Q1 2025 Earnings Call Highlights: Strong Revenue Growth Amid Tariff Challenges,"Boeing Co (BA) reports an 18% revenue increase and strategic wins, while navigating tariff impacts and financial pressures.",Yahoo,https://finnhub.io/api/news?id=46a571756a4a9028dd8bae97fb8305e4e1795a24840d0d08a8d6220a2f6c7f0f
2025-04-24 01:07:33,BA,Boeing ready to resell jets as tariffs hit China trade,SEOUL/PARIS -Boeing is looking to resell potentially dozens of planes locked out of China by tariffs after repatriating a third jet to the United States rather than store it without willing buyers. ...,Finnhub,https://finnhub.io/api/news?id=07516e70c1a24b6bf5e247da62c93cef433ff98f213a314fd40ae5403ace0fac
2025-04-23 23:17:49,BA,"Vietnam Airlines to finalise 50 Boeing narrow-body order soon, sources say","Flag carrier Vietnam Airlines is close to finalising a provisional order for 50 Boeing 737 MAX jets that it made in 2023, industry sources said, as it signed a funding arrangement for 50 single-aisle...",Finnhub,https://finnhub.io/api/news?id=32eb706eb3bf622d7141d22aa69b489466abe5ecf6005231e78772304911524d
2025-04-23 15:51:00,BA,Boeing Stock Surges on Earnings. There Is Still a Lot of Uncertainty Ahead.,"Boeing produced an earnings ‘beat.’ That’s good news. Coming into Q1, it had missed earnings estimates in 19 of the past 44 quarters, according to Bloomberg.",Yahoo,https://finnhub.io/api/news?id=a32908516e60135e5c80aae76476fad66f8c6b200e800f6a07a57cad9dc77cea
2025-04-23 15:30:00,BA,The Dow climbs 400 points as Trump backs off Powell and Tesla stock rallies,"U.S. stocks climbed Wednesday, buoyed in part by President Donald Trump’s retreat on the prospect of firing Federal Reserve Chair Jerome Powell and the president’s indication that tariffs on China “will come down substantially but it won’t be zero.”",Yahoo,https://finnhub.io/api/news?id=a9ed2cce14016f0dda47c901f62e78055fc03e0a831a8db25abb5b55aa249d45
2025-04-23 15:29:36,BA,"Stocks to Watch Recap: IBM, Shopify, Intuitive Surgical, Boeing","? After-Hours Earnings: Shares of IBM, Chipotle Mexican Grill and Las Vegas Sands fell in afterhours trading following post-close earnings announcements. Shares of Texas Instruments, ServiceNow and Whirlpool rose in response to their postmarket earnings.",Yahoo,https://finnhub.io/api/news?id=c2c18fbb10c33a9ce11e269a9d2345b905abd312750bc6d03a1ee307088cf689
2025-04-23 15:22:38,BA,"Boeing Stock Surges On Q1 Results, Plus $10.6 Billion Deal",Boeing stock climbs earnings beat as operational performance improves. Dow Jones jet maker strikes deal for navigation business.,Yahoo,https://finnhub.io/api/news?id=63ab78a55911c3956474bd7fe49214d6917ea16e38e4ab54e7bac99d84b3d3d3
2025-04-23 15:17:00,BA,"These Stocks Moved the Most Today: Tesla, Intel, Enphase, Bristol Myers, Boeing, AT&T, and More",Tesla stock rises as CEO Elon Musk says in May he’ll be cutting back ’significantly’ his work with the Trump administration’s Department of Government Efficiency.,Yahoo,https://finnhub.io/api/news?id=80cc144952ed318694a8763374e28be392c807d71dd6ece91fdb603c1299945e
2025-04-23 15:10:30,BA,Traders Fixated on What Companies Spend More Than Earn,"(Bloomberg) -- Wall Street is already looking past what’s expected to be Corporate America’s slowest gain in quarterly earnings in a year, instead focusing on a number that rarely captures the limelight: capital expenditures.Most Read from BloombergTrump Gives New York ‘One Last Chance’ to End Congestion FeeWhy Car YouTuber Matt Farah Is Fighting for Walkable CitiesThe Racial Wealth Gap Is Not Just About MoneyBackyard Micro-Flats Aim to Ease South Africa’s Housing CrisisTo Fuel Affordable Housin",Yahoo,https://finnhub.io/api/news?id=37c57dec3b3d1adc70383510d5198d34ff15527a61198021c41778f1a6ec4246
2025-04-23 14:42:37,BA,Private Credit Just Crushed Wall Street--$4B Loan Fuels Thoma Bravo's $10.6B Boeing Buyout,"Apollo, Blackstone, and Citigroup are rewriting the M&A playbook--bankers are watching from the sidelines.",Yahoo,https://finnhub.io/api/news?id=47e8a3fe91e51176ca8b50cc5a33c479fe7bca8fd313b3d3ef811924b9846133
2025-04-23 14:05:09,BA,"Boeing CEO says trade uncertainty, China tensions not expected to affect aerospace giant’s rebound",Boeing CEO Kelly Ortberg says the aerospace giant will look to protect its turnaround efforts amid the ongoing trade tensions between the U.S. and trading partners like China.,Yahoo,https://finnhub.io/api/news?id=0db3084b508393ca5ae7042fee706ef3b882b179ff643068c6dfeec741dda37e
2025-04-23 13:40:00,BA,"These Stocks Are Moving the Most Today: Tesla, Intel, Enphase, Bristol Myers, Boeing, AT&T, and More",Tesla stock rises as CEO Elon Musk says in May he’ll be cutting back ’significantly’ his work with the Trump administration’s Department of Government Efficiency.,Yahoo,https://finnhub.io/api/news?id=65f0d46e40689744cf36274fabe79ee925113c8103779627990ec5ebe2fe208e
2025-04-23 12:44:02,BA,Why Is Boeing (BA) Stock Soaring Today,"Shares of aerospace and defense company Boeing (NYSE:BA) jumped 7.2% in the morning session after the company reported impressive first-quarter 2025 results, which significantly blew past analysts' EBITDA and EPS expectations, signaling improved profitability.",Yahoo,https://finnhub.io/api/news?id=90d021e1f0626f91490b06d839c97a83bc4f196a22f26a356549ce1120708032
2025-04-23 12:39:52,BA,America’s biggest exporter was already on the ropes. Then came tariffs,"Boeing’s problems the last six years have been legion. Tariffs could be yet another gut punch for the beleaguered company – and, given Boeing’s importance as the top US exporter, for the economy as a whole.",Yahoo,https://finnhub.io/api/news?id=da4ce62ef316448bafa9c646f5c04ec5b25b3df4d08764c7bb2b4b7b9aac6e2c
2025-04-23 12:38:00,BA,"Boeing Leans on Backlog, Looks for Alternatives to China Trade",The airplane maker reported a narrower first-quarter loss as CEO Kelly Ortberg said the company’s higher backlog has provided some flexibility amid the trade war.,Yahoo,https://finnhub.io/api/news?id=196585f21017388157b37465614c39007447794aee4994cfb8250ca3d6711713
2025-04-23 11:52:00,BA,"Boeing Will Stop Making Jets for China if Airlines Won’t Accept Planes, CEO Says","This was the quarter  Boeing  was waiting for.  Then came President Trump’s trade war.  Instead, Chief Executive  Kelly Ortberg  spent much of the morning Wednesday talking about a pair of Boeing jets returned by China and issuing reassurances that tariff wars won’t derail the company’s turnaround.",Yahoo,https://finnhub.io/api/news?id=d333dc51f47c6a6863ad2eee53dc4f07ee11f64097c42c764b54d42fa77e700a
2025-04-23 11:45:02,BA,Boeing Can Ride the Tariff De-Escalation Tailwind: Heard on the Street,"If Donald Trump truly de-escalates his trade war, Boeing could be an early winner.  On top of that, Boeing reported smaller losses and a less onerous cash burn for the first quarter than Wall Street analysts were forecasting.  Comments by GE Aerospace, RTX and Hexcel this week had suggested that the trade war with China could slow production of American-made jets.",Yahoo,https://finnhub.io/api/news?id=ea0c6b37a5d65d6c9d9a53b69d5a94acfff57f9afa601b70cf8a16431f2fd20a
2025-04-23 11:40:41,BA,"Uncertain Outlook Likely to Keep Weighing on Boeing (BA), Investor Says","The “cloudiness of forecasts” for Boeing (BA) is likely to keep weighing on BA stock going forward, said Dave Mazza, the CEO of Roundhill Investments, on the Schwab Network recently. Specifically, the uncertainty of the outcome of trade battle between the U.S. and China, along with worries about the economy and doubts about the firm’s […]",Yahoo,https://finnhub.io/api/news?id=f89ad499aa5ff40864cf6f35c38ad708be4c4d0fa9e6a3d4668741743f27325a
2025-04-23 11:29:29,BA,"Stock Market Today: Dow Jones Fades As Trump Backs Down On China, Fed Powell; Cathie Wood Scoops Up Nvidia Stock (Live Coverage)","Stock Market Today: Dow Jones Fades As Trump Backs Down On China, Fed Powell; Cathie Wood Scoops Up Nvidia Stock (Live Coverage)",DowJones,https://finnhub.io/api/news?id=7fa97348d78205ae3e53dc56d04f7031e46144e003986c36b4a3fc37cec14bfd
2025-04-23 11:15:00,BA,Here's Why Boeing Stock Rocketed Higher Today,"Boeing (NYSE: BA) stock rose by as much as 8.7% in trading before 10 a.m. today.  On the other hand, its well-regarded CEO, Kelly Ortberg, has a huge opportunity to engineer a turnaround at the company simply by executing well.  As such, Boeing is almost a ""self-help"" story, and the good news from this earnings report is that the company seems to be starting to help itself.",Yahoo,https://finnhub.io/api/news?id=54b1d07f1de0f6ebc1502eb1190ee9a2e53a8f8a8ee5b6e98ab3db895c6056ea
2025-04-23 11:13:08,BA,"Top Stock Movers Now: Tesla, Boeing, Enphase, and More","U.S. stock indexes rallied at midday Wednesday as President Donald Trump said he has ""no intention"" of firing Federal Reserve Chair Jerome Powell and made further comments suggesting a de-escalation of the trade war with China.",Yahoo,https://finnhub.io/api/news?id=5b44e836b2d1757f1f46d9e619e697f425abb6c2c171fb571f768580056923b7
2025-04-23 11:02:44,BA,Top Midday Stories: Boeing to Ask FAA to Lift Production Cap; Musk Says His Government Commitment to 'Drop Significantly',"All three major US stock indexes were up sharply, with the Nasdaq Composite gaining nearly 3% in lat",Yahoo,https://finnhub.io/api/news?id=0d0a3314a49af396408734d9c53dde14f07e670204d7aec83fbdb856c046d400
2025-04-23 10:27:45,BA,"Stocks to Watch Wednesday: Shopify, Intuitive Surgical, Boeing","↗️ Intuitive Surgical (ISRG): The maker of robotic-surgical systems reported higher profit and revenue but warned that tariffs could hurt its gross margin going forward. Shares rose 5%. ↗️ Shopify (SHOP; CA:SHOP): Shares in the e-commerce platform and other tariff-sensitive Canadian stocks rallied, after the Trump administration pared back some of its trade rhetoric.",Yahoo,https://finnhub.io/api/news?id=6c5da3790ee2234ed70210963824bdb28f2e62d9edf5e4bdce31a43aaf0b708f
2025-04-23 10:19:00,BA,"Dow up 350 points on gains for shares of Boeing, Amazon.com Inc.","Dow up 350 points on gains for shares of Boeing, Amazon.com Inc.",MarketWatch,https://finnhub.io/api/news?id=434d4ef938d65a6076740f66dd18ef4605a31907a68dea3274e4cfaf3719a54a
2025-04-23 10:16:00,BA,Markets Await New Home Sales Data,Markets Await New Home Sales Data,Yahoo,https://finnhub.io/api/news?id=b4f1f21526a47ecc40a03f8f004e567f46cc64d7e0e602eb1b8e87265d0c8065
2025-04-23 10:15:58,BA,"Tesla stock jumps, Boeing earnings beat, Adobe partners with NFL","As part of today's Market Minute, Madison Mills recaps some of the trending stories of the trading session. Tesla (TSLA) stock jumps despite the company's earnings miss after CEO Elon Musk told investors he would dedicate less time to his work in US President Trump's second administration starting in May. Boeing (BA) stock rises after the company's first quarter earnings report beat Wall Street's expectations. Adobe (ADBE) partners with the NFL to bring NFL-themed templates to Adobe Express. Stay up to date on the latest market action, minute-by-minute, with Yahoo Finance's Market Minute.",Yahoo,https://finnhub.io/api/news?id=b942d485e3853b401311f9fb48ff5106990086730b75fb83fd41f31cc124c006
2025-04-23 10:10:21,BA,Boeing Stock Climbs as Loss Shrinks and Aircraft Deliveries Soar,"Boeing narrows Q1 loss, boosts 737 production outlook, and books over 200 aircraft orders despite cash flow challenges",Yahoo,https://finnhub.io/api/news?id=06af0e753819b78a54577159e039c4c4fe5e57f1eb3de6b036ea617876c9613a
2025-04-23 10:10:19,BA,Boeing CEO Threatens to Stop Making Jets for China,"Boeing Chief Executive Kelly Ortberg threatened to stop making jets for China after airlines there returned a pair of planes.  Ortberg said Wednesday that the company would find other buyers for Boeing jets rejected by China in recent days if airlines there won’t take them.  China is restricting deliveries of Boeing-made jets, telling Chinese airlines not to place new orders for Boeing jets and requiring carriers to seek approval before taking delivery of already-ordered aircraft.",Yahoo,https://finnhub.io/api/news?id=967ccb67da49951914c3ee5eb7ea10fb73488cd90967c740e1ef7f30af9dee29
2025-04-23 10:08:21,BA,Thoma Bravo Says Boeing Carveout it Bought Will Sell Again | Wall Street Beat 04/23/2025,"The private equity firm Thoma Bravo bought Boeing's flight navigation unit for nearly $11 billion dollars. Holden Spaht, Thoma Bravo Managing Partner joined Wall Street Beat on Bloomberg Open Interest to talk about the deal and what's next for the unit.",Yahoo,https://finnhub.io/api/news?id=ef186a3edfc4960435a0231def6e073bb6c21f919eb6d3a51392aad4537f9e16
2025-04-23 09:52:50,BA,Boeing: Why more 737 Max production is 'critical' for the company,"Boeing (BA) stock is climbing after the company reported a smaller-than-expected first quarter loss and reaffirmed its plans to hit peak production of its 737 Max aircraft by the end of 2025. Tony Bancroft, Gabelli Funds portfolio manager for the aerospace and defense ETF GCAD (GCAD), joins Morning Brief to discuss Boeing's trajectory and ""incremental"" progress. To watch more expert insights and analysis on the latest market action, check out more Morning Brief here.",Yahoo,https://finnhub.io/api/news?id=fcf86668ad875494422c4b43ce749347a8991711ea762641a509f53c27d42ae6
2025-04-23 09:37:52,BA,Boeing doesn't expect the US trade war with China to slow its recovery,"Boeing CEO Kelly Ortberg said Wednesday that he doesn’t expect the U.S. trade war with China to forestall the company's financial recovery, nor prevent it from reaching aircraft delivery targets with Chinese airlines now refusing to accept Boeing planes.  Speaking on CNBC, Ortberg said that Boeing had three airliners in China ready for delivery but brought two of them back to Seattle so far because the Chinese airlines that ordered the planes “stopped taking delivery of aircraft due to the the tariff environment.”  Beijing increased its import tax on American goods to 125% this month in retaliation for U.S. President Donald Trump raising the tariff on products made in China to 145%.",Yahoo,https://finnhub.io/api/news?id=ab1cd8b3a538db166501a56c99bb8ea92e52d0a35c64ce9a692fddeab7286241
2025-04-23 09:36:00,BA,General Dynamics CEO on Trump tariffs: Don’t ask,General Dynamics CEO on Trump tariffs: Don’t ask,MarketWatch,https://finnhub.io/api/news?id=587dbd95ca4c95e7f38fb09ee86f6b4b0e11931bb253308da0370225e75a19e1
2025-04-23 09:30:00,BA,Wall Street Lunch: Bessent Comments On China Tariffs,,SeekingAlpha,https://finnhub.io/api/news?id=e7ea83e080f16c21c176159e721c5c7fd7205b37567f23db5202d27b2d3f878b
2025-04-23 09:29:00,BA,Boeing stock jumps after surprise earnings beat despite China tensions,Boeing (BA) stock rose more than 6%on Wednesday after the aerospace giant reported a lower-than-expected first-quarter loss and reaffirmed its full-year forecast — a rare upside surprise for a company that’s spent months under a microscope.,Yahoo,https://finnhub.io/api/news?id=55d03c47c06eada85a7ea849aa36676657fb0081b75437de0637e2d1458f862c
2025-04-23 09:23:39,BA,Boeing's Quarterly Loss Unexpectedly Narrows as Commercial Airplane Revenue Surges,Boeing's (BA) first-quarter loss unexpectedly narrowed amid the plane maker's efforts to improve its,Yahoo,https://finnhub.io/api/news?id=1daa27a46162ce57216ce339dc6a05bcbf0b18e759d3f5fde5b9f7c5930dec76
2025-04-23 09:18:00,BA,"Dow rallies nearly 550 points on gains in shares of Boeing, Amazon.com Inc.","Dow rallies nearly 550 points on gains in shares of Boeing, Amazon.com Inc.",MarketWatch,https://finnhub.io/api/news?id=a3cb08a06aed5b717156e2e05a75871a23ba9da15043356c78021671851adf5c
2025-04-23 08:48:21,BA,The Boeing Company 2025 Q1 - Results - Earnings Call Presentation,,SeekingAlpha,https://finnhub.io/api/news?id=db5cda8aae914fcbca6a683fe44cc629c0c0540830f4367c7d2cd9b850844455
2025-04-23 08:47:34,BA,The Boeing Company (BA) Q1 2025 Earnings Call Transcript,,SeekingAlpha,https://finnhub.io/api/news?id=167573688ffa70a23f6a1ee7f14f63e21ebb1b5d72453c6d8a9b7564f4c2e0ba
2025-04-23 08:21:07,BA,Correction to Boeing 1Q Loss Narrows Article,"Boeing reported a first-quarter loss of $37 million, compared with a loss of $343 million a year ago. Boeing 1Q Loss Narrows, Backlog and Sales Grow, at 7:56 a.m. ET, and a subsequent update,...",Finnhub,https://finnhub.io/api/news?id=cafedf1cb21876cbdceb7882b49ceaa286d3e4474b42d916a8e79a3149760ea3
2025-04-23 08:17:00,BA,"Dow's 669-point rally highlighted by gains in shares of Boeing, NVIDIA Corp.","Dow's 669-point rally highlighted by gains in shares of Boeing, NVIDIA Corp.",MarketWatch,https://finnhub.io/api/news?id=6705f144a5c7e6d9c14da2a8f200c89a121d2135fb2f599031ed316b71d3dd7d
2025-04-23 08:12:14,BA,"Boeing Leans on Backlog, Looks for Alternatives to China Trade -- 2nd Update",By Katherine Hamilton Boeing is counting on a large backlog to keep it on course as tariffs and an order stoppage from China threaten to stall its recovery. The aircraft maker said Wednesday...,Finnhub,https://finnhub.io/api/news?id=88e1b43c1b3ad41532562e1b954e9374c3115c4b09836adc88d920f309e5c53f
2025-04-23 08:05:00,BA,"Boeing 1Q Loss Narrows, Backlog and Sales Grow","Boeing 1Q Loss Narrows, Backlog and Sales Grow",MarketWatch,https://finnhub.io/api/news?id=4f8ed47228ad649ceb773e7283bf66f1da5c58731ba48bc6f694dd800c90330c
2025-04-23 07:36:24,BA,"Boeing tackles US-China trade threat, shares rise on smaller-than-expected loss","Boeing's CEO pledged on Wednesday to protect the U.S. planemaker's recovery from the effects of a U.S.-China trade war, after reporting a smaller-than-expected quarterly loss and higher jet output...",Finnhub,https://finnhub.io/api/news?id=67faf80029b1fbba26a4c2bef6bc120784767044e40a0309b0912ce47b6d28ae
2025-04-23 07:30:30,BA,Boeing first-quarter loss narrows as commercial plane deliveries jump,,Fintel,https://finnhub.io/api/news?id=93d3f5d974165c22f515f6ca4c5b139c5e888d55427241166d84068874fc7c8b
2025-04-23 07:01:00,BA,"Dow up 568 points on gains for shares of Boeing, Amazon.com Inc.","Dow up 568 points on gains for shares of Boeing, Amazon.com Inc.",MarketWatch,https://finnhub.io/api/news?id=6ef1ec7ae3500ff86c1fc9f1dfe53439120db454909e7a3ff1664d583384c2d6
2025-04-23 06:31:34,BA,"Stocks attempt a recovery this week, and attention is now shifting toward 'choppy' earnings, one strategist says","Stocks attempt a recovery this week, and attention is now shifting toward 'choppy' earnings, one strategist says",MarketWatch,https://finnhub.io/api/news?id=da618262da6826aa3241e6da1feb8f8db8bb22e922ad92514d0cfbb33293d2c9
2025-04-23 06:01:50,BA,Boeing results: investors relieved,"Investors were eagerly awaiting Boeing's quarterly results. After several turbulent months, the aircraft manufacturer had an opportunity to send a positive signal. The figures published were...",Finnhub,https://finnhub.io/api/news?id=fa4698ea71b746a70e295aa55ff588bb90ff139b1c2cb3074a64404aa526bc55
2025-04-23 06:00:00,BA,"Boeing, Amazon.com Inc. share gains contribute to Dow's 850-point surge","Boeing, Amazon.com Inc. share gains contribute to Dow's 850-point surge",MarketWatch,https://finnhub.io/api/news?id=cfa6cbf28ab0e0761ef04d9f62506cfee46eca6033bcefad8a11e1776c71495f
2025-04-23 05:45:00,BA,The Key Takeaways From Boeing's 1st-Qtr Results,"Tony Bancroft, Gabelli Funds portfolio manager, reacts to Boeing's first-quarter results. Boeing reported first-quarter results that exceeded Wall Street's estimates, with a smaller-than-expected...",Finnhub,https://finnhub.io/api/news?id=75a713a9e55a5cf3d5687dcc8857d5a1041fdc50b2e7ef6d2f54d74deadb7f2c
2025-04-23 05:11:55,BA,"Boeing reports smaller-than-expected loss on higher jet deliveries, shares jump","Boeing reported a smaller-than-expected quarterly loss on Wednesday, as the U.S. planemaker produced and delivered more jets, after quality problems and a crippling strike shuttered most of its...",Finnhub,https://finnhub.io/api/news?id=270c8be4d698501dbab87bcbcb90010146e63a1a36810495a8153b60572fbb50
2025-04-23 05:06:14,BA,Boeing Launches Its African Office in Addis Ababa,"Boeing Company has officially inaugurated its new African office in Addis Ababa, the Ministry of Transport and Logistics announced.Speaking at the inauguration ceremony, Ethiopia's Minister of...",Finnhub,https://finnhub.io/api/news?id=62d5e216c687332e61c09dc7ee3a316c00001cb87aceffcd30f809752d459025
2025-04-23 04:56:34,BA,"Dow Jones Surges 1,000 Points On Trump Comments; Apple, Nvidia, Tesla Rally","Dow Jones Surges 1,000 Points On Trump Comments; Apple, Nvidia, Tesla Rally",DowJones,https://finnhub.io/api/news?id=f77621b5cb789565e7a3fd718b56e98078015725eb604805bf110beb7566d3d4
2025-04-23 04:45:00,BA,"Dow soars nearly 1050 points on gains for Amazon.com Inc., Boeing shares","Dow soars nearly 1050 points on gains for Amazon.com Inc., Boeing shares",MarketWatch,https://finnhub.io/api/news?id=2ff137c0a6eba3d0bdeee648ae71b3d4b98aa783cd1944e645544e78bced519b
2025-04-23 04:04:35,BA,"Boeing Narrows 1Q Loss as Backlog Grows, Shares Rise -- Update",By Katherine Hamilton Boeing reported a narrower first-quarter loss as CEO Kelly Ortberg said the company's higher backlog has provided some flexibility amid the trade war. The airplane...,Finnhub,https://finnhub.io/api/news?id=7558f1f7cf0d63726253321494eac943810157e6438c39456755fba6bc7882b2
2025-04-23 04:01:42,BA,Boeing reports smaller than expected loss on higher jet deliveries,"Boeing reported a smaller-than-expected quarterly loss on Wednesday, as the U.S. planemaker produced and delivered more jets, after quality problems and a crippling strike shuttered most of its...",Finnhub,https://finnhub.io/api/news?id=6c4b8287956602e5ddcceec1aeeccb9b07b6390c9ea3e8faaa7a43a5ae62bc96
2025-04-23 03:40:00,BA,"Boeing sees commercial airplane revenue surge, even after tariff announcements","Boeing sees commercial airplane revenue surge, even after tariff announcements",MarketWatch,https://finnhub.io/api/news?id=d5d8144294674b07ffd75bc012aa71289124981dc089e9dad475fecc4979bf8c
2025-04-23 03:08:32,BA,Boeing: loss reduced as deliveries take off,Boeing announced on Wednesday that it had reduced its Q1 losses thanks to a sharp rise in revenue due to a significant increase in aircraft deliveries.The US aerospace group reported this morning a...,Finnhub,https://finnhub.io/api/news?id=a6d395ad31fdc8f6082d92746ec0d846eda6164d4d9b36e8ad607095946dff99
2025-04-23 02:36:17,BA,Boeing: Q1 Earnings Snapshot,"ARLINGTON, Va. — ARLINGTON, Va. — Boeing Co. on Wednesday reported a loss of $37 million in its first quarter. On a per-share basis, the Arlington, Virginia-based company said it had a loss...",Finnhub,https://finnhub.io/api/news?id=a4563ba2a00af5ce5e2580e96b97b842d076b82e2c2c1f4779f57fb3011269f8
2025-04-23 02:31:08,BA,Boeing Reports First Quarter Results,"ARLINGTON, Va., April 23, 2025 /PRNewswire/ --First Quarter 2025737 production gradually increased in the quarter; still expected to reach 38 per month this yearRevenue increased to $19.5 billion...",Finnhub,https://finnhub.io/api/news?id=fbaa3c2e0c4d8350a47002763368cdd408d1aeb776169d036e8389649696b7d3
2025-04-22 23:04:18,BA,"Boeing, IBM and Lam Research among raft of companies reporting results","Boeing, IBM and Lam Research among raft of companies reporting results",MarketWatch,https://finnhub.io/api/news?id=82118b66fbd2e20da5b849a1bad8184529f13b18ed64b2668a51ae93fc0b9fd8
2025-04-22 22:40:00,BA,Magnificent 7 Earnings Out This Week Will Shed Light On Big Tech's Tariff Concerns,,SeekingAlpha,https://finnhub.io/api/news?id=eaac6e9c845c2f82b606d3d73abdf9f438e0115f65507451348e00074b95c29c
2025-04-22 18:00:00,BA,"Sec. Bessent speech, Boeing earnings, housing data: What to Watch","Market Domination anchor Julie Hyman outlines stories to watch on Wednesday, April 23. Treasury Secretary Scott Bessent will be speaking at the IIF Global Outlook Forum. A big batch of earnings will be published, including from Boeing (BA), IBM (IBM), AT&T, (T) and Chipotle (CMG). Several Federal Reserve officials will be providing commentary, including from Fed governor Christopher Waller, Chicago Fed president Austan Goolsbee, and Cleveland Fed president Beth Hammack. March new home sales data will be released in the morning, with economists forecasting a rise in sales to 684,000. To watch more expert insights and analysis on the latest market action, check out more Market Domination here.",Yahoo,https://finnhub.io/api/news?id=2f002ef84bc7c75706863d653f401dd84a3c1b121a3d6b29249046079696bd6f
2025-04-22 17:50:11,BA,The Boeing Company (BA): One of the Top Defense Stock Picks from the Goldman Sachs Portfolio,"We recently published a list of Goldman Sachs Defense Stocks: Top 12 Stock Picks. In this article, we will take a look at where The Boeing Company (NYSE:BA) stands against other top defense stock picks from the Goldman Sachs Portfolio. After a subdued start to the year, American defense stocks are beginning to see improved […]",Yahoo,https://finnhub.io/api/news?id=25861e0eb4f8e765f44ec1ed15a7b342ed2ac5d6567d31fd56cd1fcce41d1245
2025-04-22 16:19:00,BA,Investors Hope for No Surprises as Boeing Reports Earnings,"Boeing  quarterly results are coming.  Investors are concerned about depressed earnings amid constrained production, questionable quality, and cost-increasing trade wars.  Investors will want updates about all that, but what they might want most of all is less quarterly volatility.",Yahoo,https://finnhub.io/api/news?id=e8cc2170898490d09e68b853a7433bc34d0062307b16cbcf89b4ce60a0537ebb
2025-04-22 13:17:22,BA,Spirit AeroSystems top engineer to lead Wichita site after Boeing deal closes -letters,"(Reuters) -Spirit AeroSystems' chief engineer Sean Black will lead the supplier's site in Wichita, Kansas, after Boeing completes its acquisition of Spirit this year, according to letters to employees on Tuesday from both companies.  U.S. planemaker Boeing last year said it had reached an agreement to acquire the struggling aerostructures manufacturer, which it had spun off two decades ago.  Black will become general manager of Boeing Wichita, and hold responsibilities for parts of Spirit's portfolio in Prestwick, Scotland and Belfast, Northern Ireland, letters from Boeing Commercial Airplanes CEO Stephanie Pope and Spirit CEO Pat Shanahan show.",Yahoo,https://finnhub.io/api/news?id=f76b1dc3734def22d565d30e992f975209f4f08e7b1e6d9a682ef139e7901608
2025-04-22 12:33:00,BA,"Should You Buy, Hold or Sell Boeing Stock Before Q1 Earnings Release?","Investors interested in BA stock should wait until April 23, taking into account its dismal performance at the bourses and elevated leverage.",Yahoo,https://finnhub.io/api/news?id=fccaad2455c7b0af486cdeeaee969e35ddcfde96f45527f15085e41f207a053a
2025-04-22 11:06:05,BA,Top Midday Stories: Boeing to Sell Parts of Digital Aviation to Thoma Bravo for $10.55 Billion; RTX Projects $850 Million Tariff Hit,All three major US market indexes were up over 2.0% in late-morning trading Tuesday as stocks look t,Yahoo,https://finnhub.io/api/news?id=fa714acf34dee87269f9e071ef0a727c36a758b207370aad831c68ace533b7b9
2025-04-22 10:36:32,BA,Boeing Sells Jeppesen Unit to Thoma Bravo for $10.6 Billion,"(Bloomberg) -- Boeing Co. agreed to sell its flight navigation unit and other digital assets to Thoma Bravo for $10.6 billion in cash, the first major portfolio transaction under Chief Executive Officer Kelly Ortberg as he seeks to shore up the planemaker’s finances. Most Read from BloombergTrump Gives New York ‘One Last Chance’ to End Congestion FeeDOGE Visits National Gallery of Art to Discuss Museum’s Legal StatusTrump Administration Takes Over New York Penn Station RevampThe Racial Wealth Ga",Yahoo,https://finnhub.io/api/news?id=9c2171c48923f3d085a5a425c4b09899069180d9d9ac95d3d8f2de5d900ef30d
2025-04-22 10:23:19,BA,"Boeing's $10.6B deal, Verizon & 3M earnings: Trending tickers","Here are some of the stocks on the move on Tuesday, April 22. Boeing (BA) is selling portions of its Digital Aviation Solutions business to Thoma Bravo for $10.55 billion. Verizon (VZ) reported better-than-expected first quarter earnings, but its postpaid phone losses rose. 3M (MMM) shares are rising after posting first quarter results that topped Wall Street estimates, though it did warn about the impact of tariffs. To watch more expert insights and analysis on the latest market action, check out more Wealth here.",Yahoo,https://finnhub.io/api/news?id=31ffb3d4bbfc643383a74de7a8b6c6af8b16c5c01004cb2178c34ef1178e40fc
2025-04-22 10:12:30,BA,Takeover Tuesday Takes Shape from Boeing to Barrick,"Boeing announced it will sell assets to Thoma Bravo for nearly $11 billion in cash. Nomura agreed to buy an asset management business in its most significant overseas acquisition since Lehman Brothers in 2008, while Barrick exits a mining business, in part to John Paulson. Does this signal more dealmaking? Bloomberg's Liana Baker joined Wall Street Beat on Open Interest with some insight.",Yahoo,https://finnhub.io/api/news?id=560349e2baa1bcd2cb61ea2a163be4769e7f4f4afe333c5e7e6660acc80f5b20
2025-04-22 09:51:00,BA,Boeing Stock Is Rising on Asset Sale. The Balance Sheet Is Fixed.,Aerospace firm Boeing announced sales of some of its operations in digital aviation solutions. Shares aren’t higher because it was expected.,Yahoo,https://finnhub.io/api/news?id=df480c71812007721d956acfda3a9ec29dd1ff9a7bafb7e498aeb567bb79f258
2025-04-22 09:48:00,BA,GE Stock Rises. Earnings Provided Everything They Needed To.,"GE Aerospace  first-quarter earnings gave investors the calm they badly needed.  Results were better than expected and management’s financial guidance didn’t change despite the impact of difficult-to-quantify tariffs.  GE stock was up 3.4% at $184.50 in early trading, while the  and  were up 1.7%.",Yahoo,https://finnhub.io/api/news?id=36b0a5854291e50b47c5a48c3bd18790c15661a67daa1e220ca8b57fe0388509
2025-04-22 09:41:00,BA,Boeing to Sell Some of Its Navigation Business in $10.55 Billion Deal,"The agreement includes the sale of Jeppesen, ForeFlight, AerData and OzRunways assets to software investment firm Thoma Bravo.",Yahoo,https://finnhub.io/api/news?id=53fbbba9b878722ad022c4e445a77df2421a2652013c2a566edb27e8f285b2d5
2025-04-22 08:46:23,BA,Boeing Sells Jeppesen Unit in $10.6 Billion Thoma Bravo Deal,"Boeing agreed to sell its Jeppesen navigation unit and related assets to Thoma Bravo for $10.6 billion in cash, in a deal that also includes Boeing's ForeFlight, AerData and OzRunways businesses. Benedikt Kammel reports on Bloomberg Television.",Yahoo,https://finnhub.io/api/news?id=fc4b43d311abb48a71be7e00af5770aac83f8dd0e4b5e3ad147c4fa21004ee4e
2025-04-22 08:44:44,BA,"GE Aerospace Plans to Offset Tariffs with Cost Cuts, Seek Refunds on Some Duties","GE Aerospace laid out a plan to offset tariffs Tuesday, while keeping its financial outlook unchanged, with some caveats. The jet engine maker said it aims to save $500 million by streamlining operations and seeking refunds for duties it pays on imported parts that are later exported.",Yahoo,https://finnhub.io/api/news?id=63cb333301add6ce6fdb24aa1780cf165a23b545b27a170e07284c3daf6e997e
2025-04-22 08:37:16,BA,GE Aerospace’s CEO Met With Trump Seeking Relief on Tariffs,(Bloomberg) -- General Electric Co.’s top executive made a direct appeal to President Donald Trump as part of a broad push by the manufacturer to navigate the volatility stemming from the global trade war.Most Read from BloombergDOGE Visits National Gallery of Art to Discuss Museum’s Legal StatusTrump Gives New York ‘One Last Chance’ to End Congestion FeeTrump Administration Takes Over New York Penn Station RevampThe Racial Wealth Gap Is Not Just About MoneyChief Executive Officer Larry Culp spo,Yahoo,https://finnhub.io/api/news?id=597cf8e16a1c521dda5d506ad8ef4ec3d89c7d629ab9caecf2daab3b0d9cb6d3
2025-04-22 08:28:27,BA,Boeing sells digital aviation unit to Thoma Bravo for USD10.6 billion,,Fintel,https://finnhub.io/api/news?id=d720fa90bbb4983307ff9c3701d8c597cc5cca474b37c0009c93bb5a303656eb
2025-04-22 08:09:00,BA,Boeing to sell parts of digital aviation solutions business to Thoma Bravo for $10.55 billion,Boeing said on Tuesday it will sell portions of its Digital Aviation Solutions business to private equity firm Thoma Bravo for $10.55 billion.,Yahoo,https://finnhub.io/api/news?id=6092e8cf962ec1ad433966f241ae56c24ee6f9a08ae0fc2c84affc21602812ad
2025-04-22 08:00:00,BA,Boeing to Sell Portions of Digital Aviation Solutions to Thoma Bravo for $10.55 Billion,"Boeing [NYSE: BA] has entered into a definitive agreement to sell portions of its Digital Aviation Solutions business, including its Jeppesen, ForeFlight, AerData and OzRunways assets, to Thoma Bravo, a leading software investment firm. This all-cash transaction is valued at $10.55 billion.",Yahoo,https://finnhub.io/api/news?id=0208119474caa749bf7c8ef20e47e5584ee874ed88c5d77c9c2f701374a491cc
2025-04-22 07:51:00,BA,"The Zacks Analyst Blog Highlights Tesla, Alphabet, Boeing, Intel and Procter &  Gamble","Tesla, Alphabet, Boeing, Intel and Procter & Gamble are part of the Zacks top Analyst Blog.",Yahoo,https://finnhub.io/api/news?id=3a67f6c2d06e7d2ba46f21c2023d19079550d9c7b1715e04f91fe27103bb904e
2025-04-22 07:43:00,BA,Boeing to sell some digital businesses for $10.55B,The sale to private equity firm Thoma Bravo comes as the aircraft maker strains to shore up its finances.,Yahoo,https://finnhub.io/api/news?id=62399d6353dbc4ae03fed3845cd0603a7eb312449106fc7d28b6f017ed39df9f
2025-04-22 07:06:38,BA,"Air India CEO Wilson steps down as chair of low-cost airline arm, Aggarwal to take over","NEW DELHI -Air India CEO Campbell Wilson will step down as chair of the airline's low-cost subsidiary Air India Express and be replaced by chief commercial officer Nipun Aggarwal, a memo said on...",Finnhub,https://finnhub.io/api/news?id=1c1fdeccf901ed0cc2963916e9165b158c7427e4103f4b24562becc00db6a50d
2025-04-22 05:36:00,BA,GE Aerospace Beats Earnings Estimates. The Stock Is Falling Anyway.,"GE Aerospace  posted solid first-quarter earnings.  The company on Tuesday reported operating profit of $2.1 billion and earnings per share of $1.49 from sales of $9 billion.  Wall Street was looking for an operating profit of $1.9 billion and earnings per share of $1.27 from sales of just under $9.1 billion, according to FactSet.",Yahoo,https://finnhub.io/api/news?id=ca5b9a849a25b0c2c26054791f61465a020d0bdbcf706c594242db7ae30f5718
2025-04-22 05:30:32,BA,"Earnings preview this week: Tesla, Chipotle, Alphabet, Boeing","The market faces a busy week on the earnings front with 120 S&P 500 (^GSPC) companies reporting quarterly results, including Tesla (TSLA), Chipotle (CMG), Alphabet (GOOG, GOOGL), Boeing (BA), and others. Yahoo Finance Contributor and Macro Talk News founder Hope King joins Catalysts to discuss what to watch during earnings announcements. To watch more expert insights and analysis on the latest market action, check out more Catalysts here.",Yahoo,https://finnhub.io/api/news?id=2d203930f49fb3cc87b3cdba718fa15c77b6aff1b72910b4a7f17a81b7c3d26c
2025-04-22 04:56:07,BA,Boeing to Sell Certain Digital Aviation Solutions Assets to Thoma Bravo in $10.55 Billion Deal -- Update,By Adriano Marchese Boeing has agreed to sell portions of its Digital Aviation Solutions business to Thoma Bravo in an all-cash deal worth $10.55 billion as it looks to double down on its core...,Finnhub,https://finnhub.io/api/news?id=4bd928464e6ab2f26bd9b85b76cdb04412334e9b93706a6ea5b806a2c2dc2386
2025-04-22 04:52:33,BA,Boeing: sells digital avionics assets,Boeing announced Tuesday that it has reached a definitive agreement to sell certain of its digital avionics assets to private equity firm Thoma Bravo in an all-cash transaction valued at $10.55bn.In a...,Finnhub,https://finnhub.io/api/news?id=be05f34af91bee44bcd5cbd8d178b77f053180e87a468685fbe7a722d8cdfe5f
2025-04-22 04:29:10,BA,Boeing to Sell Certain Digital Aviation Solutions Assets to Thoma Bravo in $10.55 Billion Deal,By Adriano Marchese Boeing has agreed to sell portions of its Digital Aviation Solutions business to Thoma Bravo in a deal worth $10.55 billion. The aerospace giant said Tuesday that the...,Finnhub,https://finnhub.io/api/news?id=4715e08e7721b4f6efe2b7da66d53a1f41dd881e8c6b018abfbaf2eb3d04c515
2025-04-22 04:25:58,BA,Boeing to sell Jeppesen unit to Thoma Bravo for $10.55 billion,"Boeing said on Tuesday it would sell portions of its Digital Aviation Solutions business, including navigation unit Jeppesen, to private equity firm Thoma Bravo for $10.55 billion. The...",Finnhub,https://finnhub.io/api/news?id=12f4e613b4e6c5f8297da5111e08f5ecb8cf602dab8a21703078343452b7765e
2025-04-22 03:09:33,BA,"Thoma Bravo in advanced talks to buy Boeing's Jeppesen unit, source says","Private equity firm Thoma Bravo is in advanced talks to buy Boeing's Jeppesen navigation unit, with an announcement expected later this week, according to a source familiar with the matter. ...",Finnhub,https://finnhub.io/api/news?id=8f9d986e6e05a23ecc1b5f6c93e9228197da909ef108295000f17f6bbca890e1
2025-04-22 00:10:10,BA,Fitch Affirms Snohomish County (WA) PUD No. 1's Elec Sys Revs at 'AA-'; Outlook Revised to Positive,"Fitch Ratings has affirmed Snohomish County Public Utility District No. 1's Issuer Default Rating , as well as the ratings on following bonds issued by the district at 'AA-'.$339.1 million electric...",Finnhub,https://finnhub.io/api/news?id=9737c2c78dec8f0b586825a4504cd9ef4ae39be5be9e6c48a155b4842bab5627
2025-04-21 23:51:28,BA,Nomura bets big on US market rebound with $1.8 billion deal,"(Bloomberg) -- Nomura Holdings Inc. is telling clients to stay invested through the turmoil that’s pervaded financial markets during the escalating trade tensions. With its $1.8 billion acquisition of an asset management business, the Japanese brokerage is putting its money where its mouth is.Most Read from BloombergDOGE Visits National Gallery of Art to Discuss Museum’s Legal StatusTrump Gives New York ‘One Last Chance’ to End Congestion FeeTrump Administration Takes Over New York Penn Station",Yahoo,https://finnhub.io/api/news?id=35765f2d621fc33bb69a8fffb3a53cd98044f6ec908433d3ad894c2897db5d48
2025-04-21 22:27:00,BA,Polaris Global Equity Composite Q1 2025 Commentary,,SeekingAlpha,https://finnhub.io/api/news?id=708da320ab507a8e11dc24e2827b42a1cdfdb1820663116abea6aab0aa95dfa7
2025-04-21 20:45:48,BA,"Dassault Aviation: More Risk, More Upside On European Defense Recapitalization",,SeekingAlpha,https://finnhub.io/api/news?id=b0407c17db51b5094f37496e6cdef88b6779dbc22ad92a325f84e81813f8028c
2025-04-21 20:23:22,BA,"Buyout firm Thoma Bravo nears deal for Boeing's Jeppesen unit, Bloomberg News reports","The planned sale of Jeppesen is part of CEO Kelly Ortberg's strategy to streamline Boeing's operations and reduce its debt pile by selling non-core assets.  Boeing declined to comment, while Thoma Bravo did not immediately respond to Reuters' request for comment.  Reuters reported last month that Jeppesen, a provider of navigation products and software, had attracted interest from several private equity firms and at least one aerospace supplier, with final bids valuing the unit at over $8 billion.",Yahoo,https://finnhub.io/api/news?id=a33f00321fc18fa13dfdd45a5a99f6590cd62a7f969c7be405c73aac5d2d4c89
2025-04-21 17:20:00,BA,Thoma Bravo Reportedly Nears Deal for Boeing?s Jeppesen Unit,"Thoma Bravo, L.P. is in advanced talks to buy The Boeing Company ?s Jeppesen navigation unit, according to people familiar with the matter. A deal could be announced later this week, the people said,...",Finnhub,https://finnhub.io/api/news?id=80aa3d93048e614ad27ba2f090994ca1429de3bec4040b8c903640144d443761
2025-04-21 15:01:51,BA,"Boeing, Lockheed Partner Targets Breakout — And 1,441% Growth","Boosted by explosive growth and strong demand, Boeing and Lockheed supplier Loar stock navigates turbulent market.",Yahoo,https://finnhub.io/api/news?id=812e22bb00a572140463cd0c32ebf34659d406dc1f27cab1e31b73bb138d0bcb
2025-04-21 12:10:59,BA,The Boeing Company (BA): Among Billionaire Rob Citrone’s Top Stock Picks,"We recently published a list of Billionaire Rob Citrone’s Top 10 Stock Picks. In this article, we are going to take a look at where The Boeing Company (NYSE:BA) stands against other billionaire Rob Citrone’s top stock picks. Robert K. Citrone is a well-known figure in the financial world. Rob, as many call him, is […]",Yahoo,https://finnhub.io/api/news?id=7a76ed931ce0304dfe50516edfb6fcaafe42dadca1f979f2f15290c16af6a6c8
2025-04-21 11:18:00,BA,Boeing 737 MAX Jets in China Head Home. Can They Be Resold?,Boeing 737 MAX Jets in China Head Home. Can They Be Resold?,MarketWatch,https://finnhub.io/api/news?id=dee16df4a021df2430fb56019435318f7da008f9cf94e093969626681860a059
2025-04-21 11:08:21,BA,Top Midday Stories: Capital One's Discover Acquisition Clears Regulatory Hurdles; Boeing Averts 737 Max Slowdown,All three major US stock indexes were down past 2.5% in late-morning trading Monday after President,Yahoo,https://finnhub.io/api/news?id=0391616aa60a4c9863e4acb18237ddb1b3094abdc8729a76c5d288fff0eb7e59
2025-04-21 09:10:37,BA,Jim Cramer Wants to See Cash Flow Before Buying The Boeing Company (BA),"We recently published a list of Jim Cramer’s Game Plan for Next Week: 25 Stocks in Focus. In this article, we are going to take a look at where The Boeing Company (NYSE:BA) stands against other stocks that Jim Cramer discussed. On Thursday, Jim Cramer, the host of Mad Money, walked viewers through what he […]",Yahoo,https://finnhub.io/api/news?id=0ce3cedf56d4a752b1cf4fb83cf739be9a76a0f4b8992ecf02bcfbc475ff86e5
2025-04-21 06:50:14,BA,Market Chatter: Boeing in Talks With Malaysia Airlines to Take Over Aircraft Delivery Slots,Boeing (BA) has been contacted by Malaysia Aviation Group about potentially speeding up the acquisit,Yahoo,https://finnhub.io/api/news?id=bb52f21c67ab37ac11f63721bcd025a858569ee312d5000b5e4e290745abdf46
2025-04-21 06:31:15,BA,Triumph Group: Saved By The Bell,,SeekingAlpha,https://finnhub.io/api/news?id=73cf8ad2b309199c1c13f2b039d2659dcb46adcc26c235e8db222383b5222e13
2025-04-21 06:02:00,BA,Wall Street Lunch: Dollar On Back Foot Amid Fed Independence Concerns,,SeekingAlpha,https://finnhub.io/api/news?id=9372e26ab5908c5aa2b965b2589dc03a058430b7530f5629a0e74bae6c9eca07
2025-04-21 05:16:58,BA,Market Chatter: Second Boeing Aircraft Begins Return From China,A second Boeing (BA) aircraft planned for use by China's Xiamen Airlines was heading back to the US,Yahoo,https://finnhub.io/api/news?id=0e3afc2aa045bef1f7a49b0561c110e0a94c6c700f1759f79aaa55b5a96aa6e3
2025-04-21 05:05:26,BA,Boeing eases latest 737 MAX headache - a shortage of nuts and bolts,"SEATTLE (Reuters) -Boeing has secured new stocks of specialized nuts and bolts that hold together its top-selling commercial jet, two industry sources told Reuters, avoiding for now any slowdown in U.S. plane production due to a fire at a key supplier's factory.  Boeing had been running low on specific fasteners used to attach the landing gear on its 737 MAX jets because of the February fire, but secured new supplies in recent weeks, albeit at higher prices, one of the sources said.  A Boeing spokesperson said the company is taking steps to address fastener shortages but did not provide specifics.",Yahoo,https://finnhub.io/api/news?id=973f610c144419b54224a520b231c031e02481eaf73dbc4bdd6f20d3a5705099
2025-04-21 04:45:00,BA,"NVIDIA Corp., UnitedHealth share losses contribute to Dow's 486-point drop","NVIDIA Corp., UnitedHealth share losses contribute to Dow's 486-point drop",MarketWatch,https://finnhub.io/api/news?id=3ab821f085a866c1fb1dcba776f966b7b64e0a1d1f39d006d8cc2fe8158134ff
2025-04-21 03:30:19,BA,Boeing: China's Slap Isn't Enough To Ruin Likely Good Q1 Earnings Release,,SeekingAlpha,https://finnhub.io/api/news?id=f862d0a4286bc425b38dc82564e989d68bbe3d0a6bc24f47bff64cc815700fd0
2025-04-21 02:38:10,BA,"Boeing Secures Supplies Needed For 737 MAX Despite Fire at Key Supplier Factory, Reuters Reports","By Denny Jacob --Boeing has secured certain nuts and bolts that go into its top-selling commercial jet as it works to avoid a production slowdown due to a fire at a key supplier's factory, says...",Finnhub,https://finnhub.io/api/news?id=540fc83f0f6c14cc2f643efc0aefdd57f3de7dc43202c752eccd6025505ab3b7
2025-04-21 01:40:01,BA,Wall Street Breakfast Podcast: Airbus Delays Hydrogen Jet By A Decade,Airbus hits brakes on hydrogen jet plans after reportedly spending over $1.7B. Malaysia Airlines plans to buy Boeing jets dropped by China. Nvidia pushes for more power generation in Japan.,SeekingAlpha,https://finnhub.io/api/news?id=4cfad7a15d5c8c92ed0e062598be20acfb60ddd50dab02930930d9bf2474d2fd
2025-04-20 23:20:34,BA,"Second Boeing jet starts return from China, tracker shows","SEOUL -A second Boeing jet intended for use by a Chinese airline was heading back to the U.S. on Monday, flight tracking data showed, in what appeared to be another victim of the tit-for-tat...",Finnhub,https://finnhub.io/api/news?id=f7339b6adfcea9d04451fb76bfadd6b0c0e450156d7b4ce2c56d61324027489c
2025-04-20 23:02:35,BA,Malaysia Airlines eyes new Boeing jets should China reject them,"SEOUL (Reuters) -Malaysia Airlines' parent company, Malaysia Aviation Group, is talking to Boeing about acquiring new jets that become available if Chinese airlines stop taking deliveries, its managing director told Malaysian state news outlet Bernama.  Boeing appears to be returning some of its 737 MAX jets to the U.S. from China, where it had placed them ahead of delivery to Chinese customers.",Yahoo,https://finnhub.io/api/news?id=173d17716462e2a537a32a71abc9e6f2127b53e80ca19ebce9a78b5dae7d30d1
2025-04-20 21:30:23,BA,"Boeing jet returns to US from China, a victim of Trump’s tariff war","A Boeing jet intended for use by a Chinese airline landed back at the planemaker’s U.S. production hub on Sunday, a victim of the tit-for-tat bilateral tariffs launched by President Donald Trump in his global trade offensive.",Yahoo,https://finnhub.io/api/news?id=33808957f96bd369b704614392f326e42610035732f60533f4fc4731175686eb
2025-04-20 12:19:39,BA,China begins returning Boeing aircraft to US,A Boeing 737 Max that was getting readied for a Chinese airline has reportedly returned to Seattle due to the ongoing tariff war between China and the U.S.,Yahoo,https://finnhub.io/api/news?id=5359bc376d48dbcd4f86cc918fa7a1e6757e965d97379c11890e9294c9c349f2
2025-04-20 08:32:23,BA,"1 Stock to Buy, 1 Stock to Sell This Week: Philip Morris, Boeing","• Tesla, Alphabet earnings, and more Trump tariff news will be in focus this week.",Yahoo,https://finnhub.io/api/news?id=d7496e044a8ac4384dea5cbe01ba7835b962dfe0950ab796d7b3178bdfbbf4a5
2025-04-20 06:39:16,BA,"Tesla, Alphabet highlight earnings rush as tariff fallout drives markets: What to know this week",More than 100 S&P 500 companies are set to report earnings as the market looks to find footing as the fallout from President Trump's tariffs has sent stocks into a tailspin.,Yahoo,https://finnhub.io/api/news?id=d80ffc803a436d9254f49eec8fa5b9bd4f1818ea269c058082635ede6f0c2cb3
2025-04-20 06:00:00,BA,"Google, Tesla, and IBM earnings lead a make-or-break week for stocks","Shaken by geopolitical shocks, the S&P 500 was flat last week and the Nasdaq nosed just into the red — but the Dow Jones Industrial Average finished significantly lower, weighed down by a double blow from UnitedHealth (UNH) and Nvidia (NVDA).",Yahoo,https://finnhub.io/api/news?id=12a584176f72505ed5d382c15935e3a77441e611cb3dafc2a85d3d07299ace82
2025-04-20 05:10:00,BA,Jet2: Holiday And Airline Buys Do Not Come Stronger Than This,,SeekingAlpha,https://finnhub.io/api/news?id=f19a1cf2c6b779c4ecffe8dbc1501e0d76143adb141ce9bb41c0f3a384b0ab97
2025-04-20 04:15:00,BA,"Selling America, Buying Europe - My Picks",,SeekingAlpha,https://finnhub.io/api/news?id=58194e6d71d5409933effd38aaf6120f6a1062adef614dc8ae47a2ce8df31280
