as_of_date,ticker,headline,news_text,source,url
2025-04-30 12:00:12,NVDA,NVIDIA Sets Conference Call for First-Quarter Financial Results,"Written CFO Commentary to Be Provided Ahead of Call SANTA CLARA, Calif., April 30, 2025 -- NVIDIA will host a conference call on Wednesday, May 28, at 2 p.m. PT to discuss its financial results...",Finnhub,https://finnhub.io/api/news?id=c451d18e893392dbf7a8bd1e86b1066ef0e0f277ee62635abae20c1709330fd2
2025-04-30 10:05:00,NVDA,ClearBridge Appreciation Portfolios Q1 2025 Commentary,,SeekingAlpha,https://finnhub.io/api/news?id=fdd2322c3ab98387db66531d584acc0998360d53b29d6846fafca59161c0e972
2025-04-30 09:18:38,NVDA,Nvidia's Risk To Chinese Trade Restrictions May Be Easing,Nvidia Corporation battles export restrictions to China but gains bullish momentum from strong AI infrastructure investments. Read why NVDA has been upgraded to Strong Buy.,SeekingAlpha,https://finnhub.io/api/news?id=91eecdaeecee892bd991b36c2048dd031188602f1b871fd5667e61c38180b9c1
2025-04-30 09:08:00,NVDA,3 Reasons Arista Networks Could Rally Significantly In The Next 12 Months,Arista Networks is poised for significant growth due to its strong product portfolio and market position. Click here to read an analysis of ANET stock now.,SeekingAlpha,https://finnhub.io/api/news?id=e5ae654ce79206b1d237b6e9617d1ef0c2ff9a9aac06177530bd77defdfa71f0
2025-04-30 06:51:00,NVDA,Nvidia’s stock gets a rare sell call – due to ‘mounting questions’ about AI,Nvidia’s stock gets a rare sell call – due to ‘mounting questions’ about AI,MarketWatch,https://finnhub.io/api/news?id=34b4ab6e80864a296f5aa1eae9da3eec29af69c8ba0a9a46252481c890e1f75b
2025-04-30 06:47:00,NVDA,"Dow's 237-point fall led by losses in Chevron, Amazon.com Inc. stocks","Dow's 237-point fall led by losses in Chevron, Amazon.com Inc. stocks",MarketWatch,https://finnhub.io/api/news?id=8f5db8bb05f279b315d175cf3df51eee27a83b72c60e0b3c17a7da160779d936
2025-04-30 06:42:14,NVDA,"Nvidia CEO says Trump should revise AI chip export rules, Bloomberg News reports",Nvidia CEO JensenHuang said he would like the Trump administration to change theregulations related to exporting AI technology from the U.S. forbusinesses to better capitalize on future...,Finnhub,https://finnhub.io/api/news?id=73f41a14e1857da193e073dbf3d832776c05db31c7da89f7b452d0032078c2e4
2025-04-30 06:41:13,NVDA,Supermicro Warning Takes Down AI Data Center Stocks,Supermicro Warning Takes Down AI Data Center Stocks,DowJones,https://finnhub.io/api/news?id=656881a8af23f3210eceb6378358187cea5f42a921c456840715dbe4adb75d76
2025-04-30 06:35:06,NVDA,"Stock Market Today: Dow Jones Plunges On Surprise GDP; Nvidia, Tesla Dive As Super Micro Crashes (Live Coverage)","Stock Market Today: Dow Jones Plunges On Surprise GDP; Nvidia, Tesla Dive As Super Micro Crashes (Live Coverage)",DowJones,https://finnhub.io/api/news?id=e1179fa3561e5563ebf90d474db0791e233ce2d12b11f12b0cb6b3ef09a60e5d
2025-04-30 06:19:00,NVDA,"These Stocks Are Moving the Most Today: Super Micro, Nvidia, Tesla, Starbucks, Seagate, Norwegian, First Solar, Snap, and More","These Stocks Are Moving the Most Today: Super Micro, Nvidia, Tesla, Starbucks, Seagate, Norwegian, First Solar, Snap, and More",MarketWatch,https://finnhub.io/api/news?id=24aa0f9be2cbf4f5a0a8af72f881c499ffb0ce4a72d0b6c7f5dde6d9b194ff9b
2025-04-30 06:13:25,NVDA,Super Micro Computer Results Suggest Nvidia Will Miss Q2 Outlook: Strong Sell,Nvidia Corporation stock may struggle as July guidance is expected to miss expectations. Discover why analysts foresee a drop below $100. Read more on NVDA stock update.,SeekingAlpha,https://finnhub.io/api/news?id=ddc9bfa5fa8a4c36b3c7538a60ca4ab64dd42823dda3b2339bd87571dfc2c636
2025-04-30 06:00:27,NVDA,Tech CEOs Meet With Lawmakers for National Security Summit,"(Bloomberg) -- Silicon Valley’s growing influence in Washington will be on full display Wednesday as tech titans and venture capitalists gather with top US lawmakers for a summit focused on how cutting-edge technologies can bolster national security and American manufacturing.Most Read from BloombergNew York City Transit System Chips Away at Subway Fare EvasionNYC’s Congestion Toll Raised $159 Million in the First QuarterThe Last Thing US Transit Agencies Should Do NowAt Bryn Mawr, a Monumental",Yahoo,https://finnhub.io/api/news?id=7a319472a70d83d96fa0453382f11560b6e3dca38098659c4fc0fa1c223453c0
2025-04-30 05:59:29,NVDA,Nvidia CEO Says Trump Should Revise Rules For AI Chip Exports- Bloomberg News,"April 30 - * NVIDIA CEO SAYS TRUMP SHOULD REVISE RULES FOR AI CHIPEXPORTS-BLOOMBERG NEWS * NVIDIA CEO HUANG SAYS CHINA IS RIGHT BEHIND US. WE’REVERY,VERY CLOSE-...",Finnhub,https://finnhub.io/api/news?id=486fdc75fa5a282169ea42a15fc2a00c36389e5d39e16c958590fc3e357cc6e0
2025-04-30 05:56:07,NVDA,Taiwan's ASE evaluates how it will support Nvidia's $500 billion US plan,"TAIPEI (Reuters) -Taiwan's ASE Technology Holding Co. has yet to decide how it will support a plan by Nvidia to build artificial intelligence servers worth as much as $500 billion in the U.S. over the next four years, it said on Wednesday.  The company, the world's largest chip packaging and testing provider, is still evaluating an invitation from a customer to invest in the U.S. and has yet to decide on the investment size or timing, its Chief Financial Officer Joseph Tung told an earnings call.  He did not name the customer but the company later confirmed to Reuters that he was talking about a plan announced by AI chip giant Nvidia made public earlier this month to expand production in the U.S., with the help of partners including ASE subsidiary Siliconware Precision Industries.",Yahoo,https://finnhub.io/api/news?id=73808e5f365ea1805b2eb24cda6d827136eb3675144386ad1f732c1792ddd3ea
2025-04-30 05:46:00,NVDA,"Dow drops nearly 450 points on losses in shares of Amazon.com Inc., Nike","Dow drops nearly 450 points on losses in shares of Amazon.com Inc., Nike",MarketWatch,https://finnhub.io/api/news?id=9fe743e469fa3e0676239462836e200a28292f33e954787c5d2c99c49c92fa70
2025-04-30 05:32:17,NVDA,Nvidia CEO Jensen Huang Says I'm Certain We Can Manufacture Chips On Shore With Resources Of Our Country - CNBC Interview,April 30 - * NVIDIA CEO JENSEN HUANG SAYS I'M CERTAIN WE CANMANUFACTURECHIPS ON SHORE WITH RESOURCES OF OUR COUNTRY- CNBC INTERVIEWSource text:Further company coverage: ...,Finnhub,https://finnhub.io/api/news?id=6a1aea0e9cb4f7f8515cfe2e14966700f8a687ee559544597879fd2f8c243b80
2025-04-30 05:15:00,NVDA,The Davenport Core Leaders Fund Q1 2025 Commentary,"The Davenport Core Leaders Fund declined 3.48% in Q1 2025, although it did exceed its benchmark. Click here to read the full commentary. ",SeekingAlpha,https://finnhub.io/api/news?id=30cbbdae87c9b1b956e51ece59c8a96cf5c63ad9d62c5732ec1a96c345d1f8cc
2025-04-30 05:15:00,NVDA,"These 2 Chip Stocks Could Be Better Bets Than Nvidia, Analyst Says","These 2 Chip Stocks Could Be Better Bets Than Nvidia, Analyst Says",MarketWatch,https://finnhub.io/api/news?id=eba6efd65ef8cb48e7807ec02ce9c0a79aba22bef92cd3a4e17ca16498f17bd1
2025-04-30 05:12:00,NVDA,Prediction: 1 Stock That'll Be Worth More Than Apple a Year From Now,"Apple is the world's largest company by market cap right now, but it could be overtaken by this fast-growing chipmaker in the coming year.  The booming demand for artificial intelligence (AI) hardware has helped this chipmaker deliver outstanding growth.  It also explains why analysts are anticipating greater upside gains from this stock than Apple's.",Yahoo,https://finnhub.io/api/news?id=4cbbe989904989ded6f923684f1524ad775fe656914665e5dd95f1e0b85c00ee
2025-04-30 05:07:00,NVDA,Super Micro Stock Is on Track for Its Worst Day Since November. Here’s Why.,Super Micro Stock Is on Track for Its Worst Day Since November. Here’s Why.,MarketWatch,https://finnhub.io/api/news?id=bb6cbf49d01c3bd844158c901b8cd347aa15acf17ee50fddfcda50e8b8c661c0
2025-04-30 05:00:00,NVDA,"Large cryptocurrencies drop on XRP, Sui declines","Large cryptocurrencies drop on XRP, Sui declines",MarketWatch,https://finnhub.io/api/news?id=06b50a926f97a8b8f66f470ffc9468a68eb8e92e0052b1cab3425ccb7b25e27a
2025-04-30 04:59:00,NVDA,"Sell Nvidia Stock, Analyst Says. Here’s Why.","Sell Nvidia Stock, Analyst Says. Here’s Why.",MarketWatch,https://finnhub.io/api/news?id=6ab18474e670cfcde56b9cf4a721ad3f9790bdd9c8d3f76ded0056e7300e9de0
2025-04-30 04:57:36,NVDA,"Dow Jones Slides 650 Points On Surprise GDP, Jobs Data; Nvidia, Tesla, Super Micro Sell Off","Dow Jones Slides 650 Points On Surprise GDP, Jobs Data; Nvidia, Tesla, Super Micro Sell Off",DowJones,https://finnhub.io/api/news?id=7c0cc56ea3d9e7f584ebd1eca50430814c185b4a350a744f0e4ee204dc6df78b
2025-04-30 04:45:00,NVDA,"Nike, Amazon.com Inc. share losses contribute to Dow's 650-point drop","Nike, Amazon.com Inc. share losses contribute to Dow's 650-point drop",MarketWatch,https://finnhub.io/api/news?id=50ef0844d99f076e1545463dbb61a4899a4701de9126ad2f36eea95cc337a0b9
2025-04-30 04:38:00,NVDA,"These Stocks Are Moving the Most Today: Super Micro, Snap, First Solar, Starbucks, Seagate, Microsoft, Meta, and More",Super Micro issues a fiscal third-quarter forecast well below previously issued guidance. Microsoft and Meta Platforms report earnings after the closing bell Wednesday.,Yahoo,https://finnhub.io/api/news?id=db3ec42e4706fccb401914a19ca3ac9feb67c2b546af641c3ea471cc8a746da0
2025-04-30 04:29:00,NVDA,Nasdaq Bear Market? 3 Artificial Intelligence Stocks Down 15% This Year.,"The Nasdaq is out of bear market territory for now, but investors shouldn't assume the worst is over.  Many artificial intelligence stocks are still down big this year.  The stocks listed here still possess some attractive growth opportunities.",Yahoo,https://finnhub.io/api/news?id=a95123a0657db68345672087556fc22514a72632a1cdd41cb916672b44c090be
2025-04-30 04:12:00,NVDA,Nvidia Stock Slips. What the Chip Maker Needs from Meta and Microsoft Earnings.,"Nvidia stockholders will be hoping Meta and Microsoft stick to, or even raise, their guidance for capex and signal they will continue investing in AI data centers.",Yahoo,https://finnhub.io/api/news?id=73a849679fc8a720114d01a791855dfdb71c5f06f3705bad36ab1297e61e419c
2025-04-30 03:58:00,NVDA,Better Semiconductor Stock: AMD vs. Nvidia,"The negative stock market sentiment has weighed on shares of AMD and Nvidia this year.  The PHLX Semiconductor Sector index has been under duress this year and lost over 14% of its value thanks to the tariff-fueled economic uncertainty that has raised the potential of a global recession, which explains why some of the major names in this sector have performed poorly on the stock market in 2025.  Shares of both Advanced Micro Devices (NASDAQ: AMD) and Nvidia (NASDAQ: NVDA) are down close to 20% so far this year.",Yahoo,https://finnhub.io/api/news?id=a61cea2c071b24dc4279a0d7fec88007b12653d83c39f9f5f6d2972cba765f4d
2025-04-30 03:50:00,NVDA,Billionaires Sell Nvidia Stock Before the Market Crash and Buy a Golden ETF Up 166% in 10 Years,Hedge fund billionaires Israel Englander and Paul Tudor Jones sold Nvidia stock and bought positions in the SPDR Gold Shares ETF in the fourth quarter.  The SPDR Gold Shares ETF has outperformed the S&P 500 year to date as tariffs imposed by President Donald Trump have pushed investors away from risk assets.,Yahoo,https://finnhub.io/api/news?id=5e9fd332ce60ae9ff4bb06f20b2b6f6a6c8e895d1aed0d398729bcac4a49414d
2025-04-30 03:27:00,NVDA,Tariff And Tumble: April's Market Mood Swings,"April was a month of rapid escalation and partial de-escalation, driving major moves across equity, bond, and commodity markets. Click to read.",SeekingAlpha,https://finnhub.io/api/news?id=f92bb6891932e980e9955be0e1f8ec8fb5428b2485a512c9949cf6191b8e273a
2025-04-30 03:15:00,NVDA,TSMC Stock Gets Trump Boost. Intel Thinks It Knows How to Strike Back.,TSMC Stock Gets Trump Boost. Intel Thinks It Knows How to Strike Back.,MarketWatch,https://finnhub.io/api/news?id=b517492407eeba543c6df8af8b6fe5d499542853b10764d302076f765f4a783f
2025-04-30 03:15:00,NVDA,Should You Buy SoundHound AI Stock Before May 8? This Recent Move by Nvidia Might Hold the Answer,"Nvidia supplies the best data center chips for developing artificial intelligence (AI), and it has become one of the world's largest companies.  Nvidia holds a portfolio of other AI stocks, and SoundHound AI used to be one of them, but the chipmaker exited its position at the end of 2024.  Nvidia (NASDAQ: NVDA) has added an eye-popping $2.3 trillion to its market capitalization since the beginning of 2023, thanks to soaring demand for its data center chips that are the best in the industry for powering and training artificial intelligence (AI).",Yahoo,https://finnhub.io/api/news?id=edcb3f2090e7b0f56ac406e8c241f40664b0d2d607054fae988a9ecd6fcf96eb
2025-04-30 03:14:20,NVDA,Dow Jones Futures: Stock Market Rallies On 'Done' Trade Deal; Nvidia Partner Super Micro Dives Late,Dow Jones Futures: Stock Market Rallies On 'Done' Trade Deal; Nvidia Partner Super Micro Dives Late,DowJones,https://finnhub.io/api/news?id=50141434c9839cbb37eb268da158e2229824baba19b4cec3170f5b84b1598199
2025-04-30 03:10:00,NVDA,Should Investors Worry About Nvidia's Future in China?,"Just a few years ago, Nvidia (NASDAQ: NVDA) generated more of its revenue in China than it did in the United States.  U.S. tech giants from Amazon to Meta Platforms ramped up their AI platforms and turned to Nvidia for its top graphics processing units (GPUs) and other products and services.  As a result, Nvidia's total revenue soared, climbing in the double and triple digits quarter after quarter to reach record levels.",Yahoo,https://finnhub.io/api/news?id=80f9e9a851a9944e847ce8d4aa40bee3bbb1119b841b98a031877882318d4c74
2025-04-30 03:05:55,NVDA,Is NVIDIA Corporation (NVDA) a Stock That Should Double in 3 Years?,"We recently published a list of the 30 Stocks That Should Double in 3 Years. In this article, we are going to take a look at where NVIDIA Corporation (NASDAQ:NVDA) stands against other stocks that should double in 3 years. On April 25, Kari Firestone, Aureus Asset Management executive chairman and co-founder, joined CNBC’s ‘Squawk […]",Yahoo,https://finnhub.io/api/news?id=435c888b7fe112602771316aab11322480955df976889c7a86e1c39923c5b6ca
2025-04-30 02:50:47,NVDA,Taiwan's ASE: evaluating how it will support Nvidia's $500 billion US plan,TAIPEI -Taiwan's ASE Technology Holding Co. has yet to decide how it will support a plan by Nvidia to build artificial intelligence servers worth as much as $500 billion in the U.S. over the next...,Finnhub,https://finnhub.io/api/news?id=bcdd7c62c1ec920924dd87ce2022f85bb129b893e6baafc095c7546299dc5643
2025-04-30 02:11:31,NVDA,Samsung profit slows after US-China trade war hits AI spending,"(Bloomberg) -- Samsung Electronics Co. reported slower profit growth and softening demand for storage chips, a sign that the US-China trade war may be triggering cuts in artificial intelligence hardware spending.Most Read from BloombergNew York City Transit System Chips Away at Subway Fare EvasionNYC’s Congestion Toll Raised $159 Million in the First QuarterThe Last Thing US Transit Agencies Should Do NowAt Bryn Mawr, a Monumental Plaza Traces the Steps of Black HistoryAt the National Public Hou",Yahoo,https://finnhub.io/api/news?id=97b7658ccb669aa72e7ff893df84270e1b645a9952e77e4d641953150d3ccbdb
2025-04-30 01:22:09,NVDA,"Super Micro shares dive, Nvidia dips, and other early market movers","Super Micro shares dive, Nvidia dips, and other early market movers",MarketWatch,https://finnhub.io/api/news?id=86acc270299f9d5106f201ce99111cea8dd5bc566b3af40b251f174bf49e1c46
2025-04-30 00:10:00,NVDA,Deep Sail Capital Partner Q1 2025  Investor Letter,"In Q12025, Deep Sail Capital Partners returned 0.02% net of fees while averaging 80% net long exposure. Click here to read the full letter. ",SeekingAlpha,https://finnhub.io/api/news?id=5f965399513cb14b84ef3ef41a567a1ac86c76f81149cf5ddf454f0921799161
2025-04-29 20:55:25,NVDA,TSMC Starts Building Third Arizona Plant As US Tariffs Loom,"(Bloomberg) -- Taiwan Semiconductor Manufacturing Co. has begun construction on a third chip plant in Arizona, ramping up its US expansion as the Trump administration threatens further tariffs to spur American manufacturing.Most Read from BloombergNew York City Transit System Chips Away at Subway Fare EvasionNYC’s Congestion Toll Raised $159 Million in the First QuarterThe Last Thing US Transit Agencies Should Do NowAt Bryn Mawr, a Monumental Plaza Traces the Steps of Black HistoryAt the Nationa",Yahoo,https://finnhub.io/api/news?id=a8954f0c3129dad1e5a7739a2c401d43b26e6886e262271264deeca170604035
2025-04-29 19:57:40,NVDA,Nvidia: Bullish Thesis Fully Intact,"Nvidia faces a $5.5B charge from export guidelines, but strong U.S. GPU demand and AI growth fuel profits. See why we rate NVDA stock a buy.",SeekingAlpha,https://finnhub.io/api/news?id=49c625e6eff9d8b2cee2d0c8e80f95b5ae342eeff04d7c0b9c5d0f7e18016ddc
2025-04-29 18:30:26,NVDA,"Brad Gerstner Says He’s Buying NVIDIA (NVDA) Amid ‘Off The Charts’ GPU Demand, Secular Growth","We recently published a list of 10 AI Stocks Investors Are Monitoring After Tariff Shock. In this article, we are going to take a look at where NVIDIA Corporation (NASDAQ:NVDA) stands against other AI stocks investors are monitoring after tariff shock. The tariff wars and a potential slowdown in AI spending threw water on investors’ […]",Yahoo,https://finnhub.io/api/news?id=7f269108bbfe196931249ecf1645a30998d22f448c37096d3ad87d3c0a18a428
2025-04-29 16:45:16,NVDA,Nvidia (NVDA) Gains But Lags Market: What You Should Know,"Nvidia (NVDA) closed at $109.02 in the latest trading session, marking a +0.27% move from the prior day.",Yahoo,https://finnhub.io/api/news?id=501983642c4dab8fadc4793f6c1b4ede943600b0ceec8b8c003377247eae629d
2025-04-29 16:30:40,NVDA,"NVIDIA, Dell fall after-hours after SMCI’s Q3 warning",Investing.com - NVIDIA (NASDAQ:NVDA) shares fell 1.7% in after-hours trading on Tuesday after major customer Super Micro Computer Inc (NASDAQ:SMCI) issued preliminary third quarter results well below estimates. Super Micro makes advanced AI servers that include NVIDIA chips.,Yahoo,https://finnhub.io/api/news?id=11e765f6f4d383bfe785cf90f13a790404d1ebaf4cd25759c8765e822b4afad0
2025-04-29 16:30:00,NVDA,Franklin Growth Fund Q1 2025 Commentary,Franklin Growth Fund underperformed its S&P 500 Index benchmark in the ï¬rst quarter of 2025. Read more here.,SeekingAlpha,https://finnhub.io/api/news?id=a091628b0a27d1cf98991f0b43e4b870ee995ccbc62e3a1b6d1eb96ddc3bf609
2025-04-29 16:26:32,NVDA,Super Micro Computer Stock Plunges On Weak March-Quarter Figures,Super Micro Computer released preliminary March quarter figures that were well below Wall Street's targets. SMCI stock fell.,Yahoo,https://finnhub.io/api/news?id=2685e868fc77b0b8492a27a73dea976586555f8c2485958b971f054de7746f07
2025-04-29 15:46:43,NVDA,Jim Cramer Says NVIDIA (NVDA) Being ‘Punished’ for Doing Business With ‘Enemy Nation’,"We recently published a list of Top 10 Buzzing Stocks You Should Watch Today. In this article, we are going to take a look at where NVIDIA Corporation (NASDAQ:NVDA) stands against other top buzzing stocks you should watch today. Jim Cramer in a recent program on CNBC expressed surprise that the Republican administration could be […]",Yahoo,https://finnhub.io/api/news?id=8e8f38f31d0997f34ed0f930667a0a8f8ebda8d43ed21d42d0755967a8e69d04
2025-04-29 15:46:00,NVDA,Trump Touts Economic Wins in Detroit Speech. Americans Aren’t Buying It.,Trump Touts Economic Wins in Detroit Speech. Americans Aren’t Buying It.,MarketWatch,https://finnhub.io/api/news?id=894f4c2b17060051d215b00750f8b1016c97b3f546e01d577e2de7b7bbc65944
2025-04-29 15:19:00,NVDA,"These Stocks Moved the Most Today: GM, Tesla, Ford, JetBlue, Wolfspeed, SoFi, Nvidia, and More","Shares of U.S. auto makers fell after GM earnings despite a prospective tariff announcement, JetBlue braces for earnings, and Wolfspeed extends its gains",Yahoo,https://finnhub.io/api/news?id=4e2a441a6f7bd1351ea550e83b1594d1eaaee563f558ab5e9de8770c8c79fb1c
2025-04-29 15:18:00,NVDA,Super Micro’s stock tanks and Nvidia could be the reason why,Super Micro’s stock tanks and Nvidia could be the reason why,MarketWatch,https://finnhub.io/api/news?id=29e1963197f8b285801d54d2636cff2a88d3ecfbfa9628eefdefc30e3f76fa70
2025-04-29 14:58:48,NVDA,Nvidia stock dips amid Reuters report on AI chip export rule review,"Investing.com -- Shares of Nvidia (NASDAQ:NVDA) edged lower, but remained higher by 0.5% as the market responded to a report from Reuters that Trump administration officials are considering changes to a Biden-era AI chip export rule. The potential revision could impact how advanced semiconductors are distributed globally, stirring a cautious reaction among investors.",Yahoo,https://finnhub.io/api/news?id=baa290a973314e62b2e40e29648c64ee7948b91900cd313d52459de384c6c29c
2025-04-29 12:39:00,NVDA,These Charts Show How Every S&P 500 Stock Has Performed in Trump’s First 100 Days,These Charts Show How Every S&P 500 Stock Has Performed in Trump’s First 100 Days,MarketWatch,https://finnhub.io/api/news?id=f46c73afbb904310bba13a89e72df3321f20d01f8c72ad30441f389692485445
2025-04-29 12:24:00,NVDA,Super Micro Stock Tumbles on Big Earnings Miss,Super Micro Stock Tumbles on Big Earnings Miss,MarketWatch,https://finnhub.io/api/news?id=447428d0592bfe12c64f1eaf1ea80ba303c7c22f39f774e22c614ab4acca5fe1
2025-04-29 11:10:55,NVDA,"IGM: Mag 7's P/E Has Come Down Ahead Of Q1 Earnings, But Technical Damage Done",iShares Expanded Tech Sector has seen a significant rebound but remains fairly valued with a mixed technical outlook. Learn more about IGM ETF here.,SeekingAlpha,https://finnhub.io/api/news?id=7c9e304cead5b4e7264c467e7adac95eb451e30ca85b688a28a6ae909fc613a0
2025-04-29 10:38:16,NVDA,NVIDIA Corporation (NVDA): Among Billionaire Andreas Halvorsen’s Stock Picks With Huge Upside Potential,"We recently published a list of Billionaire Andreas Halvorsen’s 10 Stock Picks With Huge Upside Potential. In this article, we are going to take a look at where NVIDIA Corporation (NASDAQ:NVDA) stands against other billionaire Andreas Halvorsen’s stock picks with huge upside potential. Ole Andreas Halvorsen is one of the prominent names among former employees […]",Yahoo,https://finnhub.io/api/news?id=d97eb3cdaefc14fa42e94492c0ef907cc658c75ad8543e7556e8bf8aadebd8ee
2025-04-29 09:53:22,NVDA,"Nvidia's Technology Gap At Risk Amid Blackwell Delay, Analyst Says; Is Nvidia A Sell Now?",Nvidia was set to extend losses Tuesday.  Shares fell Monday following news that China's Huawei Technologies is testing a new artificial intelligence chip that could have higher capabilities than Nvidia's H100.  Does that mean Nvidia stock is a sell now?,Yahoo,https://finnhub.io/api/news?id=9d85ab7403e4daf065a66c7fc11dff3e8dd747d4d01df10a93d256946ed802c8
2025-04-29 09:45:00,NVDA,Nvidia Stock Drops. Where This Analyst Sees a ‘Threat to Sales.’,Nvidia stock is likely to be driven by whether U.S. technology companies are continuing to spend on artificial-intelligence data centers.,Yahoo,https://finnhub.io/api/news?id=56d37478c03d672c8e4e0eeacbfd07bb1c58140fe9a4c6ca8ed882689ba6a11e
2025-04-29 09:41:24,NVDA,"NVDA Stock Can Perform Well in the Long Term, Veteran Investor Says","Nvidia (NVDA)”stock can be strong over the next two years” if the firm continues to execute well, Dan Flax, Neuberger Berman’s Managing Director told Yahoo Finance recently. Neuberger Berman is an investment management firm. Why Flax Is Bullish on NVDA NVDA is effectively developing its new Blackwell chips, and the demand for them is “ramping,” […]",Yahoo,https://finnhub.io/api/news?id=e7b7ae1b9cc13d853cc45a019ef43f99ad4cb0acf88717123d29c0c6cfa733e5
2025-04-29 09:16:50,NVDA,Is NVIDIA Corporation (NVDA) the Worst-Performing Blue Chip Stock So Far in 2025?,"We recently published a list of 11 Worst-Performing Blue Chip Stocks So Far in 2025. In this article, we are going to take a look at where NVIDIA Corporation (NASDAQ:NVDA) stands against other worst-performing blue chip stocks so far in 2025. Blue chip stocks are under immense pressure amid the evolving trade tensions and tariff […]",Yahoo,https://finnhub.io/api/news?id=0299c04f60a22b349e0f77d823246fa0011791463b4d0923a9cde873b77e33b5
2025-04-29 08:54:58,NVDA,Mag 7: What the technicals are saying about Big Tech stocks,"As four of the Magnificent Seven prepare to release earnings results this week — Microsoft (MSFT), Meta Platforms (META), Apple (AAPL), Amazon (AMZN) — the group of tech stocks has been noted to be underperforming a majority of their 200-day moving averages. Blue Chip Daily Trend Report chief technical strategist Larry Tentarelli comes on the Morning Brief to talk about Amazon's relationship with the broader retail sector and his cautious outlook on the Mag 7. To watch more expert insights and analysis on the latest market action, check out more Morning Brief here.",Yahoo,https://finnhub.io/api/news?id=60c5a227ca78dd7a1c300a62836c4809dc9ca5a991e062f7b5787efa61043db0
2025-04-29 08:37:00,NVDA,"The Best Vanguard ETF to Invest $1,000 in Right Now",It's time for investors to rethink what the stock market's foreseeable future holds.,Yahoo,https://finnhub.io/api/news?id=b3651620f414dc7ae760d8e73f3c2e6c5d438ae9dbf255e3b81f3d69be59e4f3
2025-04-29 08:36:55,NVDA,Microsoft and Amazon Capex in Focus Amid Potential AI Pullback,"(Bloomberg) -- When the two biggest players in cloud computing report earnings this week, the amount the companies are spending will be just as interesting to investors as how much they are making. Most Read from BloombergNew York City Transit System Chips Away at Subway Fare EvasionNYC’s Congestion Toll Raised $159 Million in the First QuarterNewsom Says California Is Now the World’s Fourth-Biggest EconomyThe Last Thing US Transit Agencies Should Do NowAt Bryn Mawr, a Monumental Plaza Traces th",Yahoo,https://finnhub.io/api/news?id=4c685c105b41eb7fa2d70d10e3da7fa6b562e224747c90dea138c1d7860c5f95
2025-04-29 08:21:08,NVDA,Here’s Why NVIDIA Corporation (NVDA) Fell in Q1,"Investment advisory firm Ithaka Group released the “Ithaka US Growth Strategy” first-quarter 2025 investor letter. A copy of the letter can be downloaded here. Following two years of gains exceeding 25%, the markets welcomed the new year with considerable volatility and a sharp decline. In the first quarter, Ithaka’s portfolio underperformed the R1000G by 30 basis points, recording […]",Yahoo,https://finnhub.io/api/news?id=acee33cc3611cd83c2be2d05c872b8933bbad060803ea747926f51f0902e7ab7
2025-04-29 08:00:13,NVDA,NVIDIA Corporation (NVDA) is Attracting Investor Attention: Here is What You Should Know,"Zacks.com users have recently been watching Nvidia (NVDA) quite a bit. Thus, it is worth knowing the facts that could determine the stock's prospects.",Yahoo,https://finnhub.io/api/news?id=52e996c5ccbe1896b015687a671d50bb3e13cfd0cb58b46867c0ca313d9eabb8
2025-04-29 07:30:27,NVDA,Q1 2025 Cadence Design Systems Inc Earnings Call,Q1 2025 Cadence Design Systems Inc Earnings Call,Yahoo,https://finnhub.io/api/news?id=697841abe9d921ccb2eb22088ef71a2700a2d42ebe82a7bd3879e490eeb8f966
2025-04-29 07:24:10,NVDA,Summer Recession Forecasted By Apollo: Is This S&P 500 Rally Built To Last?,"Apollo Global foresees a recession by summer 2025. Click to discover insights on market trends, CAPEX declines, and S&P 500 strategies amid economic uncertainty.",SeekingAlpha,https://finnhub.io/api/news?id=a0c69b4efd976a5ee680260b10cdb2bcf12984af2572c66ee3e01a58c766cc21
2025-04-29 07:18:00,NVDA,"These Stocks Are Moving the Most Today: GM, Tesla, Ford, JetBlue, Wolfspeed, SoFi, Nvidia, and More","Shares of U.S. auto makers fell after GM earnings despite a prospective tariff announcement, JetBlue braces for earnings, and Wolfspeed extends its gains",Yahoo,https://finnhub.io/api/news?id=1151b2c836f02dd34e07ffe6c40faa79af2d9eabe1c6367bbb71db0e2fc9478e
2025-04-29 07:11:00,NVDA,Stock-Split Watch: Is Nvidia Next?,"It was nearly one year ago that Nvidia (NASDAQ: NVDA) last split its stock.  Shares have since retreated along with many others as the Nasdaq Composite index briefly entered bear market territory in early April, declining more than 20% off recent highs.  While the downturn in the stock market may not be over, it will eventually gain ground again.",Yahoo,https://finnhub.io/api/news?id=99b23908e0f0102bd78e83b770b5b23ade36fdb75feb5c261fc9d3fb53822312
2025-04-29 07:00:55,NVDA,S&P 493 earnings growth appears to be gaining as Mag 7 slows,"As earnings growth has slowed for the Magnificent Seven — the group of stocks comprised of Meta Platforms (META), Microsoft (MSFT), Alphabet (GOOGL, GOOG), Amazon (AMZN), Apple (AAPL), Nvidia (NVDA), Tesla (TSLA) — the rest of the S&P 493 has gained momentum and closed the gap with the leading tech giants. Yahoo Finance host Julie Hyman assesses forecasts anticipating the pick-up in S&P 493 performances. To watch more expert insights and analysis on the latest market action, check out more Asking for a Trend here.",Yahoo,https://finnhub.io/api/news?id=2d2bf1f72d5fd04e3cddd14140d0d2031eeb0374e5284055f4bd16c5003c0873
2025-04-29 07:00:00,NVDA,Nvidia: Time To Go All In,"Nvidia faces significant macroeconomic and geopolitical risks, including tariffs and export restrictions. Learn why NVDA stock is a Buy.",SeekingAlpha,https://finnhub.io/api/news?id=2df417600d5ba4e923b61d24465555e6d7b419cacdebac879e42491650a2d814
2025-04-29 05:30:00,NVDA,Pay Close Attention to This Crucial Revenue Source for Artificial Intelligence (AI) Giant Nvidia,"Nvidia (NASDAQ: NVDA) has quickly risen from an obscure semiconductor company to become a household name.  The company's success has mainly been driven by its skyrocketing data center sales, which have boomed as technology companies commit hundreds of billions of dollars to build the most advanced artificial intelligence (AI).  The latest research from The Motley Fool shows that Nvidia easily leads the pack when it comes to data center sales, with $35.5 billion in the fourth quarter of 2024.",Yahoo,https://finnhub.io/api/news?id=2cdcc504abbfe5d49a7716db63e9cd7dea17ee2ddd7b6666c5de6575a0a0749b
2025-04-29 05:05:00,NVDA,Markets Hold Their Breath,"Wall Street opted to conserve energy on Monday, leaving stocks unchanged. All eyes turn to this weekâs megatech earnings, consumer confidence updates, and April employment data.",SeekingAlpha,https://finnhub.io/api/news?id=1a88606f14911bbb783653406da86bff017c587d50b635656a561583835a6cc5
2025-04-29 05:00:00,NVDA,Sui leads declines as large cryptocurrencies start mixed,Sui leads declines as large cryptocurrencies start mixed,MarketWatch,https://finnhub.io/api/news?id=e219fc413625ce94fc02aba03c5b1a61a16355b2f05e2cc42f4ce20e8369c2a6
2025-04-29 04:42:21,NVDA,Dow Jones Rises Amid Key Economic Data; Spotify Plunges On Earnings,Dow Jones Rises Amid Key Economic Data; Spotify Plunges On Earnings,DowJones,https://finnhub.io/api/news?id=4e8f8f243ebf9eed381c71a59c74f9d07ec7d447ecb1fa02109cd3e831f9a6c8
2025-04-29 04:32:00,NVDA,2 Artificial Intelligence (AI) Stocks That Could Make You a Millionaire,"Artificial intelligence, or AI, is undeniably a massive opportunity with room for multiple big winners.  Many of the most promising AI stocks have fallen out of favor recently thanks to economic uncertainty and AI spending concerns.  Advanced Micro Devices (NASDAQ: AMD), which is more commonly referred to simply as AMD, is often overlooked by investors because it holds a distant-second market share in the data center graphics processing units (GPU) space to chipmaking behemoth Nvidia, which has about 95% of the space.",Yahoo,https://finnhub.io/api/news?id=c15abfab48be9743b3955b0b0c2c195323429d61270083c3822fbce0a79a68e2
2025-04-29 04:30:00,NVDA,Nvidia’s Trump Worries Go Far Beyond China,“AI-diffusion” rules could limit the U.S. chip company’s sales even to friendly countries—and give more opportunity to foreign rivals.,Yahoo,https://finnhub.io/api/news?id=d9ddb2b7578f819728ef69a17c94f6917f6544358f5b05f36746167bcd33f0d1
2025-04-29 04:12:26,NVDA,"H100 Renting Prices Will Drop, Fast - Reiterating Sell On Nebius","Discover why Nebius Group N.V. stock's recent rise may be overhyped. Click to learn about NBIS pricing pressures, valuation concerns, and competitive risks.",SeekingAlpha,https://finnhub.io/api/news?id=7f5f98dc6db1908086a3c7365b4eddd6269d3fc71d06d6e4c94fe6348b2c55dd
2025-04-29 04:05:00,NVDA,Chip Design Hits AI Crossover Point,AI-powered tools can drive impressive improvements in chip performance and energy efficiency. This has also led to significant growth in use of AI-powered capabilities in chip design tools.,SeekingAlpha,https://finnhub.io/api/news?id=6c17033151b1bf166f032b85890d34248092bd7bef1b5e4a760af45f2fd9ba7e
2025-04-29 03:45:00,NVDA,The Best Tech ETF to Invest $250 in Right Now,"If you're feeling overwhelmed by the stock market right now, you're not alone.  The S&P 500 had one of its fastest drops on record in early April, and the Nasdaq Composite hurtled into a bear market, falling more than 20% from its high just in February.",Yahoo,https://finnhub.io/api/news?id=c5b7db10eb1e8c5c1b9152e5c8b9e6accea1d4207d5b4d6698e8803adfdcf059
2025-04-29 03:30:00,NVDA,Fiduciary Management Q1 2025 Shareholder Letter,"In recent shareholder letters, we have been highlighting market anecdotes illustrating speculative behavior across financial markets. Click here to read more.",SeekingAlpha,https://finnhub.io/api/news?id=b9f4b3c750f97cf925ab0e33e6b24da8791c9cc97ec59f3cbf76e121b4766c15
2025-04-29 03:30:00,NVDA,ClearBridge Global Value Improvers Strategy Q1 2025 Commentary,,SeekingAlpha,https://finnhub.io/api/news?id=4777d1093e87a14df62c8046130e86746a78550592dfcc51a616b39754e74653
2025-04-29 03:25:00,NVDA,Prediction: Nvidia Will Beat the Tariff Turmoil (and the Stock Will Soar),"Everything seemed to go right for Nvidia (NASDAQ: NVDA) last year.  The Dow Jones Industrial Average (DJINDICES: ^DJI) even invited Nvidia to join, and this new member delivered the best performance in the index for the year, advancing more than 170%.  President Donald Trump announced a broad plan to tax imports from countries around the world, and that translates into higher costs for companies that import materials and products.",Yahoo,https://finnhub.io/api/news?id=d41d6657d0b0c863de403cabb3297cae18c5fd9eebca6d187143cb81c2db2ac7
2025-04-29 01:51:00,NVDA,Why Trump’s Next 100 Days Will Be More Crucial for Stock Markets and 5 Other Things to Know Today.,Why Trump’s Next 100 Days Will Be More Crucial for Stock Markets and 5 Other Things to Know Today.,MarketWatch,https://finnhub.io/api/news?id=f78935f0cbb49de1c3049de7ebc757a65d09fa428b2bb263b8c4b9f7d59d8196
2025-04-29 01:25:53,NVDA,Nvidia: The Reversion Angle Executed My Thesis Much Faster,Nvidia is closing the inference gap with Blackwell architecture ahead of the next wave of high-performance computing. Read why I remain bullish on NVDA stock.,SeekingAlpha,https://finnhub.io/api/news?id=359a0beeeb1d3f3f90b9ac711bd1519a012e37d8178b40a35c114826a3c0801a
2025-04-29 01:07:00,NVDA,Grey Owl Capital Management Q1 2025 Client Letter,"For the first quarter of 2025, every primary asset class provided positive returns except equities which were down -0.9%. Read more here.",SeekingAlpha,https://finnhub.io/api/news?id=0c5652cb17f37bf21469b52fe2edbfc48dd2f3a84446404e47fe024cd5735ec9
2025-04-28 21:15:00,NVDA,Alphabet Sets A Positive Tone Ahead Of Mega Tech Earnings Results This Week,"With 12% of S&P 500 companies reporting for the Q1 reporting season, EPS growth currently stands at 10.1%. Read more here.",SeekingAlpha,https://finnhub.io/api/news?id=dc13ebbfecea942308757fd0ac43260ba4092619f845854fd643fdea3987fe21
2025-04-28 17:00:29,NVDA,"Dow Jones Futures: Nvidia, Tesla Test Key Levels; Apple, Amazon Lead Big Earnings Reports","Dow Jones Futures: Nvidia, Tesla Test Key Levels; Apple, Amazon Lead Big Earnings Reports",DowJones,https://finnhub.io/api/news?id=1b86cb5b023a5157422b87f0b2ec1ab92103c249e3c7aaeccc4b6e0c62aaa8e9
2025-04-28 15:05:00,NVDA,Why Nvidia investors shouldn’t worry about Huawei’s new AI chip,Why Nvidia investors shouldn’t worry about Huawei’s new AI chip,MarketWatch,https://finnhub.io/api/news?id=01be21d77f75445728c045d67004aaf6c1514b4d3b23d2153c7325fe4449a97a
2025-04-28 12:09:00,NVDA,Nvidia Stock Falls. This Huawei Breakthrough Won’t Help.,Nvidia Stock Falls. This Huawei Breakthrough Won’t Help.,MarketWatch,https://finnhub.io/api/news?id=a9c32468dbbe27729cc4e3257d4a0bf01c99610eaf079aff5ab64f14b60b72f3
2025-04-28 11:54:00,NVDA,"Quantum Computing Stock Can Nearly Double, Says Analyst","Quantum Computing Stock Can Nearly Double, Says Analyst",MarketWatch,https://finnhub.io/api/news?id=0c5140752db335cc57002886a9e681a73373eb063b411d4fd62398420f6a161e
2025-04-28 11:27:08,NVDA,Nvidia Stock Sinks On China's Growing AI Chip Ambitions,Nvidia Stock Sinks On China's Growing AI Chip Ambitions,DowJones,https://finnhub.io/api/news?id=6e5ff7dc396f2a56b4fe168b02adcbed548944906aa279adcdffd9201d71c885
2025-04-28 11:23:05,NVDA,Stock Market Today: Dow Jones Up But Nvidia Falls On New China Threat; Cathie Wood Loads Up On This Stock (Live Coverage),Stock Market Today: Dow Jones Up But Nvidia Falls On New China Threat; Cathie Wood Loads Up On This Stock (Live Coverage),DowJones,https://finnhub.io/api/news?id=4b78f07bcef4af8df2d5f7eacbfbafc289c157149691d14e1319d1324224b71a
2025-04-28 11:12:00,NVDA,"These Stocks Moved the Most Today: Tesla, Nvidia, Domino’s, Spirit AeroSystems, IBM, MicroStrategy, and More","These Stocks Moved the Most Today: Tesla, Nvidia, Domino’s, Spirit AeroSystems, IBM, MicroStrategy, and More",MarketWatch,https://finnhub.io/api/news?id=af0aae079a31b7d770d6080f8ee964a1e490b170feed80c493f3acc00f5d1208
2025-04-28 10:03:05,NVDA,Stock Market Today: Dow Jones Up As Indexes Seek More Gains; Biotech Soars On Key Approval (Live Coverage),"The Dow Jones rose on the stock market today as stock indexes sought more gains. Meta Platforms, Apple and Microsoft were mixed.",Yahoo,https://finnhub.io/api/news?id=fc6ca16334a0325eef77a38e404b9962a0993ce908ff15d6659addfed4293fe2
2025-04-28 10:00:09,NVDA,Retail traders should consider more conservative investments: Wall Street veteran,The average investor needs to be mindful of fundamental risks to companies amid the Trump trade war.,Yahoo,https://finnhub.io/api/news?id=28b26a8ec7e1d95318471f9c4b6d04601e04be9627a010b9246c1ffb49b6df6f
2025-04-28 09:48:06,NVDA,AI And Energy Play Persist In Real Economy,"AI power needs are advancing, with specific training runs potentially reaching 2GW by 2027. Click here to find out more on Market Outlook.",SeekingAlpha,https://finnhub.io/api/news?id=974fe9c802141e7b6ce19e93abd7fbbaf0742ce9833d4f72c8f6c07ff096d26c
2025-04-28 09:45:00,NVDA,"These Stocks Are Moving the Most Today: Tesla, Nvidia, Domino’s, Spirit AeroSystems, IBM, Novavax, and More","Domino’s Pizza reports earnings, Nvidia faces stiff competition in China, and Spirit AeroSystems finalizes a deal to transfer some assets to Airbus.",Yahoo,https://finnhub.io/api/news?id=8d6cc05e660c1d9475824fd5c8f3eb6541f6dde28bac853db381e07c770c62ce
2025-04-28 09:24:35,NVDA,This portfolio mgr. is 'cautiously optimistic' on Mag 7 earnings,"Tech stocks face a pivotal week as Meta Platforms (META), Microsoft (MSFT), Amazon (AMZN), and Apple (AAPL) gear up to report earnings. T. Rowe Price global technology fund portfolio manager Dominic Rizzo joins Morning Brief to share why he's cautiously optimistic and what fundamentals he'll be watching from earnings across the Magnificent Seven. To watch more expert insights and analysis on the latest market action, check out more Morning Brief here.",Yahoo,https://finnhub.io/api/news?id=0e5af6627c899e646b08f01916c18ccb0febc383d4b579b9072bd9422cdb7750
2025-04-28 09:06:32,NVDA,Huawei Set to Test New AI Chip to Rival Nvidia: WSJ,"Huawei Technologies is getting ready to test a new and powerful artificial intelligence processor that the company hopes can replace some products made by Nvidia, the Wall Street Journal reported. Mandeep Singh has more on ""Bloomberg Open Interest.""",Yahoo,https://finnhub.io/api/news?id=2b725438fbdecc26c21d15115c55d3727593c2720e40271f7dfa0322f04409c7
2025-04-28 09:01:39,NVDA,Oracle’s OCI deploys thousands of NVIDIA Blackwell GPUs,"Investing.com -- Oracle (NYSE:ORCL) announced Monday the deployment of thousands of NVIDIA (NASDAQ:NVDA) Blackwell GPUs, marking a significant enhancement of its Oracle Cloud Infrastructure (OCI). The first wave of liquid-cooled NVIDIA GB200 NVL72 racks has been set up and optimized in Oracle’s data centers, ready for customer use. These deployments are aimed at developing and running advanced reasoning models and AI agents on the NVIDIA DGX Cloud and OCI.",Yahoo,https://finnhub.io/api/news?id=8f2b5279f367464d1162de31b431f5966fbb4999120a963353845064532723a4
2025-04-28 08:54:09,NVDA,"Nvidia vs Huawei, Domino's Q1 miss, IBM's $150B US investing plan","Morning Brief hosts Brad Smith and Madison Mills take a look at some of the top trending stories of the trading day so far. Nvidia (NVDA) is in focus as Chinese competitor Huawei is reportedly preparing a new artificial intelligence (AI) chip that could replace some Nvidia products. Domino's (DPZ) missed first quarter revenue estimates on weaker US same-store sales. IBM (IBM) has announced plans to invest $150 billion in the US over the next five years to boost the company's role in computing. To watch more expert insights and analysis on the latest market action, check out more Morning Brief here.",Yahoo,https://finnhub.io/api/news?id=b9ebc4f77e2d86b6e35debb9c52cb754e257d80d33a4942174c05bebb615e3c5
2025-04-28 08:51:56,NVDA,Nvidia stock falls as China's Huawei reportedly readies AI chip after Trump's export ban,Nvidia stock fell Monday following a report that Chinese tech giant Huawei is readying another advanced AI chip in the wake of President Trump's export ban on Nvidia chips to China.,Yahoo,https://finnhub.io/api/news?id=068dde17988e72c2143a5ef2a1657942c2386a3ae960f4994c5bc765a175dded
2025-04-28 08:47:18,NVDA,Jim Cramer Says He’s ‘Not Selling’ NVIDIA (NVDA) as Demand in ‘Total Acceleration’,"We recently published a list of 10 Stocks to Watch as Trade Wars Begin. In this article, we are going to take a look at where NVIDIA Corp (NASDAQ:NVDA) stands against other stocks to watch as trade wars begin. Bill Strazzullo, Bell Curve Trading chief market strategist, said in a latest program on CNBC that […]",Yahoo,https://finnhub.io/api/news?id=776c964d35f2c8055c550ca9a879bd719896b384627bef84e6b06bb41a9227e8
2025-04-28 08:33:35,NVDA,"Stocks to Watch Monday: Domino’s Pizza, Spirit AeroSystems, Nvidia, DoorDash","↘️ Nvidia (NVDA): The Wall Street Journal reported Huawei Technologies is gearing up to test its newest AI processor, which the Chinese company hopes could replace some higher-end Nvidia products. The U.",Yahoo,https://finnhub.io/api/news?id=80dd1b667a729633f2d5b4cf04a8d964f063a264d95680d4f1f575edb19d2083
2025-04-28 08:31:12,NVDA,"Stock market today: S&P 500, Nasdaq turn lower to start huge week of Big Tech earnings, economic data",US stocks rose on Monday with investors focused on Big Tech earnings for the week ahead.,Yahoo,https://finnhub.io/api/news?id=073847291cec60a0f25d916795f80a20721643b2b6b032cc33c6525af15f9b98
2025-04-28 08:14:00,NVDA,"NVIDIA Corp., Amazon.com Inc. share losses lead Dow's 200-point drop","NVIDIA Corp., Amazon.com Inc. share losses lead Dow's 200-point drop",MarketWatch,https://finnhub.io/api/news?id=29ca072e9bd5cf36d2a20cefece41db98d3ca62ce5443037294d96b16f593a7c
2025-04-28 08:04:45,NVDA,"S&P 500: Palantir, 2024's Big Winner, Leads Again In 2025. These Giants Are Laggards.","S&P 500: Palantir, 2024's Big Winner, Leads Again In 2025. These Giants Are Laggards.",DowJones,https://finnhub.io/api/news?id=c55a19f9d24cbc074737d8d3cc1b89a446dd1ea6ae768709ebc29fcfb2441afa
2025-04-28 08:02:52,NVDA,"Nvidia, Visa, Domino's, NXP: Stocks to watch today","U.S. stocks were on track for a flat to slightly lower open Monday as investors geared up for a jam-packed week of earnings spanning pizza chains, semiconductor makers, and sanitation giants.",Yahoo,https://finnhub.io/api/news?id=964e8a8738940f31fe4862584a3ccbeb8e8ccc8ff19335482ed5c91b754c101d
2025-04-28 07:45:00,NVDA,"Want to Avoid the ""Magnificent Seven"" and Generate Passive Income? This Vanguard ETF May Be for You","The ""Magnificent Seven"" -- Apple, Microsoft, Nvidia (NASDAQ: NVDA), Amazon, Alphabet, Meta Platforms, and Tesla -- took the market by storm in 2023 and 2024 by contributing a sizable portion of gains in major indexes like the S&P 500 and Nasdaq Composite.  As of the time of this writing, all seven stocks are underperforming the S&P 500 in 2025.  Here's why investors looking for low-cost exchange-traded funds (ETFs) that don't include the Magnificent Seven may want to take a closer look at the Vanguard High Dividend Yield ETF (NYSEMKT: VYM).",Yahoo,https://finnhub.io/api/news?id=1a6e39c8d8e761fe2c6c05da9354ea7f5424dbb42e1ddfec8b0c78067b4706cc
2025-04-28 07:16:48,NVDA,NVIDIA Corporation (NVDA): Among Stocks with Consistent Growth to Buy Now,"We recently published a list of 11 Stocks with Consistent Growth to Buy Now. In this article, we are going to take a look at where NVIDIA Corporation (NASDAQ:NVDA) stands against stocks with consistent growth to buy now. The market is clouded by friction between trading partners. But even at these uncertain times, one investment […]",Yahoo,https://finnhub.io/api/news?id=b7c28ce9380bbeb9652191047f3ed11038ef42c5fb9bd45b79f532c08cb0f2a6
2025-04-28 07:03:00,NVDA,"NVIDIA Corp., Amazon.com Inc. share losses contribute to Dow's 100-point drop","NVIDIA Corp., Amazon.com Inc. share losses contribute to Dow's 100-point drop",MarketWatch,https://finnhub.io/api/news?id=a766cc87ccffa2c9f02f8147d18314aab1a99dbe0e4758d0395ea4a5a25e589c
2025-04-28 06:37:20,NVDA,This Week In AI Chips - Global AI Industry Leaders Unite for Innovative Growth at Summit,"The ""Towards the Light: Co-creating a New Global Journey in the AI Field — 2025 AI Intelligent Development Summit"" recently held in Hong Kong gathered global AI industry leaders to discuss trends and foster international collaboration in AI. Hosted by AIFEEX, the summit emphasized the rapid development and integration of AI technologies, aiming to drive innovative growth in the field. Key speakers highlighted the importance of ethics in AI, strategic market expansions, and fostering...",Yahoo,https://finnhub.io/api/news?id=41c926ce8aa2603f79fae9b4355587dae3d59e5267d1ae912b76b60f5f1f69f4
2025-04-28 06:04:14,NVDA,Palantir Q1 Earnings Preview: Nothing Stops The AI Train,"With the latest developments in federal space, Palantir should see a boost in its government revenue. Click here to find out why PLTR stock is a Buy.",SeekingAlpha,https://finnhub.io/api/news?id=7ca361e132321b32596f13559f23578d62f9ac054485d549421b4fd96705c533
2025-04-28 06:00:00,NVDA,1 Artificial Intelligence (AI) Powerhouse That Could Crush Earnings Expectations Next Month,"Nvidia (NASDAQ: NVDA) has a strong history of beating analyst expectations for quarterly earnings and sales.  According to data compiled by Barchart, Nvidia stock has risen on a majority of those earnings beats, but still fell on several occasions.  With so much market and trade uncertainty, it's reasonable to expect a weak earnings announcement from the company next month.",Yahoo,https://finnhub.io/api/news?id=c646383d5de4042d4e259e5ba2e9ccd5fefc02deefb201e1fc50be7bc444f797
2025-04-28 05:45:55,NVDA,"Microsoft: What To Consider, Ahead Of The Q2-25 Earnings Event",,SeekingAlpha,https://finnhub.io/api/news?id=5da848f456ba2a93c6a81a25b899bd1d43af01ae74765881f3546d710a882a70
2025-04-28 05:39:00,NVDA,Where Will SoundHound AI Be in 1 Year?,"Is now the time to buy SoundHound AI, or is patience the smarter move? Here's what investors need to know.",Yahoo,https://finnhub.io/api/news?id=6a91045fda5c15a571b4cfa9e655e5fb99a2e93edb0b007110db36e57a72ba5d
2025-04-28 05:23:29,NVDA,"Huawei, Nvidia's Chinese nightmare",Huawei GPUs are gaining ground in China and could soon relegate Nvidia to second place. A worst-case scenario seems to be unfolding for the Santa Clara-based company.,Finnhub,https://finnhub.io/api/news?id=4598f82eb485d55a1d7eef84bffbb6b6377741b61e871c09ed4a5c2433cebddc
2025-04-28 05:08:45,NVDA,Tariffs Won't Stop The AI Revolution,"Despite recent tariff setbacks, AI-related growth remains robust, with Amazon and Nvidia executives optimistic about the segment's future in today's uncertain market. Read the latest here.",SeekingAlpha,https://finnhub.io/api/news?id=89a356026d1621f51b7153fbcb95cb98b91c6612cc9ab08e5294e294ec7265a2
2025-04-28 05:00:00,NVDA,"Most large cryptocurrencies decrease on Dogecoin, Avalanche drops","Most large cryptocurrencies decrease on Dogecoin, Avalanche drops",MarketWatch,https://finnhub.io/api/news?id=55bfe71b415f03ea62a050d4a64c4ea6be7b410f8e3e1a1e19faccc6dd61688c
2025-04-28 04:52:41,NVDA,Dow Jones Rises As Nvidia Slides On New China AI Chip; Tesla Extends Rally,Dow Jones Rises As Nvidia Slides On New China AI Chip; Tesla Extends Rally,DowJones,https://finnhub.io/api/news?id=b18483a8fcdf8be8cf07de6eaffaf7c942d77d6443d7618a686efbea73bd0a00
2025-04-28 04:30:00,NVDA,CGGR: The ETF If You Can't Stomach Volatility But Still Want Tech Exposure,"CGGR is a diversified ETF focusing on superior growth companies, with a 6.6% YTD decline presenting an attractive long-term accumulation opportunity. Read why I rate CGGR as a buy.",SeekingAlpha,https://finnhub.io/api/news?id=66d39f07d50bc31ebae5ad1d5c432dac638550a9001370c38a4a6560ecb70a2c
2025-04-28 03:00:00,NVDA,O'Keefe Stevens Advisory Q1 2025 Investor Letter,OâKeefe Stevens Advisory recently released their Q1 2025 letter. Click here to read the full letter. ,SeekingAlpha,https://finnhub.io/api/news?id=a61f441e8a29308030162537f882c922dfdb8cf63a18242263636373ff53667e
2025-04-28 02:30:00,NVDA,The Market May Be About To Get Turned Upside Down,"With the rise of AI, traditional index funds like SPY and QQQ could face challenges. Read why infrastructure and farmland could become the biggest winners.",SeekingAlpha,https://finnhub.io/api/news?id=e9623ed64cb59af2bc6e6996fd5a3e7c0b99b744a110dd5af3d0ebf5f19e7f10
2025-04-28 02:29:00,NVDA,Templeton Growth Fund Q1 2025 Commentary,"The core of our investment process relies on performing a thorough fundamental stock research, taking a long-term view and focusing strongly on valuation.",SeekingAlpha,https://finnhub.io/api/news?id=cf0251472310e1f8cadd85967ac61a7e883bc26349a0ab961ccc682af4056170
2025-04-28 01:47:46,NVDA,Wall Street Breakfast Podcast: Huawei Preps AI Chip To Challenge Nvidia: Report,Huawei preparing to test latest AI chip to challenge Nvidia (NVDA): report. Merck KGaA to buy Springworks for $3.9 billion. CrowdStrike unveils new AI agents for cybersecurity.,SeekingAlpha,https://finnhub.io/api/news?id=a55df481178f519626797c82fe75f844da7e0389502062ff8a3ac6b7e9c80e29
2025-04-28 00:03:34,NVDA,Nvidia's Price Falling To Reasonable Levels,"NVIDIA has expanded beyond gaming into data centers, AI, and autonomous vehicles. Read why I remain neutral on NVDA stock.",SeekingAlpha,https://finnhub.io/api/news?id=03a219443845eb8f622d5c6a5651e054732eee4b4631bb0ff741a9d74f128255
2025-04-27 22:40:00,NVDA,"China’s Huawei Develops New AI Chip, Seeking to Match Nvidia","China’s Huawei Develops New AI Chip, Seeking to Match Nvidia",DowJones,https://finnhub.io/api/news?id=f5cf7c8573bc19df8a907ca0bcd84a701d1e49915594e702d79aa446f9a90259
2025-04-27 20:01:02,NVDA,Intel: It Could Get Worse Before It Gets Better,Intel's stock remains under pressure after a mixed 1Q FY2025 earnings report and a weak outlook. See why I maintain my hold rating on INTC.,SeekingAlpha,https://finnhub.io/api/news?id=a257b3c17dcee73a3f76eab8bb32ae3861b15530143e9cf4d1195d387b1a4f96
2025-04-27 18:02:00,NVDA,ClearBridge Large Cap Growth Fund Q1 2025 Commentary,"The S&P 500 Index declined 4.27% while the benchmark Russell 1000 Growth Index (RLG) fell 9.97%, trailing its value counterpart by over 1,200 basis points.",SeekingAlpha,https://finnhub.io/api/news?id=c5382aa45a906d8a8f0fd4f09e661c99fde4fdc5a873e332a6b84cee15c72c09
2025-04-27 17:42:17,NVDA,Hewlett Packard: Why It's Too Unstable To Buy Right Now,Hewlett Packard Enterprise's AI revenues are facing demand and supply side headwinds but are expected to accelerate in H2 FY25. See why HPE stock is a Hold.,SeekingAlpha,https://finnhub.io/api/news?id=c1e88017f18d5d092967a50de6770d5a8652988b3a8b7425e330c87b1d5ded5d
2025-04-27 16:02:00,NVDA,The Boyar Value Group's Q1 2025 Letter,"After notching a record high on February 19th, the S&P 500 closed the quarter down 4.6%, its worst performance since 3Q2022. Read more here.",SeekingAlpha,https://finnhub.io/api/news?id=272eff22fe9eb94697e1b5b1a7e674532401f62c4debe59d7c9154782f6efcc2
2025-04-27 15:00:00,NVDA,Nvidia: False Narrative,Nvidia's impressive FQ1 guidance of $43 billion and solid AI growth make it an attractive investment. Find out why NVDA stock is rated buy.,SeekingAlpha,https://finnhub.io/api/news?id=f656c979c0a7d19730083090c9efaa802c23d1e84c8e5bfae4f6107242a2d09e
2025-04-27 07:00:00,NVDA,"The More It Underperforms, The More I Buy",Recent sector surges hide undervalued stocks with major upside potential. Check out why these market laggards are great buys today.,SeekingAlpha,https://finnhub.io/api/news?id=cb6af0257ac1ad292083025b768003db48faea5fc7b5c87e2a16e7052a85adac
2025-04-27 04:00:00,NVDA,Intel: Is Hope Enough? I Wouldn't Bet On It (Upgrade To Hold),"Intel's recovery faces significant hurdles, including the US-China trade tensions and competition. Read why I upgrade INTC stock from sell to hold.",SeekingAlpha,https://finnhub.io/api/news?id=9c03a735179a47abd48e2766335fe033df1bdaf8ddf6011336f175ebf11c3385
2025-04-27 02:45:00,NVDA,"2 Artificial Intelligence Stocks to Buy With $2,000","The stock market has gotten off to a rocky start this year, but market volatility is a small price to pay for the large gains of holding shares of a great business over many years.  If you put your money in the right growth stocks, you can build wealth that lasts for generations.  The following AI stocks would make solid additions to a well-rounded portfolio of growth investments.",Yahoo,https://finnhub.io/api/news?id=9e20aa4b7ffdef47ce24e9db33efe568ba0cec253265195eddea446896c75075
2025-04-26 20:00:00,NVDA,A Reckoning for the Magnificent Seven Tests the Market,"Alphabet, Amazon, Apple, Meta, Microsoft, Nvidia and Tesla are collectively off to their worst start since the 2022 slide, worrying investors.",Yahoo,https://finnhub.io/api/news?id=8d2a75cb2544fa9ad08338906a498e786f8fbbab447a7737e07d77832fcd4484
2025-04-26 13:25:00,NVDA,1 No-Brainer AI Stock Down 27% to Buy the Dip on Right Now (Hint: It's Not Nvidia),"Taiwan Semiconductor Manufacturing, often known as TSMC, is the world's biggest contract semiconductor, handling more than 50% of contract chip production in the world, and an estimated 90% of contract production for advanced chips.  TSMC is now one of the most valuable companies in the world, and it's the company that tech titans like Apple, Nvidia, Broadcom, Advanced Micro Devices, and Qualcomm, among others, making it a linchpin in the global technology supply chain.  TSMC has delivered impressive growth through the AI era, and the company benefits from significant competitive advantages in capacity, expertise, technology, and customer relationships.",Yahoo,https://finnhub.io/api/news?id=83a2de75833f26bbbb93cdc4f9f7d7f143240e3e7fd3c7f0cf04e987727d3e37
2025-04-26 09:29:45,NVDA,Analyst on NVIDIA (NVDA): ‘Everyone Is Confirming Demand is Crazy’,"We recently published a list of Top 10 Stocks to Watch Ahead of May. In this article, we are going to take a look at where NVIDIA Corporation (NASDAQ:NVDA) stands against other top stocks to watch ahead of May. Aswath Damodaran from NYU Stern School of Business said in a latest interview with CNBC that […]",Yahoo,https://finnhub.io/api/news?id=b173d2cadab47a9e7533b8eb3245e3e3cd9af2109e00f203399a1482c7822219
2025-04-26 09:22:45,NVDA,NVIDIA Corporation (NVDA) Maintains AI Leadership Amid Export Headwinds and GB200 Launch,"We recently published a list of 10 AI Stocks That Will Skyrocket. In this article, we are going to take a look at where NVIDIA Corporation (NASDAQ:NVDA) stands against other AI stocks that will skyrocket. AI (Artificial Intelligence) isn’t just a buzzword anymore—it’s becoming a part of our everyday lives, from the apps we use […]",Yahoo,https://finnhub.io/api/news?id=a7ad8761243b8c95ba51b7293b35c580795c26b8f52b058d3986c4ae74479cbd
2025-04-26 08:45:00,NVDA,"Contrarian Opinion: Tariffs, Inflation, and Recession Fears Could Be a Tailwind for This Retail Stock and Propel It to a $1 Trillion Valuation",President Trump's new tariffs could cause prices to rise for consumers and induce a period of slowing economic growth.,Yahoo,https://finnhub.io/api/news?id=6f1a92cd75bcdb4148874024e11b0db76693e5b49b84090a58cebf4a2b5818cc
2025-04-26 08:15:00,NVDA,Better Artificial Intelligence Stock: Rigetti Computing vs. Nvidia,"Two popular stocks among tech investors lately are Rigetti Computing (NASDAQ: RGTI), which makes quantum computing hardware and software, and the semiconductor company Nvidia (NASDAQ: NVDA).  While Nvidia is a much more direct bet on the booming artificial intelligence (AI) market, Rigetti's quantum computing systems are integrated into some existing AI.  Both stocks have soared, too, with Rigetti up 34% and Nvidia skyrocketing 342% over the past three years, compared to the S&P 500's 15% rise.",Yahoo,https://finnhub.io/api/news?id=d461b22c4e39cdfd611b9d4f2b9603e7f3b9a0a489bfe9c9e688ebe27c13530a
2025-04-26 08:00:00,NVDA,"Nvidia stock slides, Apple gets a warning, and Tesla short-sellers cash in: Markets news roundup",Nvidia (NVDA) stock fell more than 6% Monday as investors digested growing fallout from the Biden and Trump administrations’ efforts to curb the company’s chip sales to China.,Yahoo,https://finnhub.io/api/news?id=96c9f1644e9f9a0de3fda7899c66e579d423ba99b270c778a074c86e8ca605dc
2025-04-26 07:25:00,NVDA,2 Cheap Tech Stocks to Buy Right Now,These once high-flying tech stocks have had their wings clipped in 2025.,Yahoo,https://finnhub.io/api/news?id=f03a8c4bb2db6473434a5d99b4e9a0a905e798aebd7e03296af0f11e3d77e218
2025-04-26 07:13:45,NVDA,Is NVIDIA Corporation (NVDA) the Most Promising Stock According to Analysts?,"We recently published a list of the 11 Most Promising Stocks According to Analysts. In this article, we are going to take a look at where NVIDIA Corporation (NASDAQ:NVDA) stands against other promising stocks. On April 23, Stephen Parker, JPMorgan Private Bank co-head of global investment strategy, joined ‘Squawk Box’ on CNBC to express that […]",Yahoo,https://finnhub.io/api/news?id=3e11a25efa849e28257072785960c1a13ad25c9029e1c79c0350f7083d6ba5b7
2025-04-26 06:00:00,NVDA,Nvidia Is Nearly Cheaper Than the S&P 500 Using This 1 Important Metric. Is It Time to Buy?,"Nvidia (NASDAQ: NVDA) has been notorious for being a high-growth, highly valued stock since its run began in early 2023.  Now, it's nearly the same price as the S&P 500 (SNPINDEX: ^GSPC), which is an odd thing to say considering how much growth Nvidia is expected to put up over the next few years.  By definition, forward earnings haven't been achieved yet; they're just projections.",Yahoo,https://finnhub.io/api/news?id=ec51f33e9b5407685febd7ad264b31628ecd88cb60cff66690e1fa60ce11b012
2025-04-26 04:07:00,NVDA,"Members of Congress Are Buying This Beaten-Down ""Magnificent Seven"" Stock (Hint: It's Not Nvidia or Tesla)","The U.S. Congress might not be the place you want to look for guidance on anything financial-related.  After all, the national debt is over $36.7 trillion and growing, and every penny of the money spent by the federal government had to be approved by Congress.  It doesn't make sense to mimic anyone's stock trades without thought, but Congress can be a place to find stocks worth checking out.",Yahoo,https://finnhub.io/api/news?id=ce8c2ce462534c03fa5e2873b46e3a080363277367ad85feeeb604afa04e3760
2025-04-26 04:00:00,NVDA,It’s time to buy tech stocks: 4 ways to find winners while the market is down,It’s time to buy tech stocks: 4 ways to find winners while the market is down,MarketWatch,https://finnhub.io/api/news?id=f61969f5cf929d6306b5b2e8c7b3009aef80fbd7d31405ca1968b7fcbbdb5442
2025-04-26 04:00:00,NVDA,"Better Buy Now: Gold at $3,500 or an S&P 500 Index Fund?","Meanwhile, the S&P 500 (SNPINDEX: ^GSPC) is in a correction.  Below I'll discuss why gold is doing so well, different ways to invest in gold -- including through an exchange-traded fund (ETF) -- and if gold is a better buy than an S&P 500 index fund.  Gold prices are up over 30% year to date at the time of this writing, compared to a 12.3% sell-off in the S&P 500.",Yahoo,https://finnhub.io/api/news?id=65beea020879a79d18e970a9efd34bbe46f5b779c56b63b8396b3b48bf11b807
2025-04-26 03:18:00,NVDA,Is Nvidia an Undervalued Growth Stock or a Falling Knife?,The AI chipmaker is becoming a divisive investment in this choppy market.,Yahoo,https://finnhub.io/api/news?id=8288518d781ca01bdafb5c7b0427571824c1fe5cc8f068cda76d5c54f6618c68
2025-04-26 03:00:00,NVDA,5 Best CEFs This Month For Yields Up To 15% (April 2025),"Read here for an analysis of 5 top CEFs with high distributions, solid track records, and unique discounts, perfect for income investors.",SeekingAlpha,https://finnhub.io/api/news?id=92f6fde472f0f7d1aad43f00c3e261e9356d999b83967de91340ac47aa791c2d
2025-04-25 23:28:23,NVDA,NVIDIA Corporation (NVDA): Among Billionaire Steve Cohen’s Large-Cap Stock Picks With Huge Upside Potential,"We recently published a list of Billionaire Steve Cohen’s 10 Large-Cap Stock Picks With Huge Upside Potential. In this article, we are going to take a look at where NVIDIA Corporation (NASDAQ:NVDA) stands against other billionaire Steve Cohen’s large-cap stock picks with huge upside potential. What does the future hold for the US economy and […]",Yahoo,https://finnhub.io/api/news?id=df22ef6639f421204c067a59cea40eb373002b77f97b24328702bc70f644fa00
2025-04-25 16:00:00,NVDA,Could Nvidia's Sales Drop 30% due to a Trade War Between the U.S. and China?,"It's been a rough year for Nvidia (NASDAQ: NVDA).  Since 2025 began, Nvidia's stock has fallen by more than 30%, shedding more than $1 trillion in value off the company's market cap.  Up to 30% of the company's revenues could be at risk this year due to the ongoing trade war between the U.S. and China.",Yahoo,https://finnhub.io/api/news?id=ddbad1ef1f1de9a8cb84c9de5706eb63d02d85c2858029a68d81026d099f69d1
2025-04-25 15:34:34,NVDA,Is NVIDIA Corporation (NVDA) the Best Stock to Invest in for Long Term?,"We recently published a list of 10 Best Stocks to Invest in for Long Term. In this article, we are going to take a look at where NVIDIA Corporation (NASDAQ:NVDA) stands against other best stocks to invest in for long term. The markets have had two monster years with the S&P 500 index surging 24.73% […]",Yahoo,https://finnhub.io/api/news?id=5afbb72888837aff8053834034cf755adc5f31d7c2933417ef5ddca443ff492e
2025-04-25 15:32:42,NVDA,"Stock Market Today: Nasdaq Jumps, Dow Jones Flat To End A Big Week; Apple Makes Huge Plan Amid Trump Tariff Threat (Live Coverage)",Major stock indexes held firm in the stock market today after three days of bullish gains. Tesla spiked 9% and Nvidia led the Dow.,Yahoo,https://finnhub.io/api/news?id=de632ba0b1a328a8b2ee7361a74b94db9762414ac644d8544f002c6c4bb47d15
2025-04-25 15:00:00,NVDA,"Pope Francis Modernized the Vatican’s Investment Program, With Some Caveats","Pope Francis Modernized the Vatican’s Investment Program, With Some Caveats",MarketWatch,https://finnhub.io/api/news?id=6878dd29b7579adb0bff94026392dee3d2a5be1f4de3d1a3f76284f9af1a1883
2025-04-25 14:43:18,NVDA,Nvidia Stock Jumped Another 5% Today. Does It Have More Room to Run?,"Tariffs, trade policy, and the risk of recession have all contributed to market turmoil lately.  Shares in tech giant Nvidia (NASDAQ: NVDA) have been rebounding sharply in recent days after a more than 20% drop over the last month.  Nvidia shares dropped to as low as $95 in early April, but have rebounded to near $110 per share as this week's trading nears a close.",Yahoo,https://finnhub.io/api/news?id=5f45b608a90814e10faf875b446ee808c36c6bd546f40f8a8d0fee21c6660931
2025-04-25 14:03:55,NVDA,"Why a Cautious, Longtime Investor Is Rather Bullish on NVDA","Harvest Portfolio Management Chief Investment Officer​​ Paul Meeks is cautious on the Mag 7 overall, suggesting that investors not buy any of the names until after they report their first-quarter earnings. Moreover, he does not believe that any of the companies will have much confidence in their outlooks, and he does not expect AI to […]",Yahoo,https://finnhub.io/api/news?id=c1f622004a02067f3b19e9c82fe3d234ad84e13da9bfc422e432f58493f5bc35
2025-04-25 12:26:15,NVDA,Construction Stock Argan Builds New Base; Nears Entry As Profits Surge 196%,The future will need more electrical power as artificial intelligence boosts data center demand. Construction stock Argan is expected to benefit.,Yahoo,https://finnhub.io/api/news?id=c9cb615dbd0f58aa41ed8e370f6d421a33a3cf6f466c4f55fd5d1eb20b9182c1
2025-04-25 11:30:50,NVDA,"If You Invested $10K In Nvidia Stock 10 Years Ago, How Much Would You Have Now?","Nvidia (NASDAQ:NVDA) provides graphics and compute and networking solutions in the U.S. and internationally. It is set to report its Q1 2026 earnings on May 21. Wall Street analysts expect the company to post EPS of $0.93, up from $0.61 in the prior-year period. According to Benzinga Pro, quarterly revenue is expected to reach $43.35 billion, up from $26.04 billion a year earlier. Don't Miss: Deloitte's fastest-growing software company partners with Amazon, Walmart & Target – Many are rushing to",Yahoo,https://finnhub.io/api/news?id=14ceb5c395af3e3ce812c29c465aea32825eb4922c3b44ed7197ad53a5ee35ad
2025-04-25 11:08:25,NVDA,QQQ: Nasdaq 100 Is Still A Bubble - Sell,The Nasdaq 100's high PE ratio and slowing GenAI capex could signal a bubble burst. Click to read more on the incoming bear market and if it would burst the GenAI bubble.,SeekingAlpha,https://finnhub.io/api/news?id=de978dde57dbc9260845d12f628076cf2a8ee1cb666566f0d37da0c7d08fb874
2025-04-25 11:00:32,NVDA,Wall Street Shuffle: Game On For Nvidia And Tesla — And Game Over For These Stocks?,Wall Street Shuffle: Game On For Nvidia And Tesla — And Game Over For These Stocks?,DowJones,https://finnhub.io/api/news?id=31511f34c2a18d4c324707a6aace106f74014164897d191b3d58b858818e0caa
2025-04-25 10:59:36,NVDA,Intel: Credit Likely To Be Junk Within Five Quarters,Intel beat estimates but the guidance was once again abysmal. We tell you what you should look for if this ship is indeed turning around. Read the latest INTC stock analysis here.,SeekingAlpha,https://finnhub.io/api/news?id=9fc5a99153830e1458787e812cc45ace7c398249c7fcbf4c6b7f89644f64aadd
2025-04-25 10:58:55,NVDA,"Former Cisco CEO John Chambers on tariffs: Yes, Apple can make iPhones in the US",Former Cisco CEO John Chambers says Apple could profitably make iPhones in the US.,Yahoo,https://finnhub.io/api/news?id=6f56b00bde9aee51d162b2b4c78bec8f3d27d996a7e4c1a8d01f29fe913c828a
2025-04-25 10:42:43,NVDA,Nvidia Shares Climb After Morgan Stanley Hikes 2027 Forecast on Soaring AI Demand,Nvidia Forecast Raised by Morgan Stanley Amid AI Infrastructure Strain,Yahoo,https://finnhub.io/api/news?id=91c1549a8d69a20250d5ddcf82585668a95ca056bd93b71f2d9fdcce96ab8b90
2025-04-25 10:40:11,NVDA,Intel Shifts to In-House AI Development Amid Competitive Pressure from Nvidia and Cloud Giants,CFO David Zinsner said improving the balance sheet takes priority over further acquisitions.,Yahoo,https://finnhub.io/api/news?id=dab02254af5428b3c04cecbfaaf1e37e73ca36f902738673586ae3d61ed9bfcc
2025-04-25 09:57:48,NVDA,Nvidia Gets Forecast Upgrade as AI Inference Demand Surges Globally,"Nvidia sees growing AI chip usage tied to real business applications, as investor concerns about hype-driven demand fade",Yahoo,https://finnhub.io/api/news?id=dfa060702b22face0d8faca0bf9b2d289d0ff79d6f14f72079ba86e518a60b37
2025-04-25 09:45:42,NVDA,Stock Market Today: Dow Jones Dips With Trump Tariff Headlines In Focus; Google Spikes On Earnings,Major stock indexes held firm in the stock market today after three days of bullish gains. Several gold stocks lagged again.,Yahoo,https://finnhub.io/api/news?id=2534f57b8ed734f1fff09a4299ce2ed95ae129351dafd81cbd4bd17ed22ca10c
2025-04-25 09:43:00,NVDA,Nvidia Stock Rises. What Alphabet and Intel Earnings Mean for the Chip Maker.,Alphabet executives reiterated their “strong relationship” with Nvidia as Intel struggles to get going in the artificial-intelligence chip race.,Yahoo,https://finnhub.io/api/news?id=1b9434aea3ab2cb5f05bfc3492bdefe69aa93b1d429bae3681a0346bf791a2c5
2025-04-25 09:39:22,NVDA,Big Tech ETF rallies Friday to accelerate strong weekly advance,Big Tech ETF rallies Friday to accelerate strong weekly advance,MarketWatch,https://finnhub.io/api/news?id=2ae32e98caa83db2ae8cf7dc39c1b04b7c3ef61f7d23f56ad16f1c7be6a8371e
2025-04-25 08:58:00,NVDA,"This common worry about Nvidia is ‘laughable,’ Morgan Stanley says","This common worry about Nvidia is ‘laughable,’ Morgan Stanley says",MarketWatch,https://finnhub.io/api/news?id=f746630bb09b17b62620c0b8bff08eb154b83a2abba59015b84239a6b47f5bd0
2025-04-25 08:45:00,NVDA,Meet the Latest Supercharged AI Stock I Bought During the Stock Market Downturn,"One of the stocks I added to my portfolio a while back due to lower prices was Broadcom (NASDAQ: AVGO), although its price today is lower than when I purchased it.  Instead, I'm focusing on a three- to five-year time frame, and Broadcom's outlook during that period is quite strong.  Broadcom has its fingers in many industries.",Yahoo,https://finnhub.io/api/news?id=925bd11bf6803bf811aa9fd99e9dff0731bbf96dc6e6a853374b59658742ba5a
2025-04-25 08:10:27,NVDA,"Nvidia (NVDA) Will Benefit From Resolution of Trade War in the Medium Term, Veteran Analyst Says","The Trump administration is looking to resolve the trade war between the U.S and China, and the dispute is likely to be resolved in the next 90 days, Patrick Moorhead Founder, CEO, and Chief Analyst of Moor Insights & Strategy told Yahoo Finance recently. Moorhead suggested that the administration’s stance makes NVDA stock attractive for […]",Yahoo,https://finnhub.io/api/news?id=7aa7c61c95cc81f435ab27bdd6f346fb8d3da581f3649592443eb2cbe6a5974b
2025-04-25 07:57:00,NVDA,Super Micro Stock Gets a ‘Neutral’ Rating. Why Competition Is a Worry.,Super Micro Stock Gets a ‘Neutral’ Rating. Why Competition Is a Worry.,MarketWatch,https://finnhub.io/api/news?id=d4e7a72ea6b95a0564e68563a6880e4eeb7d07e90a9790b1b4f53eacffcdf11f
2025-04-25 07:40:20,NVDA,"You Might Not See Waymo Coming, But I Do: Maintaining Alphabet With A Buy","Alphabet Inc. beat Q1 earnings estimates, shows growth in YouTube ads and Waymo's advancements. Click to find out why GOOGL is undervalued and primed for a breakout.",SeekingAlpha,https://finnhub.io/api/news?id=e0c0f39e2de301120cea24203342bc8feb29697141e1e8afdc14721defb17643
2025-04-25 07:09:54,NVDA,Alphabet: Cloud And Waymo Ready To Take Up The Growth Baton,Alphabet Inc. beat Q1 estimates with growth in Google Cloud & Waymo. Attractive valuation despite challenges. Click for my GOOGL stock earnings update.,SeekingAlpha,https://finnhub.io/api/news?id=59f62e449eff9069a049be4f5f4722e1e38e90df1c95bcfb8e4718c2b862152f
2025-04-25 07:00:00,NVDA,2 Top Stocks You Can Buy Now With $500,"Wall Street's concerns over tariffs and how President Donald Trump's trade wars will impact the U.S. economy have sent the Nasdaq Composite down by around 18% year to date, and it's off more than 20% from its peak.  For less than $500, you can buy one share each of Amazon (NASDAQ: AMZN) and Apple (NASDAQ: AAPL).  The market sell-off has taken Amazon down to $166 per share at the time of this writing.",Yahoo,https://finnhub.io/api/news?id=635bcc251cb923a2d77e049731c8895ea258d85ebc98e29b68a036954e1993ea
2025-04-25 06:45:00,NVDA,Elon Musk Thinks Tesla Will Become the World's Most Valuable Company. Here's Why Its Stock Could Decline by 50% (or More) Instead,"Tesla (NASDAQ: TSLA) stock hit a new record high shortly after President Donald Trump's election win last November because investors thought a friendlier regulatory environment could help the company bring its autonomous robotaxi and humanoid robot to market more quickly.  CEO Elon Musk thinks these product platforms will help Tesla become the world's most valuable company one day.  In fact, Musk believes Tesla could eventually be as valuable as the next five largest companies combined.",Yahoo,https://finnhub.io/api/news?id=0a55ea5dccec377fd567b51502f1e22131f5f91ec671a92b0741ff5a22550469
2025-04-25 06:42:00,NVDA,Trump Tariffs Are Creating Chaos. Barry Ritholtz Says It’s Time to Embrace Your Inner Mr. Spock.,Trump Tariffs Are Creating Chaos. Barry Ritholtz Says It’s Time to Embrace Your Inner Mr. Spock.,MarketWatch,https://finnhub.io/api/news?id=2b0ee4760c5a890788846564057b7e7dbfbfe36401d17bd792d4a9e119f770c6
2025-04-25 06:37:34,NVDA,AI Chips Today - Cerence AI Revolutionizing Automotive Interaction With New Partnership,"Cerence AI, in collaboration with MediaTek and NVIDIA, has unveiled an advanced multi-modal language model designed for automotive applications, just ahead of Auto Shanghai 2025. This development integrates Cerence's CaLLM Edge technology with MediaTek's Dimensity Auto Cockpit chipsets and NVIDIA's AI Enterprise software, creating a solution that enhances in-car interactions through increased intelligence and security. The system aims to provide both drivers and passengers with personalized,...",Yahoo,https://finnhub.io/api/news?id=ea3e7a4f2f732dd60322ae22695ecfbcf43bd8f6e9c5c8475b87eddd3510fd29
2025-04-25 06:35:16,NVDA,Mar Vista’s U.S. Quality Strategy Established a Position in NVIDIA (NVDA) Following a Pullback,"Mar Vista Investment Partners, LLC, an investment management company, released the “Mar Vista U.S. Quality Select Strategy” first quarter 2025 investor letter. A copy of the letter can be downloaded here. US stocks suffered their worst quarter in three years, with the steepest losses since 2022, due to tariff concerns and economic stagnation fears. In the […]",Yahoo,https://finnhub.io/api/news?id=88ad9334d8e7a34f0508975f77c8a33ce55e37c040cbfb30bae3ecb470f373f8
2025-04-25 06:15:00,NVDA,NZS Capital Q1 2025 Shareholder Letter,The NZS Growth Equity strategy had a gross return of -3.45% and net return of -3.61% for the first quarter.,SeekingAlpha,https://finnhub.io/api/news?id=68f36eaddc50cc61ff2ce3f56aa5bbee4e0e320d99f1b0ce1a1c9e28ff841989
2025-04-25 06:03:21,NVDA,Are Magnificent 7 stocks still worth the hype? Here's how readers voted,Mag 7 earnings kick off and investors will be keen to see if they are still magnificent.,Yahoo,https://finnhub.io/api/news?id=79d7138a0013bbcc374ff9cd6c2492b1978fc3c194c8ac0bad241c51d2c32361
2025-04-25 06:00:00,NVDA,2 Unstoppable Stocks Destined to Achieve a $1 Trillion Valuation,"The $1 trillion stock club has been getting a bit thinner amid the stock market sell-off, as a handful of companies have fallen out of this prestigious club.  Taiwan Semiconductor (NYSE: TSM) and Broadcom (NASDAQ: AVGO) are two companies that are destined to join the $1 trillion valuation club.  Broadcom and TSMC aren't that far away from joining the $1 trillion club, as Broadcom and TSMC are currently valued at around $800 billion and $770 billion, respectively.",Yahoo,https://finnhub.io/api/news?id=b28ca2be17cc692f2a858eac8a3db366f8fbd247a18e71b321f70d2e4c83804e
2025-04-25 05:43:53,NVDA,Nvidia: AI Floodgates Are About To Open,Nvidia will likely capture the largest percentage of the exponential compute demand. Read why I think the AI world is transitioning to full workflow automation.,SeekingAlpha,https://finnhub.io/api/news?id=178835a8dc0d2c107bb197e9698ea17de36182f6ffadd24a9a99e975264b542b
2025-04-25 05:20:00,NVDA,President Donald Trump Just Dealt a Jarring Blow to Nvidia. Can the Artificial Intelligence (AI) Chip King Recover and Reclaim Its Previous Highs?,"Things have gone from bad to worse this year for the artificial intelligence (AI) chip king Nvidia (NASDAQ: NVDA).  It all started with the emergence of DeepSeek, a Chinese start-up that used less advanced Nvidia chips to build a chatbot that could rival OpenAI's ChatGPT, supposedly at a fraction of the cost.  Then, Nvidia had to deal with the threat of tariffs since the company sources a lot of its chips from Taiwan.",Yahoo,https://finnhub.io/api/news?id=8f1da85a0d73c60d862db322f7d070a9334663fbe28aedce1855988b4e0f1ea6
2025-04-25 05:00:00,NVDA,Large cryptocurrencies mixed as Tronix falls,Large cryptocurrencies mixed as Tronix falls,MarketWatch,https://finnhub.io/api/news?id=1f82513718e5e03bc09aa1ac82945612591d877ebc4cb9b4a176122b6e3fd962
2025-04-25 04:50:38,NVDA,Nvidia's Stock Is Trading As If It's 2022 Again,"Nvidia Corporation's growth is fueled by AI investments, strategic U.S. manufacturing expansion, and partnerships. Click to read my NVDA stock update.",SeekingAlpha,https://finnhub.io/api/news?id=be9af401b7b0ed4f331f30d45dfa47ec78ff8ca413cfc44eb606a05bfe3092f6
2025-04-25 04:30:00,NVDA,IBM Is Back. Now It Must Prove Its Mettle in AI.,"“Big Blue” has clawed its way back into investor favor, but the company needs to show staying power in AI to cement its comeback.",Yahoo,https://finnhub.io/api/news?id=85d224251c98e316a4c3e08eb2fb93d6ff71ff82362cb86aa12ef34bac95c1b2
2025-04-25 03:57:00,NVDA,2 Vanguard ETFs That Have Crushed the Market This Year,"What started out looking like it might be a good year in 2025 with some early gains may end up being a nightmare for investors.  The S&P 500 was trading at elevated levels prior to this sell-off, and it has been highly vulnerable to how tech stocks perform, given how significant their positions are in the index.  A couple of top-performing Vanguard funds may offer some attractive options.",Yahoo,https://finnhub.io/api/news?id=1e8398c2e449b32b56b8b00c7639a9f54a7df41bf9efe43f90f554e6f074ca56
2025-04-25 03:44:00,NVDA,Wall Street Is Screaming to Buy Nvidia Stock Hand Over Fist Right Now. Should You Listen?,"Nvidia (NASDAQ: NVDA) is down roughly 30% below its previous high.  Since its initial public offering (IPO) in 1999, Nvidia's share price has plunged by that amount or more from its previous peak eight other times.  Importantly, Nvidia eventually rebounded strongly every time in the past after a steep sell-off.",Yahoo,https://finnhub.io/api/news?id=b2c630fcabacc04ee933e8f042609f8760ba6384aa6fa9d4d050bd7fa32778cd
2025-04-25 03:20:10,NVDA,Dow Jones Futures Fall Ahead Of Inflation Survey; Google Surges On Earnings,Dow Jones Futures Fall Ahead Of Inflation Survey; Google Surges On Earnings,DowJones,https://finnhub.io/api/news?id=9d262246bc78d4d114890e2a719ec7f8a5f2b4f774a81a18b27f21c14fd38fd2
2025-04-25 02:45:00,NVDA,"Tesla Stock vs. Nvidia Stock: The Best Buy Right Now, According to Wall Street","Tesla (NASDAQ: TSLA) and Nvidia (NASDAQ: NVDA) are the two of the most highly traded and widely discussed stocks on the market.  Dan Ives at Wedbush recently said they were two of the ""best disruptive technology companies in the world.""  Among the 56 analysts who follow Tesla, the median target price is $307 per share.",Yahoo,https://finnhub.io/api/news?id=bbc8ab7d14f915ce28c9de4ebe8fd332cd1042309686d9f5510f4b7c7a50c53f
2025-04-25 02:15:00,NVDA,1 Wall Street Analyst Thinks Nvidia Stock Is Going to $150. Is It a Buy?,"Chip export restrictions to China have been an overhang on Nvidia (NASDAQ: NVDA) shares.  Nvidia disclosed on April 15 it would take a $5.5 billion financial hit as a result of the U.S. government's licensing requirement for its H20 chip designed for the China market.  It's a hit in the near term, but long term, Nvidia has more opportunities to drive growth.",Yahoo,https://finnhub.io/api/news?id=3add79199b30766253db447c5389364162277486d280b9ec37e19fbc6e5c26b9
2025-04-25 01:30:36,NVDA,"NVDY: The Market Has Changed, So Has My Opinion (Upgrade)","YieldMax NVDA Option Income Strategy ETF has flaws, but evolving market conditions and structure adjustments improve appeal. See why NVDY is upgraded to hold.",SeekingAlpha,https://finnhub.io/api/news?id=76493291c5824a9a82ea54bcd047e71795027a840eb96b5b2cd54a80228aa6b5
2025-04-25 00:54:23,NVDA,China's Momenta Not Worried About US Chip Curb,"One Chinese self-driving system developer, Momenta Ai, works closely with Nvidia . Momenta's CEO told Bloomberg's Stephen Engle he wasn't worried about restrictions on chip supply....",Finnhub,https://finnhub.io/api/news?id=62c421180f1be74acc4e2e0dc8af71f8de8d187f6c2d7ae609035493333507ad
2025-04-25 00:38:00,NVDA,Intel Layoffs Can’t Solve the Chip Maker’s Issues. Why Wall Street Is Wary of the Stock.,Intel Layoffs Can’t Solve the Chip Maker’s Issues. Why Wall Street Is Wary of the Stock.,MarketWatch,https://finnhub.io/api/news?id=1452c10548e89a3546dd10b11d5d4ef87b11a3b70b622581a2ac715cd753ebc9
2025-04-24 19:17:45,NVDA,"Analysis-After years of failed AI deals, Intel plans homegrown challenge to Nvidia","(Reuters) -One of Intel's biggest missteps over the past decade was the failure to challenge Nvidia's dominance in the fast-growing market for artificial intelligence chips.  During his first earnings conference call with analysts as Intel's new CEO, Lip-Bu Tan outlined how Intel hopes to change that, but warned, ""This is not a quick fix.""  Tan said he would comb through Intel's existing products to sharpen them for emerging trends in the AI market such as robotics and agents that can carry out tasks for human users.",Yahoo,https://finnhub.io/api/news?id=a5283e9598c6b6dda82269769a36ff34425780ada41574765860a7721158aa61
2025-04-24 17:09:00,NVDA,"Intel Cuts Outlook, Says Layoffs Are in Store",The American chip-making giant’s stock fell after it said an overhaul is under way and that macro conditions would prove challenging.,Yahoo,https://finnhub.io/api/news?id=4521d5695b238086f291eb4f914ad02a6481fcb6a76c971ae94a5e01b4df8573
2025-04-24 16:33:20,NVDA,Is NVIDIA Corporation (NVDA) the Best Aggressive Growth Stock to Buy Now?,"We recently compiled a list of the 13 Best Aggressive Growth Stocks to Buy Now. In this article, we are going to take a look at where NVIDIA Corporation (NASDAQ:NVDA) stands against the other aggressive growth stocks. US stocks delivered a positive performance on Wednesday, April 23, after President Trump pointed out that he does […]",Yahoo,https://finnhub.io/api/news?id=5810ead1b3c2ce6aa3cc833cfa5d6071eb1061c3e055ab9a7c3433d1eb05070e
2025-04-24 15:57:17,NVDA,"Nvidia Supplier SK hynix Rides AI Boom With Big Q1, Steady HBM Outlook","Despite macro uncertainties, SK hynix reaffirms HBM sales strategy and expects strong growth in AI memory shipments",Yahoo,https://finnhub.io/api/news?id=832bc7fc3d75ada9f77a59d6be3f55441ec72dc0840eee7cd98b20893d1d0a5e
2025-04-24 15:18:42,NVDA,"Tech stocks climb as Nvidia, Amazon reject claims of AI buildout slowdown","Investing.com -- Shares of NVIDIA Corporation (NASDAQ:NVDA) and Amazon.com Inc (NASDAQ:AMZN) rose 3.2% and 3% respectively Thursday after executives from both companies pushed back on reports suggesting a slowdown in artificial intelligence infrastructure spending. Speaking at a conference reported on by CNBC, the companies said demand for compute power and data center capacity remains strong, directly addressing recent concerns from investors.",Yahoo,https://finnhub.io/api/news?id=7c2590587d46482f693bea6e76e41c19db66acc9bda154678f4f4deae6f768df
2025-04-24 15:11:00,NVDA,Why Broadcom Stock Soared Today,"Broadcom (NASDAQ: AVGO) stock rose 6.3% in Thursday's trading.  Investors were sunny on the stock after a supplier of memory chips published quarterly results that point to demand remaining strong for artificial intelligence (AI) hardware.  Before the market opened today, SK Hynix published its first-quarter results, and the information could be great news for Broadcom.",Yahoo,https://finnhub.io/api/news?id=855637b07d25ecbf13bd7e660af956807b11b104d2d8c305b640c4c74abd0665
2025-04-24 13:30:58,NVDA,"Alphabet Q1: Excellent Results, Strong Buy","Alphabet Inc. beat Q1 estimates with 12% revenue, 49% EPS growth. Google's new $70 billion share repurchase authorization is a key plus. Click for my GOOGL update.",SeekingAlpha,https://finnhub.io/api/news?id=229d1d725304464ee91e001d72aa0bf68684a1470ce075265821204aed7989b6
2025-04-24 12:43:53,NVDA,NVIDIA (NasdaqGS:NVDA) Powers Cerence's Next-Gen Automotive AI with MediaTek Partnership,"NVIDIA (NasdaqGS:NVDA) advanced 1.20% last week. The company remains in focus with the recent expansion of its partnership with Cerence Inc. to enhance automotive user experiences through new AI capabilities. This development coincides with the recent rally in the broader tech market led by chipmakers, as evidenced by gains in other semiconductor stocks like Broadcom. Overall, an optimistic atmosphere in the tech sector, propelled by strong earnings reports and positive market sentiment,...",Yahoo,https://finnhub.io/api/news?id=0955a3fa77d2da3b23f62c50d251289124f6ca380bb774597cd10f89f2e1e291
2025-04-24 11:44:28,NVDA,Josh Brown Explains Long-Term Threats to Nvidia (NVDA),"We recently published a list of 10 Stocks on Analysts’ Radar Amid Tariff Turbulence. In this article, we are going to take a look at where NVIDIA Corporation (NASDAQ:NVDA) stands against other stocks on analysts’ radar amid tariff turbulence. Dan Niles, Niles Investment Management founder, predicted in a CNBC program earlier this month that unlike […]",Yahoo,https://finnhub.io/api/news?id=7fb994a79567ef2af4c32e296992d349b46422d0d9a4f68487e811224fc85e1b
2025-04-24 11:39:46,NVDA,Hold Your Horses On Nvidia: Why Long-Term Risks Temper The AI Euphoria,Nvidia Corporation's soaring AI-driven growth faces export controls and valuation risks. Click here to find out why I rate NVDA stock a Hold.,SeekingAlpha,https://finnhub.io/api/news?id=22e234df0fa0da0439e248f3d4d9b3e9051a5f172c96afc9fdb6473ba50bcbfe
2025-04-24 11:31:59,NVDA,Dean of Valuation Damodaran on CoreWeave (CRWV): ‘Buzzwords’ AI and Nvidia ‘Aren’t Working Anymore’,"We recently published a list of 10 Stocks on Analysts’ Radar Amid Tariff Turbulence. In this article, we are going to take a look at where CoreWeave Inc (NASDAQ:CRWV) stands against other stocks on analysts’ radar amid tariff turbulence. Dan Niles, Niles Investment Management founder, predicted in a CNBC program earlier this month that unlike […]",Yahoo,https://finnhub.io/api/news?id=6d4aef18ee4760b12e0dd7bab4f91263f3ea9d1b79b22a0f91b091c699f4b5e6
2025-04-24 11:07:00,NVDA,This veteran investor is known for spotting winning stocks. Here’s why he’s all-in on Nvidia and Eli Lilly.,This veteran investor is known for spotting winning stocks. Here’s why he’s all-in on Nvidia and Eli Lilly.,MarketWatch,https://finnhub.io/api/news?id=d16ac7bae85c2258f323ffcd267ce17c0ee13084fddf9b475b73a1a0db63fd51
2025-04-24 10:34:00,NVDA,Should You Forget Nvidia and Buy These 2 Millionaire-Maker AI Stocks Instead?,"The market doesn't know what to make of Nvidia (NASDAQ: NVDA) stock right now.  Its shares are down 30% so far this year, and analysts are trimming their growth forecasts for the chipmaker as its valuation slides.  Nvidia stock is arguably a great buy following the market's early 2025 correction.",Yahoo,https://finnhub.io/api/news?id=1fad4a8b672f16522884808c3ce0088243d040d3c28a4a56807f145fd0adde6a
2025-04-24 10:25:00,NVDA,Nvidia Stock Climbs. It’s Headed for Its 3rd Straight Day of Gains.,Nvidia faces restrictions on exports to China but negotiations could reduce fears over sector-specific levies on imported semiconductors.,Yahoo,https://finnhub.io/api/news?id=da6ddd134387a6ab92e76b55136d65d72525eb39da365d250f89a9239d9de3b7
2025-04-24 09:42:00,NVDA,"Salesforce, Caterpillar share gains lead Dow's 480-point rally","Salesforce, Caterpillar share gains lead Dow's 480-point rally",MarketWatch,https://finnhub.io/api/news?id=c2bdec0145e581d759429f17a85688a0a63a304bf369d3ac0ed487c559eefd94
2025-04-24 09:33:00,NVDA,Nvidia could see an unexpected benefit from the trade war,Tariffs may not push this stock down as hard as other tech leaders.,Yahoo,https://finnhub.io/api/news?id=8b732f38658ba3b95b03ba9e323e4ba25cb3cb2035f69332a21d4e203c1d5050
2025-04-24 09:20:00,NVDA,Wall Street Lunch: Tesla The Story Of The Week,"Tesla's bad numbers, market response.Â Palantir taking over. IBM falling.",SeekingAlpha,https://finnhub.io/api/news?id=4b93bfc70a7f64e577e22c6a90067f6ad49e3daf2af387fb472f0033958bdc85
2025-04-24 09:16:15,NVDA,"A16z Unleashes $20 Billion AI Fund Fueled By 20,000 Nvidia GPUs As Marc Andreessen Bets Big On The Next Tech Superstars","Andreessen Horowitz is doubling down on artificial intelligence—literally. The Silicon Valley powerhouse, co-founded by Marc Andreessen and Ben Horowitz, is in early talks to raise a massive $20 billion fund, making it the largest in the firm's history. If successful, it would be one of the biggest AI-focused funds ever, second only to SoftBank's Vision Funds. A $20 Billion Play For AI Dominance Reuters reported that the firm, commonly referred to as a16z, is pitching the fund to global investor",Yahoo,https://finnhub.io/api/news?id=146007b896df9269d0b5f3c53478736d39687cf7615d1bc1278abadcce233011
2025-04-24 09:05:22,NVDA,Nvidia Heads Higher But Watch Out For This Retest; Is Nvidia A Buy Now?,"Nvidia headed higher on Thursday, on track for a three-day winning streak, after President Trump said that tariffs on China would be substantially lower.  Does that mean Nvidia stock is a buy now?  On Monday, reports said China's Huawei Technologies is planning mass shipments of its 910C artificial intelligence chip which equals the capabilities of Nvidia's older H100 chip next month.",Yahoo,https://finnhub.io/api/news?id=2b9743c61b0e3b103aded493a4fde55fe31529bbdd07b2ebd54146b993f512e5
2025-04-24 09:04:13,NVDA,NVIDIA Corporation (NVDA): Among Louis Navellier’s Stock Picks with Huge Upside Potential,"We recently published a list of Louis Navellier’s 10 Stock Picks with Huge Upside Potential. In this article, we are going to take a look at where NVIDIA Corporation (NASDAQ:NVDA) stands against other Louis Navellier’s stock picks with huge upside potential. Navellier & Associates is an independent money management firm founded in 1987 by renowned stock […]",Yahoo,https://finnhub.io/api/news?id=c07a58e7237d01eab955ac69c06ee0cf832853fafd608236d1800b5a44a984e8
2025-04-24 08:45:00,NVDA,Is IonQ Stock a Buy?,"Now, we have a new theme emerging: quantum computing.  Stocks such as IonQ (NYSE: IONQ) have soared in recent quarters due to the enormous potential of this technology, which could bring a genuinely new type of computer to market for the first time in close to a century.  Investing in cutting-edge technology can be worthwhile.",Yahoo,https://finnhub.io/api/news?id=6f897a76e0f2ed40f573e7d00138ce2008996ca7805f2001c86303ad0b49e0fd
2025-04-24 07:34:00,NVDA,"Zacks Investment Ideas feature highlights: Alphabet, NVIDIA and CrowdStrike","Alphabet, NVIDIA and CrowdStrike are part of the Zacks Investment Ideas article.",Yahoo,https://finnhub.io/api/news?id=51e7ed88aa0713ff69095f09b342a129bea9b16e5a312123e563bda3e622fc79
2025-04-24 07:30:00,NVDA,"Dow's 379-point rally highlighted by gains for Salesforce, Caterpillar shares","Dow's 379-point rally highlighted by gains for Salesforce, Caterpillar shares",MarketWatch,https://finnhub.io/api/news?id=6c4592a229ba8bb6b141b0a1a7415df6b386470b3bb53cd695a0b64d7a38b376
2025-04-24 06:52:04,NVDA,Norway’s $1.7 Trillion Fund to Keep Buying US Stocks After Loss,"(Bloomberg) -- Norway’s $1.7 trillion sovereign wealth fund reported its biggest loss in six quarters in what was a roller-coaster period for markets globally, with the decline largely caused by a drop in the value of technology companies.Most Read from BloombergTrump Gives New York ‘One Last Chance’ to End Congestion FeeWhy Car YouTuber Matt Farah Is Fighting for Walkable CitiesBackyard Micro-Flats Aim to Ease South Africa’s Housing CrisisThe Racial Wealth Gap Is Not Just About MoneyTo Fuel Aff",Yahoo,https://finnhub.io/api/news?id=4104962883d5f139a085db121ee7d9d507a6b54ffe930322bf8185f7774c26a3
2025-04-24 06:51:00,NVDA,Nvidia Stock Drops. What’s Behind the Weakness.,Nvidia faces restrictions on exports to China but negotiations could reduce fears over sector-specific levies on imported semiconductors.,Yahoo,https://finnhub.io/api/news?id=617396912cc7fb1630a8a1e40e785b0e18a48f7c54eeb512fd8635b503ccb8ec
2025-04-24 06:33:00,NVDA,Prediction: The Trade Desk Will Beat the Market. Here's Why.,The Trade Desk's stock has tumbled 65% in five months. Here's why it's still a compelling long-term investment.,Yahoo,https://finnhub.io/api/news?id=1d3a4ca8e8152c364e6da70f972770ea40094c68062c2909569ae61f862fb9ff
2025-04-24 06:20:00,NVDA,"Dow's 269-point rally highlighted by gains for Salesforce, Caterpillar stocks","Dow's 269-point rally highlighted by gains for Salesforce, Caterpillar stocks",MarketWatch,https://finnhub.io/api/news?id=c55f40e10a6b188de0f5f44a2929fd72b46fe9a272f9e38154898396abdda6d3
2025-04-24 06:15:00,NVDA,Nasdaq Bear Market: Is AMD or Nvidia the Best Buy Now?,"Nvidia (NASDAQ: NVDA) and AMD (NASDAQ: AMD) are two of the biggest providers of artificial intelligence (AI) computing hardware, but Nvidia is much larger and more successful than AMD in this regard.  Nvidia's CEO and co-founder, Jensen Huang, invented the GPU in 1999, and AMD also makes GPUs.  This makes them ideal for workloads that need intense computing power, like AI.",Yahoo,https://finnhub.io/api/news?id=c46e25889e3eccb5a7efb56949fbf271e06294024c064e8321d380527b59871f
2025-04-24 06:01:00,NVDA,These Were the 3 Worst-Performing Stocks in the Dow Jones Industrial Average in March 2025,"The Dow Jones Industrial Average (DJINDICES: ^DJI) index started to crack in March, falling 4.2%, with 73% of its 30 blue chip stocks ending the month in the red.  Nike (NYSE: NKE), Walt Disney (NYSE: DIS), and Nvidia (NASDAQ: NVDA) were the worst-performing Dow stocks in March, and they've fallen further this month.  Nike stock plunged 20.1% to multiyear lows in March after reporting a 9%  and 30% drop in revenue and earnings per share (EPS), respectively, for its 2025 fiscal third quarter, which ended Feb. 28, 2025.",Yahoo,https://finnhub.io/api/news?id=6a76118fcca3b981412352099b092d058e8eef0ea7aa4af959dd6a110a671787
2025-04-24 06:00:27,NVDA,Why Nvidia's Real Story Is Mispriced,"On conservative estimates, Nvidia is reasonably priced at its current levels at $100 with steady growth. Read why I rate NVDA stock a Strong Buy now.",SeekingAlpha,https://finnhub.io/api/news?id=b835518c57db5eed9f85330f566173cf86562477130edddea267a916a8bf9937
2025-04-24 05:59:58,NVDA,Why the stock market's problem isn't only about tariffs,Why the stock market's problem isn't only about tariffs,MarketWatch,https://finnhub.io/api/news?id=84732cbbdae77e080631addb6012bf00dd849a4d7ede172f6ceb442a0df1a4fb
2025-04-24 05:59:00,NVDA,"BAI: Not An Encouraging Start For An AI Portfolio, But Still Very Much A Buy","BAI charges a 0.55% net ER and focuses on key AI players like Nvidia, Microsoft, Meta, and Amazon. See why I rate the fund a buy.",SeekingAlpha,https://finnhub.io/api/news?id=1fa787c77de64df920fd54a5dc06deb5c3002273bee8c94aa3c8cad72cddf3dd
2025-04-24 05:50:00,NVDA,Micron Stock Is Rising. How Earnings From a Rival Are Helping.,Micron Stock Is Rising. How Earnings From a Rival Are Helping.,MarketWatch,https://finnhub.io/api/news?id=f3e032e4bf93e726236e3034f507e715cc6cbd657b43ab0ea6ae9d9d4bb4667f
2025-04-24 05:45:00,NVDA,1 No-Brainer Vanguard ETF to Buy Right Now,"Market turbulence has defined 2025's investment landscape as political brinkmanship over trade policy sent stocks on a wild ride.  The initial shock of President Trump's aggressive tariff announcements triggered widespread selling, particularly in growth-oriented sectors with global supply chains and international revenue exposure.  With many premier growth companies still trading well below their recent highs despite improving fundamentals, the current market environment favors those willing to look beyond short-term volatility.",Yahoo,https://finnhub.io/api/news?id=b8cf05e87481b50a5e829646d12c975052dc3aacbdd7957c2051d2f360c8b9dc
2025-04-24 05:19:00,NVDA,"Dow's 100-point rally led by gains for Salesforce, Walt Disney stocks","Dow's 100-point rally led by gains for Salesforce, Walt Disney stocks",MarketWatch,https://finnhub.io/api/news?id=64c5465169bc868b324be933780e086b19b297888b00295d3823c7a751490921
2025-04-24 05:16:39,NVDA,Nvidia's Recent Troubles Should Be Absorbed By The Big Picture (Upgrade),"Nvidia Corporation's growth potential shines despite challenges. Click for how tariffs, nearshoring, new GPUs, and AI reduce NVDA stock risks and boost revenues.",SeekingAlpha,https://finnhub.io/api/news?id=b82f76171ee6c4749dbdb05e6b519f46d10551fd44675d5d9f4a35fcaa34c7a7
2025-04-24 05:12:00,NVDA,AWS Just Delivered Great News for Nvidia Shareholders,"Nvidia (NASDAQ: NVDA) has faced its share of negative news in recent weeks, from a halt on its exports to China to uncertainty about tariffs on imports into the U.S. of its chips.  Nvidia, after soaring 800% over the past two years, has slipped 26% since the start of the year.  The U.S. recently informed Nvidia that it would need a license to continue selling its chips to China -- meaning the company can't fulfill current orders, and the company said it would take a $5.5 billion charge.",Yahoo,https://finnhub.io/api/news?id=483736b7f88767c5272b79b79e73aad02da4b823b95ad9133e7b7db979c9c4b0
2025-04-24 05:10:00,NVDA,"Microsoft Just Showed the Future of AI, and It's Great News for Intel and AMD","The most powerful generative AI models from the likes of OpenAI, Alphabet, and Anthropic require costly and power-hungry AI accelerators stuffed into data centers to produce results.  AI models from Chinese start-up DeepSeek released earlier this year turned some assumptions about the AI infrastructure market on their heads.  The assumption that AI models would require ever-increasing quantities of computational horsepower, the foundation of the bull case for Nvidia stock, started to look a lot less like a sure thing.",Yahoo,https://finnhub.io/api/news?id=9b4d41e27bfe41122c4fa5fb652a30b614a142d89f13c4542281e3b15a619947
2025-03-31 17:03:00,NVDA,Hedge fund short positions point to the end of Magnificent 7 era,Investment strategy may be on the verge of a major shift.,Yahoo,https://finnhub.io/api/news?id=0fda36b59de7619ac14e1429b9feb36c7ec3e18dc641c9c7fc62b5e4ac3b3fec
2025-03-31 16:39:43,NVDA,Dow Jones Futures Fall: Stock Market Recovery Ahead Of Imminent Trump Tariffs,Dow Jones Futures Fall: Stock Market Recovery Ahead Of Imminent Trump Tariffs,DowJones,https://finnhub.io/api/news?id=251c6f6e7fc7a866ad34617ac0e861f6366f4b25064348f4f875b1c288871f2e
2025-03-31 16:38:40,NVDA,CoreWeave: I See Massive Growth Ahead Amid Market Under-Appreciation,,SeekingAlpha,https://finnhub.io/api/news?id=97fed14b3069fb716c19e6b8366da4d72d472f3a57b4ade70b310ff816370668
2025-03-31 15:45:39,NVDA,NVIDIA Corporation (NVDA): The Best Stock to Buy and Hold for 2 Years,"We recently published a list of 10 Best Stocks to Buy and Hold For 2 Years. In this article, we are going to take a look at where NVIDIA Corporation (NASDAQ:NVDA) stands against other best stocks to buy and hold for 2 years. Will The Tech Stocks Continue to Rally? On March 27, CNBC reported […]",Yahoo,https://finnhub.io/api/news?id=fa2ec78e0610c0b55707634040c34da44c7ad82c2d4c3d78016bdc75009cd1c3
2025-03-31 15:34:00,NVDA,"These Stocks Moved the Most Today: Tesla, CoreWeave, Nvidia, Palantir, Moderna, Boeing, and More","Tesla slumps ahead of the release of first-quarter deliveries later this week, and big tech stocks such as Nvidia and Palantir tumble on the last trading day of the quarter.",Yahoo,https://finnhub.io/api/news?id=1a4538cbe817d07d22b88d5f400283d40d9f925b64d1d0e87f780af85e4de624
2025-03-31 15:16:04,NVDA,"Amazon, Nvidia, Microsoft, Tesla under pressure amid sell-off","Several ""Magnificent Seven"" stocks are facing pressure, including Amazon (AMZN), Nvidia (NVDA), Microsoft (MSFT), and Tesla (TSLA), amid a sell-off in the market. Market Domination host Josh Lipton and Wall Street Horizon head of corporate event research Christine Short discuss the stock moves and shifts in investor sentiment. To watch more expert insights and analysis on the latest market action, check out more Market Domination here.",Yahoo,https://finnhub.io/api/news?id=b6f694bf1971a57a35de2267c91d3f34f98609a4ddd75ecb60f16ce19179e194
2025-03-31 14:37:50,NVDA,Nvidia Stock Keeps Heading Lower. Is It Time to Buy?,"Nvidia (NASDAQ: NVDA) shares fell on Monday as the artificial intelligence (AI) chip leader continues to show sensitivity to the broader market pullback.  Semiconductor stocks like Nvidia are known for being cyclical, so it's understandable that the stock would fall on the general stock market concerns, which include weakening consumer sentiment, stubborn inflation, intensifying tariffs, and other issues.  The news today that seemed to drive the market down was President Trump's reaffirming of ""Liberation Day"" or a new round of reciprocal tariffs that are set to go into effect on Wednesday.",Yahoo,https://finnhub.io/api/news?id=7e44a452f9df163cacaab62d6e215eeab9ad8da9ae9519cd5b20c272242fe514
2025-03-31 14:29:00,NVDA,Does CoreWeave's disappointing IPO signal an AI bubble?,New Jersey-based AI and cloud computing company CoreWeave made its market debut on Friday to little applause.,Yahoo,https://finnhub.io/api/news?id=d4defc2ee41f2ca67254ac8417a4c4d2424f6b8a472b2b873662326a89fc8c8e
2025-03-31 14:00:32,NVDA,AMD Just Made Its Boldest Move Yet to Beat Nvidia in the AI Race,"A $4.9B acquisition, 1,000 engineers, and a shot at dominating the next era of AI data centers",Yahoo,https://finnhub.io/api/news?id=c3263fc9ec71730b2a9571975b85295f1736d55bd008d498d79bfc13f396ca7b
2025-03-31 13:08:16,NVDA,"Veteran Investor Is Bullish on NVDA, MSFT, and META","Calling the recent pullback of tech names in general and AI stocks in particular “a huge multiyear buying opportunity,” Ivan Feinseth, Chief Investment Officer of Tigress Financial, is very enthusiastic about AI. He is bullish on Nvidia (NVDA), Microsoft (MSFT), Meta (META), and Oklo (OKLO). Feinseth Identifies “Key AI Plays” “People have said that (AI) […]",Yahoo,https://finnhub.io/api/news?id=4f09a105bc993cc8d172b086549baf36ad5c237443b6eca9c5f9c9b2ab8563c8
2025-03-31 13:02:53,NVDA,Is NVIDIA Corporation (NVDA) the Debt Free Halal Stock to Invest in Right Now?,"We recently published a list of 10 Debt Free Halal Stocks to Invest in Right Now. In this article, we are going to take a look at where NVIDIA Corporation (NASDAQ:NVDA) stands against other debt free halal stocks to invest in right now. Debt-Free Halal Stocks to Invest in Amid High Interest Rates The current […]",Yahoo,https://finnhub.io/api/news?id=40c8ea785094ec7e20dd1cdf2c6651772bcfa6a37647a045af89537fd50fa2c3
2025-03-31 12:47:00,NVDA,Intel’s New CEO Says Turnaround ‘Won’t Be Easy’,Intel’s New CEO Says Turnaround ‘Won’t Be Easy’,MarketWatch,https://finnhub.io/api/news?id=76454c6d529554045b42d95ab5f3cd8729796299ac2bde47c3cb4f0ca28b3984
2025-03-31 12:40:49,NVDA,"Arbe Robotics: Decent Radar Credentials, But Not In Vogue","Arbe Robotics has experienced a volatile Q1-25, but has ended up faring a lot worse than other micro-caps. Learn more about ARBE stock here.",SeekingAlpha,https://finnhub.io/api/news?id=90132089a13008c6b2b31bcab8172280e25b3cd556a8312c2556f092c7f7bcf4
2025-03-31 12:28:59,NVDA,Investment adviser: 3 signs you're receiving trustworthy trading advice,Red Panda Stock Club founder Ian Dunlap has some suggestions for those trying to decipher exactly who to trust in a landscape where many claim to be experts.,Yahoo,https://finnhub.io/api/news?id=6576d8141044934c90f4d54e76d338d4a11dc9683120638afee9e9777f5532d3
2025-03-31 12:24:13,NVDA,Why Nvidia (NVDA) Stock Is Trading Lower Today,"Shares of leading designer of graphics chips Nvidia (NASDAQ:NVDA) fell 5.2% in the morning session after anxiety and uncertainty rattled markets as the major stock indices pulled back in the morning session amid concerns about ""reciprocal tariffs"" to be announced later in the week. The planned tariffs, scheduled for April 2, 2025 (dubbed Liberation Day), were targeted at all countries where the United States had a trade deficit.",Yahoo,https://finnhub.io/api/news?id=015d52bf9dbd6963e274dc6e89e503841cefde4259eff55d8ec6dda292f8f7fe
2025-03-31 12:23:27,NVDA,NVIDIA (NasdaqGS:NVDA) Partners With Quantum Machines For AI-Quantum Computing Breakthrough,"During the recent GTC global AI conference, Quantum Machines announced its partnership with NVIDIA (NasdaqGS:NVDA) to collaborate on advancements in quantum computing, which marked a significant development for the company. Despite this positive news, NVIDIA experienced a 10% price decline over the week. This downturn coincided with broader market challenges, including looming tariff implementations and a selloff in tech stocks, with the Nasdaq and S&P 500 experiencing their largest monthly...",Yahoo,https://finnhub.io/api/news?id=6d73cba70dfcfb398e11850a55e0ffd0135cd99e02f65a662e8341ce364695ff
2025-03-31 12:17:00,NVDA,Conservative News Channel Newsmax Skyrockets More Than 700% in IPO,Conservative News Channel Newsmax Skyrockets More Than 700% in IPO,MarketWatch,https://finnhub.io/api/news?id=8aa095a764732e0e4cc871de28127e10c916e754ce9a65b70d8d6f809fba3102
2025-03-31 12:07:00,NVDA,Nvidia’s stock hasn’t had a month this bad since the last big crypto crash,Nvidia’s stock hasn’t had a month this bad since the last big crypto crash,MarketWatch,https://finnhub.io/api/news?id=6bafb19c59aae5167216877bff3f841160c46884bf2ea3e3075e9be226b95305
2025-03-31 12:00:19,NVDA,Nvidia To Invest Billions In U.S. Supply Chain As Tech Companies Commit To Trump's Onshoring Pledge,"Leading artificial intelligence chip maker Nvidia (NASDAQ:NVDA) plans to invest hundreds of billions of dollars in the U.S. supply chain over the next four years. CEO Jensen Huang told the Financial Times that the increased U.S. production was being made possible thanks to suppliers such as the Taiwan Semiconductor Manufacturing Company (NASDAQ:TSM) and Foxconn (NASDAQ:FXCOF). “Overall, we will procure, over the course of the next four years, probably half a trillion dollars worth of electronics",Yahoo,https://finnhub.io/api/news?id=64303fee0da6b446fdc6046dd4f1298cc9d63b44aff94c0b5a796f81e309e4e3
2025-03-31 11:48:00,NVDA,Nvidia Stock Drops. 2 Reasons Shares Can’t Break Out of Their Funk.,"There’s growing concern that artificial-intelligence hype is overblown, and that an economic downturn may be coming.",Yahoo,https://finnhub.io/api/news?id=d0f05b62bc5b17ff23fd62a5f26873ac374b93eb05511fce0db85cce74422e3d
2025-03-31 11:06:54,NVDA,Why Nvidia Stock Is Sinking Today,"Nvidia (NASDAQ: NVDA) stock is getting hit with another round of sell-offs in Monday's trading.  The artificial intelligence (AI) hardware leader's share price was down 4.2% as of 11:45 a.m. ET.  Meanwhile, the S&P 500 and the Nasdaq Composite were down 0.5% and 1.4%, respectively.",Yahoo,https://finnhub.io/api/news?id=16d08fef4bee40d0662621c22a3b849b0cd7d4ea0d6f7bc67abeea31806c2edc
2025-03-31 11:05:00,NVDA,Magnificent 7 stocks slide as Trump tariff fears rattle markets again,"The market’s highest-performing tech stocks, the Magnificent 7, mostly slid on Monday amid worries over President Donald Trump’s tariffs.",Yahoo,https://finnhub.io/api/news?id=f9e57ffdc1978aa8608640ff41554ccf238cf9b6f316bbbde730f21797d725c1
2025-03-31 11:03:39,NVDA,AMD CEO Lisa Su: Trump tariffs could have 'short term' impact on chips,AMD CEO Lisa Su sends a mild warning on the impact of tariffs on semiconductors.,Yahoo,https://finnhub.io/api/news?id=a6b194083dc5ee5da70ac5d3130792e61fd6d6a2f45b2a0316cc63f771249f57
2025-03-31 11:01:24,NVDA,"Top Stock Movers Now: Tesla, Nvidia, Moderna, and More",The S&P 500 and Nasdaq lost ground at midday as the Trump administration's reciprocal tariffs are set to kick in this week.,Yahoo,https://finnhub.io/api/news?id=83ccae2fbcbd5e3f4ada144156ea7d417f2178486626891d1548bcff1a0b001b
2025-03-31 10:58:15,NVDA,"Is The Correction Over, Or Is There More To Come?",,SeekingAlpha,https://finnhub.io/api/news?id=9effe8d6c5d62a99390023a0526f8bf4718673c142673cc57a4775a82ecfb109
2025-03-31 10:36:20,NVDA,Why Nvidia-Backed CoreWeave Stock Is Plunging a Day After Its IPO,"The much-anticipated initial public offering (IPO) of CoreWeave (NASDAQ: CRWV) came Friday.  AI leader Nvidia purchased $250 million at the IPO price according to reports, but that investment is now underwater.  The cloud company went heavily into debt to build its massive scale of Nvidia GPU chips.",Yahoo,https://finnhub.io/api/news?id=4f729e95435b1468a94f35fa6a3b5d82f775f87499ce24aefd3ed8680a6cd294
2025-03-31 10:29:36,NVDA,NVIDIA Corporation (NVDA): Among Billionaire Ken Fisher’s Top Growth Stock Picks,"We recently published a list of Billionaire Ken Fisher’s Top 13 Growth Stock Picks. In this article, we are going to take a look at where NVIDIA Corporation (NASDAQ:NVDA) stands against other billionaire Ken Fisher’s top growth stock picks. “Who am I to tell you anything, much less anything that counts? Or that there are […]",Yahoo,https://finnhub.io/api/news?id=4d96e7cc7365b26ba293db8911eccab174595c665d4c65a3b93d44d28f495e37
2025-03-31 10:26:31,NVDA,"Nvidia, Tesla, CoreWeave: Market Minute","Madison Mills breaks down the top stories on Monday morning on this segment of Market Minute, including Nvidia's (NVDA) and Tesla's (TSLA) declines and CoreWeave's (CRWV) sharp losses on its first full trading day. Stay up to date on the latest market action, minute-by-minute, with Yahoo Finance's Market Minute.",Yahoo,https://finnhub.io/api/news?id=912afa2f26ce242be9c44e497534f47bbaf40054d7f5e0f8bfb4d8e13c629167
2025-03-31 10:16:46,NVDA,AMD CEO Lisa Su to Yahoo Finance: Demand for AI infrastructure is 'immense',AMD CEO Lisa Su pushes back on the AI slowdown narrative.,Yahoo,https://finnhub.io/api/news?id=70f6ce121118355da5a1279e7bfe8fa71e439a053ded0f805578d85aed9de689
2025-03-31 10:16:22,NVDA,Nvidia Dives With More Trump Tariffs Due; Is Nvidia A Sell Now?,"Nvidia started the week with a poor start and tumbled by 5%. President Donald Trump's reciprocal tariffs will fall on Tuesday.  Is Nvidia stock a sell now? A week ago, Nvidia shares rose amid news that tariffs on the semiconductor sector may not land on April 2 — the day that Trump was scheduled to announce reciprocal duties on imported goods.",Yahoo,https://finnhub.io/api/news?id=eaf57de31db31348797ad26b2add75f1765be0f1d040742124b58f93826a55ae
2025-03-31 10:16:19,NVDA,CoreWeave Stock Drops In Second Day of Trading,CoreWeave's life as a publicly traded company is off to a rough start.,Yahoo,https://finnhub.io/api/news?id=fce16f7ea26970feafbe0add6129d1703e7eed9d97ee371e7314e0a954befe49
2025-03-31 10:15:00,NVDA,Impax Large Cap Fund Q4 2024 Commentary,Impax Large Cap Fundâs equities posted marginally positive returns during a fourth quarter that was dominated by the US presidential elections and its ramifications.,SeekingAlpha,https://finnhub.io/api/news?id=c5531f17422a6401f59acc6302304402e52d4dc79b32cbc854a79429a6bcacc1
2025-03-31 10:06:00,NVDA,Wall Street Lunch: Goldman Gets Gun-Shy,Goldman Sachs has cut its S&P 500 target for the second time this month as its economists raised their projection of a U.S. recession to 35%.,SeekingAlpha,https://finnhub.io/api/news?id=e92a43e26322a7ec3b975f09eea1c32513789248ddc55a3769aa5ea3ff54aff8
2025-03-31 10:03:00,NVDA,Cognizant Grows Through Expanding Clientele & Strong Partnerships,"CTSH's expanding client base, AI advancements and key partnerships position it for strong growth in 2025.",Yahoo,https://finnhub.io/api/news?id=dff00a09d770d2187f92ee8627060f5b422855cb70bf13f5b35195e3c0f26f74
2025-03-31 10:02:49,NVDA,Two Veteran Investors Take Different Views on Nvidia’s (NVDA) Outlook,"Two longtime professional investors presented bullish and bearish aspects of Nvidia’s (NVDA) outlook on CNBC recently. Jim Lebenthal called the company’s fundamentals strong and suggested that its valuation was attractive, while Josh Brown indicated that the demand for the company’s products could slide significantly over the longer term. Lebenthal’s Bullish Call A partner at Verity […]",Yahoo,https://finnhub.io/api/news?id=cd526aa94ec72f6998e1e64ef9c6b9b3c8ce0bf6fcab09fb17adfd25626be3fd
2025-03-31 09:57:00,NVDA,Meta Stock Slumps the Least in a Bad Quarter for the Mag 7. Tesla Is Set to See Its Worst First Quarter Ever.,Meta Stock Slumps the Least in a Bad Quarter for the Mag 7. Tesla Is Set to See Its Worst First Quarter Ever.,MarketWatch,https://finnhub.io/api/news?id=5cc5fc45c2263f9b94d4ecbae9b08b3a5653e797eeff41d9aa1c1f621333e696
2025-03-31 09:47:38,NVDA,"CoreWeave IPO falls 8% on second day, despite NVIDIA lifeline","Investing.com -- Monday saw CoreWeave, a provider of AI cloud services, experience a decline in its stock price on its second day as a public company. The stock was last down 8% to $36.90 after a lackluster initial public offering (IPO) last Friday. The company's shares, which were priced at $40 during the IPO, opened at $39 on Friday and ended the day at the same level, $40.",Yahoo,https://finnhub.io/api/news?id=771a3765988de054d168aff514318f2f2d819a35ceb1b127038c75211b46c66d
2025-03-31 09:30:00,NVDA,Marvell Technology Expands Portfolio With PCIe Gen 6 Over Optics,MRVL expands its portfolio with industry's first PCIe Gen 6 Over Optics developed in collaboration with TeraHop.,Yahoo,https://finnhub.io/api/news?id=178a7f7ccdc28d8c927336962f4f0992a8ba73e1acaa96da43d3f70ccf64e974
2025-03-31 07:47:41,NVDA,Nvidia stock drops as tech leads markets lower after Trump backs broader reciprocal tariffs,"Nvidia stock fell more than 4% premarket Monday, after US President Donald Trump said he won’t be granting any countries softer treatment when it comes to reciprocal tariffs.",Yahoo,https://finnhub.io/api/news?id=e5cd532f3edede20eaebc4a83764fea8c9c3a69b5fe4b0b2a5f7d4080e97bbe5
2025-03-31 07:47:36,NVDA,Why stock market sell-off may not be done yet,"The near-term direction for the stock market could still be lower despite renewed selling pressure, experts warn.",Yahoo,https://finnhub.io/api/news?id=cd0a47350d62d6c9e289aeffb53b89b557f9436c042e5cd5e21b94ba855a1f95
2025-03-31 07:45:00,NVDA,Prediction: Buying This Artificial Intelligence (AI) Stock Will Set You Up for Life (And It's Not Palantir),"Palantir Technologies stock has been on a monster run since going public in 2020, with shares up close to 1,000%.  One of my top choices is Taiwan Semiconductor Manufacturing (NYSE: TSM).  Known simply as TSMC, the manufacturer of computer chips can help set investors up for life who buy today.",Yahoo,https://finnhub.io/api/news?id=ba23bec70af1960906f8688529ed529dc69d61a6d61b6aa5fd1f18157e1ac2af
2025-03-31 07:05:00,NVDA,TSMC Expects $2 Trillion of Products to Use Its Next Chip Technology Within 5 Years,TSMC Expects $2 Trillion of Products to Use Its Next Chip Technology Within 5 Years,MarketWatch,https://finnhub.io/api/news?id=baf5af6b29a558ab85c26f5fc198c90fa55405dd9ade5a08a7cae367612051cc
2025-03-31 06:36:06,NVDA,ARKQ Is What Mag 7 Was Meant To Be,,SeekingAlpha,https://finnhub.io/api/news?id=42eb8ad2ca7d0eb5eb6a498e8206dc51d625efbc34c4c66b6761f8bd59e16e1b
2025-03-31 06:17:02,NVDA,Is CoreWeave The Canary In The AI Coal Mine?,"CoreWeave, Inc.'s IPO highlights waning AI hype and market risks like NVIDIA reliance and high cash burn. Click here to read more on the new CRWV stock issue.",SeekingAlpha,https://finnhub.io/api/news?id=c185e0b7c0d38a66440fffd0e0807db5428c9042fcc2d6406eeffb0080912957
2025-03-31 06:15:00,NVDA,PGIM Jennison Global Opportunities Fund Q4 2024 Commentary,"The PGIM Jennison Global Opportunities Fund returned -0.6%, holding up slightly better than the MSCI ACWI Index. Click here to read the full commentary. ",SeekingAlpha,https://finnhub.io/api/news?id=4e3ccc7be59fb7d5a1ce2d2968438f82e1cc05399ebdc5fbccad36a50cfe99f3
2025-03-31 06:07:13,NVDA,AI Chips Today - Alchip Advances With Record 2024 AI Chip Performance,"Alchip Technologies reported record-breaking financial results for 2024, driven by strong demand for their advanced 7nm AI chips, particularly in North America. AI chip applications constituted a substantial portion of their revenue, highlighting the growing reliance on high-performance computing and AI-specific ASICs. The company saw significant increases across all key financial metrics, including revenue, operating income, net income, and earnings per share. Such developments underscore...",Yahoo,https://finnhub.io/api/news?id=b559d67451a3bbf129ea0a3e2be8c3fc91596f1a864f32ecf8f2a21ea509b028
2025-03-31 06:05:47,NVDA,Quantum Computing Stocks: D-Wave Touts AI Synergies At Conference,"While quantum computing stocks have been on a roller-coaster ride, D-Wave has done better than its peers. D-Wave hosted a conference on Monday.",Yahoo,https://finnhub.io/api/news?id=bf6f8981e75be2ecf0bcdf64e58ea1a50961aae3009600aac36886b78e39a1fc
2025-03-31 06:00:00,NVDA,3 No-Brainer Stocks That Could Rebound Strongly in April,"In particular, many tech stocks are even further off their highs than the broader market.  Three stocks that I think will rebound strongly in April are Nvidia (NASDAQ: NVDA), Taiwan Semiconductor Manufacturing (NYSE: TSM), and ASML (NASDAQ: ASML).  Although we won't have financial results from these three until late April or May, Taiwan Semiconductor (also known as TSMC) gives investors monthly updates on its revenue.",Yahoo,https://finnhub.io/api/news?id=0b656d5a40cd3cfa5753496db89a7a59bbca043f309a3077e3e81dc3b2d1eb35
2025-03-31 05:53:00,NVDA,"Nvidia Stock Dives. Trump, Coreweave IPO Cast Shadow Over AI.","There's growing concern that artificial intelligence hype is overblown, and that an economic downturn may be coming.",Yahoo,https://finnhub.io/api/news?id=4c1d55163f21e69e543d0b79fb79fc64c6368e35e7ed74b9c33c99881bab6980
2025-03-31 05:27:06,NVDA,"Trending tickers: Nvidia, Tesla, TSMC, Aston Martin and Associated British Foods",The latest investor updates on stocks that are trending on Monday.,Yahoo,https://finnhub.io/api/news?id=ff5c2844288794cb8bebf085b9952657883a15d27e078059af9b856e6425b423
2025-03-31 05:22:00,NVDA,"These Stocks Are Moving the Most Today: Tesla, Ford, CoreWeave, Nvidia, Palantir, LPL Financial, and More","Tesla slumps ahead of the release of first-quarter deliveries later this week, and top tech stocks such as Nvidia and Palantir tumble on the last trading day of the quarter.",Yahoo,https://finnhub.io/api/news?id=28df1a67cfc7ccdf13a6be450003a37ab5b20cee54316ce6ddc89781154dcc2a
2025-03-31 05:03:43,NVDA,Trump tariffs will bring inflation and a higher chance of a recession: Goldman,"Goldman Sachs sounds the alarm bell on the economy ahead of President Trump's ""Liberation Day.""",Yahoo,https://finnhub.io/api/news?id=7a1b2f661b72d410739696f3862aba566861ed858a2459da7f93f1334a8b6b2b
2025-03-31 05:02:00,NVDA,Hartford Large Cap Growth ETF Q4 2024 Commentary,The Hartford Large Cap Growth ETF outperformed the Russell 1000 Growth Index during the quarter. Read more here.,SeekingAlpha,https://finnhub.io/api/news?id=bf78413d48a567a0da9ddb002836cce45043b5ae2b518a354a64f1e316b804b7
2025-03-31 05:00:30,NVDA,How Trump tariffs would push Big Tech's AI data center costs higher,"Big Tech is set to spend hundreds of billions of dollars in capital expenditures and investments this year, much of which will be directed toward building giant data centers around the US to power artificial intelligence. But Trump's tariffs would push those costs higher, analysts told Yahoo Finance.",Yahoo,https://finnhub.io/api/news?id=9713a4104aed19ff8a3a5e434a0005fad41f3e0ae4ee88f6cd9c02dc97559c52
2025-03-31 05:00:00,NVDA,CoreWeave Stock Can’t Hold $40. It Picked a Tough Time to IPO.,CoreWeave Stock Can’t Hold $40. It Picked a Tough Time to IPO.,MarketWatch,https://finnhub.io/api/news?id=f199b1f4d7364631a9ed716dfd0d83008ced5059ad6e4f77910b942826c8ae5e
2025-03-31 05:00:00,NVDA,Tronix leads increases as large cryptocurrencies start mixed,Tronix leads increases as large cryptocurrencies start mixed,MarketWatch,https://finnhub.io/api/news?id=725fc17705ce12feabd3d6be39aa075b9a5d13e38899126744a8b962653df78b
2025-03-31 05:00:00,NVDA,Nvidia: Don't Miss This Golden Chance To Buy,"Despite macro risks, Nvidia's impressive Q4 earnings and strong revenue outlook indicate significant growth potential. Check out what makes NVDA stock a buy.",SeekingAlpha,https://finnhub.io/api/news?id=76fdfb0d26f1547117694d31d20319e55b7e1243b5c0935a26e3534c5e3935ef
2025-03-31 04:52:59,NVDA,"Dow Jones Slides 400 Points On Trump Tariff Threat; Nvidia, Palantir, Tesla Dive","Dow Jones Slides 400 Points On Trump Tariff Threat; Nvidia, Palantir, Tesla Dive",DowJones,https://finnhub.io/api/news?id=5385abb79ee5bdf235fb3a478bea8026c2d5b8122a92062de59e17bafa5e9dd2
2025-03-31 04:45:00,NVDA,"NVIDIA Corp., Amazon.com Inc. share losses lead Dow's 400-point fall","NVIDIA Corp., Amazon.com Inc. share losses lead Dow's 400-point fall",MarketWatch,https://finnhub.io/api/news?id=21ea3627c78b647882491c82cf3da4ec9ae9e45d5f418b4f803114b74d9a71f0
2025-03-31 04:30:23,NVDA,Nvidia: The Path To $200 (Rating Upgrade),Nvidia's stock has faced significant declines due to geopolitical risks and competition in AI. Learn why NVDA stock is a Buy.,SeekingAlpha,https://finnhub.io/api/news?id=588c8884892719dab8201cc40899a2f5caed5551bfc1f3d4d834000be62dddd5
2025-03-31 04:16:04,NVDA,Nvidia: Buying Opportunity For Long Term Growing Tech Giant,"See how Nvidia Corporation's AI revolution drives 1,773% revenue growth. Learn about its market dominance, risks, & why it's a top pick. Click for more on NVDA.",SeekingAlpha,https://finnhub.io/api/news?id=469468d2f5023491c13342b686a29cebaa186a84104739a1e5e3d89873577189
2025-03-31 03:51:00,NVDA,Is Artificial Intelligence (AI) GPU Giant Nvidia Poised to Be a Victim of Its Own Success?,The historic ascent of Nvidia's stock has left no room for error.,Yahoo,https://finnhub.io/api/news?id=3b07585a86c88a716b085a6d243004ac56c334ab79fdc1aa3101f5f4a8bde5fe
2025-03-31 03:30:00,NVDA,"AMD Closes $4.9 Billion ZT Systems Deal, Targeting Its Piece of the ‘AI Factory’","AMD Closes $4.9 Billion ZT Systems Deal, Targeting Its Piece of the ‘AI Factory’",DowJones,https://finnhub.io/api/news?id=3d81a905fe40221bb573f5b56a71bf451cf77ebcbddd0f289b036922360dbd9f
2025-03-31 01:55:00,NVDA,PGIM Jennison Growth Fund Q4 2024 Commentary,"The PGIM Jennison Growth Fund rose 6.5%, slightly underperforming the Russell 1000 Growth Index for Q4 2024. Click here to read the full commentary. ",SeekingAlpha,https://finnhub.io/api/news?id=3f80a2cc5e443d35bd30910a4935fca083b85186e73e3e8f91cfaf0905c9ea6f
2025-03-31 01:47:00,NVDA,Trump Tariffs Are a Nightmare for Stock Markets. Next Quarter Could Be More Terrifying and 5 Other Things to Know Today.,Trump Tariffs Are a Nightmare for Stock Markets. Next Quarter Could Be More Terrifying and 5 Other Things to Know Today.,MarketWatch,https://finnhub.io/api/news?id=8de5371b14231cceffa85603d10557a246e966efabb53aa3a8a0c40992ee745f
2025-03-31 01:40:00,NVDA,PGIM Jennison Focused Growth Fund Q4 2024 Commentary,,SeekingAlpha,https://finnhub.io/api/news?id=737ff5ee66dd78153317776bacd4fec7f6e999436982756dea21c4a22bae1c46
2025-03-30 23:45:00,NVDA,John Hancock U.S. Growth Fund Q4 2024 Commentary,"For Q4 2024, the John Hancock U.S. Growth Fund underperformed the benchmark Russell 1000 Growth Index. Click here to read the full commentary. ",SeekingAlpha,https://finnhub.io/api/news?id=bc200f8c1a9602b78c94fb644680e14dd05970f20a5f2aab6b5d98a5210183bb
2025-03-30 23:35:00,NVDA,John Hancock U.S. Global Leaders Growth Fund Q4 2024 Commentary,,SeekingAlpha,https://finnhub.io/api/news?id=c15689563858746ec8fb6974cb4653397ecfea6cfc34ce5122c976d83df6716a
2025-03-30 21:47:38,NVDA,"NVIDIA Corporation (NVDA): Among Top High-Risk, High-Reward Growth Stocks To Buy Now","We recently curated a list of 11 High-Risk High-Reward Growth Stocks To Buy Now. Here, we take a detailed look at NVIDIA Corporation (NASDAQ:NVDA) and its ranking among the top picks. The stock market has an ever-changing environment, leaving investors constantly looking for opportunities that promise substantial returns for their investments. Gaining a consistent placement […]",Yahoo,https://finnhub.io/api/news?id=118e3b0a657d2105ebd450738210e3d839cfe73dfa68d71d6b474287bc65fea0
2025-03-30 21:01:53,NVDA,Meta: Deep Analysis Shows LLaMA As Unassailable Social Media Moat (Rating Upgrade),Meta Platforms has ensured it is a leading supplier and consumer of the most critical commodity of the digital age-intelligence. See why META stock is a Buy.,SeekingAlpha,https://finnhub.io/api/news?id=43b1c9ae1327d9568817081c956ff1b25da7452bb04c0decb566acb1864ea89b
2025-03-30 20:00:00,NVDA,Did Apple Just Give Nvidia Investors 1 Billion Reasons to Celebrate?,Apple's recent moves in AI infrastructure could bode well for Nvidia.,Yahoo,https://finnhub.io/api/news?id=8c4001a22a09b8cdea1b2f6c211f2b201bed64aed65e199bdf4eff4c1454aaba
2025-03-30 17:52:22,NVDA,NVIDIA (NVDA): Among the Top Growth Stocks in David Tepper’s Portfolio,"We recently published a list of Top 10 Growth Stocks in David Tepper’s Portfolio. In this article, we are going to take a look at where NVIDIA Corporation (NASDAQ:NVDA) stands against other top growth stocks in David Tepper’s Portfolio. Buy “everything” related to China has been David Tepper’s investment theme despite the uncertainties about the […]",Yahoo,https://finnhub.io/api/news?id=4e1264d2780d7355d6f1614f71e07d93cb1bc02d371c97fb4f1f78ef20cc648a
2025-03-30 17:10:00,NVDA,"Warren Buffett's Resounding Message to Wall Street, Delivered Over a Number of Years, Couldn't Be Clearer. And It May Change the Way You Invest Right Now.","Investors look to Warren Buffett for guidance because he's proven he can weather any market storm.  A recent example: Buffett sold positions in S&P 500 index funds in the fourth quarter, locking in gains before the benchmark went on to decline.",Yahoo,https://finnhub.io/api/news?id=ac090a9ebb49c3588c7800a206ee156526b596a7b24d4d5260f19e25b7c6ddeb
2025-03-30 15:17:03,NVDA,Is NVIDIA (NVDA) the Top Stock to Buy According to Jericho Capital Asset Management?,"We recently published a list of Top 10 Stocks to Buy According to Jericho Capital Asset Management. In this article, we are going to take a look at where NVIDIA Corporation (NASDAQ:NVDA) stands against other top stocks to buy according to Jericho Capital Asset Management. Jericho Capital Asset Management, founded in 2009 by Josh Resnick, […]",Yahoo,https://finnhub.io/api/news?id=439a6bf92022ac162171084948914cb7c63e174cf82449dbb478407902bf6b05
2025-03-30 10:35:19,NVDA,Street Calls of the Week,Investing.com -- Here is your Pro Recap of the top takeaways from Wall Street analysts for the past week.,Yahoo,https://finnhub.io/api/news?id=fb1333e9d75a4a8d187fbc87c80d6dcffa6c7c798734dd9785f7149de7a575e3
2025-03-30 09:43:31,NVDA,ASG: Price Drop Provides An Opportunity To Accumulate (Rating Upgrade),"Discover why ASG is upgraded to a buy: strong NAV growth, 9.6% dividend yield, tech-focused portfolio, and a discounted price.",SeekingAlpha,https://finnhub.io/api/news?id=4552f02c6f36c65f4dbcfafbea7af92e251988a8dc3751a3af8bcd332ac639d4
2025-03-30 09:15:00,NVDA,Is Oracle Stock a Buy Now?,"At first blush, some investors might overlook this throwback tech stock, assuming that it wouldn't have performed well in the age of artificial intelligence (AI).  Not only has it outperformed the S&P 500 and Nasdaq Composite handily, it has also outpaced some of the most prominent stocks within those indexes.  As of this writing, its shares have generated a total return of 34% over the last three years -- more or less matching the total returns of both the S&P 500 and Nasdaq Composite.",Yahoo,https://finnhub.io/api/news?id=4ab53e1fa7c8f8a1719cbb6a4720c4bdd3147cecab8ca6634c698b68ed35cf95
2025-03-30 09:00:42,NVDA,'Cyclical headwinds' are developing for the tech trade,"Wall Street strategists are revising their S&P forecasts, yet the outlook for the ""Magnificent Seven"" remains largely overlooked. T. Rowe Price science and technology equity strategy portfolio manager Tony Wang joins Morning Brief to discuss the future of the tech trade and the impact of artificial intelligence (AI)–driven investments on stock performance. To watch more expert insights and analysis on the latest market action, check out more Morning Brief here.",Yahoo,https://finnhub.io/api/news?id=75a9a6867f9257c9f8fae768364255230ead49e278c7c96fd703c19b0ac95557
2025-03-30 07:55:51,NVDA,Is NVIDIA Corporation (NVDA) Best Stock to Buy for the Next 3 Months?,"We recently published a list of 10 Best Stocks to Buy for the Next 3 Months. In this article, we are going to take a look at where NVIDIA Corporation (NASDAQ:NVDA) stands against other best stocks to buy for the next 3 months. The year 2025 began with the surprise announcement of DeepSeek AI, launched […]",Yahoo,https://finnhub.io/api/news?id=508c8c730b8aecef782afac57be80940bf791f9f6675dc6e8b61627b1ce5e14e
2025-03-30 07:30:13,NVDA,Commentary: Why are investors buying the dip in stocks?,And so the dip-buying in markets continues.,Yahoo,https://finnhub.io/api/news?id=1b9c76c720364cc3ccdc8a0fdd381b225128cbfdc8e22ef86e69a21b95169f5e
2025-03-30 06:15:00,NVDA,A Market Downturn Creates a Perfect Entry Point for This Promising AI Player,"When it comes to AI stocks, Nvidia is king.  Nearly every AI technology relies on heavy training and distributed computing power to function.  In areas like data centers -- crucial infrastructure that makes the AI revolution possible -- its market share is even higher.",Yahoo,https://finnhub.io/api/news?id=c84d91de970a85fdcbbb4bde8c3f3de2d9a38536d8578ae09657bc5bc502b911
2025-03-30 06:15:00,NVDA,2 Artificial Intelligence (AI) Stocks to Buy Before the Next Stock Market Swing,"Last year, artificial intelligence (AI) stocks were skyrocketing in value.  If you're adding AI stocks to your portfolio, strongly consider adding Nvidia (NASDAQ: NVDA).  If you already own Nvidia stock, consider buying even more.",Yahoo,https://finnhub.io/api/news?id=75971f1f1ca80ac5e5460b94d28bdac3e2ad6327304b4d244d5c7913270e4638
2025-03-30 06:03:24,NVDA,CoreWeave: An AI Play With Too Many Questions,"CoreWeave's IPO debuted at $40 per share, raising $1.5 billion, which is down a billion from the initial goal. Check out our thoughts on CRWV IPO.",SeekingAlpha,https://finnhub.io/api/news?id=a4635a3766ee6888d03d9e8ca2e27eed7257598122faa399f143cf9b273414db
2025-03-30 05:20:00,NVDA,Better Artificial Intelligence Stock: SoundHound AI vs. Cerence AI,"At a market cap of $4 billion, the company is essentially still a small-cap stock with plenty of room for future growth.  Investors considering buying shares of SoundHound might also be interested in Cerence (NASDAQ: CRNC), a competitor that is even smaller with a market cap of around $400 million.  After 10 years of innovation and research, SoundHound launched its Houndify platform in 2016.",Yahoo,https://finnhub.io/api/news?id=99a9b0e9b585b4ab3b3aba0d4fe159841d1c94033f1269c9bdbc44437a60cfba
2025-03-30 04:05:00,NVDA,Putnam Large Cap Growth Fund Q4 2024 Commentary,"US equities had another positive quarter, with the S&P 500 Index returning 2.41% and our primary benchmark, the Russell 1000 Growth Index, returning 7.07%.",SeekingAlpha,https://finnhub.io/api/news?id=b1298edf659df144da17a0ecdc0111e12ea4b30833a709a0aeac8543cf3dd760
2025-03-30 03:35:00,NVDA,"Down 57% From All-Time Highs, Is This Quantum Computing Stock the Bargain of the Decade?",Quantum computing stocks are taking a hit as the Nasdaq Composite continues to slide.,Yahoo,https://finnhub.io/api/news?id=5eaae58ad3ea1b674b38c3a3d1eda935ebef5a7ddd2e6fe1d718310e8e0030fa
2025-03-30 03:30:00,NVDA,Nvidia Has 81% of Its $304 Million Stock Portfolio Invested in 3 Groundbreaking AI Stocks,"The semiconductor giant Nvidia (NASDAQ: NVDA) is quite the company, developing high-end graphics processing units (GPUs) that help power artificial intelligence (AI) applications.  Many investors view Nvidia as the picks-and-shovels play for AI, which would be pretty remarkable given how much AI is expected to change nearly all aspects of our daily lives.  With a nearly $3 trillion market cap, Nvidia has grown so big that it has excess resources available to invest in other AI companies that it finds compelling or that it may partner or work with.",Yahoo,https://finnhub.io/api/news?id=80fc356bd13a84cba6d22b96314fe22125c1c3b5e32f5acf3d1ebd14a1e33061
2025-03-30 02:35:00,NVDA,"2 Stock-Split AI Stocks to Buy Before They Soar 85% and 105%, According to Certain Wall Street Analysts","Super Micro Computer (NASDAQ: SMCI) completed a 10-for-1 stock split in October 2024, and Arista Networks (NYSE: ANET) completed a 4-for-1 stock split in December 2024.  Ananda Baruah at Loop Capital recently raised the target price on Supermicro to $70 per share, which implies 105% upside from the current share price of $34.",Yahoo,https://finnhub.io/api/news?id=4f472e80a8f6c716ac9d78d0ca0944a94cf6042f8bf37994792009f5d69ff64c
2025-03-30 02:15:00,NVDA,2 Nasdaq Stocks I Would Buy if the Stock Market Plummets in 2025,"The Nasdaq Composite (NASDAQINDEX: ^IXIC) is down more than 7% year to date at the time of writing.  Sudden dips in the stock market are not fun, but they are common and can help you buy shares of quality growth stocks at better prices.  No one knows where the stock market is headed in 2025, but if it continues to fall, there are two growing companies I would buy in a heartbeat.",Yahoo,https://finnhub.io/api/news?id=45d2d76c9de16e528536a92dca7bf9236fe0da6b5ea5731ce567a6887b5864a6
2025-03-30 02:00:00,NVDA,Nvidia: Challenges Faced By CoreWeave Could Be A Red Flag,The CoreWeave IPO will be another test for Nvidia and the near-term demand for AI chips. Read why I remain bearish on NVDA stock.,SeekingAlpha,https://finnhub.io/api/news?id=5a93202fe2f9c510ad8e57d561f3462d671bdf5869625bf1b50207d78261e0e8
2025-03-30 01:40:00,NVDA,abrdn Total Dynamic Dividend Fund Q4 2024 Commentary,The abrdn Total Dynamic Dividend Fund underperformed its benchmark over the three-month period ending 1/31/2025. Click here to read the full commentary.,SeekingAlpha,https://finnhub.io/api/news?id=b062b88a415e17cc61f245970d7cb830adaa177609aef7bceb1690d5db981845
2025-03-29 17:24:17,NVDA,Is NVIDIA (NVDA) The Best Gaming Stock to Invest In According to Billionaires?,"We recently compiled a list of the 10 Best Gaming Stocks to Invest In According to Billionaires. In this article, we are going to take a look at where NVIDIA Corporation (NASDAQ:NVDA) stands against the other gaming stocks. The gaming industry has experienced significant changes over the past few years. During the COVID-19 pandemic, the […]",Yahoo,https://finnhub.io/api/news?id=8ec0608859f3065f76fe6174250f47116a3e7ac19a3ca0cd684e5e81b274eb12
2025-03-29 17:00:00,NVDA,Prediction: This Artificial Intelligence (AI) Company Will Be the Biggest Beneficiary of Self-Driving Vehicles (Hint: It's Not Tesla),"Tesla gets a lot of attention for its autonomous driving software, but I see another company as the better opportunity for AI-powered cars in the long run.",Yahoo,https://finnhub.io/api/news?id=0e22746643e57a70c46a313c13b9f3109e04c1fc9871cd7415f2e164d01b2bc5
2025-03-29 15:16:08,NVDA,Jim Cramer Calls NVIDIA Corporation (NVDA) a “Whipping Boy” Amid Market Turmoil,"We recently published a list of Jim Cramer Discussed These 9 Stocks Recently. In this article, we are going to take a look at where NVIDIA Corporation (NASDAQ:NVDA) stands against other stocks that Jim Cramer discussed. On Wednesday, Jim Cramer, the host of Mad Money, took a closer look at the state of the market […]",Yahoo,https://finnhub.io/api/news?id=78dff447f954a8b06903d98564cd2a8a787cbd8605f914c0e16e78337de07683
2025-03-29 10:45:00,NVDA,Honeywell May Take Quantinuum Public in Next 2 Years. It’s a Quantum Thing.,"Honeywell International  goal is to take Quantinuum public within the next two years, according to a person with direct knowledge of the matter.  While Honeywell is aiming to take the quantum-computing company public between the end of 2026 and sometime in 2027, this timeline is subject to change and depends on market conditions, the source told Barron’s.  Earlier reporting by Bloomberg said Honeywell was seeking a valuation of roughly $10 billion for Quantinuum, which formed through the merger of Honeywell Quantum Solutions and Cambridge Quantum in 2021.",Yahoo,https://finnhub.io/api/news?id=da3c54efc6ef7133bee9c47645c10c631ecbbcbbca03e2f47fbb5a0c45a498ee
2025-03-29 09:05:00,NVDA,"Down 13% to 41%, These 3 Nvidia Partners Are Raging Buys","Data center equipment maker Vertiv (NYSE: VRT), healthcare technology specialist GE HealthCare Technologies (NASDAQ:GEHC), and electrical protection and connection products company nVent Electric (NYSE: NVT) are all Nvidia collaborators, and they all focus on the AI growth opportunity.  The latest announcement of an Nvidia/GE Healthcare collaboration to ""advance innovation in autonomous imaging""  highlights the investment case for GE HealthCare: specifically, the company's opportunity to maximize the value of its equipment by incorporating AI into it.",Yahoo,https://finnhub.io/api/news?id=d173d5681538b3c8b97448b15b45cadd5fe36efd4fe005fbb70d8850e6197018
2025-03-29 08:45:34,NVDA,Here is Why Jim Cramer Is Bullish On NVIDIA Corporation (NASDAQ:NVDA),"We recently published a list of Jim Cramer Says Trump’s Tariff Strategy Is Working & Discusses These 11 Stocks. In this article, we are going to take a look at where NVIDIA Corporation (NASDAQ:NVDA) stands against other stocks that Jim Cramer discussed. In a recent appearance on CNBC’s Squawk on the Street, Jim Cramer discussed […]",Yahoo,https://finnhub.io/api/news?id=cac02bd7089d24b5b8afbdc7df1d2b275f1ac705d3a434a29db2088931856e2c
2025-03-29 08:29:00,NVDA,Rigetti Computing Has Room to Grow. Why the CEO Is Tempering Expectations for Quantum.,Rigetti Computing takes a more conservative stance when it comes to timelines for quantum development.,Yahoo,https://finnhub.io/api/news?id=91cf9781322cffd4eaa8fd2d4a6049f412eca170965184abfa24a3d7851ac0a0
2025-03-29 08:03:00,NVDA,An event that may save Nvidia is coming May 15,The leading AI chipmaker and its peers could finally see the catalyst they need.,Yahoo,https://finnhub.io/api/news?id=5168764b1dea20c938157bab4e43f294b4dd038dcc8b1a1b60512d77871a5564
2025-03-29 08:00:00,NVDA,3 Quantum Computing Stocks That Could Make You a Millionaire,"Quantum computing stocks aren't in style on Wall Street like they were three months ago.  With questions circling the U.S. economy about how it will fare with tariffs, investors are looking for safer places to stash their money.  As a result, many pure-play quantum computing stocks are down significantly from the all-time highs they set a few months ago.",Yahoo,https://finnhub.io/api/news?id=335df5d0842b5ae2915920b17f904373a3d3479887387940ea523d7d44de61ed
2025-03-29 06:47:23,NVDA,"Dow Jones Futures: Trump Tariffs Slam Stock Market, With Another Wave Coming. Tesla Deliveries Loom.","Dow Jones Futures: Trump Tariffs Slam Stock Market, With Another Wave Coming. Tesla Deliveries Loom.",DowJones,https://finnhub.io/api/news?id=009722e612c609819f0dca1db4071ab140c03d0f4aabca204b75340811f693a0
2025-03-29 06:28:12,NVDA,Alphabet: Leading The AI Race,,SeekingAlpha,https://finnhub.io/api/news?id=15844a72087819132c3831dfdbcb5bb2bf51a2aee1985b6b0c960770cf9a27dc
2025-03-29 06:00:00,NVDA,Is SoundHound AI Stock the Best Buy Now After the Market Correction?,"While the stock market has risen out of correction territory, plenty of stocks are much lower than just a few months ago.  One of those is SoundHound AI (NASDAQ: SOUN), which is still down around 60% from its December highs.  With the stock that low, many investors might wonder if this is a prime buying opportunity.",Yahoo,https://finnhub.io/api/news?id=df0808fdc108cc1204f4a0b2f17cfa7ac971fcfc2d47798a770fa0794a2829e2
2025-03-29 03:57:54,NVDA,"Congrats On Your IPO, CoreWeave (You're Overvalued)",,SeekingAlpha,https://finnhub.io/api/news?id=1ff56a0d62dc31f91d15ab721da56d5dd5bcf6914c66a81831c6e535d36ad6c6
2025-03-29 03:41:00,NVDA,Should You Forget Nvidia and Buy These 2 Artificial Intelligence (AI) Stocks Instead?,"This trend has benefited Nvidia (NASDAQ: NVDA) tremendously.  Should you pass on Nvidia and buy two different AI stocks instead?  Investors should consider buying shares in Alphabet (NASDAQ: GOOGL) (NASDAQ: GOOG) and Meta Platforms (NASDAQ: META), which are well off recently established all-time highs.",Yahoo,https://finnhub.io/api/news?id=6bc297965d7f79905b781785a739cda1914fafb19f784c87777b4f0cdb83ac47
2025-03-29 03:08:00,NVDA,Should You Worry About Nvidia's Challenges in China? History Offers a Compelling Answer.,"Last year, Nvidia's (NASDAQ: NVDA) cup of good news seemed to constantly be overflowing.  The artificial intelligence (AI) chip leader spoke of ""insane"" demand for its newest chip architecture, delivered quarter after quarter of explosive revenue growth, and scored an invitation to join the Dow Jones Industrial Average (DJINDICES: ^DJI).  The company still is seeing enormous demand for its products and generating impressive revenue growth, but external forces have put pressure on share performance.",Yahoo,https://finnhub.io/api/news?id=85d940d5760232e918741d71c078e514fc10ebe5539d88cbfef4c25c5ae67108
2025-03-29 03:00:00,NVDA,AI Agents Are a Moment of Truth for Tech,AI Agents Are a Moment of Truth for Tech,DowJones,https://finnhub.io/api/news?id=7f1ab9f37ee51cd37d8661d64e55ddbfae5baa8c647351d411564aa7a8c877f9
2025-03-29 02:40:00,NVDA,"Nasdaq Correction: 2 AI Stocks Down 26% and 46% to Buy Before They Soar, According to Wall Street","The Nasdaq Composite (NASDAQINDEX: ^IXIC) is currently in market correction territory, meaning the index is more than 10% below its recent bull-market high.  Nvidia is currently 26% below its high.  The median target price of $175 per share implies 60% upside from the current share price of $109.",Yahoo,https://finnhub.io/api/news?id=12b8929644364eb0d9d09c8df26f87d29eca583352faddaa3698581a1b18ab70
2025-03-29 02:15:00,NVDA,My Top Artificial Intelligence (AI) Stock to Buy Today (Hint: It's Not Nvidia),This sprawling technology giant can utilize AI across all of its subsidiaries.,Yahoo,https://finnhub.io/api/news?id=f87944a7e7cf65e339d9b7b032bacc945c3295ae8d5ce1beb456700f3bc3357c
2025-03-28 20:19:46,NVDA,I'm Betting On Tan's Intel For A Trade In 2025 - Initiating With A Buy,"Intel's new CEO, Lip-Bu Tan, is driving efficiency, innovation, and potential mergers to spark a stock surge. See why we are bullish on INTC stock.",SeekingAlpha,https://finnhub.io/api/news?id=6aed07c24fbc2bea37a33e06bc3a3b1b27c9a0c24cb6b21fad62ebdf31f8c649
2025-03-28 18:55:00,NVDA,PGIM Jennison Blend Fund Q4 2024 Commentary,,SeekingAlpha,https://finnhub.io/api/news?id=e8c81c0527072f874f76c8eb4c6106afdf4f82c6ccb52e4adcc553cb3fbe9e17
2025-03-28 17:47:54,NVDA,CoreWeave Misfire Extends IPO Malaise Instead of Ending It,(Bloomberg) -- The market for US initial public offerings suffered another body blow this week when one of the most-anticipated deals of the year was a dud — extending a series of deals that have missed the mark of sky-high expectations. And things weren’t any better in its trading debut on Friday.Most Read from BloombergGold-Rush Fever Returns to Historic New Zealand Mining TownWhy Did the Government Declare War on My Adorable Tiny Truck?How SUVs Are Making Traffic WorseTrump Slashed Internatio,Yahoo,https://finnhub.io/api/news?id=65396c902b0513eb41838eb47c04f6d7536207217627249291c00b51cca78397
2025-03-28 17:37:58,NVDA,Is NVIDIA (NVDA) The Mega Cap Stock Gaining Bullish Momentum This Week?,"We recently published a list of 10 Mega Cap Stocks Gaining Bullish Momentum This Week. In this article, we are going to take a look at where NVIDIA Corporation (NASDAQ:NVDA) stands against other mega cap stocks gaining bullish momentum this week. The S&P 500 index started the week with a bang after staying under pressure […]",Yahoo,https://finnhub.io/api/news?id=5fdccf3e519b257a21e8ecb846cc7bea4c9f8daa8cc16a384d452281cf1c8c85
2025-03-28 16:25:00,NVDA,3 AI Giants Well-Positioned to Bounce Back Stronger After The Nasdaq Correction,"After many artificial intelligence (AI) companies recently led the Nasdaq Composite (NASDAQINDEX: ^IXIC) into correction territory, it's time to start thinking about what will happen next.  Many are worried that an economic slowdown triggered by unknowns around tariffs could slow AI investments and hurt many of these companies.  This clearly benefits the companies that are on the hardware side of AI, meaning companies including Nvidia (NASDAQ: NVDA), Taiwan Semiconductor (NYSE: TSM), and ASML (NASDAQ: ASML) are primed to emerge from this correction even stronger.",Yahoo,https://finnhub.io/api/news?id=f31a1b9eca4cd239b0530512b3474ace82c02549c8defba14621deab7d31a7dd
2025-03-28 16:00:00,NVDA,1 No-Brainer Artificial Intelligence (AI) Stock to Buy Before It Skyrockets,"Micron released its latest quarterly report (for the three months ended Feb. 27) on March 20.  The company recorded a massive increase in its top and bottom lines last quarter and crushed Wall Street's expectations handsomely.  What's more, Micron's guidance for the current quarter also exceeded consensus estimates, which was not surprising, as the company is witnessing remarkably strong demand for its high-bandwidth memory (HBM) that's deployed in artificial intelligence (AI) data centers.",Yahoo,https://finnhub.io/api/news?id=ae4e2e7e1fdd9f31479b29e1b295604d0c4d072f58705dc3528ed2afc9d16dc1
2025-03-28 15:50:00,NVDA,CoreWeave Stock Ends First Day of Trading Where It Began After Disappointing IPO,"The AI start-up priced its stock at $40, well below recent expectations for $47 to $55 a share. The listing has been seen as a test for both AI and the market for new stock.",Yahoo,https://finnhub.io/api/news?id=1adfb02713d15afaf47e3269da4c5694edcb84932800bcd8843c54539670c92d
2025-03-28 15:48:25,NVDA,CoreWeave Stock Bounces Around After Nvidia-Backed AI Firm Scaled Back IPO,"The CoreWeave IPO priced at $40 a share, well below the official range. The Nvidia-backed cloud-computing startup tests demand for AI stocks.",Yahoo,https://finnhub.io/api/news?id=2d3ca33b0aba8ca79bb7d230acd728a3175b14998fa540fbbacbe30b1f292819
2025-03-28 15:20:00,NVDA,"These Stocks Moved the Most Today: Tesla, AppLovin, Lululemon, Nvidia, CoreWeave, Wolfspeed, and More","Tesla stock slides, Lululemon tumbles as the activewear company’s guidance misses analysts’ forecasts, and CoreWeave opens for trading below its initial public offering price.",Yahoo,https://finnhub.io/api/news?id=741ea3eb8c2e133aff104b9e6dadfdb5543aab5f2ae4ad5057c9bc10ff87dd5e
2025-03-28 15:14:44,NVDA,"Stock Market Today: Dow Jones, S&P 500 And Nasdaq Sell Off; Nvidia-Backed CoreWeave Debuts (Live Coverage)",The Dow Jones and S&P 500 held large losses Friday afternoon. Nvidia-backed CoreWeave started trading on the stock market today.,Yahoo,https://finnhub.io/api/news?id=b7cc645bdad54521e14bfa7155fc252fa9a3e915b8368d91085944819225d5bf
2025-03-28 14:58:50,NVDA,"In CoreWeave’s lackluster IPO, some see signs of a looming AI bust. But CoreWeave’s problems are mostly about CoreWeave",The company's debt-fueled business model make it a poor proxy for gauging AI enthusiasm more broadly.,Yahoo,https://finnhub.io/api/news?id=9a60c5efdcabeb9c7e37cef23e1aec111cc74c7468e1205050a399bb110bae31
2025-03-28 14:05:00,NVDA,Is IONQ Stock the Next NVIDIA and Worth Buying Now?,"With quantum computing being a rising tech trend, can IonQ mimic NVIDIA's success?",Yahoo,https://finnhub.io/api/news?id=eb4f9f2a0e9e88505ab296d41d72bcc15e5332aa9543f5922b274b61822faf00
2025-03-28 13:47:42,NVDA,"Magnificent Seven Stocks Dive As Amazon, Apple, Meta, Nvidia, Tesla Sell Off","Dubbed the Magnificent Seven stocks, Apple, Microsoft, Google parent Alphabet, Amazon.com, Nvidia, Meta Platforms and Tesla lived up to their name in 2024 with solid gains. Through the first two months of 2025, however, performance for these mega-cap stocks has been mostly negative thus far.",Yahoo,https://finnhub.io/api/news?id=90b26846322915696d55c9fa68d35d83380e09221dd9b4c8b30cf240b0af9aab
2025-03-28 13:26:06,NVDA,Report: Nvidia's H20 Chip Faces Supply Crunch in China Amid Soaring Demand,"H3C, a major Chinese server maker, warned of a potential shortage of Nvidia's H20 chips.",Yahoo,https://finnhub.io/api/news?id=dba0ade99e40d0073ff11a660dfcf7b56bec0f7e1e3c2b3845d2123f5954f5bf
2025-03-28 13:20:00,NVDA,Nvidia Stock Falls. It Has Problems at Home and Abroad.,"Nvidia  stock was falling in Friday trading amid a broader selloff.  Inflation worries were weighing on the broader market, while an initial public offering and geopolitical concerns were also weighing on Nvidia shares.  CoreWeave  priced its long-awaited initial public offering on Thursday night at $40 a share, well below the official expected range of $47 to $55.",Yahoo,https://finnhub.io/api/news?id=d6ada46e5e6cd0fbf7fde62188ba6c5b9593afc4e6b595416f04bdc3b0864ab5
2025-03-28 13:14:00,NVDA,"Tesla, Nvidia lose ground as markets take a tumble on bad economic news","Tesla’s (TSLA) status as the “winner” of President Donald Trump’s new auto tariffs didn’t protect it from a tech-led market selloff on Friday, as the stock followed Nvidia (NVDA) and the rest of the Magnificent 7 lower after new economic numbers pointed toward the possibility of stagflation.",Yahoo,https://finnhub.io/api/news?id=4d85d82df8bcceea08f9b6ea9ca125acc15aa2e9b7e8f77d4ac5031985a074d4
2025-03-28 13:07:25,NVDA,Nvidia-Backed CoreWeave Slides In IPO Debut Amid Heightened AI Worries,"The CoreWeave IPO priced at $40 a share, well below the official range. The Nvidia-backed cloud-computing startup tests demand for AI stocks.",Yahoo,https://finnhub.io/api/news?id=1503531dbc0f31c1aaf538fadf990432ec75f5df4dff552be6096fe26e92a517
2025-03-28 13:01:00,NVDA,CoreWeave’s stock splats in IPO debut — but not because Wall Street is souring on AI,CoreWeave’s stock splats in IPO debut — but not because Wall Street is souring on AI,MarketWatch,https://finnhub.io/api/news?id=a39fa12e7464a7b46adde652f9365765bfa97022f839b967aacb4553b3879d1b
2025-03-28 13:00:39,NVDA,"Nvidia's Reported Lepton AI Buyout A 'Huge Red Flag,' Says Short Seller Jim Chanos, Warns Of Inventory Risk","Prominent short seller Jim Chanos has raised questions about Nvidia Corp. (NASDAQ:NVDA) amid reports of the company’s potential acquisition of Lepton AI, a server rental startup. What Happened: Chanos wrote on the social media platform X that ...",Yahoo,https://finnhub.io/api/news?id=3d6991f4899d90bf9cfef77297c0b93e9243944fa0f2e9cf9ef86e22b66a953b
2025-03-28 12:54:44,NVDA,"Stock Market Today: Nasdaq Gets Hit Hardest Of Major Indexes After Inflation Report; Amazon, Nike Weigh Down The Dow (Live Coverage)",The major indexes showed hefty drops Friday afternoon and are on pace for weekly losses. Amazon stock was the biggest loser on the Dow Jones Industrial Average Friday.,Yahoo,https://finnhub.io/api/news?id=281b66e65c4d4793b2bf407e3d45f085f6056a976263478d0d3636cc562ddd80
2025-03-28 12:47:40,NVDA,CoreWeave Stock Slips Below IPO Price in First Day of Trading,"Shares in CoreWeave, a cloud computing company backed by Nvidia, fell on their market debut Friday, following a $1.5 billion initial public offering that priced below its expected range.",Yahoo,https://finnhub.io/api/news?id=053affdc08e09decf2d107dc23816d1c7abfab63655802e510ca73a073163b4d
2025-03-28 12:34:45,NVDA,CoreWeave stock seesaws after IPO in first big test of AI trade,The AI cloud computing provider CoreWeave made its debut on the Nasdaq Friday under the ticker CRWV. The stock fell around 6% immediately after shares began trading before reversing direction.,Yahoo,https://finnhub.io/api/news?id=c98ff01fe785533f308710d61a92d6273c96fadeaed6095dae2737f258e373a0
2025-03-28 12:34:07,NVDA,Brave Eagle CIO Says Nvidia Valuation Offers Opportunity After Recent Decline,Nvidia's price-to-earnings multiple drops as Brave Eagle Wealth sees potential buying opportunity amid broader market pullback,Yahoo,https://finnhub.io/api/news?id=26318bf22ff08c8cd5060545a15c557591c5f3557bfb31c7eda78ba83a634892
2025-03-28 12:30:00,NVDA,"Wall Street Analysts Adore Amazon, Microsoft, and Nvidia. Here’s Why That’s Problematic.",More than 90% of the analysts covering these stocks have them rated Buy. That raises the risk of downgrades if they disappoint.,Yahoo,https://finnhub.io/api/news?id=cec4b84c66f01d876db50d841ff797f64cdffd813b4ac524b210b7184634e493
2025-03-28 12:22:12,NVDA,Nvidia-backed CoreWeave's shares open nearly 3% lower in market debut,CoreWeave's shares opened nearly 3% below their initial public offering price on the Nasdaq on Friday. The Nvidia-backed AI infrastructure firm was valued at $22.7 billion on a fully diluted basis.,Yahoo,https://finnhub.io/api/news?id=fd5c911b816b6e1db872bb2a4f91b2b4c98feece5ee4b4c581cc7cc9ae54825d
2025-03-28 12:22:00,NVDA,CoreWeave Stock Opens at $39 After Disappointing IPO,"The AI start-up priced its stock at $40, well below recent expectations for $47 to $55 a share. The listing has been seen as a test for both AI and the market for new stock.",Yahoo,https://finnhub.io/api/news?id=32d44dab63aed578830c135d58089e47525010127273f149ed58870c78bf17b0
2025-03-28 12:18:28,NVDA,CoreWeave Drops 2.5% After Heavily Downsized $1.5 Billion IPO,(Bloomberg) -- CoreWeave Inc. slipped 2.5% in its market debut after the cloud-computing provider raised $1.5 billion in a downsized initial public offering.Most Read from BloombergWhy Did the Government Declare War on My Adorable Tiny Truck?Gold-Rush Fever Returns to Historic New Zealand Mining TownHow SUVs Are Making Traffic WorseTrump Slashed International Aid. Geneva Is Feeling the Impact.These US Bridges Face High Risk of Catastrophic Ship StrikesThe company’s stock opened at $39 each on Fr,Yahoo,https://finnhub.io/api/news?id=27b5c4c0f3883dee1c5e2508942e6d0d5614366c3ddda4f3a738f2d968e2755c
2025-03-28 12:00:00,NVDA,Forget the Mag 7. The ‘Terrific 10’ Are the Tech Bet for 2025.,"Nvidia Tesla  and the rest of Big Tech are having a rough go of it, while China’s Terrific 10—  Alibaba Tencent Meituan Xiaomi JD.com NetEase Baidu BYD Geely  and  SMIC  —are not.  The answer, according to YT Boon, Neuberger Berman’s head of thematic for Asia, is a resounding yes.  For starters, the emergence of cheaper artificial-intelligence technology developed by Chinese company DeepSeek may have kick-started a new wave of AI investment in China—and that should benefit leading Chinese companies.",Yahoo,https://finnhub.io/api/news?id=e22e94d82bba91ace32f497e8a2173a1664fb70c136810952794ce0a7b6372fd
2025-03-28 11:46:41,NVDA,CoreWeave co-founder: We don't understand the AI bubble fears,CoreWeave is not seeing an AI demand slowdown.,Yahoo,https://finnhub.io/api/news?id=1f2f9e22b884f405f8c666c0f1b0dbab01e65dfd2627c02f5c7b4860397f4f00
2025-03-28 11:36:47,NVDA,"AMD: Now, A Very Cheap AI Growth Play (Upgrade)","See why Advanced Micro Devices, Inc.'s resilience, attractive valuations, and potential long-term bottom could make it a timely investment. Click for my AMD update.",SeekingAlpha,https://finnhub.io/api/news?id=986646d00eaaeba4f2dd8441e1d49c6c3f02f7b46735aabd036f74840677f3dc
2025-03-28 10:48:00,NVDA,Nvidia Stock Falls. 2 Things Hitting Shares of the AI Chip Maker Today.,"Nvidia  stock was falling in Friday trading amid a broader selloff.  Inflation worries were weighing on the broader market, while an initial public offering and geopolitical concerns were also weighing on Nvidia shares.  CoreWeave  priced its long-awaited initial public offering on Thursday night at $40 a share, well below the official expected range of $47 to $55.",Yahoo,https://finnhub.io/api/news?id=d6d214648c4cb1fedc3ba2c43f9f9d38a09a7a44a4d17031448119cdc8c83494
2025-03-28 10:39:04,NVDA,"Nvidia-Backed CoreWeave Scales Back IPO, Prices Shares at $40 in Volatile Market","Nvidia-Backed CoreWeave Lowers IPO Target by 23%, Signals AI Market Jitters",Yahoo,https://finnhub.io/api/news?id=ce2e296e40dd5eb480d92e94c333bf4ffc4dca2aac9562edbb566a0ccb74328b
2025-03-28 10:30:46,NVDA,Why Is Nvidia (NVDA) Down 7.3% Since Last Earnings Report?,Nvidia (NVDA) reported earnings 30 days ago. What's next for the stock? We take a look at earnings estimates for some clues.,Yahoo,https://finnhub.io/api/news?id=6cfd7f37ad3579b1a52d7aa2cb048f8ecbaec9c11b6c2d7f348f3be44599ab7f
2025-03-28 10:20:00,NVDA,"The Zacks Analyst Blog Highlights NVIDIA, Alphabet, Microsoft and AMD","NVIDIA, Alphabet, Microsoft and AMD are part of the Zacks top Analyst Blog.",Yahoo,https://finnhub.io/api/news?id=e9d57f8eea1b230a2ffc42a4376a2da8aec33a37adc99212e825cbcde04a4d1f
2025-03-28 08:19:46,NVDA,NVIDIA Corporation (NVDA) Gets Bullish Nod From Melius – Here’s Why the Cisco Deal Matters,"We recently published a list of the 10 AI Stocks Making Headlines This Week. In this article, we are going to take a look at where NVIDIA Corporation (NASDAQ:NVDA) stands against other AI stocks that are making headlines this week. China is aggressively working to close the AI competitiveness gap with the United States. According […]",Yahoo,https://finnhub.io/api/news?id=406557aa6f3e9c72677d9480b9eb060cbea294ad9c4043b22ef51ce84bd1d527
2025-03-28 08:13:00,NVDA,Better Artificial Intelligence Stock: AMD vs. Nvidia,"One of the foundational pieces of the fast-growing artificial intelligence (AI) market has been the advanced semiconductors that make AI tools possible.  Nvidia (NASDAQ: NVDA) has garnered the most attention in this space, as its processors dominate AI data centers.  Here's the case for both and why Nvidia is still the best way to go.",Yahoo,https://finnhub.io/api/news?id=cd228665fd65d7f22f2775cd7a616dceda682aa1c0446f99b85f3b439b136057
2025-03-28 08:07:00,NVDA,Four reasons Nvidia now looks like a bargain stock,Four reasons Nvidia now looks like a bargain stock,MarketWatch,https://finnhub.io/api/news?id=4df50f1c09304637b4097cf0a92918790671c4e658acb065d9fdceacdfcda620
2025-03-28 07:56:08,NVDA,"Intel: New CEO, Same Old Game Plan","Intel appoints Lip-Bu Tan as CEO, continuing Gelsinger's foundry strategy, which I believe is doomed to fail and a red flag for investors.",SeekingAlpha,https://finnhub.io/api/news?id=7e2a49179b9f772d44225b10e21771ed905a4bcbc7d9260a2dd15e99adb0926e
2025-03-28 07:39:44,NVDA,"Stock Market Today: Dow Jones, S&P 500 Feel Pain After Inflation Report; IBD 50 Insurance Name Soars (Live Coverage)","Stock Market Today: Dow Jones, S&P 500 Feel Pain After Inflation Report; IBD 50 Insurance Name Soars (Live Coverage)",DowJones,https://finnhub.io/api/news?id=454bb3c0ca7fbe88669662d0272e9e39995fea4bf864bfc6d4e77c231ff49e2a
2025-03-28 07:25:57,NVDA,Nvidia-backed CoreWeave slashes IPO size and share price,"The company now plans to sell 37.5 million, each priced at $40.",Yahoo,https://finnhub.io/api/news?id=d604985751a243f061a66ad9b4111729109c279bb1f0a5ffc1a540cfa2a5566b
2025-03-28 07:25:26,NVDA,Nvidia's $185 Technical Setup: Blackwell Could Trigger The Breakout,"Nvidia Corporation's FY25 revenue surged 114% YoY, driven by AI dominance and Blackwell architecture. Click for my updated look at NVDA stock prospects.",SeekingAlpha,https://finnhub.io/api/news?id=a2c97f09294c0182dfe2310d9a0021d4523c7cc10a11d435ef409ec6de8b8423
2025-03-28 07:25:00,NVDA,Nvidia Stock Gains. Why Trump and China Are Key to AI Chip Maker’s Recovery.,"Nvidia  stock rose early Friday.  Geopolitical concerns have weighed on the shares but Wall Street is backing the chip maker to roar back when the Trump administration provides more details about its chip-export policy.  Nvidia shares were up 0.6% at $112.12 in premarket trading, while futures tied to the  index were down 0.1%.",Yahoo,https://finnhub.io/api/news?id=6f662e0fdf43a5e7ac0bcc3b697829f84173f9f9cb2e80431e30032895644113
2025-03-28 07:10:00,NVDA,abrdn Global Dynamic Dividend Fund Q4 2024 Commentary,The abrdn Global Dynamic Dividend Fund underperformed its benchmark over the three-month period ending 31 January 2025. Click here to read the full commentary.,SeekingAlpha,https://finnhub.io/api/news?id=93e07a5a7a0f61e262a6cf317819d9383ae8afc93bfd379d27ab45ed6b8da1e4
2025-03-28 07:10:00,NVDA,Prediction: Micron Stock Will Soar Over the Next 3 Years. Here's 1 Reason Why.,"Micron (NASDAQ: MU) hasn't received as much attention as other chip stocks like Nvidia in the artificial intelligence (AI) era, but the memory-chip maker is emerging as one of many winners from the emerging technology.  Revenue in the quarter reached $8.05 billion, up 38% from the quarter a year ago, though it was down slightly on a sequential basis.  Micron's growth is primarily driven by demand for high-bandwidth memory, a key component in AI applications.",Yahoo,https://finnhub.io/api/news?id=4b97f0f39676d4b9871f14995def51ba118812ce946db9f2381feff519cef67d
2025-03-28 07:04:11,NVDA,"Stock Market Tumbles Back On Trump Tariffs, Nvidia, Inflation: Weekly Review","Stock Market Tumbles Back On Trump Tariffs, Nvidia, Inflation: Weekly Review",DowJones,https://finnhub.io/api/news?id=807e0cda09e0a25a96e16e34d32cefe987ff885194b9169f73f734d04de63ab1
2025-03-28 07:00:00,NVDA,Better Artificial Intelligence (AI) Stock: Nvidia vs. AMD,"Artificial intelligence (AI) chip stocks are having a torrid time on the market in 2025, and that's not surprising.  The sector has been hit hard by multiple headwinds of late, such as the viability of the huge sums being spent by tech giants on beefing up AI hardware and the growing concerns about a possible economic downturn in the U.S.  This explains the 10% decline in the PHLX Semiconductor Sector index so far this year.",Yahoo,https://finnhub.io/api/news?id=790919db011a8c012cd2a67539e7948a9fea2b12325c7bb4c22656eb9b7a3a53
2025-03-28 06:30:00,NVDA,"Prediction: This Artificial Intelligence (AI) Stock Will Join Nvidia, Meta Platforms, Apple, Microsoft, Amazon, and Alphabet in the Trillion-Dollar Club By The End of The Decade",The trillion-dollar club could be joined by an emerging cloud infrastructure player in the coming years.,Yahoo,https://finnhub.io/api/news?id=fc2c81c11e60b3a2badc45a74b4952e2513deb7a32d89c76675a91b9ef3d7043
2025-03-28 06:15:00,NVDA,Nvidia Stock Is Down Over 20% From Its All-Time High. Here's Why It Could Soar by the End of 2025.,"Nvidia (NASDAQ: NVDA) has been one of the companies that have been in the crosshairs of investors dumping stocks amid the market downturn.  This shouldn't surprise anyone since Nvidia has been one of the best-performing stocks over the past few years, and many investors have made huge unrealized gains.  Nvidia rose to become one of best AI stocks (if not the best) because it sells graphics processing units (GPUs) and the infrastructure to support them.",Yahoo,https://finnhub.io/api/news?id=a09a19188fd21143c5d9c3a472a4bc2b8f5bc809b99344fd3c0e41722c731dd7
2025-03-28 06:07:30,NVDA,AI Chips Today - Lantronix Launches Power-Efficient AI Module For Edge Applications,"Lantronix Inc. has introduced the Open-Q 8550CS System-on-Module (SOM), leveraging the Qualcomm Dragonwing QCS8550 processor to enhance Edge AI computing. This SOM is designed to deliver low-power AI and Machine Learning capabilities on-device, facilitating the development of industrial Edge AI products such as drones, robotics, and smart cameras across various industries including transportation and logistics. By integrating advanced computing and connectivity features, Lantronix aims to...",Yahoo,https://finnhub.io/api/news?id=8c0a6b610d82e6a5ee862fea6a44f19c65f94d28d1749e67d1db4788009d8668
2025-03-28 06:07:00,NVDA,TSMC Stock Is Tanking. JPMorgan Syas It Can Still Be a Trump Tariff Winner.,TSMC Stock Is Tanking. JPMorgan Syas It Can Still Be a Trump Tariff Winner.,MarketWatch,https://finnhub.io/api/news?id=775f80e2ff2384e9a641a7000d6539e09b1e1591a86180fd2764abbb19b0ea02
2025-03-28 06:00:30,NVDA,Tax Refund Tips To Turn Windfall Into A Financial Win,"If there's a upside to tax season, it's getting a tax refund from the IRS. The key is turning using the windfall wisely.",Yahoo,https://finnhub.io/api/news?id=39e9be0a444bc72e39ca8b2029eef8b234db4dcb2708fa2cd53e73b86fc2511b
2025-03-28 06:00:00,NVDA,"As Nvidia and Broadcom Fade, 3 Chip Stocks for AI’s Next Stage","As Nvidia and Broadcom Fade, 3 Chip Stocks for AI’s Next Stage",MarketWatch,https://finnhub.io/api/news?id=3279af3c86b9627dfe1ebe22c7327eb3aedda6c18475d940fc222252e5ae9544
2025-03-28 05:59:50,NVDA,"Social Buzz: Wallstreetbets Stocks Mixed Pre-Bell Friday; Tesla to Advance, Lululemon Athletica to Decline",The most talked about stocks in the Reddit subforum Wallstreetbets were mixed hours before Friday's,Yahoo,https://finnhub.io/api/news?id=b1fec2c763e128605206f1b0a5f0e33c973dc3b68dcaa59f16d8f4052bed8f75
2025-03-28 05:51:00,NVDA,Stocks Had a Bumpy Quarter. Why Trump’s Trade War Will Make Things Worse and 5 Other Things to Know Today.,"CoreWeave IPO tests appetite for new deals, Bezos and Gates pledge billions of dollars for child nutrition, and more news to start your day.",Yahoo,https://finnhub.io/api/news?id=10e701404969f1fd61d1605fba87975294601364ba0fdef62dbd3ae6f3f37598
2025-03-28 05:44:40,NVDA,Catch It At $35 If You Can: Initiating Super Micro Computer With A Buy,Super Micro Computer is well-positioned for the AI liquid-cooling demand despite competition. Learn why SMCI stock is a buy as it has an attractive entry point.,SeekingAlpha,https://finnhub.io/api/news?id=acf321bbd98f4675120fa1c431a80d0040ca2e29abc256d9b9ee0ea5fb753acf
2025-03-28 05:36:00,NVDA,How Nvidia saw $200 million evaporate after CoreWeave’s IPO pricing,How Nvidia saw $200 million evaporate after CoreWeave’s IPO pricing,MarketWatch,https://finnhub.io/api/news?id=f3cb45fd7f0a4c2025fd2a7cc612d729b4e28d1ad7b85daadd24bd1f82b99d80
2025-03-28 05:30:00,NVDA,Where Will Nvidia Stock Be in 4 Years? The Answer May Shock You.,Nvidia holds a dominant market share in the data center GPU space.,Yahoo,https://finnhub.io/api/news?id=d5371a31ee0566041bd55a9f75ac52e4c8d665b8e876b1e917f2b84ad09aaa21
2025-03-28 05:20:00,NVDA,"Investing $15,000 Into Each of These 3 Growth Stocks 10 Years Ago Would Have Generated Over $3.8 Million in Profit Today","Regardless of how much money you have available to invest in the stock market, it can be a good idea to spread it across multiple stocks.  It can be difficult to predict which stocks will be winners in the long run, so investing in several promising growth stocks is a way to increase the odds that you achieve significant returns.  Three stocks that have generated better than 10x returns over the past 10 years are Nvidia (NASDAQ: NVDA), Axon Enterprise (NASDAQ: AXON), and Builders FirstSource (NYSE: BLDR).",Yahoo,https://finnhub.io/api/news?id=d675b42cdba0bdddefc71bd10ac98802dde3690418a7e4eb7bededc8d68bde6d
2025-03-28 05:16:09,NVDA,Nvidia-backed CoreWeave's shares likely to open up to 25% above IPO price,CoreWeave's shares wereset to open up to 25% above their offer price in the company'sdebut on the Nasdaq on Friday. The Nvidia-backed AI infrastructure firm's stock wasindicated to...,Finnhub,https://finnhub.io/api/news?id=8744cd6984c46ec751863e1f3f7a623c50594fa1eafbf1a19c5e8a43ff9dbd68
2025-03-28 05:14:00,NVDA,"These Stocks Are Moving the Most Today: Tesla, AppLovin, Lululemon, U.S. Steel, Braze, Oxford Industries, and More","Tesla stock extends gains after Donald Trump’s announcement of auto tariffs, and Lululemon tumbles as the activewear company’s guidance misses analysts’ forecasts.",Yahoo,https://finnhub.io/api/news?id=628804d469b2224360b91530cb2074f880847856d497d218ddb03e397f73cee9
2025-03-28 05:00:49,NVDA,Trump is set on tariffing chips. It’s not so simple.,President Trump's plan to put 25% tariffs on chips isn't as easy as it might sound.,Yahoo,https://finnhub.io/api/news?id=4a17de9c41124b2ad849d9f390aaebf24bed95ca319090b81490a16feb7467b9
2025-03-28 05:00:00,NVDA,Large cryptocurrencies fall as Sui tumbles,Large cryptocurrencies fall as Sui tumbles,MarketWatch,https://finnhub.io/api/news?id=c226273342a4edaad0c8961476036b6d601ffe5f844f2f39d3a8c74855170191
2025-03-28 04:54:02,NVDA,Dow Jones Slides On Hot Fed Inflation Gauge; Lululemon Plunges On Earnings,Dow Jones Slides On Hot Fed Inflation Gauge; Lululemon Plunges On Earnings,DowJones,https://finnhub.io/api/news?id=08dcb986b8886525c76043479bf9e12754ff318326faa1e71ded905b32f29a29
2025-03-28 04:49:25,NVDA,CoreWeave IPO Prices Low As Nvidia-Backed Startup Faces Weak AI Stock Demand,CoreWeave IPO Prices Low As Nvidia-Backed Startup Faces Weak AI Stock Demand,DowJones,https://finnhub.io/api/news?id=5e1f180cd09570c0a71ef7e11a9a5c81d7c2b4f2712f448826406f55dbc75f08
2025-03-28 04:49:00,NVDA,"These Stocks Are Moving the Most Today: Tesla, AppLovin, Lululemon, U.S. Steel, Braze, Argan, Rocket Lab, and More","These Stocks Are Moving the Most Today: Tesla, AppLovin, Lululemon, U.S. Steel, Braze, Argan, Rocket Lab, and More",MarketWatch,https://finnhub.io/api/news?id=632fc99df6acfd62dfd8ec708374bd5c84c5311a76762527757ce831a6ec66ef
2025-03-28 04:48:08,NVDA,"CoreWeave: Rent Is Going Up, Get Out Now","CoreWeave, Inc.'s IPO faces challenges with outdated GPUs, mounting debt, and reliance on Microsoft. Click for our first look at the CRWV IPO as it begins trading.",SeekingAlpha,https://finnhub.io/api/news?id=66a77a585d80a87ecb1a4721a1a9fa921e9b71f41ad218a7fad4923478ae2490
2025-03-28 04:38:21,NVDA,Tesla's Damaged Brand Has Doomed FSD And Optimus,"Teslaâs brand damage and technological losses threaten its future. See why TSLA stock is under pressure, facing competition from Waymo, Nvidia, and BYD.",SeekingAlpha,https://finnhub.io/api/news?id=e755f959211d3f69daa2f3257962813e76f21a1fe5e234eda685b267104bb140
2025-03-28 04:17:00,NVDA,Nvidia Stock Stalls. Why Trump and China Are Key to AI Chip Maker’s Recovery.,"Nvidia  stock was flatlining early Friday.  Geopolitical concerns have weighed on the shares but Wall Street is backing the chip maker to roar back when the Trump administration provides more details about its chip-export policy.  Nvidia shares were broadly flat at $111.324 in premarket trading, while futures tied to the  index were down 0.4%.",Yahoo,https://finnhub.io/api/news?id=ef32abd523f3dba9c1a9ffee61a1de17e7b0c5da4e3df8c084451e8c0b916837
2025-03-28 04:00:00,NVDA,"ChatGPT's image generator, Nvidia's AI for gamers, and AI chip rules: AI news roundup",The U.S. is preparing to roll out rules that will impact global AI development — and it’s reportedly getting pushback on them from foreign government officials and tech company leaders.,Yahoo,https://finnhub.io/api/news?id=da80c43c1daf72b925ef0e5a5fa511a394b635ccca56c2cabc6dbd4c67b4df88
2025-03-28 03:28:00,NVDA,Why TSMC Stock Is a Winner Amid Trump Tariff Threats. What It Means for Intel.,Why TSMC Stock Is a Winner Amid Trump Tariff Threats. What It Means for Intel.,MarketWatch,https://finnhub.io/api/news?id=8b3f8e9bf4dbd0517f88d32a1343b80d24cef026c6c6649b262c97c23a52c67b
2025-03-28 03:17:05,NVDA,Dow Jones Futures Fall With Fed's Inflation Report Due; CoreWeave IPO Is Latest Bad Sign For AI Stocks,Dow Jones Futures Fall With Fed's Inflation Report Due; CoreWeave IPO Is Latest Bad Sign For AI Stocks,DowJones,https://finnhub.io/api/news?id=b198d3281b8dbcd776760c0186e6b291be79e5be74041d000e7676cd767688ac
2025-03-28 03:02:57,NVDA,Hyperscalers are driven to control the value chain by collaboration,"Hyperscalers have been making a strategic shift towards more customised, efficient, and competitive AI chip solutions tailored to their specific needs.",Yahoo,https://finnhub.io/api/news?id=53248b78380ad726c81c3a016774ce7043cdd657a06b2594121dadd510e848a5
2025-03-28 02:00:00,NVDA,6 Ultra SWANs Potentially Set To Soar In 2025,A portfolio composed of Ultra SWAN stocks can deliver strong returns for investors. Read about six stock selections that can deliver stable and strong results.,SeekingAlpha,https://finnhub.io/api/news?id=4fcb92cbdb19fe31c8b0ec9effb7b6af12bcc5019b07df56fcd85ac0926bda28
2025-03-28 01:58:27,NVDA,Wall Street Breakfast Podcast: Coffee Prices Poised To Perk Up,"Coffee to get pricier as companies pass on costs to consumers. CoreWeave sets IPO listing price at $40, less than its earlier midpoint. Levi Strauss in talks to sell Dockers brand to Marquee",SeekingAlpha,https://finnhub.io/api/news?id=00e65a0c90e73474480fb902f61b4861176b7f2aca610197be677eb04a686c95
2025-03-28 00:30:00,NVDA,The Next Phase of AI—and 22 Favorite Stocks—From Our Tech Roundtable Experts,"Investors are increasingly searching for AI’s payoff. The recent tech correction offers opportunities to grab stocks like Reddit, Intuit, and more at lower valuations.",Yahoo,https://finnhub.io/api/news?id=ce8475af9d03978438f4a324a9acda1ecbefc1b757cab0151141e6f62da4fc6f
2025-03-27 23:15:00,NVDA,Not That Keynote - Jensen Style,,SeekingAlpha,https://finnhub.io/api/news?id=27bdd6e3cfb6c5bfb2f75123676f9a4cea29fb1e2c0d1990706580b2c50c240f
2025-03-27 21:53:39,NVDA,CoreWeave Raises $1.5 Billion in Downsized IPO Below Price Target,"(Bloomberg) -- CoreWeave Inc. raised $1.5 billion in its initial public offering, a downsized deal that reflects how stock market volatility is hurting demand for even highly anticipated listings. Most Read from BloombergWhy Did the Government Declare War on My Adorable Tiny Truck?How SUVs Are Making Traffic WorseTrump Slashed International Aid. Geneva Is Feeling the Impact.Gold-Rush Fever Returns to Historic New Zealand Mining TownThese US Bridges Face High Risk of Catastrophic Ship StrikesThe",Yahoo,https://finnhub.io/api/news?id=e23cb80a124e29a486bac0e5eec69deb60e3bb4c5d68892a707e0489a00a56cf
2025-03-27 21:01:00,NVDA,"CoreWeave Prices IPO at $40, Well Below Estimates. It’s Another Headwind for AI and Public Markets.","The AI start-up priced its stock at $40, well below recent expectations for $47 to $55 a share. The listing has been seen as a test for both AI and the market for new stock.",Yahoo,https://finnhub.io/api/news?id=38ca690eb9d21180dc918035ceb6700de4685f33e67879eb1529a6107804d79d
2025-03-27 21:00:05,NVDA,"Nvidia-Backed CoreWeave Prices Its IPO at $40 Per Share, Below Expectations","CoreWeave, a cloud computing company backed by Nvidia, priced its initial public offering at $40 per share Thursday, below its previously expected range.",Yahoo,https://finnhub.io/api/news?id=e566f9db845a53f4436a247f4260ff67b86711a12b0a48a1a32b6fd5490c2734
2025-03-27 20:52:54,NVDA,Nvidia-backed CoreWeave prices downsized US IPO at $40 per share,"Nvidia-backed cloud computing firm CoreWeave said on Thursday it had priced its initial public offering at $40 per share, compared with the earlier range of $47 to $55 per share. The IPO size was also reduced to about 37.5 million shares, compared with the 49 million shares that CoreWeave and some existing investors had planned to sell earlier.",Yahoo,https://finnhub.io/api/news?id=f8750c5c725c58ff4f0484adbb5b43ed1d84c97d3913e4250aad75a3bf01b44a
2025-03-27 20:01:16,NVDA,Is NVIDIA Corporation (NVDA) the Top Blue Chip AI Stock to Buy According to Billionaire Cliff Asness?,"We recently published a list of the Top 10 Blue Chip AI Stocks to Buy According to Billionaire Cliff Asness. In this article, we are going to take a look at where NVIDIA Corporation (NASDAQ:NVDA) stands against other top blue chip AI stocks to buy according to billionaire Cliff Asness. Cliff Asness is one of […]",Yahoo,https://finnhub.io/api/news?id=58736ff296f004109856fb731af85c26c108f2cac5501490e2fbbca1fded66d8
2025-03-27 19:08:05,NVDA,"CoreWeave Goes Public at $40 Per Share, Raises $1.5 Billion","AI powerhouse Nvidia aims to anchor a $250 million order, Bloomberg reported.",Yahoo,https://finnhub.io/api/news?id=583caddf7b4cd3226f7acde7d570a615a36267e711ed11fa704db0aff1d3b004
2025-03-27 18:17:00,NVDA,Veteran fund manager offers blunt take after Nvidia stock drop,Here's what could happen to Nvidia shares next.,Yahoo,https://finnhub.io/api/news?id=3e802f7355daa13e7bfbace533d628224021020d1c8f9d73d9a30d39a6f1353b
2025-03-27 17:35:00,NVDA,Columbia Small Cap Growth Fund Q4 2024 Commentary,"For Q4 2024, the Columbia Small Cap Growth Fund returned 3.94%. Click here to read the full commentary. ",SeekingAlpha,https://finnhub.io/api/news?id=fd119dc59f3016323bc1e6184579deef5ecc1debf0b600093071c3b68f90bf63
2025-03-27 16:00:12,NVDA,Was Jim Cramer Right About Tesla (TSLA)?,"We recently published a list of Was Jim Cramer Right About These 13 Stocks? In this article, we are going to take a look at where Tesla, Inc. (NASDAQ:TSLA) stands against other stocks that Jim Cramer discussed. In the most recent episode of Mad Money, Jim Cramer shared his thoughts on how the government’s approach […]",Yahoo,https://finnhub.io/api/news?id=2a8bf32b0fd6f78506ed47ce98391c20f6190aaafbb9aa62758c538b01a2eb45
2025-03-27 15:57:33,NVDA,Morgan Stanley: NVIDIA (NVDA)’s GTC Proves Why AI Market Scepticism Is Misguided,"We recently published a list of the 10 AI Stocks Catching Wall Street’s Attention. In this article, we are going to take a look at where NVIDIA Corporation (NASDAQ:NVDA) stands against other AI stocks that are catching Wall Street’s attention. Beijing is reportedly boosting domestic AI firms that have received overseas recognition. In its latest, […]",Yahoo,https://finnhub.io/api/news?id=6025eb6b7a3acc26a0b378d3077853f7383773383a5ea3ce90f6dac2d7232e69
2025-03-27 15:47:50,NVDA,Tracking Cliff Asness' AQR Capital Management 13F Portfolio - Q4 2024 Update,"AQR Capital Management's portfolio grew to $77.63B with top stakes in Apple, Nvidia, Microsoft, Amazon and Alphabet. Read here for a portfolio update.",SeekingAlpha,https://finnhub.io/api/news?id=0f9f76ea1dfc19d71fbc8d6eed19477e768ee0f4440a5d4f249cf95c4ca85f2c
2025-03-27 15:30:39,NVDA,"In Geopolitical Chess, China's Latest Energy Norms Block Nvidia's Chip Strategy Amid US Sanctions","Geopolitical tensions between Washington and Beijing continue to intensify regarding access to artificial intelligence and other advanced semiconductor technology. The U.S. had imposed multiple semiconductor embargoes on China, restricting the latter’s exposure to cutting-edge technology from Nvidia Corp’s (NASDAQ:NVDA) and Taiwan Semiconductor Manufacturing Co (NYSE:TSM). The move is followed by China’s retaliation. China has introduced energy efficiency rules for using advanced chips that woul",Yahoo,https://finnhub.io/api/news?id=8eda2c9c91f4cb1361a39c19748b226c3be464a46a6a896a2603179eeb850358
2025-03-27 15:27:00,NVDA,"These Stocks Moved the Most Today: Tesla, GM, Ford, Nvidia, AMD, Super Micro, GameStop, Concentrix, and More","Shares of Tesla rise but General Motors and Ford fall after President Donald Trump slaps 25% tariffs on all cars made outside of the United States, Nvidia extends losses, and GameStop plans to sell $1.3 billion of notes to buy Bitcoin.",Yahoo,https://finnhub.io/api/news?id=abd8d5eeb6362595e5b6fac6f1f003659d9466a9ad8131836091c125cdf2c5fe
2025-03-27 15:06:04,NVDA,"AI Startup Challenges Arista, Nvidia, Cisco In Leading Edge Networking","Nvidia stock has struggled in 2025. Now new competition in networking is coming from startup Nexthop AI, founded by former Arista COO.",Yahoo,https://finnhub.io/api/news?id=7508235d7d82752149487739e889250138e2d5c5d1ac23e6608d8001e76f9368
2025-03-27 14:06:25,NVDA,Why Quantum Computing Stock IonQ Soared This Week,One of the leaders was IonQ (NYSE: IONQ) with a massive 237% gain.  IonQ shares are down by 43% year to date.  IonQ stock was up double-digits before paring some of those gains in late trading Thursday.,Yahoo,https://finnhub.io/api/news?id=9f7978b07ff828759bca63b6a1e31f40c5b4561258da9788fb3f2974c8c76fd5
2025-03-27 14:05:00,NVDA,"Death Cross Pattern Appears for NVIDIA Stock: Buy, Hold, or Sell?",Does the recent death cross mean investors should lose faith in Jensen Huang-led NVIDIA? Not really! Here's why -,Yahoo,https://finnhub.io/api/news?id=e5db1e1c3cce0f29292b7ed294de67ba45d9733b15ca3e564f7e15b20a505acf
2025-03-27 13:45:20,NVDA,AI reality bytes Nvidia-backed CoreWeave IPO,The biggest IPO of the year isn't going well. It could get worse.,Yahoo,https://finnhub.io/api/news?id=b12ea39d24b5abb065830c7ba0edde3724ecabcc9a494bd6976c6734ccfb9913
2025-03-27 13:26:56,NVDA,Nvidia-Backed CoreWeave Lowers IPO Target Amid Debt Load and Investor Skepticism,"CoreWeave slashes IPO size and valuation target, citing investor caution around debt and profitability",Yahoo,https://finnhub.io/api/news?id=6be5f04927d415f380f3b990e654e786766f68ddc17a5d7715fb76bf039cce6a
2025-03-27 13:09:00,NVDA,Intel’s New CEO Vows to Compete with Nvidia’s Best AI Server,Lip-Bu Tan said “developing competitive rack-scale system solutions “ will be a priority for him and his team.,Yahoo,https://finnhub.io/api/news?id=3d4c02f498a72f2442ddd49fa3dd0087a92039dc5be3e60b1ace5fd21b399b19
2025-03-27 12:52:49,NVDA,"Investor Calls Quantum Computing the Next AI, Touts IONQ","Quantum computing is the next AI and IonQ (IONQ) is the next Nvidia (NVDA), Sylvia Jablonski, the Chief Executive Officer and Chief Investment Officer of Defiance ETFs told CNBC earlier this week. Why Jablonski Is Bullish on Quantum and IONQ “AI came out of nowhere, we all thought it was a bubble, and now it […]",Yahoo,https://finnhub.io/api/news?id=b13d9cd6497f2b8046a8bea127f44c325e41b2dafdbe9cf94d90d70051879da1
2025-03-27 12:43:52,NVDA,Nvidia seen stepping in to prop up CoreWeave's struggling IPO,"CoreWeave, an AI cloud service provider, faces challenging IPO demand as it prepares for its listing on Friday, according to multiple sources. Initially, the company aimed to sell 49 million shares priced between $47 and $55, but due to weak demand, the share price is said to have been reduced to $40.",Yahoo,https://finnhub.io/api/news?id=0a7671782497c8e8fd531b324a9da49c9ad76bb1d1be1f944f5695511161796d
2025-03-27 12:17:11,NVDA,NVIDIA (NasdaqGS:NVDA) Eyes Lepton AI Acquisition; 4% Dip in Share Price,"NVIDIA (NasdaqGS:NVDA) recently made headlines as reports emerged about its potential acquisition of Lepton AI Inc., aimed at marking its entry into the server rental market. Despite these strategic developments, the company's shares experienced a 4% decline over the past week. This price drop aligns with broader trends, as the tech-heavy Nasdaq Composite faced downward pressure amid investor concerns about tariffs on automobile imports and general market uncertainties. Specifically, Nvidia...",Yahoo,https://finnhub.io/api/news?id=dc35a2c751037a5a2f617953eef82a2aba94eb2f81939c529a0f800e427383b1
2025-03-27 12:15:12,NVDA,Tech Down on Trade War Fears -- Tech Roundup,"Shares of technology companies fell as traders braced for an escalation in the trade war following the Trump administration's unveiling of steep auto tariffs. Shares of Tesla, which could benefit...",Finnhub,https://finnhub.io/api/news?id=ae050bb0ae2b1c22f56d4fcd72a4b2613363096228e4bccfd43f3e78b35c811f
2025-03-27 12:12:59,NVDA,"Cisco Systems, Inc. (CSCO) – Jim Cramer’s Take on the NVIDIA Partnership and Future Growth","We recently published a list of Did Jim Cramer Nail or Miss These 14 Stocks? In this article, we are going to take a look at where Cisco Systems, Inc. (NASDAQ:CSCO) stands against other stocks that Jim Cramer discusses. During the most recent episode of Mad Money, Jim Cramer described the current stock market as […]",Yahoo,https://finnhub.io/api/news?id=9f1ce7ccb9217c09314122bf8eb9e68d65a51ab05b065bb7d04df674a2961fa3
2025-03-27 12:05:24,NVDA,"Citing AI Lag, Jefferies Cuts AMD Rating to Hold, Lowers Price Target to $120",Jefferies downgraded AMD stock from Buy to Hold and lowered its price target from $135 to $120.,Yahoo,https://finnhub.io/api/news?id=313f31b25d3741d4ba422a5cba2b1f0c6615fd178ce12c4fec4c8bbbacedee50
2025-03-27 11:47:44,NVDA,BofA Says Nvidia Volatility May Persist Ahead of U.S. Export Rule Implementation,"Nvidia (NVDA, Financials) shares may remain volatile until mid-May as investors await clarity on the U.S. government's planned export controls on artificial intelligence semiconductors, according to Bank of America.  In a recent report, Bank of America analyst Vivek Arya said the volatility may last until May 15, when the United States plans to apply the ""AI Diffusion Rule"" of the Biden administration.  Arya called the day ""Liberation Day,"" implying it may be a turning point in how Nvidia's China-related concerns are seen by markets.Through its H20 graphics processing chips, or GPUs, Arya said Nvidia had around 10% direct income exposure to China, which the suggested legislation might influence.",Yahoo,https://finnhub.io/api/news?id=213953e7aea921454b814f32e08885d844a53a4438b976f7ce5dadcfb23defab
2025-03-27 11:38:00,NVDA,AMD is struggling against Nvidia. It could soon face a resurgent Intel as well.,AMD is struggling against Nvidia. It could soon face a resurgent Intel as well.,MarketWatch,https://finnhub.io/api/news?id=4cf60e6898fcba027050eb333e2b3bf550671f2167217743c3ac3f8c1036e599
2025-03-27 11:23:21,NVDA,Jim Cramer on NVIDIA (NVDA): “They Were Remarkable”,"We recently published a list of Jim Cramer Discusses These 7 Stocks & Is Sick And Tired Of Negativity. In this article, we are going to take a look at where NVIDIA Corporation (NASDAQ:NVDA) stands against other stocks that Jim Cramer discussed. In a recent appearance on CNBC’s Squawk on the Street, Jim Cramer shared […]",Yahoo,https://finnhub.io/api/news?id=a3de76b9b17c71f8356258ce2ef1355524c6971f45668a014c33889ef274248f
2025-03-27 11:23:03,NVDA,Nvidia reportedly in talks to buy Lepton AI,This acquisition would follow Nvidia's recent purchase of San Diego-based synthetic data startup Gretel.,Yahoo,https://finnhub.io/api/news?id=74583832507fc0f5aea08af0654413d489346348b6766b4a3e5fcebf93c703c3
2025-03-27 11:23:00,NVDA,Agentic AI Set to Transform Industries in 2025: 4 Stocks to Watch,"UiPath, Zoom Communication, NVIDIA and Microsoft are leading the charge in transforming industries with agentic AI advancements in 2025.",Yahoo,https://finnhub.io/api/news?id=cc812157baf70daf4e6bddf21641230bf1f61844c3e75af26f785c9b80d7a5c1
2025-03-27 11:20:43,NVDA,"Jim Cramer on JPMorgan (JPM): Analyst “Calls JPMorgan, the NVIDIA of Banking!”","We recently published a list of Jim Cramer Discusses These 7 Stocks & Is Sick And Tired Of Negativity. In this article, we are going to take a look at where JPMorgan Chase & Co. (NYSE:JPM) stands against other stocks that Jim Cramer discussed. In a recent appearance on CNBC’s Squawk on the Street, Jim […]",Yahoo,https://finnhub.io/api/news?id=12c6fb95976248c3a2d35b3ce37e464de3315bf3b3ab0959ae59b025a03b06b9
2025-03-27 11:20:00,NVDA,"Advanced Micro Devices, Robinhood, 23andMe: Market Minute","Wealth host Brad Smith goes over some of the trading day's top stories on this segment of Market Minute. Advanced Micro Devices (AMD) stock is under pressure after the company was downgraded by Jefferies, citing AMD's difficulty keeping up with Nvidia (NVDA). Robinhood (HOOD) introduces new banking services and wealth management services for customers. 23andMe (ME) skyrockets after receiving approval to sell customer data in its bankruptcy proceedings. Stay up to date on the latest market action, minute-by-minute, with Yahoo Finance's Market Minute.",Yahoo,https://finnhub.io/api/news?id=cff5d5e54e779931146e44b1e76d11df53685377e2409d0e20178fe2f5f6f0cf
2025-03-27 10:52:30,NVDA,"AMD Stock Slips as Jefferies Downgrades, Says Nvidia Has 'Significant' Advantage","Advanced Micro Devices shares lost ground Thursday as Jefferies analysts downgraded the stock, saying they expect the performance gap between AMD's latest products and Nvidia's to widen.",Yahoo,https://finnhub.io/api/news?id=7f076bc3694a58811cf4c50dbc75366af6f065877c10ff8d05a1336445bd4848
2025-03-27 10:51:48,NVDA,"Top Midday Stories: Tesla Shares Rise, Others Fall Post-Tariff Announcement; Nvidia-Backed CoreWeave to Cut IPO to $1.5 Billion",All three major US stock indexes were up in late-morning trading Thursday as investors weigh the lat,Yahoo,https://finnhub.io/api/news?id=5cffa5040740abef296e42f180edbd802708e5516ef1ddd190bc57ff2cd26850
2025-03-27 10:28:56,NVDA,"Bank of America: NVDA Will Ultimately Head Higher, Driven by Very Strong Fundamentals","Nvidia’s (NVDA) fundamentals are “rock solid,” and the company’s powerful business will ultimately propel its shares higher, Vivek Arya, Bank of America’s Senior Semiconductor Analyst told CNBC today. Arya: Fundamentals Will Triumph Over Fears Worries over geopolitical issues and new restrictions that could be placed on the export of Nvidia’s chips have been holding its […]",Yahoo,https://finnhub.io/api/news?id=18cb36b9b500a1deaaab2bd7da82493012dcc16605400faa7fbd23bb5889b391
2025-03-27 10:23:21,NVDA,"Nvidia May Stay Choppy Until U.S. AI Chip Rule Kicks In, BofA Says","Analyst Vivek Arya maintains Buy rating on Nvidia, citing long-term strength despite short-term geopolitical risks",Yahoo,https://finnhub.io/api/news?id=ab603b6b93345da4a0c642d427b16e4b6e552f756979fd433d82301ec23ba2b7
2025-03-27 10:16:00,NVDA,CoreWeave’s IPO Is a Huge Test for Public Markets and the Future of AI,"The AI start-up has set a price range of $47 to $55 for the IPO, giving CoreWeave a market value of some $30 billion. But the final price won’t be set until Thursday night.",Yahoo,https://finnhub.io/api/news?id=bb6298e78fa865e6c4b6bb8d784a1b76a6e5f3cc02afd287bf966768af502084
2025-03-27 09:58:47,NVDA,Amkor Technology: Still Reeling From Apple's Setback,Discover why Amkor Technology's stock has plunged 60% and explore analysis on its recovery prospects amidst challenges in the OSAT industry. Read why AMKR is a Hold.,SeekingAlpha,https://finnhub.io/api/news?id=269cb76f86ac740484e9cb861d050d4d12117d202bc33656caf802feeb71e2ca
2025-03-27 09:54:51,NVDA,Nvidia in Talks to Acquire AI Startup Lepton for Hundreds of Millions,Nvidia Reportedly Close to Buying Lepton AI to Bolster AI Server Business,Yahoo,https://finnhub.io/api/news?id=1953cbd1dc825919721a5cb463a5e93ac207e5ded1b843e5acbec746c34c593a
2025-03-27 09:43:00,NVDA,Is IonQ a Buy?,IonQ shares have dropped 53% from January highs. Is this quantum computing pioneer now a bargain or still too speculative?,Yahoo,https://finnhub.io/api/news?id=81c6d06ce34a8e8de619914dfd31525a4a9a0702e165c43b1db655956b8f0fff
2025-03-27 09:42:10,NVDA,Jim Cramer: ‘Owning NVIDIA (NVDA) Has Become a Heavy Burden’ – Is the AI Boom a Bubble?,"We recently published a list of Jim Cramer Discussed These 6 Stocks Recently. In this article, we are going to take a look at where NVIDIA Corporation (NASDAQ:NVDA) stands against other stocks that Jim Cramer discussed. On Tuesday, Jim Cramer, host of Mad Money, defended the growing wave of artificial intelligence investment, drawing a distinct […]",Yahoo,https://finnhub.io/api/news?id=00995c542d5bec8b5ceef8c4800e6ff489fcc3b6083a1e1ada29389e3360737c
2025-03-27 09:41:00,NVDA,Here are the chips that Nvidia can sell to China,"After the U.S. placed chip-export controls on China in October 2022 to curb the country’s technological advances, U.S.-based chipmaker Nvidia (NVDA) designed less-powerful versions of its artificial intelligence chips to continue its presence in the Chinese market while complying with the rules.",Yahoo,https://finnhub.io/api/news?id=280cd39c0a3f5587991f2748ea3cc8e87b29dda07dd1174656102350b6ea7d36
2025-03-27 09:29:00,NVDA,AMD Stock Gets a Downgrade. Why It Has a Problem With Its AI Chips.,"AMD has fallen short of the market’s hopes for its AI business, as Nvidia continues to dominate. There is little sign of that changing, according to Jefferies.",Yahoo,https://finnhub.io/api/news?id=43046b49cc1e42c4f9ae409a5cf73980370f19caac5f2dc7b7b187b84df87dff
2025-03-27 09:22:38,NVDA,Not A No. 2 To Nvidia: Initiating AMD With A Strong Buy,"Advanced Micro Devices, Inc. is a strong long-term buy with undervaluation, diverse growth in AI, and great potential amidst trade tensions. Click for more on AMD.",SeekingAlpha,https://finnhub.io/api/news?id=21aacaf36974e48d71be4ec01df0e3780ded116b57651917010987badb077105
2025-03-27 09:18:00,NVDA,"Dow's 100-point fall led by losses in Goldman Sachs, 3M shares","Dow's 100-point fall led by losses in Goldman Sachs, 3M shares",MarketWatch,https://finnhub.io/api/news?id=62371f9db23e7ba1edca8d7e9a76c4a2fb327770ae4f3a3e66aee88c31660198
2025-03-27 09:00:38,NVDA,TD Cowen sees slower data center equipment purchasing as negative for Vertiv,"TD Cowen analysts led by Michael Elias tell investors that the firm’s channel checks at Nvidia’s (NVDA) GTC event and DCD Connect indicate aggregate data center demand has increased year-over-year, despite more pervasive lease cancellations and deferrals by Microsoft (MSFT) than initially thought. The pullback from Microsoft has created an opportunity for both Google (GOOGL) and Meta (META) to backfill capacity, the firm says. Hyperscale redesigns for higher densities are driving slower DC equip",Yahoo,https://finnhub.io/api/news?id=15d54343d858c9f32eecc0f49a6160f9ed318e4765d8ff18180ea76540042256
2025-03-27 05:46:27,NVDA,AMD Stock Downgraded As Chipmaker Lags Nvidia In AI,AMD Stock Downgraded As Chipmaker Lags Nvidia In AI,DowJones,https://finnhub.io/api/news?id=a3e427d16dbbba6c5b3a197874d9a7be0e7e8e97a6ff54e2c7e22cf58607ae66
2025-03-01 02:05:00,NVDA,7 Stocks I'm Buying As The U.S. Economy Starts To Crack,"Explore nonpartisan investment insights, REIT opportunities, and defensive strategies amid economic risks.",SeekingAlpha,https://finnhub.io/api/news?id=29afacef1cfe39035c00ce4fbbf881fc0062866511e853bf46b9fdb630070b37
2025-03-01 00:37:28,NVDA,What Moved Markets This Week,"The U.S. stocks fell about 1% this week, closing a tough February overall for markets. Read more about this week's major events on Wall Street.",SeekingAlpha,https://finnhub.io/api/news?id=da5cf696727b3119b0908a5d59ffc07906887667c5077a7c2f5360e9f454bf5c
2025-02-28 18:57:43,NVDA,Broadcom: Must Hold Until Correction Stops,"Broadcom (AVGO) is a 'hold' despite AI-driven growth. Read here for more on valuation concerns, market risks, and AVGO stock's role in AI chip supply.",SeekingAlpha,https://finnhub.io/api/news?id=84b35f67f6c9e06814fddb8a51bb51162d9614c2229209b82d0ccb1eeecc5c9c
2025-02-28 11:11:00,NVDA,"The Score: Home Depot, Nvidia, Tesla and More Stocks That Defined the Week","The Score: Home Depot, Nvidia, Tesla and More Stocks That Defined the Week",DowJones,https://finnhub.io/api/news?id=cf9e745e0cc57d95b77a13e3b5f604eab9c159c8e97fc092dd18cfb156d831ab
2025-02-28 10:53:24,NVDA,Nvidia: Expect Growth Momentum To Continue With The Rise Of Agentic AI,,SeekingAlpha,https://finnhub.io/api/news?id=92b24746c9aaf85830c73260944aca11a3215228246c28c95c906a51afe65ba8
2025-02-28 10:41:10,NVDA,Hedge funds ramp up bets on falling stocks,"Global hedge funds sold more stocks than they bought by the largest amount in a year, mainly driven by their bets that stocks will drop, a Goldman Sachs note showed on Friday. The note...",Finnhub,https://finnhub.io/api/news?id=3712b6f0b0dca4e21454e56a8b7b4d02b07d32fbe1a6ffe4b3885aa75939f600
2025-02-28 09:56:59,NVDA,"Nvidia: Growth Normalization Continues, Slower Margin Recovery Ahead (Upgrade)","Nvidia Corporation surpasses 4Q FY2025 expectations, but growth slows in FY2026. Click for NVDA key challenges, AI prospects, and updated stock valuation.",SeekingAlpha,https://finnhub.io/api/news?id=19badcd4b45ba3fc2303ee0ac2df6dc4ec9e46a170d45d1ac4f11f9ec05a8cd0
2025-02-28 09:33:00,NVDA,"Dow up 316 points on gains in 3M, Goldman Sachs shares","Dow up 316 points on gains in 3M, Goldman Sachs shares",MarketWatch,https://finnhub.io/api/news?id=e3992976fe45724e665f5704e87589d4fc0b1cae58be723a6b947b06136d2703
2025-02-28 09:29:48,NVDA,3 Predictions For March,"Read about 3 key market predictions for March amidst rising volatility, economic slowdown concerns, and persistently high-tech sector valuations. Read what investors need to know.",SeekingAlpha,https://finnhub.io/api/news?id=f17256feb074114e004a997594a36489ff4a1e2de58be30e639ca40f8a649f6b
2025-02-28 09:05:30,NVDA,AI Spending Sustainability,"The introduction of Deepseek's model is not a long-term risk for Nvidia. The market is still at the early stage of adopting rack scale compute. Lei Qiu, Chief Investment Officer at Alliance...",Finnhub,https://finnhub.io/api/news?id=e6ba5ad7c71fb13d22768222b0f35a1ed505067eb728d4280dda69f3a85df97b
2025-02-28 08:00:09,NVDA,Stock Market Today: Indexes Wobble As White House Meeting Heats Up (Live Coverage),Stock Market Today: Indexes Wobble As White House Meeting Heats Up (Live Coverage),DowJones,https://finnhub.io/api/news?id=fd219b819362742afd9a33af8864c8bc7a0ebde6fb7d1b3661defccf24377fe9
2025-02-28 07:39:00,NVDA,Chip and Software Stocks Are Below Key Levels. How Low They Could Go.,Chip and Software Stocks Are Below Key Levels. How Low They Could Go.,MarketWatch,https://finnhub.io/api/news?id=6d6b86757aa392a1f44fdd535ec77d045199980efcc11f57dfb5669ad9815b1b
2025-02-28 07:38:00,NVDA,Apple Once Lagged in AI. That’s Helping the Stock Today.,Apple Once Lagged in AI. That’s Helping the Stock Today.,MarketWatch,https://finnhub.io/api/news?id=5405f543fdc6dde5c50a321c2310f93336eb1f7a2c31e9f56a4c3d4de12c0da9
2025-02-28 07:17:51,NVDA,"Tradeweb, Stock Of The Day, Flashes Bullish Sign As It Eyes Early Entry","Tradeweb, Stock Of The Day, Flashes Bullish Sign As It Eyes Early Entry",DowJones,https://finnhub.io/api/news?id=eb55ec9429fae2b00aa44233c03598e00b5652ac1bc38dce777a7a2fba447ecb
2025-02-28 07:11:00,NVDA,How you as an investor can avoid mistakes that are made even by Warren Buffett and other market veterans,How you as an investor can avoid mistakes that are made even by Warren Buffett and other market veterans,MarketWatch,https://finnhub.io/api/news?id=628f447a38e1afb570aa883ec7532454b6e2282d092d1669f7742426e12b9dc3
2025-02-28 07:00:00,NVDA,"Nvidia's Solid Earnings, Jobs Expectations And Fighting Inflation","Nvidia's solid earnings, jobs expectations and fighting inflation.",SeekingAlpha,https://finnhub.io/api/news?id=2344ba96e8abf260312750cca232baedeaf3c1b8e70eb3a3fba49e9be48a9a23
2025-02-28 06:50:00,NVDA,Nvidia Stock Rises. It’s Cheaper Than Walmart.,Nvidia Stock Rises. It’s Cheaper Than Walmart.,MarketWatch,https://finnhub.io/api/news?id=f081b129279d2abc113af5c64686b65de36392b981718a62656927a874c05bb0
2025-02-28 06:48:00,NVDA,"These Stocks Are Moving the Most Today: Nvidia, Dell, Tesla, HP Inc., Acadia Healthcare, NetApp, Duolingo, SoundHound, and More","These Stocks Are Moving the Most Today: Nvidia, Dell, Tesla, HP Inc., Acadia Healthcare, NetApp, Duolingo, SoundHound, and More",MarketWatch,https://finnhub.io/api/news?id=7e5b8f63008b66421f63cdea4a75922b5476ee79be50006d8f6a267f8e395ff2
2025-02-28 06:40:00,NVDA,Super Micro Computer Is the S&P 500’s Top Stock in February. Why It Rallied.,Super Micro Computer Is the S&P 500’s Top Stock in February. Why It Rallied.,MarketWatch,https://finnhub.io/api/news?id=3353a8a77869f7ba9c5fd74678f28a535f0d2961940cf3d92b2428fbdb01a172
2025-02-28 06:26:00,NVDA,AI Stocks May Be Falling but the AI Trade Is Far From Over,AI Stocks May Be Falling but the AI Trade Is Far From Over,MarketWatch,https://finnhub.io/api/news?id=5c05560a81b269500b2db6ad9e354f835e77cf2a27984bc7ad3403f01784bc13
2025-02-28 06:18:25,NVDA,"Stock Market Suffers Sharp Losses As Nvidia, Tesla Dive; Nutanix Jumps: Weekly Review","Stock Market Suffers Sharp Losses As Nvidia, Tesla Dive; Nutanix Jumps: Weekly Review",DowJones,https://finnhub.io/api/news?id=eaa97bcf3a2b366068bf827c915f97c048e994c806977b11bc7bc4096d4f77dd
2025-02-28 05:52:10,NVDA,The 'Magnificent Seven' are having their worst month ever,The 'Magnificent Seven' are having their worst month ever,MarketWatch,https://finnhub.io/api/news?id=6e1553bee5ca487af11b2b7ef3fea18b9ec02299559edd646976dee0364076ec
2025-02-28 05:17:26,NVDA,Alibaba: China Tech Leader Making A Comeback Of Epic Proportions,"Alibaba investors have experienced an incredible surge in recent weeks, taking it to highs last seen in late 2021. Read the latest stock report here after earnings were reported.",SeekingAlpha,https://finnhub.io/api/news?id=2eff317a553fbf411bba94af4f4a18bb34723a0e7247b06a9c8b9f16fe60b58b
2025-02-28 05:11:00,NVDA,Super Micro is back in compliance. Is that enough to make its stock a buy?,Super Micro is back in compliance. Is that enough to make its stock a buy?,MarketWatch,https://finnhub.io/api/news?id=af86842d328e3d729f33209fa065ff19617720b21b5005392b2a4e8765b0544a
2025-02-28 05:10:06,NVDA,Nvidia Could Face 'Significant' New China AI Trade Restrictions,Nvidia Could Face 'Significant' New China AI Trade Restrictions,DowJones,https://finnhub.io/api/news?id=1499e6b6e2f7480c7a76613c042b08aa734214aa0a5c82d65fefa856c3162bda
2025-02-28 04:59:00,NVDA,The U.S. Stock Market Is Looking Played Out. It’s Time to Shift Some Assets Abroad.,The U.S. Stock Market Is Looking Played Out. It’s Time to Shift Some Assets Abroad.,MarketWatch,https://finnhub.io/api/news?id=0ea3e500b8fc8f07ccce21f1ceecbdafa6c25b5dd6642046c6359784f7e26adb
2025-02-28 04:28:26,NVDA,"Stocks shake off early losses as S&P 500, Nasdaq turn higher","Stocks shake off early losses as S&P 500, Nasdaq turn higher",MarketWatch,https://finnhub.io/api/news?id=aa991a3ae65c251861cc5f020c4929dc7e239f713a1538eff95fda7f645f995c
2025-02-28 04:04:15,NVDA,Dow Jones Rises On Inflation Data; Nvidia Extends Sell-Off After Plunge Below Key Level,Dow Jones Rises On Inflation Data; Nvidia Extends Sell-Off After Plunge Below Key Level,DowJones,https://finnhub.io/api/news?id=636dbda5efb1764370cbe648c73a6018e52b61ac0ad29955734a182531cd2d94
2025-02-28 04:00:00,NVDA,"Most large cryptocurrencies fall on Dogecoin, Avalanche drops","Most large cryptocurrencies fall on Dogecoin, Avalanche drops",MarketWatch,https://finnhub.io/api/news?id=99c2a9419a1ba3a53c7691485d37a73a8f5e7c37309fd1b3ac4dc4dc99875372
2025-02-28 03:47:00,NVDA,Super Micro Stock Is Dropping. Goldman Sachs Warns of These SMCI Risks.,Super Micro Stock Is Dropping. Goldman Sachs Warns of These SMCI Risks.,MarketWatch,https://finnhub.io/api/news?id=7ceefae29bcb766d6dc87ecd60c28af01b47070cf786ced0ff408ad4a0fdfe61
2025-02-28 03:41:00,NVDA,"Bitcoin Price Briefly Drops Below $80,000, XRP Tumbles. Why the Crypto Selloff Is So Brutal.","Bitcoin Price Briefly Drops Below $80,000, XRP Tumbles. Why the Crypto Selloff Is So Brutal.",MarketWatch,https://finnhub.io/api/news?id=40ffff41fa7c16811d0fe2f0f0a790b4a6f81378836f71da5fd6567d1b7f6dae
2025-02-28 03:30:00,NVDA,How U.S. ‘mini-stagflation’ and the yen could shock financial markets,How U.S. ‘mini-stagflation’ and the yen could shock financial markets,MarketWatch,https://finnhub.io/api/news?id=e8253a6ae28962a67242b291d359c50b25d8a9ced42d855b72329bc1d09b9e72
2025-02-28 03:30:00,NVDA,Artisan Global Value Fund Q4 2024 Commentary,"The MSCI EAFE Index, a broad measure of non-US markets, gained just under 4% in US dollar terms compared to the S&P 500Â®Â Index returning 25% in 2024.",SeekingAlpha,https://finnhub.io/api/news?id=78cd9a00ccebe76940850f06479c008d69f02aed63a6100592ae08b14a159098
2025-02-28 03:23:26,NVDA,"Nvidia: Don't Fall For The Selloff, New-All Time Highs Likely In 2025",Nvidia Corporation Q4 earnings exceed expectations with strong AI-driven growth. Data Center revenue up 93% YOY; $50B buyback planned. Click for my NVDA update.,SeekingAlpha,https://finnhub.io/api/news?id=00d1002eac7020984b91fa5f488bf2d5664f6e144603d95c8e357b92ffaed6b4
2025-02-28 02:55:00,NVDA,Chart Of The Day: What's Happening To The Not-So-Magnificent 7?,"The Magnificent 7 arenât looking so magnificent. In fact, theyâre not even looking good. SPY was recently up about 1.4% YTD. Six out of seven of the âMagnificentsâ are underperforming that.",SeekingAlpha,https://finnhub.io/api/news?id=fa1ad01b6fd403fc9eba0ccde230555718e73f672b10c98d5f3da6eca43b07da
2025-02-28 02:30:00,NVDA,"Nvidia With No Downside Risk, Using Options","Nvidiaâs stock volatility calls for the ""dog collar"" strategy to manage risk. Read why NVDA stock is a strong choice for this approach, ensuring high gains.",SeekingAlpha,https://finnhub.io/api/news?id=9d167c0025de79b4d16eb3e800d3527ebebf77bd960ca6c03d0b3c84082dff23
2025-02-28 02:05:29,NVDA,"Dow Jones Futures Rise, Fed Inflation Gauge Due After Nasdaq, Nvidia Break Key Levels","Dow Jones Futures Rise, Fed Inflation Gauge Due After Nasdaq, Nvidia Break Key Levels",DowJones,https://finnhub.io/api/news?id=ff539232618771b51d756e9cd9ee5c29698b13e1a1b24411a0e4d0d9a9c459a7
2025-02-28 00:42:00,NVDA,Trump Tariffs and Tech Troubles Are Hitting Markets. Why This Slump Feels Different and 5 Other Things to Know Today.,Trump Tariffs and Tech Troubles Are Hitting Markets. Why This Slump Feels Different and 5 Other Things to Know Today.,MarketWatch,https://finnhub.io/api/news?id=b2aef1183f126cbf6a5a1b9d849f93e36100e27800b88cd49999ebb41c0a2552
2025-02-28 00:15:00,NVDA,John Hancock Asset Allocation Fund Q4 2024 Commentary,The John Hancock Asset Allocation Fund's  equity portfolio outperformed primarily due to favorable security selection in Q4 2024. Click here to read the full commentary. ,SeekingAlpha,https://finnhub.io/api/news?id=b65f4a3441eb72344c39142169127126c9688e821393b2142f6d27d5e3218377
2025-02-27 23:35:00,NVDA,Managing Nvidia's Single-Stock Risk Through Diversified Semiconductor Exposure,"Semiconductors are at the core of global innovation, powering advancements in artificial intelligence, cloud computing, autonomous vehicles, and more.",SeekingAlpha,https://finnhub.io/api/news?id=9575076ad16cc8a296e279671ed9a1f3cf9a52b3886dc70d9aab7286e5de3ead
2025-02-27 21:50:00,NVDA,Earnings Season Wraps Up: U.S. CEOs Signal Highest Confidence In 2 Years,"The Q4 2024 earnings season tapers off from here, with S&P 500Â® EPS growth surpassing 17%, the highest in 3 years.",SeekingAlpha,https://finnhub.io/api/news?id=dd367e0ccff520dcd4fd317271b4606a01cfc8fe9bacda2705402280b73bae3d
2025-02-27 21:20:04,NVDA,Nvidia Q4 Earnings Review: Losing On AI Inference,"Nvidia's Q4 beat EPS/revenue, but falling margins and high GPU TCO raise concerns. See here to know why we are bearish on NVDA stock and rate it a sell.",SeekingAlpha,https://finnhub.io/api/news?id=899866d3207281d503ed82c0f4e3d6c1770c0722d54227996d15a7ee9bf636c5
2025-02-27 17:55:00,NVDA,Auxier Asset Management Winter 2024 Market Commentary,Auxier Focus Fundâs Investor Class declined 2.06% in the fourth quarter 2024. Click here to read the full commentary. ,SeekingAlpha,https://finnhub.io/api/news?id=9535a4bbfa9ae344f812c5953ca808c3517c90e3871f4f8e83591fc37748c17f
2025-02-27 14:13:18,NVDA,Nvidia: 3 Key Takeaways From The Earnings Season,"NVIDIA's latest earnings reveal strong results, future growth prospects, and AI dominance. Read here to know why NVDA stock is buy rated.",SeekingAlpha,https://finnhub.io/api/news?id=d299b67175fee18222d32f40aab0b9c105fd0ccfd7794f60c5f986f60ed7b5e1
2025-02-27 13:27:19,NVDA,Tracking Chase Coleman's Tiger Global Portfolio - Q4 2024 Update,"Tiger Global's 13F reveals a $26.46B portfolio with top holdings in Meta, Microsoft & Alphabet. Read here for an update on additions and decreases.",SeekingAlpha,https://finnhub.io/api/news?id=c7d354e4ade5e63fe79549a930e8dcfdf7e00b99cc3518adbe93acd3f30341b3
2025-02-27 12:21:18,NVDA,Nvidia And The Law Of Large Numbers,"Nvidia Corporation faces slowing growth, competition, and rising expenses, making NVDA a less attractive long-term investment. Click for our earnings NVDA update.",SeekingAlpha,https://finnhub.io/api/news?id=5d987bfd6dd9ce7213528f45c305a5ea09681b0e50b4fe9db1f5ce88d8462fed
2025-02-27 12:03:57,NVDA,"AMD: Unrelenting Carnage, But A Tactical Trade Emerges","Discover why Advanced Micro Devices, Inc.'s stock drop presents a buying opportunity with growth prospects, improved margins and growth. Click for our AMD update.",SeekingAlpha,https://finnhub.io/api/news?id=a87904f24c38a6c2af464581df12204dddaf71c3869f7ba68b13a81628a1068f
2025-02-27 11:33:00,NVDA,Nvidia Is Firing on All Cylinders. Somehow the Stock Looks Cheap.,Nvidia Is Firing on All Cylinders. Somehow the Stock Looks Cheap.,MarketWatch,https://finnhub.io/api/news?id=cfcbc9379f0afd54d1d3d256c9e7fe61f578eaec37f1adbaa4600dc6e2ac49ee
2025-02-27 10:58:00,NVDA,Why Nvidia earnings report is good news for its Big Tech rivals,Why Nvidia earnings report is good news for its Big Tech rivals,MarketWatch,https://finnhub.io/api/news?id=862919374d17a68eb78b57fcd702104f29ce8099f34995ccf3b32d4071b2da33
2025-02-27 10:57:37,NVDA,"Stock Market Today: Nasdaq Plunges 2.8%, To Lowest Level In Nearly 4 Months; Other Indexes Also Fall Sharply (Live Coverage)","Stock Market Today: Nasdaq Plunges 2.8%, To Lowest Level In Nearly 4 Months; Other Indexes Also Fall Sharply (Live Coverage)",DowJones,https://finnhub.io/api/news?id=d558d1ecb07977e353d2b5b4c22108d2dcf5339ffddc1d51bce8b0f86c6e8e86
2025-02-27 10:45:00,NVDA,How Nvidia Adapted Its Chips to Stay Ahead of an AI Industry Shift,How Nvidia Adapted Its Chips to Stay Ahead of an AI Industry Shift,DowJones,https://finnhub.io/api/news?id=da1f5410683db0795c19d0818a8e4ec5385378c8fcbec42a657318f4fa77245f
2025-02-27 10:35:00,NVDA,"Nasdaq, S&P Drop; Dow Near Flat","Nasdaq, S&P Drop; Dow Near Flat",DowJones,https://finnhub.io/api/news?id=836c7f600defc0baede85eca21b141bc6daf34015d9ecb0a94f99a292f37333d
2025-02-27 10:30:39,NVDA,"Nvidia Slides As AI Giant Touts Blackwell Momentum, But Margin Worries Hit Stock","Nvidia Slides As AI Giant Touts Blackwell Momentum, But Margin Worries Hit Stock",DowJones,https://finnhub.io/api/news?id=5f52aca0722b3b3df2ef87fc4108003a9ed93a348eda59630b4fa4cd29ad903d
2025-02-27 10:07:14,NVDA,"Nvidia, Palantir, Google Highlight Vicious Volatility. Now What?","Nvidia, Palantir, Google Highlight Vicious Volatility. Now What?",DowJones,https://finnhub.io/api/news?id=5c2bae3c83a509aed16c9d7b69baac3c3b9869053f187d7551dff3c361dd0fbf
2025-02-27 08:45:38,NVDA,Nvidia Is Still Experiencing Amazing Growth,Nvidia Corporation leads data center dominance with AI-driven innovation and diverse strategies. Click here to find out why NVDA stock is a Buy.,SeekingAlpha,https://finnhub.io/api/news?id=b2691cf5cadd8438a86f600b1a9b02ed8c6aac7b88fb14ca50ddc6fa3989e704
2025-02-27 08:21:34,NVDA,Nvidia's Q4 And The Trillion Dollar Question: Does DeepSeek Matter?,Nvidia Corporation beats Q4 estimates with $40B revenue & $0.89 EPS. Strong data center demand offsets valuation concerns. Read more here.,SeekingAlpha,https://finnhub.io/api/news?id=03662938a9e29c34364c7bd70137a4c111a999e72a44cbd1101df8b3febe14d2
2025-02-27 07:59:36,NVDA,"Nvidia: A Bumpy Road Ahead This Year, But I'm Still Bullish Over The Longer Term","Nvidia Corporation's strong results and AI advancements signal long-term growth potential, despite a mixed mid-term outlook. Click for my NVDA stock update.",SeekingAlpha,https://finnhub.io/api/news?id=bcb1c5931195c72e3e473f5940371b5419ac9331b1a954b8d9850549860d73ec
2025-02-27 07:55:18,NVDA,Protect Yourself From Nvidia Stock's Shakes And Tumbles With This Trading Technique,Protect Yourself From Nvidia Stock's Shakes And Tumbles With This Trading Technique,DowJones,https://finnhub.io/api/news?id=9759f0888bbb3bc20196a01726beb9e3b6246bcbf866ad572e6871f83265b579
2025-02-27 07:15:07,NVDA,Why The Market Isn't Raising The Roof On Nvidia's Blockbuster Earnings,,SeekingAlpha,https://finnhub.io/api/news?id=415e572da98f12617baebe2f51df63fdd788dca630e94c0f62ae646f03343312
2025-02-27 07:03:58,NVDA,Nvidia: Revising Estimates Lower,Nvidia Corporation's valuation faces scrutiny as revised intrinsic value drops to $1.9T. Click here to find out why NVDA stock is a Sell.,SeekingAlpha,https://finnhub.io/api/news?id=19e6d5cd674e2332211dec580e7a29f7948c86d54833ea8ad8a3165aea05c311
2025-02-27 06:23:46,NVDA,Nvidia: The Shift Towards Reasoning Models And The Importance Of Hedging,"Nvidia Corporation's AI growth surges with record revenues, rising automotive demand, and enterprise expansion. Click for my post-earnings NVDA stock review.",SeekingAlpha,https://finnhub.io/api/news?id=3ecd5de56d4b91dfd7f01fd7bfd2e17c699b4ad34fe4161678e20db965ed78e5
2025-02-27 06:02:00,NVDA,Wall Street Lunch: Who Let The Bears Out?,Bearish sentiment among individual levels surged to the highest level in 2-1/2 years this past week as the tech and momentum trades showed some vulnerability.,SeekingAlpha,https://finnhub.io/api/news?id=dec96f7c5814a0e248e6bda3be25f2d4d2af0f3be1d8450aa6f5d67581c814c9
2025-02-27 03:59:50,NVDA,Dow Jones Rises On Trump Tariff Update; Nvidia Sells Off On Earnings,Dow Jones Rises On Trump Tariff Update; Nvidia Sells Off On Earnings,DowJones,https://finnhub.io/api/news?id=241297b6b5210aba975e9eb9b349e5c8d4f606a9b439a48089bee53bee1f3a4f
2025-02-27 03:48:00,NVDA,Nvidia is the biggest chip player. But it also leads by this metric — which may surprise you.,Nvidia is the biggest chip player. But it also leads by this metric — which may surprise you.,MarketWatch,https://finnhub.io/api/news?id=9480093a6b6826152aa3d8bb0bfe96cc8861ce00309fe31353168cbe9e09f7b7
2025-02-27 03:35:56,NVDA,Nvidia: The King Of AI Is Still A Strong Buy,Nvidia's solid performance and AI infrastructure investments support growth. Read why NVDA stock is attractive for long-term investors.,SeekingAlpha,https://finnhub.io/api/news?id=0f38be2955e2faf7d104d619151f83bb09c673f159ddd02a527e4517ef29d357
2025-02-27 03:28:17,NVDA,Don't Forget About This Life Preserver,"Trumpâs tariff comments added uncertainty, impacting investor sentiment. Find out why small-cap stocks may hold potential despite underperforming.",SeekingAlpha,https://finnhub.io/api/news?id=15f6aacc8ba632eda15f6f7bd3375e7be568c4fb40de7163d4764853d4108663
2025-02-27 02:00:00,NVDA,Aegis Value Fund H2 2024 Portfolio Manager's Letter,"The Aegis Value Fund rose 6.16% in H2 2024 to close the year with a 9.43% gain, outperforming the S&P SmallCap 600 Pure Value Index. Click here to read more.",SeekingAlpha,https://finnhub.io/api/news?id=7d0667baa7f106b36b5be7b829cd9a62cc483463d7c713bc035676b14e403281
2025-02-27 01:08:19,NVDA,"Stocks mixed, UK mulls Gatwick expansion","Stock prices in London were mostly lower at midday on Thursday, ahead of the afternoon's US jobless claims release.The FTSE 100 index was up 30.65 points, 0.4%, at 8,762.11. The FTSE 250 was down...",Finnhub,https://finnhub.io/api/news?id=a2473ba029a547df5b05b4aec3e8df2a80987dbdd99fc0f69671aea89c317d7e
2025-02-27 01:05:00,NVDA,A Major Market Disruption Is Underway: My Top Picks,There are overlooked plays set to thrive in the AI boom. Check out 2 opportunities primed for significant AI-driven growth.,SeekingAlpha,https://finnhub.io/api/news?id=c46f7171585d834307b27048e38d5cead04c8f52b5e6c2b7e364a6ae7e8fcf06
2025-02-27 01:00:00,NVDA,These 6 Ultra SWANs Are My Family's Financial Safety Net - They Could Be Yours As Well,"My familyâs hedge fund, ZEUS LEGACY, has restructured its portfolio to focus on six Ultra SWANs. Learn more about these six ultra SWANs here.",SeekingAlpha,https://finnhub.io/api/news?id=76634227ae798aba743d677337f79c53ba9547194df1c2ecab2ac04e8824799e
2025-02-27 00:20:27,NVDA,North American Morning Briefing : Nvidia in -2-,"Just a few minutes after he had left home for work, Lucas Dos Santos Amaral was stopped by immigration officers near his home in Marlborough, Mass. The officers told him the name of someone they were...",Finnhub,https://finnhub.io/api/news?id=e706a0ce66e224e5c13a68c33c487beb8e71ae1d630e9f2a0361b718dfeb5a70
2025-02-27 00:20:20,NVDA,North American Morning Briefing : Nvidia in Spotlight After Forecast-Beating Results,"OPENING CALL Stock futures rose on Thursday as investors were contemplating Trump's fresh tariff threats, alongside Nvidia's forecast-beating results . Trump warned late Wednesday of tariffs...",Finnhub,https://finnhub.io/api/news?id=71bcc82d968aebc54d5ccbde1d181e4ea0121aaaf0fc1ec332a70cde3ec5873d
2025-02-27 00:04:45,NVDA,"Even Nvidia beat gets a shrug, tariff war looms","A look at the day ahead in U.S. and global markets from Mike Dolan What appeared like a solid earnings beat from AI-bellwether Nvidia failed to impress nervy tech investors, with anxiety...",Finnhub,https://finnhub.io/api/news?id=6bf5a65485d101b6164c5e9a2eb9dc32b37f47481fea014961a278c442ed8263
2025-02-26 22:22:55,NVDA,EMEA Morning Briefing : Trump Floats 25% Tariffs on EU,"MARKET WRAPS Watch For: EU monetary developments, business and consumer surveys; trading updates from Rolls-Royce, Swiss Re, Aviva, AXA, London Stock Exchange Group, Hiscox, WPP, Eni, ENGIE,...",Finnhub,https://finnhub.io/api/news?id=05cfca28b93fd40cf75e330f23dc38b44fbc7cae6508bc646522337f9fdd6599
2025-02-26 22:19:50,NVDA,Technology Shares Climb -- Tech Roundup,Technology shares climbed on a good day for semiconductor stocks ahead of Nvidia's post-close earnings. ServiceNow shares were higher after the cloud-computing company said it had acquired a...,Finnhub,https://finnhub.io/api/news?id=cd1ad9d3a21de25fc65424ce8b02e2c1255626427c1ce176b78e2e04cd69d03c
2025-02-26 22:10:31,NVDA,Breaking Down Nvidia's Earnings Results and Forecast,"Gil Luria, D.A. Davidson technology research head, reacts to Nvidia's quarterly earnings and forecast. He speaks on Bloomberg The Close. Nvidia gave solid quarterly results and a bullish revenue...",Finnhub,https://finnhub.io/api/news?id=78f28f3c044a2cc24a60db378d5998b1af7a4625b3871d71044ddefac2833e20
2025-02-26 20:52:14,NVDA,"Nvidia beats forecasts, gives upbeat Blackwell news","The FTSE 100 was called to open lower on Thursday, following US President Donald Trump's claim that the US will impose 25% tariffs on EU goods.Of course, the tariff threats [against Canada and...",Finnhub,https://finnhub.io/api/news?id=96c4af75e7b45a260eeb8724dbab6b383763d2fdd5d50f22b1f57930144f0034
2025-02-26 20:00:00,NVDA,Barron’s Best Fund Families of 2024,Barron’s Best Fund Families of 2024,MarketWatch,https://finnhub.io/api/news?id=921f0f9560a8cf8676ac078b8d7dfe3784b534fcebab5a7a703eae23f497845d
2025-02-26 18:40:06,NVDA,Trump tariffs take spotlight as Nvidia neither hot nor cold,A look at the day ahead in European and global markets from Kevin Buckland It could be taken as testament to the market's laser focus on the health of the U.S. economy - and the threat...,Finnhub,https://finnhub.io/api/news?id=8ddcc621a9ad8393aa9a93a40d8b6f3fa67797cff2661eb0cad23c89cde3b680
2025-02-26 17:24:59,NVDA,QTUM: Our Favorite Way To Invest In Quantum Computing,"Invest in the Defiance Quantum ETF (QTUM) for diversified quantum tech exposure. Outperforming indices, QTUM balances growth and speculation. See more here.",SeekingAlpha,https://finnhub.io/api/news?id=17eea6440f9e6842dec111f16163f448d8e27df2f0378e6918536085f4ffb868
2025-02-26 16:38:05,NVDA,Tokyo stocks rise in morning as Nvidia earnings lift chip shares,"Tokyo stocks were slightly higher Thursday morning as semiconductor-related shares lifted after a solid earnings report from U.S. chip giant Nvidia Corp., but gains were limited by falls in exporters...",Finnhub,https://finnhub.io/api/news?id=b9852e412f6e117b83d383e66f647266be0635e0da59997bbe05aec6d48bc665
2025-02-26 15:21:08,NVDA,Nvidia Q4: Blackwell Production Ramp-Up Strong,"Nvidia's data center business, accounting for over 90% of total revenue, saw 93.4% growth. Click here to read why NVDA stock is a Strong Buy.",SeekingAlpha,https://finnhub.io/api/news?id=71bc669d5698b7d9af35d10ad039b3d5286642fd4c8230ca9cd2ab2c082d9a97
2025-02-26 15:05:05,NVDA,Get Weekly Income From The Mag 7 Stocks With YMAG,YMAG offers high-yield weekly income through a covered call strategy on the Magnificent 7 stocks without needing to sell shares. Read why YMAG ETF is a Buy.,SeekingAlpha,https://finnhub.io/api/news?id=04e74a43c312f98af1b50030eb739c901d97a12fb42738ca4876ccc38495f030
2025-02-26 14:48:59,NVDA,NVIDIA Corporation (NVDA) Q4 2025 Earnings Call Transcript,"NVIDIA Corporation (NASDAQ:NVDA) Q4 2025 Earnings Conference Call February 26, 2025 5:00 PM ETCompany ParticipantsStewart Stecker - IRJensen Huang -...",SeekingAlpha,https://finnhub.io/api/news?id=e251ec98b02747da30b665ffc1a02928ab071cc07d7479cbb791a851b8db0906
2025-02-26 14:47:00,NVDA,Nvidia Is Far From Running Out of Road,Nvidia Is Far From Running Out of Road,DowJones,https://finnhub.io/api/news?id=2c203a1c3210d5e3e5b12506a4b3bf4558332595d42bf66885ea9b84ead9b36d
2025-02-26 14:23:35,NVDA,Nvidia's Q4 Earnings Signal Continued Dominance,"Nvidia Corporation's Q4 earnings beat expectations, driven by AI chip demand and strong growth prospects. Check out my NVDA stock post earnings update.",SeekingAlpha,https://finnhub.io/api/news?id=73867604efa05940e285534b9b4e13c4f9fc1568f70962097b2ba40f987f5c5f
2025-02-26 14:00:42,NVDA,Nvidia's Earnings Beat: Mind The Falling FCF,Nvidia Corporation beats earnings expectations but shows slowing growth and declining free cash flow. Find out why NVDA stock is rated a hold at current prices.,SeekingAlpha,https://finnhub.io/api/news?id=985bf556a49374759c37f80ced188697ca12da522e4c8420ba25cc3925c0f81e
2025-02-26 13:40:34,NVDA,Nvidia Q4 FY2025 Review: More Consolidation Ahead (Technical Analysis),"Nvidia Corporation beats Q4 FY2025 revenue estimates, but contracting margins and slowing momentum signal caution. Click for my updated look at NVDA earnings.",SeekingAlpha,https://finnhub.io/api/news?id=3d17b6a033f1814abb9a8731e6e3cef11862fd1e492e73cff359fd824d04b7bd
2025-02-26 13:38:05,NVDA,"Tokyo stocks open flat after Nvidia's robust earnings, firmer yen",Tokyo stocks opened almost flat Thursday as buying of some technology issues boosted by a robust earnings report from U.S. chip giant Nvidia Corp. was offset by selling of exporters on a firmer...,Finnhub,https://finnhub.io/api/news?id=2ebaf805443b93898cc62e09cf6c283096c30a3fbfeda3be578e0037d1a410f0
2025-02-26 13:11:34,NVDA,Why Nvidia Is Such A Premium Stock,Nvidia's earnings triggered some excitement among investors. Read why NVDA stock may still appear inexpensive based on fundamentals.,SeekingAlpha,https://finnhub.io/api/news?id=324b02af21cd42acd86a702eea127769f5a3bca8501d6251506306fa89cde2eb
2025-02-26 12:33:08,NVDA,S&P ends flat; Nvidia shares choppy after the bell,"STORY: The S&P 500 ended little changed on Wednesday ahead of Nvidia's highly anticipated quarterly earnings, while the Dow dropped less than half a percent and the Nasdaq ticked up modestly. ...",Finnhub,https://finnhub.io/api/news?id=4fcf5a8af696c89f5dba1e4e36d19755d11bb304743839edc62650817f0f3ccb
2025-02-26 12:23:00,NVDA,Bulls Can Breathe As Nvidia Beats,Nvidia beat on the top and bottom lines and guided revenue above forecasts. Blackwell GPU sees fastest ramp in company history.,SeekingAlpha,https://finnhub.io/api/news?id=482ec317f32e0189d12d75283bc48c0de8a9dcd1920010494674789dffd9c1d9
2025-02-26 12:10:16,NVDA,Nvidia: Growth Slowdown Will Continue,"NVIDIA's Q4 earnings beat estimates, but slowing data center growth and declining margins pose challenges. Read my analysis of NVDA's earnings and guidance here.",SeekingAlpha,https://finnhub.io/api/news?id=30b700cb17a51f720d6eeca744b56ecfaae6c06f43ccb7339c525d75d12901f2
2025-02-26 12:02:28,NVDA,Just how big is Nvidia's revenue number? Here's some perspective.,Just how big is Nvidia's revenue number? Here's some perspective.,MarketWatch,https://finnhub.io/api/news?id=b8eba10a4136d736af9faa378534be3a15c5c140f55682e6446d2ffb24fca24c
2025-02-26 11:50:40,NVDA,Nvidia had 'hiccup' with Blackwell but the next chip will be easier,Nvidia had 'hiccup' with Blackwell but the next chip will be easier,MarketWatch,https://finnhub.io/api/news?id=8149efb217b96d4a811a72c76a13fcf4fd5f3eeb03fb97d03b9a867e0863a964
2025-02-26 11:50:28,NVDA,Democratic senator urges Trump Commerce nominee to take hard line on China,"A senior Democraticsenator on Wednesday urged President Donald Trump's nominee tolead the Commerce Department's Bureau of Industry and Securityto take a tough line on China, citing Chinese startup...",Finnhub,https://finnhub.io/api/news?id=b9f8bd0209b6f506b068c523f4398dfdd62719715924c6008cc94a3163137611
2025-02-26 11:45:14,NVDA,"Nvidia Rebounds. Blackwell Sales Beat Expectations, Says CFO. (Live Coverage)","Nvidia Rebounds. Blackwell Sales Beat Expectations, Says CFO. (Live Coverage)",DowJones,https://finnhub.io/api/news?id=6373d13f1a3b6772d561e7c431869ab21678609726ac851c204e81f4479184f0
2025-02-26 11:41:55,NVDA,Nvidia cut back on stock buybacks,Nvidia cut back on stock buybacks,MarketWatch,https://finnhub.io/api/news?id=f497ba683a86b8565f4371d8474d4e668593caf4829716d4bd788437d6b71d6e
2025-02-26 11:36:07,NVDA,"Dow Jones Futures: Nvidia Stock Rises On Strong Earnings, 'Amazing' Blackwell Demand","Dow Jones Futures: Nvidia Stock Rises On Strong Earnings, 'Amazing' Blackwell Demand",DowJones,https://finnhub.io/api/news?id=f06d259590e4abe66d9488b0914ba3fe554f1255e6e41127899f947dfbf8fb06
2025-02-26 11:34:41,NVDA,Nvidia is looking ahead to a 'significant ramp' for Blackwell this quarter,Nvidia is looking ahead to a 'significant ramp' for Blackwell this quarter,MarketWatch,https://finnhub.io/api/news?id=58afdf44b605f9d077e39365e877cdd37910098eeaf423b51492bdbc9d9e6c2e
2025-02-26 11:30:39,NVDA,Nvidia networking business down due to product transition,Nvidia networking business down due to product transition,MarketWatch,https://finnhub.io/api/news?id=6f4748156c473f5ad1d13f006f781bed857164f51ea69ea20e0312d23a758d40
2025-02-26 11:28:14,NVDA,Huang Needs to Do a Lot of Hand Holding,"Investors want to hear Nvidia explain long term supply side plans. Richard Clode, portfolio manager at Janus Henderson, joins Caroline Hyde and Jackie Davalos on Bloomberg Technology....",Finnhub,https://finnhub.io/api/news?id=c563aa4f717af619612821c3a89400d1f948d22bbf31ed99153e46615b3647c1
2025-02-26 11:22:00,NVDA,Nvidia’s Bumper Sales Show AI Bonanza’s Strength,Nvidia’s Bumper Sales Show AI Bonanza’s Strength,DowJones,https://finnhub.io/api/news?id=3c3408308eac8d2b85db67c8e13e9da1e651b885f0ed4764cfcc16b1f864cd5f
2025-02-26 11:15:35,NVDA,Magnificent 7's Stumble: When To Buy MAGS,"Magnificent 7 stocks have seen notable declines, with Tesla being the most bearish, impacting the MAGS ETF. Click here to find out why MAGS ETF is a Hold.",SeekingAlpha,https://finnhub.io/api/news?id=624a257fcb628b53237c80cb3684b1803c8bf6b9cb25ae20e49cf8917e220eb3
2025-02-26 11:11:00,NVDA,Palantir Stock Snaps Its 5-Day Losing Streak,Palantir Stock Snaps Its 5-Day Losing Streak,MarketWatch,https://finnhub.io/api/news?id=792c5772c51b205667a492287106ec0bcf397dccaa449d998a3d437400753b73
2025-02-26 11:09:29,NVDA,NVIDIA : Fourth Quarter 2025 CFO Commentary,CFO Commentary on Fourth Quarter and Fiscal 2025 Results Q4 Fiscal 2025 Summary GAAP ($ in...,Finnhub,https://finnhub.io/api/news?id=0dc9ef382422f7d68a42b8e58300f000599c15d20841a0c9e787befce1c13c2e
2025-02-26 11:09:28,NVDA,NVIDIA : Fourth Quarter 2025 NVIDIA Quarterly Revenue Trend,NVIDIA QUARTERLY REVENUE TREND REVENUE BY MARKETS Q4...,Finnhub,https://finnhub.io/api/news?id=a9b0d21455d9609e276f62b3872064f4f8722c1ae78f060c8bb265dfed3b3e20
2025-02-26 11:08:38,NVDA,Nvidia: Fiscal Q4 Earnings Snapshot,"SANTA CLARA, Calif. — SANTA CLARA, Calif. — Nvidia Corp. on Wednesday reported fiscal fourth-quarter net income of $22.09 billion. The Santa Clara, California-based company said it had profit...",Finnhub,https://finnhub.io/api/news?id=c9707204afc05a3746543e0f21c52a36c95a357b25eb25ceb93edaffc54ad082
2025-02-26 11:07:50,NVDA,Nvidia's stock is rebounding. One word may explain why.,Nvidia's stock is rebounding. One word may explain why.,MarketWatch,https://finnhub.io/api/news?id=f4d9044862886d83a958e39b0296dcd694a1ba0c9550b19c5a46ea7d8f277544
2025-02-26 11:04:28,NVDA,"Nvidia's auto revenue beats by a wide margin, again","Nvidia's auto revenue beats by a wide margin, again",MarketWatch,https://finnhub.io/api/news?id=02816640ab61342974f96dc59420d785917a2e7fd687029d8994fab299f405ab
2025-02-26 11:00:15,NVDA,Nvidia's gaming revenue falls due to Blackwell and Ada chip supply,Nvidia's gaming revenue falls due to Blackwell and Ada chip supply,MarketWatch,https://finnhub.io/api/news?id=1c46a02f6b18e98ab4c2d0c9516d9572619be0ecf379622428bc6af946f4d9e4
2025-02-26 10:51:37,NVDA,These numbers show how Nvidia's earnings growth has been slowing,These numbers show how Nvidia's earnings growth has been slowing,MarketWatch,https://finnhub.io/api/news?id=36777b3f29a20545746e24c9a24858b7a6147563bb914e67a8156acc76f28ff7
2025-02-26 10:42:05,NVDA,"Nvidia's revenue growth slows again, to lowest rate in 7 quarters","Nvidia's revenue growth slows again, to lowest rate in 7 quarters",MarketWatch,https://finnhub.io/api/news?id=4c4ba4ed2749ddec57656ca5ef8396f71295cd2935629b8b25b33c4a0f6b176b
2025-02-26 10:41:31,NVDA,Nvidia data-center revenue climbs in fourth quarter,Nvidia data-center revenue climbs in fourth quarter,MarketWatch,https://finnhub.io/api/news?id=0933c0b642b3e7d8b0cccc782dc0a291c7212a070a3719a1e272b9b10ef48f1f
2025-02-26 10:40:46,NVDA,Nvidia's revenue growth continues to slow down,Nvidia's revenue growth continues to slow down,MarketWatch,https://finnhub.io/api/news?id=bb9b930b1bfaec55546c3336851377adc28c524d623ae945c64bfffc05ec7105
2025-02-26 10:33:34,NVDA,Nvidia says Blackwell is its fastest ramp in history. Here's how much money it's made.,Nvidia says Blackwell is its fastest ramp in history. Here's how much money it's made.,MarketWatch,https://finnhub.io/api/news?id=38555d2e4030c02f7a6a8ad4ba7537e39d4b183d69b2b5df523849e380c702b4
2025-02-26 10:32:00,NVDA,"These Stocks Moved the Most Today: Super Micro, Nvidia, Tesla, GM, Lucid, AppLovin, Intuit, Axon, ZoomInfo, and More","These Stocks Moved the Most Today: Super Micro, Nvidia, Tesla, GM, Lucid, AppLovin, Intuit, Axon, ZoomInfo, and More",MarketWatch,https://finnhub.io/api/news?id=e892dc0bdb5aca50586d3c9f739a8b0d75f9a674d70861f1c8b75a8e229f8012
2025-02-26 10:27:53,NVDA,Nvidia's gross margins fell in the fourth quarter,Nvidia's gross margins fell in the fourth quarter,MarketWatch,https://finnhub.io/api/news?id=26355da91b1b9cceab03d2101c089e5dc4d3dbbb4692cc46cb6896eb021fcaeb
2025-02-26 10:26:50,NVDA,"Nvidia's outlook beats estimates, but Wall Street may have wanted more","Nvidia's outlook beats estimates, but Wall Street may have wanted more",MarketWatch,https://finnhub.io/api/news?id=e38c917abfa69c63e2b2c1bfe6d380f57b25f5ed1d926c630f37ab1429d2863f
2025-02-26 10:22:16,NVDA,"Nvidia extends long streak of revenue beats, and stock rises","Nvidia extends long streak of revenue beats, and stock rises",MarketWatch,https://finnhub.io/api/news?id=37f5707b3243df5b088dea57732ab366676756d4f8ab030d60a6039cd361a82e
2025-02-26 10:21:21,NVDA,Nvidia forecasts first-quarter revenue above estimates,"Nvidia forecast first-quarter revenue above market estimates on Wednesday, expecting robust demand for its leading AI chips to persist as businesses spend heavily to expand generative artificial...",Finnhub,https://finnhub.io/api/news?id=f9ee66badf728dbd0e07ba7515ed754ce52a7872fba71f12c6ec037dab0159a4
2025-02-26 10:21:20,NVDA,NVIDIA Announces Financial Results for Fourth Quarter and Fiscal 2025,"Record quarterly revenue of $39.3 billion, up 12% from Q3 and up 78% from a year agoRecord quarterly Data Center revenue of $35.6 billion, up 16% from Q3 and up 93% from a year agoRecord full-year...",Finnhub,https://finnhub.io/api/news?id=47947c7c21f17e953031fbb70ac24e64d59ac06625e7ebb8a6a1906111e66a2e
2025-02-26 10:09:03,NVDA,Stock Market Today: Dow Jones Falls As Nvidia Earnings Loom; AI Stock Jumps On Data Center Deal (Live Coverage),Stock Market Today: Dow Jones Falls As Nvidia Earnings Loom; AI Stock Jumps On Data Center Deal (Live Coverage),DowJones,https://finnhub.io/api/news?id=d5a2bda1d0d05a85ec18cd056952d753cb0c08fb6a8a151b71abefe78396987d
2025-02-26 10:00:38,NVDA,Nvidia could give conservative guidance — for an under-the-radar reason,Nvidia could give conservative guidance — for an under-the-radar reason,MarketWatch,https://finnhub.io/api/news?id=dc5696248fe7492ec5586079b22903795b20bda8a8fcb83fd3d92900a8032adb
2025-02-26 10:00:38,NVDA,"S&P 500, Nasdaq end barely changed as investors await Nvidia results","* Intuit gains after forecasting Q3 revenue above estimates * Investors await Nvidia report after the bell NEW YORK, Feb 26 -...",Finnhub,https://finnhub.io/api/news?id=e9cdec5fcfc638701e3dab61e0b4fbe483150457a5bfd2c03cca857c892f8731
2025-02-26 09:50:04,NVDA,Nvidia Walking a Narrow Path: Bokeh's Forrest,There are lots of little worries about Nvidia and it's unclear if the chipmaker can continue to double its outlook. Kim Forrest of Bokeh Capital Partners joins Caroline Hyde and Jackie Davalos on...,Finnhub,https://finnhub.io/api/news?id=a91facfdcfd07091c941d6da2b32027c858f8f048794ae7614012255604e0d94
2025-02-26 09:40:50,NVDA,"Nvidia would suffer from potential export ban to China, expert says","STORY: The Trump administration is planning to toughen semiconductor restrictions on China, continuing and expanding the Biden administration's efforts to limit Beijing's technological prowess,...",Finnhub,https://finnhub.io/api/news?id=4d127a1e225ea218d638d381cbcfed84624564e953e15680526a354448c8ab49
2025-02-26 09:40:06,NVDA,"Nvidia's worst case is slowing demand for high-end chips, says expert",STORY: The launch of low-cost AI models from China's DeepSeek in January wiped off more than half a trillion dollars from Nvidia's market value in one day. A lot of the concern around...,Finnhub,https://finnhub.io/api/news?id=e61c81e59cf4ca4ceee9f3ec48f64143ee07eb7a1447a48e7041447cf56d70fd
2025-02-26 09:33:28,NVDA,"As Nvidia, Google Feel The Heat, This Stock Sets Up — With One Telltale Clue","As Nvidia, Google Feel The Heat, This Stock Sets Up — With One Telltale Clue",DowJones,https://finnhub.io/api/news?id=61aa8c628672589d5b805724220afbd85603cba7a782f36baf4c52e74312ee75
2025-02-26 09:00:02,NVDA,Nvidia's stock options are priced for a 28% bigger post-earnings move than usual,Nvidia's stock options are priced for a 28% bigger post-earnings move than usual,MarketWatch,https://finnhub.io/api/news?id=2624ab593d18c725b1e62c50e54606ff99920a619dc6ec083bbc4b6131b3c356
2025-02-26 06:55:00,NVDA,Nvidia: Here Are Updated Estimate Revisions And A Look At Overall Market Sentiment,"Versus EPS of $0.52 a year ago, Nvidia EPS growth is expected at +63% y-o-y tonight, while revenue growth is expected at 73%. Click to read.",SeekingAlpha,https://finnhub.io/api/news?id=e25e01023ed9e15a9b2ec939e795f68f1278967da4ecbf4d41a889acb2b16410
2025-02-26 06:47:00,NVDA,Wall Street Lunch: McDonald's Will Digest High Egg Prices,Restaurants are scrambling to deal with high egg prices. But McDonaldâs is bucking the trend of passing on the costs to customers.,SeekingAlpha,https://finnhub.io/api/news?id=f04ee1ec19ce78ee3e36a084e61cf96547c10f5c2167ee6b3ec00ead06f48b6b
2025-02-26 05:55:00,NVDA,Columbia Seligman Technology And Information Fund Q4 2024 Commentary,Institutional Class shares of Columbia Seligman Technology and Information Fund returned 8.03% for Q4 2024. Click here to read the full commentary. ,SeekingAlpha,https://finnhub.io/api/news?id=53dc7bdccf7e1760a07eb8e00d7f428d2bac57fd4f40511ac5a0d59528b73255
2025-02-26 05:55:00,NVDA,Nvidia Earnings Today: AI Chip Demand And Dow Jones Impact,"Nvidia is expected to announce strong Q4 2024 earnings, driven by high demand for GPUs in data centers and AI applications. Click to read.",SeekingAlpha,https://finnhub.io/api/news?id=567df66c6b3394a4648c440ab39d7e7fdbf12cffd5de36c127566ffa1656800d
2025-02-26 05:32:15,NVDA,"S&P 500: Major Breakdown Unfolding, Pessimism Grows","The S&P 500's breach of support signals deeper corrections. Explore slowing growth, inflation trends, and intensified selling pressure ahead. Read what investors need to know.",SeekingAlpha,https://finnhub.io/api/news?id=ab6072a4ae2164aaf8f74cecc7ae9a6d69e96dfc88ecb35c5a96ebda40d178c1
2025-02-26 04:25:00,NVDA,First Eagle Global Fund Q4 2024 Commentary,Equity market performance in the fourth quarter was in many ways a microcosm of the past two years. Read more here.,SeekingAlpha,https://finnhub.io/api/news?id=efdddf5ef2143cb3b763e34957f1160f6374e11248e4d3b0ee0bc85b7f1901c6
2025-02-26 04:07:02,NVDA,AMD's AI Gamble: Bullish Management Vs. Market Skepticism,"Advanced Micro Devices, Inc.'s stock surged to $220 by March 2024 due to AI GPU optimism but halved as gaining market share from NVIDIA proved difficult. Learn more on AMD stock here.",SeekingAlpha,https://finnhub.io/api/news?id=0f8b4d46c5878fe4282ecc8b7d66309262c3e82d4e72fbd78ceec868bfe96111
2025-02-26 03:42:40,NVDA,Dow Jones Rises: Nvidia Rallies Ahead Of Earnings; AppLovin Plunges On Short Report,Dow Jones Rises: Nvidia Rallies Ahead Of Earnings; AppLovin Plunges On Short Report,DowJones,https://finnhub.io/api/news?id=1677dc972ab480f220e49cb29f4def50956c61a55234c27b3bd0ac47fa869b62
2025-02-26 02:58:37,NVDA,Wall St set for higher open with spotlight on Nvidia results,"Wall Street's main indexes were setto open higher on Wednesday, after logging several days ofdeclines, as investors awaited Nvidia's results to gauge thedirection of AI demand and focused on a...",Finnhub,https://finnhub.io/api/news?id=2c4f1888623441d3095f7e51a76a141a977992eff17453861eea2fa437bf34e7
2025-02-26 02:13:46,NVDA,"Dow Jones Futures Rise With Nvidia Earnings Due; Super Micro, Axon, Workday Lead Growth Rebound","Dow Jones Futures Rise With Nvidia Earnings Due; Super Micro, Axon, Workday Lead Growth Rebound",DowJones,https://finnhub.io/api/news?id=7f85c740912a6379aecb557b74f878cb3b31426274cb944e5c2db1dbd8fa00a9
2025-02-26 02:06:57,NVDA,Anthropic - Amazon's Secret Weapon For AI Dominance,"Amazon is aggressively positioning itself in the AI race by integrating Anthropicâs advanced Claude models into its vast AWS, retail, and media ecosystem.",SeekingAlpha,https://finnhub.io/api/news?id=cff520f306253b5f949714311c683e3f70855f08271035e7127fa28aa0d2a518
2025-02-26 00:15:19,NVDA,Confidence-sapped stocks find foothold as Nvidia awaited,"A look at the day ahead in U.S. and global markets from Mike Dolan Hit by draining consumer and business confidence amid uncertainty about Washington's economic policies, Wall Street...",Finnhub,https://finnhub.io/api/news?id=e4e538ddb06db61f58343b619b56fdc16112e264a74abbd2813181fbccb7b689
2025-02-26 00:03:46,NVDA,"Dow Jones Futures Rise As Nvidia Partner Super Micro Soars; Tesla, Hims Lead Growth Woes","Dow Jones Futures Rise As Nvidia Partner Super Micro Soars; Tesla, Hims Lead Growth Woes",DowJones,https://finnhub.io/api/news?id=e028a7f8e9533594693b21eba20f641cae0e1f510483fb1b122ab3c8a4f8393e
2025-02-25 23:58:15,NVDA,Growth Pessimism Will Return Post-Nvidia: 3-Minute MLIV,"Kriti Gupta, Lizzy Burden, Tom Mackenzie and Mark Cudmore break down today's key themes for analysts and investors on Bloomberg: The Opening Trade....",Finnhub,https://finnhub.io/api/news?id=373771922e1b420110024f2f0f3b7fa3fdcd95a86026bec0e06f69c5d8b939cd
2025-02-25 23:33:00,NVDA,First Eagle Overseas Fund Q4 2024 Commentary,Overseas Fund A Shares (without sales charge*) posted a return of -7.49% in fourth quarter 2024. Read more here.,SeekingAlpha,https://finnhub.io/api/news?id=c3b7c6e75c8b6587aa8626e0bdd843ac12c8f68393c19ada791d7d095e04f78d
2025-02-25 23:00:00,NVDA,"Super Micro Regains Nasdaq Filing Compliance, Should You Buy?",Super Micro's ambitious Supermicro 4.0 initiative aims to drastically reduce data center build times. Read what makes SMCI stock a Strong Buy.,SeekingAlpha,https://finnhub.io/api/news?id=459ab228ae7a62e9295d6a988de4e099beeb8df833db8c72c796f23cbd8da2dc
2025-02-25 22:57:18,NVDA,3 Ideal Buys From 50 'Safer' Dividends In 100 February Barron's Sustainable Dogs,"Four dividend-paying companies meet the Dogcatcher ideal, with annual dividends from a $1K investment exceeding their share prices. Click here for a detailed review.",SeekingAlpha,https://finnhub.io/api/news?id=544dddf6c36c25b575f69019843a62ef0d7c955a868dcef5093306b72030df82
2025-02-25 21:20:00,NVDA,Blackwell Progress Key To Upcoming Nvidia Earnings,"As Nvidia gears up for its highly anticipated earnings report, market participants are keenly focused on any insights regarding the shipment progress of its latest server chip, Blackwell.",SeekingAlpha,https://finnhub.io/api/news?id=2d11f7ecc14aef29a6b3cac2c6b857c8c18f76b52c79dc56c7aad5e2e82e30ea
2025-02-25 21:18:07,NVDA,"Tokyo stocks drop on caution over U.S. chip curbs, Nvidia earnings",Tokyo stocks dropped for the second straight day Wednesday as investors sold semiconductor-linked shares amid caution over possible tougher U.S. chip restrictions on China and ahead of earnings from...,Finnhub,https://finnhub.io/api/news?id=a4f08c142b08d68caa9ffa52e737b3e65e9a616a3cc1cf67fe33400f14ef9aa5
2025-02-25 18:34:00,NVDA,Nvidia results offer window into AI spending,"A look at the day ahead in European and global markets from Rae Wee Quarterly earnings from AI darling Nvidia is Wednesday's marquee event for markets, with much riding on the chipmaker...",Finnhub,https://finnhub.io/api/news?id=a59243bb5c2815c7c852086ccb24019588f8662fcc2378475c6cdfa53215aaa0
2025-02-25 18:16:20,NVDA,"EMEA Morning Briefing : Tariffs, Nvidia's Earnings in Focus","MARKET WRAPS Watch For: Germany GfK consumer climate; France consumer confidence; trading updates from AB InBev, Stellantis, Danone, Munich Re, Deutsche Telekom, EDP Renovaveis, Cellnex...",Finnhub,https://finnhub.io/api/news?id=0d32bcf4f600a0f42a32e0918f31d0e4a9d072aab2d450a1bd631f67f944b722
2025-02-25 14:34:29,NVDA,Dell Q4 Preview: Inference AI To The Rescue (Rating Upgrade),"Dell's AI-driven growth potential highlighted. Learn why DELL stock's partnerships and valuation make it a buy, with a 64.6% upside.",SeekingAlpha,https://finnhub.io/api/news?id=d5dac58d87b07bf471cb598c2f077e31be2506596f1814ae459c1297fc8ece98
2025-02-25 13:21:17,NVDA,"Alphabet: Cloud Growth Uncertainty And Declining Management Sentiment Concern, But It's Still Attractive","Alphabet's Q4 results highlight mixed performance: EPS beat, revenue missed. Read here for growth challenges, $75B capex concerns, and shifting market sentiment.",SeekingAlpha,https://finnhub.io/api/news?id=371db8bd37926b11cc769cc77821ddee8f8fe3a80410d604d931465cf164cd6e
2025-02-25 12:38:28,NVDA,Supermicro Stock Surges As Data-Center Specialist Files Delinquent Reports,Supermicro Stock Surges As Data-Center Specialist Files Delinquent Reports,DowJones,https://finnhub.io/api/news?id=05cd6e3c95713a88ed58b9d96fb55b92a1a0daf5ff6043157333d57e676fe254
2025-02-25 10:38:00,NVDA,Nvidia Had a Rough Start to 2025. Investors Still Love the Stock.,Nvidia Had a Rough Start to 2025. Investors Still Love the Stock.,DowJones,https://finnhub.io/api/news?id=2c64263986f211f8f491a45f8e1407a25f39e34674af8b81cdf7f06ea87dba3e
2025-02-25 10:14:36,NVDA,Nvidia Investor Worries Mount Ahead Of AI Chipmaker's Q4 Report,Nvidia Investor Worries Mount Ahead Of AI Chipmaker's Q4 Report,DowJones,https://finnhub.io/api/news?id=6bc02084c683d2ee95bbaefd4e2d9c0fa93b4bcf2cc51725b7c3201d8760fbcf
2025-02-25 10:13:08,NVDA,Stock Market Today: Dow Jones Improves; Tesla Skids Again While Techs Keep Tumbling (Live Coverage),Stock Market Today: Dow Jones Improves; Tesla Skids Again While Techs Keep Tumbling (Live Coverage),DowJones,https://finnhub.io/api/news?id=9cd6fd3a10d634e3214e5d790b6a6c09da537939e7ad4ce03d61105a4b1d629f
2025-02-25 08:00:00,NVDA,Wall Street Lunch: A Crisis Of Confidence,The Conference Boardâs February measure of consumer confidence saw the largest drop since August 2021,SeekingAlpha,https://finnhub.io/api/news?id=53f956a4263a6493502ea3532e6df6657f532464e0cb2eacd3e910a9033e323c
2025-02-25 07:43:00,NVDA,Nvidia’s Earnings Could Be Bad. How to Protect Your Portfolio.,Nvidia’s Earnings Could Be Bad. How to Protect Your Portfolio.,MarketWatch,https://finnhub.io/api/news?id=2bb4eeb2bc025459ae4b251a8b830a0b5ec394b995dbc67b96e94249358e07f8
2025-02-25 06:14:42,NVDA,"NBXG: The Next Generation Of Technology Beckons, Income Investors Rejoice",Discover Neuberger Berman Next Generation Connectivity Fund Inc's focus on next-gen connectivity & tech with a 9% yield. Click for more on the NBXG CEF.,SeekingAlpha,https://finnhub.io/api/news?id=c5ef31061f8c8bf3dee51e356cf95c9b6ca70b55141ebf04d289c17e155211c3
2025-02-25 06:01:17,NVDA,Nvidia's AI Empire Faces Its Toughest Battle,"Nvidia anticipates $38.16B Q4 revenue, but AI demand slowdown, pricing pressures, and export restrictions are key. Click to read why NVDA stock is a Strong Buy.",SeekingAlpha,https://finnhub.io/api/news?id=2e5d5a33ca16b6faaa1ce05ddc2fa9f611c96fa6ee1480f7054da5fd617c300d
2025-02-25 05:30:09,NVDA,Nebius: The Earnings Miss Shouldn't Bother You,"Nebius Group's core AI infrastructure business grew 602% year-over-year, despite a 34% revenue miss in Q4 FY2024. Read why I think NBIS stock is a strong buy.",SeekingAlpha,https://finnhub.io/api/news?id=4f41599f8b97f5e2fa56db7fc2de3e24650680f813fb2b7beb292a53d487737b
2025-02-25 05:28:41,NVDA,Apple Is Not Worth It At This Price,Apple has reached a sky-high valuation on absolutely no growth. Stock price has been disconnected from fundamentals. Read why I think AAPL's stock is overvalued.,SeekingAlpha,https://finnhub.io/api/news?id=e12355bbc6c2c4c39b5382b924b4ae704795e3fab2ea0f572cfa9108fd69a288
2025-02-25 05:01:23,NVDA,"Arista Networks: Sentiment, Not Fundamentals, Gave You This Buying Opportunity","Watch for Arista Networks to bottom near the high $80s, setting up for a potential rally in 2025 with a sentiment reset and strong business fundamentals. Learn more on ANET stock here.",SeekingAlpha,https://finnhub.io/api/news?id=01776f92e563fc1b2ef411c28677b0cbf59760aef81b75b8314cf8d90674801a
2025-02-25 04:45:17,NVDA,Nvidia: The Link Between Superpower Geopolitics And A Historic Construction Boom,"With the Hopper and Blackwell GPU architectures, Nvidia sits on the fault line between superpower geopolitics and a historic data center construction boom.",SeekingAlpha,https://finnhub.io/api/news?id=149c62b9bac86e15bfde8598cc04f670fac9d54dea2871d97532ac4cb66724c3
2025-02-25 04:20:00,NVDA,Columbia Select Large Cap Equity Fund Q4 2024 Commentary,"Columbia Select Large Cap Equity Fund Institutional Class shares returned 3.31% for
the three months ending 12/31/2024. Click here to read the full commentary.",SeekingAlpha,https://finnhub.io/api/news?id=369b0d4f7df570e328865349cf6db51f8334ceaaecb1211fafe021f4b172669c
2025-02-25 04:01:00,NVDA,Gibson Energy: 8% Yield To Wait While Marketing Reverses Its Fortunes,"Gibson Energy had a terrible Q4-2024, but we actually see an attractive buying opportunity for the stock. Click here to read an analysis of GEI:CA stock now.",SeekingAlpha,https://finnhub.io/api/news?id=a57213046277665978b53a52736ff67732bfdae6bee5df1f7be41c8a04c9cf08
2025-02-25 03:44:28,NVDA,Dow Jones Rises As Trump Tariffs 'Going Forward;' Hims Stock Crashes On Earnings,Dow Jones Rises As Trump Tariffs 'Going Forward;' Hims Stock Crashes On Earnings,DowJones,https://finnhub.io/api/news?id=c9640a4c3868221cab183e9bc809409f5ff7bdad27cd54f13f8e254b809ffbb7
2025-02-25 02:50:53,NVDA,"Stock Market Leaders Come Under Heavy Selling Pressure, But Will It Spark A Market Correction?","Stock Market Leaders Come Under Heavy Selling Pressure, But Will It Spark A Market Correction?",DowJones,https://finnhub.io/api/news?id=9f32b46a9d009369a182e0269ff4ab064ba62ecc36b2d85e07b71fb6681777b8
2025-02-24 23:04:05,NVDA,Lambda CEO on Growing AI Infrastructure Demand,"An embrace of open-source AI models is helping to fuel interest in Al cloud platforms like startup Lambda, a startup which raised $480 million in its Series D funding round from the likes of Nvidia...",Finnhub,https://finnhub.io/api/news?id=edae47fb2b9517bd916dcb583ad8f785813b1b4d5668f0afb983bdffddc73fed
2025-02-24 20:25:00,NVDA,RiverPark Long/Short Opportunity Fund Q4 2024 Investor Letter,,SeekingAlpha,https://finnhub.io/api/news?id=12f99051ab75176698da48399b15c88c298d14556e1797372b9cd142190233dc
2025-02-24 15:31:00,NVDA,Hartford Capital Appreciation Fund Q4 2024 Commentary,Hartford Capital Appreciation Fund (I share) underperformed the Russell 3000 Index during the quarter. Read more here.,SeekingAlpha,https://finnhub.io/api/news?id=ac1afa1887f0f6954a9345633a3b5326e2345cf0a4e41deabbb9825378b52de6
2025-02-24 12:27:11,NVDA,Nvidia Q4 Preview: Problems With The Jevons Paradox,"Nvidia faces growth challenges as Blackwell GPUs reduce demand, competitors like AMD cut costs, and delays raise risks. Click to read why NVDA stock is a Strong Sell.",SeekingAlpha,https://finnhub.io/api/news?id=9886e92d6ae411a0f073b2798b51401581efe73aa733467b1cbe8b77dc22cbb4
2025-02-24 11:38:40,NVDA,Selling Nvidia Stock Before Earnings Is A Big Mistake,"Nvidia Corporation's strong AI-driven growth and hyperscaler demand underline a Strong Buy rating, offering ~50% upside. Click for my NVDA earnings preview.",SeekingAlpha,https://finnhub.io/api/news?id=8901da0feb19e1b6a0973cd71107bacd7de2f48857797331c873cce3fa507be4
2025-02-24 08:37:51,NVDA,Wall Street Lunch: Tim Cook Dons His Politician's Hat,"Apple (AAPL) announced that it will invest more than $500 billion in the U.S. over the next four year, hiring about 20,000 people.",SeekingAlpha,https://finnhub.io/api/news?id=bd35ce009e3289b06843ac8837e085694327ead4d64c148e72432d0174b19fd8
2025-02-24 06:39:42,NVDA,Nvidia: Consider Selling On Deteriorating Fundamentals,"Nvidia faces slowing revenue growth, falling profit margins, and potential datacenter overbuild impacts. Discover why a $2T valuation for NVDA stock is projected.",SeekingAlpha,https://finnhub.io/api/news?id=66ddecc7999d723b0d3dd5f76d3c9c2404633a3062fe407cc35ad5d4426faa56
2025-02-24 06:19:20,NVDA,Nvidia: A Very Profitable Neutral Strategy Tilted To The Upside,"Navigating Nvidia Corporation's future in AI: Explore growth challenges, competition, and strategic investment insights. Click for my NVDA earnings preview.",SeekingAlpha,https://finnhub.io/api/news?id=57e369277b54ac4235a14041e8cfd83b4f1b768821a3b6ce74979cecb31a775e
2025-02-24 06:00:00,NVDA,Nvidia: A Rare Buying Opportunity Is Here,Nvidia's stock decline due to DeepSeek's model release is an overreaction; Nvidia remains a strong BUY with significant long-term growth potential in AI.,SeekingAlpha,https://finnhub.io/api/news?id=b5bb9e91abb97922d8890e5ecd30064e313d5ec21bf5daebb5495c761bb4814a
2025-02-24 05:28:00,NVDA,Hartford Growth Opportunities Fund Q4 2024 Commentary,The Hartford Growth Opportunities Fund (I shares) outperformed the Russell 3000 Growth Index during the quarter. Read more here.,SeekingAlpha,https://finnhub.io/api/news?id=af84d548adb4abe5d24780886d91b4c1b3095ffd41d3c2f4009f13a6f6d44f4c
2025-02-24 04:30:00,NVDA,Columbia Large Cap Growth Fund Q4 2024 Commentary,Columbia Large Cap Growth Fund Institutional Share Class Shares returned 5.71% for Q4 2024. Click here to read the full commentary. ,SeekingAlpha,https://finnhub.io/api/news?id=479bbe97802f2ba4774f3161c5aba7ae93a134d6c8186f50916582477de247c0
2025-02-24 04:15:00,NVDA,Columbia International Dividend Income Fund Q4 2024 Commentary,Columbia International Dividend Income Fund Institutional Class shares returned -7.41% for Q4 2024. Click here to read the full commentary. ,SeekingAlpha,https://finnhub.io/api/news?id=64613f712ff259b5db33380165df4e978fd71e43578322d4aacbb2bb6e16b1c0
2025-02-24 03:00:00,NVDA,"Nvidia Q4 Preview: Don't Underestimate Jensen Huang, Don't Panic, Check These 3 Metrics",Nvidia's upcoming Q4 report will reveal key revenue and earnings metrics. See why NVDA stock could thrive with Blackwell and Hopper's full release.,SeekingAlpha,https://finnhub.io/api/news?id=63b764462062c9c0eba5104454730868d0ce5441b16d957e93cafa5a878dfaf1
2025-02-24 03:00:00,NVDA,Hartford Core Equity Fund Q4 2024 Commentary,Hartford Core Equity Fund (I Share) outperformed the S&P 500 Index during the quarter. Read more here.,SeekingAlpha,https://finnhub.io/api/news?id=2079432c886a5108138347e7663cc9bcd3193224cfaf7ade8e8cca98d785fcfa
2025-02-24 02:00:00,NVDA,Apple: I Was Wrong (Technical Analysis)(Rating Downgrade),Appleâs investment prospects start to look much less appealing. Read more to see why I downgrade AAPL stock from buy to hold.,SeekingAlpha,https://finnhub.io/api/news?id=38d687e786f1f5024cdc261139bd49cd02a712177f5ca30b0adcf6ef38c8d899
2025-02-24 00:23:00,NVDA,Afraid Of Investing In Individual Stocks? Consider This ETF Trifecta,I have been recently adding ETFs as these are also great for building wealth. Check out the ETF trifecta you should consider for your portfolio and why.,SeekingAlpha,https://finnhub.io/api/news?id=8b1a8771a01017d172c047f9bd8a971640b181cf823a942d644c382e2b4c99bd
2025-02-23 23:35:00,NVDA,Columbia Dividend Income Fund Q4 2024 Commentary,Institutional Class shares of Columbia Dividend Income Fund returned -1.34% for Q4 2024. Click here to read the full commentary. ,SeekingAlpha,https://finnhub.io/api/news?id=4fb2ba289dc911d2ffc3f50d8dc7e2158e47042abde7d0b7b284ce352cacdecf
2025-02-23 18:35:02,NVDA,Relief as German vote dodges extremes,A look at the day ahead in European and global markets from Wayne Cole. The market reaction has been relief at the election of the relatively mainstream CDU/CSU conservatives in...,Finnhub,https://finnhub.io/api/news?id=96723dc16966575d872e5ca4d9570faa364ebdc1c47884fda16a8ef83c0b924a
2025-02-23 17:59:00,NVDA,Tracking Mario Gabelli's Gabelli Funds 13F Portfolio - Q4 2024 Update,"This quarter, Gabelli Fundsâ 13F portfolio value decreased from $13.87B to $13.32B. Read more to see the portfolio's full Q4 2024 update.",SeekingAlpha,https://finnhub.io/api/news?id=c7838e0c738a88605dc1d58ec89e58bce504a43f0719f46b052c22944b4b09d1
2025-02-23 17:56:39,NVDA,"European stock futures, euro climb as Germany stays mainstream","European shares and the euroclimbed on Monday as Germany's election produced a mainstreamoutcome, while Wall Street futures firmed on hopes results fromAI diva Nvidia this week would justify the...",Finnhub,https://finnhub.io/api/news?id=a8fa136b64be44576659aaa0117e290c7e9d5e3df73ef8ac9e3eca8af30e30bf
2025-02-23 17:00:00,NVDA,Columbia Disciplined Growth Fund Q4 2024 Commentary,Columbia Disciplined Growth Fund Class A shares returned 4.33% (excluding sales charge) for Q4 2024. Click here to read the full commentary. ,SeekingAlpha,https://finnhub.io/api/news?id=8f42afe8fc5f8811ccb54c4ef8a659e95cfc7f0a8ab2d64d067a9b6f23ea130b
2025-02-23 16:35:00,NVDA,Columbia Disciplined Core Fund Q4 2024 Commentary,Columbia Disciplined Core Fund Class A shares returned 2.68% (excluding sales charge) for Q4 2024. Click here to read the full commentary. ,SeekingAlpha,https://finnhub.io/api/news?id=81ffadd3bb17e94ae1676d2c2400de0fe960de85c84ad2550ae561bdc8afdb62
2025-02-23 16:05:00,NVDA,Columbia Contrarian Core Fund Q4 2024 Commentary,"Institutional Class shares of Columbia Contrarian Core Fund returned 2.37% (net ) during Q4 2024, underperforming the fundâs benchmark, Click here to read more.",SeekingAlpha,https://finnhub.io/api/news?id=4b97809cd4fccd881b55f8ff8ccf6e578fae567082bbc8e50d7e115a2c810d5d
2025-02-23 09:13:00,NVDA,Wall Street Brunch: Nvidia Will Be An AI Litmus Test,Nvidia guidance will be crucial for tech bulls. Fed's favorite inflation gauge looks more benign than CPI. Warren Buffett assures investors on cash pile.,SeekingAlpha,https://finnhub.io/api/news?id=2d626921923af7554d4eabee93eee46b1ed1b8285ea7cd3376bdf792a0cec4bd
2025-02-23 08:00:00,NVDA,"Nvidia Earnings, Inflation Data, and More to Watch This Week","Nvidia Earnings, Inflation Data, and More to Watch This Week",MarketWatch,https://finnhub.io/api/news?id=a5a295e29a58389c0b674584cb00512febdc65a228550b69a0b78442788d45a1
2025-02-23 03:36:07,NVDA,ASML: Factoring In Every Possible Scenario - Potential Outweighs Downside,ASML is the dominant player in the lithography equipment market. See why I maintain my strong buy rating for ASML stock.,SeekingAlpha,https://finnhub.io/api/news?id=b5c43b0b65e7f62abcf53d18b0412458dfdee31305337a13a32663c69e60d288
2025-02-23 02:30:00,NVDA,5 Best CEFs This Month: Average Yield Of 10% (February 2025),"For income investors, closed-end funds remain an attractive investment class. Check out five CEFs with solid track records that pay high distributions.",SeekingAlpha,https://finnhub.io/api/news?id=664233de15f09510799c65acdc5c89c627766fec7d385a17e80ea103f52a443a
2025-02-23 01:07:38,NVDA,Wall Street Week Ahead,"Stay ahead this week with updates on Nvidia earnings, key inflation data, and GDP insights. Discover market trends and top earnings reports.",SeekingAlpha,https://finnhub.io/api/news?id=e74a6906f75d53957887fafe9ea14ddb083a1472ff03b4cd34df0d3b9188e225
2025-02-23 01:00:00,NVDA,VFLO: A More Defensive ETF To Navigate Slower S&P 500 Growth,Victoryshares Free Cash Flow ETF targets companies with high cash flow and growth. Learn why VFLO stock may underperform if the AI sector drives market growth.,SeekingAlpha,https://finnhub.io/api/news?id=e0bc34d5c7ee0f336841bc8b7ae46f4dd76000c646f8110ccb80df54f1e4d258
2025-02-23 00:15:00,NVDA,Nvidia's Stock May Drop After Earnings - Even If It Beats,"Nvidia's 72.1% revenue growth is anticipated, but investors expect a big beat and raise. Check out the earnings preview of NVDA stock.",SeekingAlpha,https://finnhub.io/api/news?id=c49400f6b52927acf933dd3f090ebe8c44ab7bc09d5a61cb6fca0c02cff6e7ff
2025-02-22 07:05:00,NVDA,Nvidia options traders are vastly overestimating how earnings will move the stock. Just look at these charts.,Nvidia options traders are vastly overestimating how earnings will move the stock. Just look at these charts.,MarketWatch,https://finnhub.io/api/news?id=d2372386e0c65e8238d5ad7b318145e59c4a1a376f62c1ae994e965e2c8d7d15
2025-02-22 05:54:13,NVDA,"Dow Jones Futures: Nvidia Looms After Palantir, Axon, Tesla Lead Market Sell-Off. Here's What To Do.","Dow Jones Futures: Nvidia Looms After Palantir, Axon, Tesla Lead Market Sell-Off. Here's What To Do.",DowJones,https://finnhub.io/api/news?id=c975ed8e1ae99fa4bf022f4b0c35627fb11e8588ce55bc02c8d32c4dbd226ae8
2025-02-22 05:00:00,NVDA,Nvidia The Focus Of Earnings Reports This Week,All eyes on Nvidia as it reports earnings this week. Does DeepSeek impact NVDA in any form? Wait and watch. US Q4 GDP's second estimate is due Friday. See more here.,SeekingAlpha,https://finnhub.io/api/news?id=26e80035243ee12f6743073bacabfac4e6c4e777fe7dbf60fd88718b4048a9ca
2025-02-22 01:00:00,NVDA,My No. 1 Priority Stock: Why Nvidia's 52% Growth Is Just The Start,"Nvidia offers exceptional growth with a 26% discount. Learn why NVDA stock could deliver an 83% return, supported by strong EPS growth and market potential.",SeekingAlpha,https://finnhub.io/api/news?id=ac84aa99bc680e1fc9433a57ba2312af887f7776b2ea7aabe55f285306388881
2025-02-21 13:15:00,NVDA,"S&P 500 Earnings: Weaker 2025 S&P 500 EPS Estimates Follow Same Pattern As Late '23, And Early '24","S&P 500 EPS growth for Q4 â24 was expected at +9.5% to +9.6% in early January â25, but the actual growth rate so far is for Q1 â24 SP 500 EPS growth to reach +15.7%.",SeekingAlpha,https://finnhub.io/api/news?id=40c14f9baac9b4d775aa54e023aa88dc9ad065df065df63fb2f0215f7db07f5a
2025-02-21 10:40:00,NVDA,Nvidia Stock Has Been on a Wild Ride. Wall Street Is Staying Calm—and Bullish—Ahead of Earnings.,Nvidia Stock Has Been on a Wild Ride. Wall Street Is Staying Calm—and Bullish—Ahead of Earnings.,MarketWatch,https://finnhub.io/api/news?id=b7d4721d8ffb757fefaca06d740c0aeca16cc71451dc09d4836327f691680593
2025-02-21 09:45:15,NVDA,"Super Micro Computer: Despite Risks, Big Upside Ahead","Explore why Super Micro Computer, Inc. is a standout in the AI megatrend with high-growth potential and low valuation. Click for my updated look at SMCI stock.",SeekingAlpha,https://finnhub.io/api/news?id=1a885449ed80f0bc33d4099f638e9f356756ab38411f803632f7ece817964ee8
2025-02-21 08:52:00,NVDA,American Century Ultra Fund Q4 2024 Commentary,The reelection of former President Donald Trump initially pleased investors who had worried about another protracted legal battle regarding the electionâs results.,SeekingAlpha,https://finnhub.io/api/news?id=28432d454250134095abc28e662127b36c52d783df7854ae725ef5757b7abdfa
2025-02-21 08:45:00,NVDA,Past Week Dominated By Corporate Earnings Stories,Past week dominated by good news and a few corporate earnings.,SeekingAlpha,https://finnhub.io/api/news?id=75b7ae5d20612a575b8a1ac3b3c041a75ae3684efda3556f93504b7f3028f83f
2025-02-21 08:39:00,NVDA,"UnitedHealth, Amazon.com Inc. share losses contribute to Dow's nearly 800-point fall","UnitedHealth, Amazon.com Inc. share losses contribute to Dow's nearly 800-point fall",MarketWatch,https://finnhub.io/api/news?id=985cd50a64c0fdd90ff35bf57366cb392f00c1ddf47f895ed3f165f96f964f30
2025-02-21 07:40:49,NVDA,"Nebius Group Is Building An Inspiring Growth Story, But Risks Remain",,SeekingAlpha,https://finnhub.io/api/news?id=b1f0b7f2f8916a14d5d300d1f462bb6c47c81ceb61f1b03ea75884a6cf3cb0d9
2025-02-21 05:51:25,NVDA,Nvidia: A Golden Buying Opportunity Before Earnings,,SeekingAlpha,https://finnhub.io/api/news?id=e3dc5932eeb51a0630c7ff1af23a66fde8299e6728e7b76046fb2a7da1251b17
2025-02-21 05:36:48,NVDA,I Bought Nebius Group After Dumping My Microsoft Shares,Nebius Group offers fast growth in AI cloud tech. Learn why NBIS stock could outperform Microsoft and Amazon despite profitability uncertainties.,SeekingAlpha,https://finnhub.io/api/news?id=100dd0c582d614e48025fb9fa01939b18f70069b466799a992f4d10bb5db0465
2025-02-21 05:30:11,NVDA,Manole Capital: 1st Quarter 2025 Investor Newsletter,"Discover market trends for 2023, AI's impact on spending, Fed policies, and digital payment insights.",SeekingAlpha,https://finnhub.io/api/news?id=fa808dbdead43e67783c80be091a6be58614ab8a78f9564a88f8ae279e95c37d
2025-02-21 05:27:00,NVDA,This stock sector can still soar during the late stages of the bull market — and there are easy ways to play it,This stock sector can still soar during the late stages of the bull market — and there are easy ways to play it,MarketWatch,https://finnhub.io/api/news?id=1153d9d16a956b34709861160ec258cb8b9d1e2e09dfa96e874417944ba7fa93
2025-02-21 05:26:00,NVDA,Nvidia CEO Jensen Huang Says the DeepSeek Reaction Was Wrong. Here’s Why.,Nvidia CEO Jensen Huang Says the DeepSeek Reaction Was Wrong. Here’s Why.,MarketWatch,https://finnhub.io/api/news?id=7a5f8e4d70858aea3e321b2306047ae3f912143a8b558346dc73bf30dd12af91
2025-02-21 04:05:37,NVDA,"Dow Jones Slides After Inflation Data; Block, Rivian Plunge On Earnings","Dow Jones Slides After Inflation Data; Block, Rivian Plunge On Earnings",DowJones,https://finnhub.io/api/news?id=24767b9110886f9433c0ead2639befaed249a3573051f26affa546dccd2a759b
2025-02-21 04:00:00,NVDA,"Most large cryptocurrencies climb on Avalanche, Ethereum increases","Most large cryptocurrencies climb on Avalanche, Ethereum increases",MarketWatch,https://finnhub.io/api/news?id=212a2d55bdb90170e686e1d123406a36c472d2525f51d493c36691c1a64f7809
2025-02-21 03:08:06,NVDA,JHML: Multi-Factor Vs. Single Factors,John Hancock Multifactor Large Cap ETF uses a multifactor strategy but lags in returns. Learn why JHML underperforms compared to single factor ETFs.,SeekingAlpha,https://finnhub.io/api/news?id=571944da1df00c9f38bfd1cb79e94f6d7f7a63c3dce83581dc5b9c18148b7b2d
2025-02-21 02:57:00,NVDA,Monthly Market Recap: Hold My Beer; The World Just Flipped (Again),"China's AI breakthrough, persistent inflation, goldâs outperformance, and rising energy demand underscore a shifting investment landscape. Click to read.",SeekingAlpha,https://finnhub.io/api/news?id=3024392b6a03c85a2590eb244ea75a009cda6dbaf245a874597df55f584e5d62
2025-02-21 02:20:00,NVDA,Michael Lee On The AI Revolution - Palantir Still The Clear Leader,"Michael Lee, founder of Michael Lee Strategies, why he believesÂ Palantir Technologies is the clear AI leader and why Wall Street is still underestimating the AI revolution.",SeekingAlpha,https://finnhub.io/api/news?id=122773491939185b9bc81ba8169680e326c7cd5b827b5170dbccc69dccc9b4fc
2025-02-21 02:16:16,NVDA,"Dow Jones Futures Fall On UnitedHealth Probe; MercadoLibre Soars After Palantir, Axon, Carvana Tumble","Dow Jones Futures Fall On UnitedHealth Probe; MercadoLibre Soars After Palantir, Axon, Carvana Tumble",DowJones,https://finnhub.io/api/news?id=ea6dcfff8d5678225a8efc634f6c860e101254c8c2536a6f41378ece04744ef7
2025-02-21 02:00:00,NVDA,"SPY, QQQ, And Bitcoin",The importance of total returns; focusing on S&P 500 + Nasdaq 100 ETFs and Bitcoin.,SeekingAlpha,https://finnhub.io/api/news?id=344fcba3971518ee430e8ee50662e6f08ae6ae0dd808e8b686b1aa01e4e7b73f
2025-02-21 01:20:00,NVDA,Allspring Large Cap Growth Fund Q4 2024 Commentary,"The Allspring Large Cap Growth Fund underperformed the Russell 1000 Growth Index during the quarter that ended December 31, 2024. Click here to read more.",SeekingAlpha,https://finnhub.io/api/news?id=8cc7ad23c73f4428071b33a82abe0a77d6792f66f03d43df9007d63862430149
2025-02-21 00:02:18,NVDA,Nvidia to offer AI trades reality check,"Nvidia's profit report next week could steer the U.S. stock market's course, as investors seek confirmation that the AI-driven investment trend, which has powered equities for two years, is intact...",Finnhub,https://finnhub.io/api/news?id=9ab3f3766908929c957ff8928f5569eca3e80819a332a2ed30068f8c3c0a96ab
2025-02-20 23:26:31,NVDA,"A Question Of Quality, If I Could Only Own Six Stocks",A concentrated portfolio of high-quality stocks can outperform diversification. Click here to see the top picks and strategies inspired by Buffett and Munger.,SeekingAlpha,https://finnhub.io/api/news?id=9c0920229c44e8591d305504ad91f7a280dbac09fdab5d6e8a2c4f12bfdd6717
2025-02-20 23:10:00,NVDA,Baron Global Advantage Fund Q4 2024 Shareholder Letter,"Baron Global Advantage Fund advanced during the fourth quarter of 2024, outperforming its benchmark, the MSCI ACWI Index. Read more here.",SeekingAlpha,https://finnhub.io/api/news?id=5511d1a8d4c691c4e155eccb6a17ed42bdb776068d28e71821c9e0d6298e87c0
2025-02-20 22:35:00,NVDA,Artisan Global Discovery Fund Q4 2024 Commentary,"The portfolio generated strong absolute returns in Q4 and 2024, and it outperformed the MSCI AC World Small Mid Index over each period.",SeekingAlpha,https://finnhub.io/api/news?id=3bc4f8d143fdb776e9bcb5223b9429d42e4445489a405f5478e18c561456fab2
2025-02-20 16:26:29,NVDA,Tracking Ray Dalio's Bridgewater Associates 13F Portfolio - Q4 2024 Update,"Bridgewater Associates' Q3 moves: Portfolio value rises to $21.81B. Notable stake reductions were seen in GOOG, NVDA, META, MSFT, and AMZN. See more here.",SeekingAlpha,https://finnhub.io/api/news?id=f3260216083646ef6b0176bdb0ac3aac3cc6c3e4617d6001aa40c09a14ce5aec
2025-02-20 15:40:00,NVDA,Madison Small Cap Fund Q4 2024 Investment Strategy Letter,"The fourth quarter closed out a successful year for the Madison Small Cap Fund, delivering solid absolute and relative returns for the fourth quarter and the full year.",SeekingAlpha,https://finnhub.io/api/news?id=b937735c97113099a12193f720a1603f8e6bdbb2de8252e8ac088293a68d6cbc
2025-02-20 12:38:33,NVDA,Broadcom Is Threatening AMD's Data Center Opportunity,"Explore Advanced Micro Devices, Inc.'s journey from fabless strategy to AI market challenges, stock-based dilution, and competition. Click for more on AMD stock.",SeekingAlpha,https://finnhub.io/api/news?id=a8f77b9fa84d4546cc3a732fb8d3cd834c2b6f5d5f0ed636201ce40edb65cd84
2025-02-20 09:48:00,NVDA,The Chips Act may be dead. That’s another big hurdle for semiconductor stocks.,The Chips Act may be dead. That’s another big hurdle for semiconductor stocks.,MarketWatch,https://finnhub.io/api/news?id=089f1dfef15ee6b20b95afb22a76f20f02ec36cd85c3faaac6aad0e7ceded050
2025-02-20 09:18:39,NVDA,Arista Networks May See Growth Accelerate In 2027,,SeekingAlpha,https://finnhub.io/api/news?id=d92d184987fe71049cad75460289616f69c8dcaaf1eb38c901128a0f5017ebfd
2025-02-20 08:07:32,NVDA,Nvidia Could Burst The AI Bubble Next Week -- Expect Poor Guidance (Downgrade),,SeekingAlpha,https://finnhub.io/api/news?id=03e6c340dbbd49fba893d2d62a2f74776b3d806c14f15ef38cec4459104034ce
2025-02-20 07:15:00,NVDA,Madison Covered Call & Equity Income Fund Q4 2024 Investment Strategy Letter,"The Mag 7 stocks rose more than 67% in 2024, allowing S&P 500 to post a 25% return, its second consecutive year of 20%+ gains, a feat not accomplished since the Dotcom Bubble in 1997/98.",SeekingAlpha,https://finnhub.io/api/news?id=b809ae2a3a33a1e2bc9753807ac3a34f8bf113d42bf1946fc3b097495f18a386
2025-02-20 06:29:33,NVDA,Trading Nebius Group's Hypergrowth And Hyper-Volatility,"Nebius Group N.V. grows 602% in AI infrastructure! Cash-rich with $2.45B, aiming for $1B ARR by 2025. Click here to find out why NBIS stock is a Buy.",SeekingAlpha,https://finnhub.io/api/news?id=8e7f952db3a5d86162b1aeb90c59e2add26bae52bcceb5671279f7c1f5cb6749
2025-02-20 05:45:00,NVDA,Allspring Emerging Markets Equity Income Fund Q4 2024 Commentary,The Allspring Emerging Markets Equity Income Fund outperformed the MSCI Emerging Markets (EM) Index (Net) for Q4 2024. Click here to read the full commentary. ,SeekingAlpha,https://finnhub.io/api/news?id=5d76bf80ad2be24746e1f42cf53545c012446267a12dca7f99c8d33919ac3df0
2025-02-20 05:18:24,NVDA,Together AI notches $3.3 billion valuation after latest fundraising,Together AI said on Thursday it hit a valuation of $3.3 billion after a $305 million funding round. The funding round was led by General Catalyst. A string of other investors including...,Finnhub,https://finnhub.io/api/news?id=5168f12c883d549d7af417f042d556ae1fbbfe8f18a412ba6a4754d0cc89eb5a
2025-02-20 05:02:00,NVDA,Nvidia investors are jittery about earnings. Here’s the big question.,Nvidia investors are jittery about earnings. Here’s the big question.,MarketWatch,https://finnhub.io/api/news?id=cd10612cf53c7fa33a204add536bb929cf22276c1db2af44106c8a636770af8e
2025-02-20 04:43:45,NVDA,Wall Street Is Sleeping On AMD's AI Inference Boom,Advanced Micro Devicesâ MI300X and AI strategy challenge Nvidiaâs monopoly. Learn why AMD stock is a buy with rising demand for AI and chip advancements.,SeekingAlpha,https://finnhub.io/api/news?id=54725cd7c1283337c7aa4c4e7fa87c6d5f274937331e2bd199a138f3d5d5a9c4
2025-02-20 04:26:38,NVDA,Why Nvidia's Q4 Earnings Will Be One Of The Most Important In Its History,I believe Nvidia's earnings report scheduled for February 26th will be the most pivotal. Read why I maintain my strong buy rating on NVDA stock.,SeekingAlpha,https://finnhub.io/api/news?id=6371533a311476e68a4a8528fe794b0f1545cdd762845170464a0f57a784a7bb
2025-02-20 04:00:00,NVDA,"Most big cryptocurrencies rise on Avalanche, Sui increases","Most big cryptocurrencies rise on Avalanche, Sui increases",MarketWatch,https://finnhub.io/api/news?id=c99baa6f301ea5d62fa7ef302c11bf28d6cd24fa3529ada42b0b4b007396e401
2025-02-20 03:54:16,NVDA,"Dow Jones Falls After Surprise Jobless Claims; Carvana, Walmart Plunge On Earnings","Dow Jones Falls After Surprise Jobless Claims; Carvana, Walmart Plunge On Earnings",DowJones,https://finnhub.io/api/news?id=8db76d50da34ef1b682ee669b80cd140ac1fe58c54b989d84e3daa7470480a5a
2025-02-20 03:44:45,NVDA,Nebius Group: Another Outstanding Quarter - Strong Buy Confirmed,Nebius Group shows strong Q4 performance and targets breakeven by year-end. Find out why NBIS stock has a 44% upside potential and a âStrong Buyâ rating.,SeekingAlpha,https://finnhub.io/api/news?id=9fa4e884c0316fef170cce0a516a812a432dbf3dbb3413bb35b0b46105721c44
2025-02-20 03:05:00,NVDA,"BNY Mellon Worldwide Growth Fund, Inc. Q4 2024 Commentary",The BNY Mellon Worldwide Growth Fund underperformed the MSCI World Index in the fourth quarter of 2024. Read more here.,SeekingAlpha,https://finnhub.io/api/news?id=11fc4d438000eb47f4fdf843dedc1916147d55982f69d2183bfe3a65428f196d
2025-02-20 03:04:30,NVDA,MACOM Technology Solutions: I Am Waiting For A Cheaper Entry Point,"MACOM Technology is rated a hold despite strong AI-driven growth and CHIPS Act benefits, due to its high valuation at 34x forward PE. Read more here.",SeekingAlpha,https://finnhub.io/api/news?id=499cc534e32be2e4f90c81eb8853993c5c4bcde8b4c840ecb2b55dfdcd0910ef
2025-01-30 12:42:00,NVDA,"Nvidia Chip Flow to China Should be Throttled Post-DeepSeek, U.S. Lawmakers Say","Nvidia Chip Flow to China Should be Throttled Post-DeepSeek, U.S. Lawmakers Say",DowJones,https://finnhub.io/api/news?id=b7cc05347a5cd543c85ab78c879a2fd2618f28de48add26cdc9e9f35fb9d2f5c
2025-01-30 10:05:15,NVDA,"NVDU: Providing Leverage To Nvidia, A Hot Tech Stock That Has Corrected","Nvidia Corporation's stock outperforms despite high P/E, the Direxion Daily Nvda Bull 2X Shares ETF offers amplified returns and risks. Click for more on NVDU.",SeekingAlpha,https://finnhub.io/api/news?id=8bb02feb2355517e7fb475b40c440b9dde06e2f3b65a6021eb7450dc4dfc77ce
2025-01-30 06:22:11,NVDA,Is Nvidia In DeepTrouble?,"Nvidia's stock may have more upside, but its major gains are likely behind us. Click here to find out why I rate NVDA stock a Hold.",SeekingAlpha,https://finnhub.io/api/news?id=f58c43ebe13bfae7717beac3073f1e6cae3a7c2714701f684b18231b586b1543
2025-01-30 04:57:14,NVDA,Nvidia: Addressing AI Demand Concerns,Invest in Nvidia Corporation as AI spending surges. Recent dip offers a buying opportunity. Read my in-depth look at NVDA stock and its growing opportunities.,SeekingAlpha,https://finnhub.io/api/news?id=331b9277c630a5e1b80c3e7ff0bb92925e799e25a57b8a479444932767257050
2025-01-30 04:08:39,NVDA,"Meta Platforms: DeepSeek Works In Its Favor, Not Against It - A Tech Favorite",Meta Platforms' AI-driven strategy boosts ad revenue potential. Read why META stock is a buy with strong upside and a cheaper valuation compared to peers.,SeekingAlpha,https://finnhub.io/api/news?id=6c70b17aaa131bb2a9b4a5ec29fc3be48e5d50752b8ec96c5d48ad7db4c804e5
2025-01-30 04:03:53,NVDA,"Dow Jones Rises On Surprise Jobless Claims, GDP; Tesla Reverses Lower","Dow Jones Rises On Surprise Jobless Claims, GDP; Tesla Reverses Lower",DowJones,https://finnhub.io/api/news?id=f46af01b0722a4b030ecb63351efabdd9f9bb975ecf279d2919cd963edf2236d
2025-01-30 02:30:00,NVDA,Nvidia: DeepSeek Isn't Going To Topple The AI Gravy Train,"Nvidiaâs AI leadership remains intact, despite DeepSeek concerns. Read why NVDA stockâs steep drop represents a great opportunity for long-term investors.",SeekingAlpha,https://finnhub.io/api/news?id=0002e8686e5d1617e434371ea57ba340c1c36b2834f79a26439709db6c198a38
2025-01-30 02:30:00,NVDA,Summers Value Partners Q4 2024 Partner Letter,"In 2024, the Summers Value Fund LP (âthe Fundâ) delivered a net1 return of 27.4%. Click here to read the full letter.",SeekingAlpha,https://finnhub.io/api/news?id=8274f9160a843378123789f5c8d814eab39fb1c0b29ab11ed51fae5b7d8e6844
2025-01-30 02:14:41,NVDA,"Dow Jones Futures: Tesla Rises On June Robotaxi Target; Microsoft, ServiceNow Skid","Dow Jones Futures: Tesla Rises On June Robotaxi Target; Microsoft, ServiceNow Skid",DowJones,https://finnhub.io/api/news?id=efd8a5ed36353c14088da5222d6b64ed66843466b7b9fb0629b4799898aa4af8
2025-01-30 01:08:33,NVDA,ABB CEO sees growth in data centre business despite rise of DeepSeek,"ABB expects increased demand from the data centre market for its electrification products, CEO Morten Wierod said on Thursday, despite the promise of lower-energy AI models from China's DeepSeek. ...",Finnhub,https://finnhub.io/api/news?id=9b19741ad5920e376c9479a15bdebe2ed0f472c991ca6080f8033e036fa1a90e
2025-01-30 01:00:00,NVDA,Dividends And Dynamite: 10 High-Yield Blue-Chip Bargains You Don't Want To Miss,A Dividend and Dynamite approach pairs ultraâyielding blue chips with topâtier growth stocks. Click here to read more about ten blue-chip bargains.,SeekingAlpha,https://finnhub.io/api/news?id=4eeb290525209252e944262f47ad32c55e3459986f754f8f0149ca83604cc475
2025-01-29 23:35:07,NVDA,Nvidia: DeepSeek Could Trigger GPU Commoditization,Nvidia's position in AI could be challenged by DeepSeekâs efficient models. Learn why NVDA stock might face challenges from the rise of GPU-agnostic AI.,SeekingAlpha,https://finnhub.io/api/news?id=815840694cf035847334b312db07aed93b34b04582094da38731eea08310dd41
2025-01-29 23:05:00,NVDA,Franklin Rising Dividends Fund Q4 2024 Commentary,"Over the quarter, Franklin Rising Dividends Fund underperformed its benchmark, the S&P 500 Index. We remain optimistic about the opportunities we see across sectors in the market.",SeekingAlpha,https://finnhub.io/api/news?id=60704b879573f26bb037a65f5ed4353b0617480d09c996c5b4fc9d9e679fab37
2025-01-29 20:10:54,NVDA,3 Key Reasons UiPath Is Our Favorite 'Second Layer' AI Play,"UiPath's share price may have dropped since IPO, but it remains a key AI winner for 2025 with high growth potential and a Strong Buy rating. See more here.",SeekingAlpha,https://finnhub.io/api/news?id=5c6e1a9bb1f95b2614b3aed11958adc646cecbdbde468d78a6a25e826b8cee23
2025-01-29 15:38:00,NVDA,Microsoft and Meta AI Splurge Still Not Enough for Nvidia,Microsoft and Meta AI Splurge Still Not Enough for Nvidia,DowJones,https://finnhub.io/api/news?id=fcc44c1deb89208ac4c00114a73ba20585e6ec7174369ede7ee5d6357be90fcf
2025-01-29 13:39:13,NVDA,SP500: The AI Bubble Burst Stage One - Denial,"The DeepSeek trigger likely busted the GenAI bubble, as it is likely to cause misses in the earnings and guidance estimates for related stocks. Read my analysis.",SeekingAlpha,https://finnhub.io/api/news?id=04a52ff1108903d07a279e59bd9dae9ffe7a42262d7a4c0d9850289d82602123
2025-01-29 11:00:12,NVDA,NVIDIA Sets Conference Call for Fourth-Quarter Financial Results,"SANTA CLARA, Calif., Jan. 29, 2025 -- NVIDIA will host a conference call on Wednesday, February 26, at 2 p.m. PT to discuss its financial results for the fourth quarter and fiscal year 2025,...",Finnhub,https://finnhub.io/api/news?id=625eda4abf0a15db13c7480a972d0e16da74aca2fcb1ec1b4cc3177e33b48668
2025-01-29 10:59:16,NVDA,Wall Street Lunch: Fed Chillin',The FOMC votes unanimously for no change with inflation sticky. Powell says he's had 'no contact' with Trump. Nvidia facing new China sale restrictions?,SeekingAlpha,https://finnhub.io/api/news?id=1971ae4999a659802ad8aa05f46b26505220ca189e4b173304e84d7d19088f28
2025-01-29 09:21:34,NVDA,The Market Got DeepSeek Wrong - Here's Why Palantir Wins Big,"DeepSeek's disruptive AI tech benefits Palantir, positioning them as a leader in high-security AI integration. Click here to find out why PLTR is a Strong Buy.",SeekingAlpha,https://finnhub.io/api/news?id=049f7c1f514285c6c7c0ce48281f566177b869c0612897453c64557245f9ed2f
2025-01-29 09:02:47,NVDA,JEPI: A Strong ETF Pick For 2025,The JPMorgan Equity Premium Income ETF is a strong choice for stable income and growth potential in uncertain market conditions. Click here to read why JEPI is a Buy.,SeekingAlpha,https://finnhub.io/api/news?id=27dac239b9c7042ff3c8f92f2946a8be00f5c7435b3de001384ffd7d67ac1835
2025-01-29 08:10:33,NVDA,Google's Cloud Bet Is Paying Off - Here's Why More Upside Is Ahead,"Alphabet's stock shows strong growth potential with gains in Search, AI, and Cloud, outperforming benchmarks and offering upside potential. Learn more on GOOG stock here.",SeekingAlpha,https://finnhub.io/api/news?id=37dec254a7a65d63fba9a4fdfe9c94a0b69b83fb5ce782a7b931555a9dbb1bf3
2025-01-29 07:57:34,NVDA,"Trump officials discussing tightening curbs on Nvidia's China sales, Bloomberg reports","U.S. President Donald Trump's administration is considering tightening restrictions on artificial intelligence leader Nvidia's sales of its H20 chips designed for the China market, Bloomberg News...",Finnhub,https://finnhub.io/api/news?id=39cb0a08280005114b7d8b8d377e5d22d53efb80e5a4973df12bcbaa73fffbab
2025-01-29 07:31:53,NVDA,"ASML Holding: A Strong AI Play After Q4, Yet Not Without Risks","ASML Holding N.V.'s complex, high-cost business model and reliance on a few partners are mitigated by secular trends and continuous R&D investment. Learn more on ASML stock here.",SeekingAlpha,https://finnhub.io/api/news?id=f3bc5939cad9d64700ffc4c4bd939d9866bd5827d79a2cbf41c3eaaf0dda3b32
2025-01-29 06:51:41,NVDA,Nvidia: This Chart Shows Why DeepSeek Doesn't Concern Me,Nvidia stock tumbled after DeepSeek's AI news surfaced in tech circles. Read more about the impact the DeepSeek developments may have NVDA stock now.,SeekingAlpha,https://finnhub.io/api/news?id=60220f2ca4e445708b51e4a4e7daad2dd95ef60b64129cff0e963e59e8639595
2025-01-29 05:30:00,NVDA,AMD: Make-Or-Break Moment Fast Approaching Amid DeepSeek Selloff,AMD needs to deliver amid the uncertainties caused by DeepSeek on the need for more compute. Read why I will maintain my bullish proposition heading into its upcoming earnings release.,SeekingAlpha,https://finnhub.io/api/news?id=eadc6c54b0351a1a676076c6c2227ea34e250fc27094334e996ff69ff4cf4afc
2025-01-29 04:40:45,NVDA,Forget DeepSeek: Up To 13% Dividend Yields From A.I. Investments,Discover how dividend investors can benefit from AI opportunities after the recent tech stock flash-crash which was triggered by DeepSeek AI. Read our investing recommendations here.,SeekingAlpha,https://finnhub.io/api/news?id=fb207a4e9c287b6903eb1665b90beda3675d6fa015d9ed2f5e2a1d4aaa99f0f4
2025-01-29 04:00:00,NVDA,DeepSeek's Disruption: The Impact On Nvidia And The Semiconductor Industry,"As DeepSeekâs breakthrough AI news disrupts the semiconductor industry, understand the shift from training to inference and the impacts on dominant players like Nvidia.",SeekingAlpha,https://finnhub.io/api/news?id=8607163cb63d44b7a2a7cacf8bce3221b088a143e6934bccb8cd1c10cbccdf20
2025-01-29 03:15:00,NVDA,Time For Dividend Investors To Capitalize On AI Roller-Coaster,"Trump, by taking the Office, has created an elevated uncertainty in the system, which is supportive for a heightened volatility.",SeekingAlpha,https://finnhub.io/api/news?id=6160a2431ea779c0ceeb8b0a8f95f428e4ca163a91521cc39a688a1bb939643e
2025-01-29 02:30:00,NVDA,Nvidia Bearish Momentum Explained,"The market is testing a new narrative for Nvidia. This will be a bull and bear ferocious fight. Here we take a look at some bearish factors for the stock, and catalysts for a short thesis.",SeekingAlpha,https://finnhub.io/api/news?id=e16ad8f988fe6d10646020727c27fedffafe51cfd9d108f4516c148c1d2712fe
2025-01-29 01:39:15,NVDA,"High-Flyer, the AI quant fund behind China's DeepSeek","Quantitative hedge fund, High-Flyer, built a 100 billion yuan portfolio using artificial intelligence models to make investment decisions, but in 2023 decided to change track to focus on developing...",Finnhub,https://finnhub.io/api/news?id=851af9ae809f110eb5cd3c647d45649643d5e2d6a6bce53b8e723a7a910a65a3
2025-01-29 01:35:00,NVDA,2025 Semiconductor Outlook: Investor Roadmap,"As we move through 2025, staying informed and adaptable will be key to capitalizing on the opportunities this pivotal industry presents.",SeekingAlpha,https://finnhub.io/api/news?id=13c60b8ca4000df6f2c93add3270e29874d39818367e9af8f4747c2c3993e2fd
2025-01-29 01:10:00,NVDA,"Race To Build AI Accelerates As Companies, Countries Commit Billions In Funding","The global race to build generative AI capabilities has intensified with the inauguration of US President Donald Trump, who made AI a top priority.",SeekingAlpha,https://finnhub.io/api/news?id=321b0c85aa7f8e9911831667bb02448119f26d46c78d3dc6f0e42fd25e0fd485
2025-01-29 00:16:00,NVDA,ClearBridge Appreciation Fund Q4 2024 Commentary,US equities delivered positive gains in the fourth quarter and finished the 12-month period up 25% for the second year in a row. Read more here.,SeekingAlpha,https://finnhub.io/api/news?id=8dc013d99ef520c7f5903fb80adbd52e4a90b613357ecd622efcf00be060f355
2025-01-29 00:02:42,NVDA,AI stock shock could spark broader gains in US market,A development in the field of artificial intelligence that staggered asset prices could help set the stage for broader stock strength beyond the narrow group of technology shares that has propelled...,Finnhub,https://finnhub.io/api/news?id=20305d7fdb814490cdca06f849484b85aac4c203f4929943bb8a5ab08f1b2f6a
2025-01-28 23:00:00,NVDA,The Power Foundry: Gigawatt-Scale Power And Data Center Duo,Energy industry's commitment to AI infrastructure development underscores the role of natural gas in meeting growing energy demand. Check out the companies in this space.,SeekingAlpha,https://finnhub.io/api/news?id=966b3baad33fe340b293455fbb8d0de68fc5d470d848a1efc28d00e51b308c4f
2025-01-28 22:25:00,NVDA,Market Reactions To The DeepSeek Market Sell-Off,"The release of DeepSeekâs open-source AI chatbot caused a sharp sell-off in Nvidia and Broadcom, shifting market sentiment in favor of AI users.",SeekingAlpha,https://finnhub.io/api/news?id=88950d1ffc490fc534bef56d1f6f8f1f756ea8dab54b7e81570576257940270c
2025-01-28 21:55:00,NVDA,ClearBridge Large Cap Growth ESG Strategy Q4 2024 Commentary,The ClearBridge Large Cap Growth ESG Strategy underperformed its Russell 1000 Growth Index benchmark in the fourth quarter. Read more here.,SeekingAlpha,https://finnhub.io/api/news?id=00c8dc44289fdc166f4a31d57b1af9002d4f44ce3b2eedcf50456b9cc61f0b6d
2025-01-28 20:47:17,NVDA,"Nvidia shares jump, rebounding after DeepSeek-linked drop","Nvidia stock jumped in Europe on Wednesday, suggesting shares in the company at the heart of the artificial intelligence markets boom may recover further after a steep drop this week triggered by the...",Finnhub,https://finnhub.io/api/news?id=8406901f7d0bb8bc3e71f22f8db6653af9448f3dfa564b745ff6b601d5270a92
2025-01-28 20:00:00,NVDA,RGA Investment Advisors Q4 2024 Investment Commentary,"On the surface, 2024 appeared to be another banner year for equity markets, but beneath the hood, the story was categorically different. Click here to read more.",SeekingAlpha,https://finnhub.io/api/news?id=3dd21736b7c5f6f48655b0805aeb8a111b6d3b73d67bcdfd01ffe35941d28d85
2025-01-28 18:33:15,NVDA,Morning bid: Tech nerves settle just in time for Mag 7 earnings,"A look at the day ahead in European and global markets from Kevin Buckland Calmer heads appear to be prevailing after China's DeepSeek triggered a sell-off in AI-related shares, with a...",Finnhub,https://finnhub.io/api/news?id=be864707a4bc546b715798a10347785d3188a5c3b1e0f94cecd939112024f227
2025-01-28 12:46:29,NVDA,Investors bet on Nvidia share recovery with buying of leveraged ETFs,"Short-term traders are proving eager to bet on a rapid recovery in Nvidia, pouring money into the three largest leveraged exchange-traded funds which are linked to gains in the share price of the AI...",Finnhub,https://finnhub.io/api/news?id=6b6a5e11d747ded31bbb107e0a4af5d877b5575c6958bdf612681add57dd0d1c
2025-01-28 10:27:10,NVDA,The DeepSeek Revolution: Nvidia's Turn To Be Disrupted After Years Of Leading,,SeekingAlpha,https://finnhub.io/api/news?id=fa897033f34d22999281244fb503f87628c808fe87f232cbbe83e2442daafb0f
2025-01-28 10:03:27,NVDA,Point72 CEO Cohen says outlook for AI is more positive after DeepSeek,Point72 Asset Management's founder Steven Cohen said on Tuesday that the recent developments announced by Chinese artificial intelligence startup DeepSeek are positive for the outlook of artificial...,Finnhub,https://finnhub.io/api/news?id=58dc2f27cebe74d638135749af6642e87d4d990be5d7bdbdfb85a513e6c27ec0
2025-01-28 08:31:04,NVDA,Nvidia options draw dip buyers as shares rebound,"Monday's massive selloff in AI-darling Nvidia's shares did little to blunt options traders' enthusiasm for the chipmaker's shares, with traders quick to pile back into bullish Nvidia contracts as the...",Finnhub,https://finnhub.io/api/news?id=2d33fa45e222f8610c7ef413b3f71a92a06f2312aa0065b16a5d704190a445fa
2025-01-28 08:30:00,NVDA,ASML Holding Stock: Strong Buy Before Q4 Earnings,"ASML Holdingâs strong Q4 earnings outlook is backed by AI chip demand. Read why ASML stock is a buy, with consistent profit growth and bullish market trends.",SeekingAlpha,https://finnhub.io/api/news?id=8a58b43c94519d96410539b2cea6f7134bb9de327c444b8984f1cf9d5689c72f
2025-01-28 08:16:43,NVDA,DeepSeek Revelation Is Great For Nvidia: A Scientific Deep Dive,Discover how DeepSeek's efficiency and advancements in AI tools are boosting demand for Nvidia Corporation GPUs. Click for my updated look at NVDA stock.,SeekingAlpha,https://finnhub.io/api/news?id=f3f810fe595c133916df0ec8f31b72dcd7353bd4db20c2b93c660aaec37f263b
2025-01-28 07:47:12,NVDA,DeepSeek: Microsoft's Massive Value Catalyst,Microsoft benefits from DeepSeekâs revolutionary AI models. Find out why MSFT stock offers strong growth potential with advancements in AI reducing token costs.,SeekingAlpha,https://finnhub.io/api/news?id=e81cc73ad527e5dbc5b472bce714000ac9aef134b92e3eb2f343ab196ef273ac
2025-01-28 07:05:00,NVDA,Why Chinese Startup DeepSeek Is Suddenly Disrupting The AI Sector,The release of Chinaâs DeepSeek has led to a global selloff in technology stocks. TD Asset Management's Evan Chen discusses DeepSeekâs potential impact on the sector and the markets.,SeekingAlpha,https://finnhub.io/api/news?id=3c79a33c13bc17d1f7d6ae6aa50490ab8727d826073b9108ec308575a7b4e73f
2025-01-28 06:39:14,NVDA,Nvidia Stock: Buy The DeepSeek Fear Now To Avoid Regret Later (Rating Upgrade),"Nvidia remains vital to AI, with 87.5% upside potential. Learn why NVDA stock, priced at $118.50, could hit $222-$248.50 by January '26, driven by 75% EPS CAGR.",SeekingAlpha,https://finnhub.io/api/news?id=ea846babe2dec518dd8473b990a7641fe92ee22a86eea3031f280a9220531b25
2025-01-28 06:25:00,NVDA,Franklin Global Allocation Fund Q4 2024 Commentary,"Global equities collectively rose in local-currency terms in Q4 2024, but US dollarâs strength against most currencies contributed to a slight decline in global equities collectively.",SeekingAlpha,https://finnhub.io/api/news?id=06826bf92ebe5e2ee8d8802d1168fde5cfaa353ade3da861d58c91b240d3fc55
2025-01-28 06:14:53,NVDA,Nvidia: DeepSeek And Ye Shall Find The Bubble,DeepSeek's open-source AI model disrupted the industry. The army came out to defend AI and Wall Street's pursuit of it. We tell you where the real bubble is.,SeekingAlpha,https://finnhub.io/api/news?id=4b2f2c8da784d0d1976b5e4a2cef0a8a939ab02e3b61a37c27ed8d8f7867cfa1
2025-01-28 06:06:35,NVDA,Nebius Group: DeepSeek Gives A Golden Buying Opportunity,Nebiusâ drop creates a golden opportunity with strong AI expansion plans. Learn why NBIS stock is 54% undervalued and positioned for growth in key markets.,SeekingAlpha,https://finnhub.io/api/news?id=e2d99e2f45536590bb3f444b06b121cbc21063613f19b208af6ccf3854788516
2025-01-28 05:54:03,NVDA,Nvidia short bets rake in over $6 billion in profits after DeepSeek panic,"Short sellers of artificial intelligence-related stocks raked in bumper profits after the smashing debut of low-cost AI models from China's DeepSeek spooked Wall Street, with bets against Nvidia...",Finnhub,https://finnhub.io/api/news?id=59a4b15a9b4495aa68d4074f887abdaa8fd9fd86cd4d14acabe67e4a3a86590e
2025-01-28 05:52:57,NVDA,"DeepSeek Is A Huge Negative For Vistra, Sell Now (Rating Downgrade)",Vistra Corp.'s stock was initially attractive last year due to its growth potential from AI-driven power demand. Click for my VST update in light of DeepSeek.,SeekingAlpha,https://finnhub.io/api/news?id=6b89379d5ee580b54399a38f296c9d53c504db377d8e6f5fc592d91e10d88021
2025-01-28 05:30:26,NVDA,Investors Can't Count On Continued Multiple Expansion,,SeekingAlpha,https://finnhub.io/api/news?id=e89964a68ffe96f270830f178e2224d38b1dc17fa7fe545ba5e428d61d6c01d9
2025-01-28 05:28:00,NVDA,A Discerning Sell-Off,"At the individual stock level, most stocks in the S&P 500 finished the day higher, and the weakness was concentrated to stocks that have benefitted the most from the AI rally.",SeekingAlpha,https://finnhub.io/api/news?id=049ae866633d0e0ade8059320e091bd4799dcb8c8b7ebe1c3debcff78be174cd
2025-01-28 05:11:06,NVDA,Broadcom Stock: A Golden Buying Opportunity On The DeepSeek Drama,"Broadcom Inc.'s strong stock gains, dividend growth, and strategic acquisitions make it a long-term investment opportunity. Learn more on AVGO stock here.",SeekingAlpha,https://finnhub.io/api/news?id=03d786627e56ee74454d94cac97b20dd6e45a1c2d615aa8b372daa9bc9847f73
2025-01-28 05:10:00,NVDA,Can The Magnificent 7 Maintain An Upbeat Earnings Season?,The Q4 earnings season continued on a positive note after big banks and other financials struck a bullish tone in the first two weeks of reporting. Click to read.,SeekingAlpha,https://finnhub.io/api/news?id=9088e4f6c67dd7de97921b7048e43b891734359d045aa7ebdb767a797022d508
2025-01-28 05:00:21,NVDA,NIE: Quarterly Update On An Excellent Equity And Convertible Fund,The Virtus Equity & Convertible Income Fund is attracting income-focused investors with its high yield and strong performance. Learn more on NIE CEF here.,SeekingAlpha,https://finnhub.io/api/news?id=21aa62cc6ab5b6962c2285c0e5e217ade81764360204e7beaa6dd32c64cffebd
2025-01-28 04:36:56,NVDA,Broadcom: DeepSeek Selloff Creates A Perfect Buying Opportunity (Upgrade),"Broadcom's AI revenue is resilient to trade wars and sanctions, unlike Nvidia, making it a better investment in the current climate. Read more about AVGO stock here.",SeekingAlpha,https://finnhub.io/api/news?id=b4d3ff6745bfcf90cd71b733075b35ef2c389b2491da29088c9189f99929b270
2025-01-28 04:35:00,NVDA,Seeking Perspective On DeepSeek,A Chinese AI start-up claimed its large-language model needs far less computing power than established models. Read more here.,SeekingAlpha,https://finnhub.io/api/news?id=861fb5a1bc868656a96ee16710e7e55a4ca5c06ca17b9d0fec2fdc64bb0b75f7
2025-01-28 04:35:00,NVDA,Third Avenue Value Fund Q4 2024 Commentary,"Third Avenue Value Fund returned -9.59% in Q4 2024, as compared to the MSCI World Index 1, which returned -0.07%, and the MSCI World Value Index 2, which returned -4.06%.",SeekingAlpha,https://finnhub.io/api/news?id=7d5aa3d23bbb576f5c38c354f38e253e9c7fbed5a028a362483725b5ccc7079f
2025-01-28 04:23:22,NVDA,DeepSeek Adds Another Risk Supporting Our Nvidia Thesis,Nvidia's stock underperforms due to a $6M open-source threat. Learn why NVDA stock faces risks from high valuation and rising competition in AI technology.,SeekingAlpha,https://finnhub.io/api/news?id=b936ae0570e183de3cdfd59c5e22438863948bc149ec3ff7101a47438a25a9fa
2025-01-28 04:09:28,NVDA,"Nvidia Bears Bask In The Sunshine, But For How Long? (Technical Analysis)",Is Nvidia's recent sell-off a buying opportunity for investors? Analysis points to sustained demand for GPUs in AI advancements.,SeekingAlpha,https://finnhub.io/api/news?id=f01b4df09ccff4e450c9d3b894250c9ba4c0a7f15422100ec702ee495c9a4638
2025-01-28 04:08:47,NVDA,"DeepSeek, A Small Earthquake In The Tech Sector... Doesn't Affect The Bull Market","Despite the initial negative reaction, cheaper AI technology is likely to increase overall demand for chips, benefiting the economy over the long run. Read what investors need to know.",SeekingAlpha,https://finnhub.io/api/news?id=9fba0bac6320ee1c47d9f2f57771cb6a7d794ac9b477b4abc4feb076dfe06532
2025-01-28 03:57:36,NVDA,Bridgewater sees short-term correction for tech stocks but bullish on DeepSeek impact,Hedge fund manager Bridgewater Associates said Chinese startup DeepSeek's launch of its latest artificial intelligence models could lead to a short-term correction in many tech companies' share...,Finnhub,https://finnhub.io/api/news?id=5d92368b6eb04b0d8933df630cfee8266fe539abf4b05fbdce50b3e93e4786ae
2025-01-28 03:49:53,NVDA,Oracle's $500 Billion Venture Can Accelerate Growth Despite DeepSeek's Emergence,Oracle's growth story remains intact despite the recent market sell-off driven by emergence of DeepSeek's AI model. See why I upgrade ORCL from hold to buy.,SeekingAlpha,https://finnhub.io/api/news?id=d89e4dfb78c1b1a20e4f3a50a017790e85c583e679f20d741c57462d013d6e08
2025-01-28 03:41:35,NVDA,DeepSeek Thankfully Pricks The AI Bubble,DeepSeekâs efficient AI model disrupts Nvidia. See why the equal-weight S&P 500 could outperform with undervalued stocks in this bull market.,SeekingAlpha,https://finnhub.io/api/news?id=64fa57aba9265be0dc582051c516f13c5810932cf64cc7d3e5ed985212b3c766
2025-01-28 03:37:41,NVDA,TSMC's Selloff Creates A Buy Opportunity,Analysis of Taiwan Semiconductor Manufacturing Company Limited's stock drop due to DeepSeek's development. Click for how to approach TSM stock after the decline.,SeekingAlpha,https://finnhub.io/api/news?id=f6364c62e54e9334fc45c57da9688b386dd93589ddc05b4038512ad608afe033
2025-01-28 03:28:09,NVDA,"Arista Networks: DeepSeek Isn't A Death Sentence, But I'm Not Buying The Dip",Arista Networks remains strong but faces AI disruption. Find out why ANET stock isnât a buy at current levels and why a better valuation is necessary.,SeekingAlpha,https://finnhub.io/api/news?id=7ad2dc8369090d8646b041f9be784265152b71a23e6ab2fa4c4dcf07397ae830
2025-01-28 03:21:53,NVDA,DeepSeek-Led Sell Off In Big Tech And Nvidia Likely Overdone,"Analyzing the impact of DeepSeek on US Big Tech and Nvidia, evaluating potential threats and market implications.",SeekingAlpha,https://finnhub.io/api/news?id=8f411c800f2228732c81a51a2f6d30b2c919d7ce093318790fdd528c8e42ce9b
2025-01-28 01:44:09,NVDA,"Short seller Andrew Left seeks to dismiss US fraud case, filing shows","Prominent short seller Andrew Left is pressing a judge to dismiss U.S. charges that he manipulated the market and defrauded investors with his negative reports about companies, according to a document...",Finnhub,https://finnhub.io/api/news?id=766c1ccb566f86b550bce2b4f795be47c36f677f4397b8eee21f47d210fd16fb
2025-01-28 00:37:00,NVDA,DeepSeek DeepSinks Bullish Exuberance,"On Monday, markets were rocked by news that a Chinese Artificial Intelligence model, DeepSeek, performed better than expected at a lower development cost. Click to read.",SeekingAlpha,https://finnhub.io/api/news?id=bae6e6dcc0bc97bf8c8484fb11c7eac89e2e58b02d848846f9e5ab69c74f0500
2025-01-28 00:17:32,NVDA,"Deep breath after AI jolt, Trump tariffs rumble","A look at the day ahead in U.S. and global markets from Mike Dolan Markets took a deep breath on Tuesday after Wall Street's shock start to the week, with the emergence of cheap Chinese...",Finnhub,https://finnhub.io/api/news?id=a0cc57ba3c491a400040989d751221913f80ef732587b351b72273b1c0999508
2025-01-27 23:45:10,NVDA,Thousands of Avanza customers stepped into Nvidia during the crash,"US chip giant Nvidia's historic 17 percent drop in share price on Monday led to an influx of several thousand new shareholders at online broker Avanza.A total of 6,100 people joined Nvidia. At the...",Finnhub,https://finnhub.io/api/news?id=141a5ede16820b37b041ceac2ce9bba1e3739ca4654987db7df71624ba550209
2025-01-27 23:43:44,NVDA,Taleb Says Nvidia Rout 'Is the Beginning',"-- Black Swan author Nassim Taleb says the steep plunge in Nvidia exposes the equity market's fragility, while warning of more losses ahead. Speaking to Bloomberg's Sonali Basak on the sidelines of...",Finnhub,https://finnhub.io/api/news?id=c1ffcae56f4c9bdbeda98fbdfa3b125d02eee0ed7256e703675c168ef0c12735
2025-01-27 23:42:50,NVDA,XEQT:CA: A Poor Way For Canadians To Invest,"XEQT:CA offers broad exposure, including significant investments in US and international developed markets. See why the Fund is a Sell.",SeekingAlpha,https://finnhub.io/api/news?id=73bfdb3ee01d9f47913e854cc7eccb47d125fab5a55d98e409accddcf8ab83ac
2025-01-27 23:19:07,NVDA,Retail investors bought record amount of Nvidia stock in DeepSeek rout,"Retail investors bought a record amount of Nvidia stock on Monday after concerns over a low-cost artificial intelligence model from Chinese startup DeepSeek stripped 17% off its shares, or $593...",Finnhub,https://finnhub.io/api/news?id=70350ce7630bfd4a3c5a74de4f3dd7cd0088027f51e37fcb18748aad8f0ef059
2025-01-27 23:05:00,NVDA,"DeepSeek Threat Sends Tech Stocks Tumbling, And The Fed Will Be Watching",Nasdaq100 could be set for its largest one-day fall since 2022 if the DeepSeek correction extends much further. We look at FX and Treasury yield implications should these falls be sustained.,SeekingAlpha,https://finnhub.io/api/news?id=df1a5373fc73a158f98229fc09f4e1c947213746a73fbf9b2098b5264e2322bb
2025-01-27 22:58:10,NVDA,Nordnet savers had a buying spree in Nvidia,Chip giant Nvidia's historic 17 percent fall on Monday led to feverish activity among Nordnet's customers. The share was the most net bought in all of the company's Nordic markets.Nvidia also topped...,Finnhub,https://finnhub.io/api/news?id=f762838cb1bfb69484651dc327a775d11d914cd67d7e85b928a7c7a0de0c034d
2025-01-27 22:32:29,NVDA,"Axon Enterprise: Amazing Stock, Amazing Impact",Axon Enterprise is revolutionizing public safety with cutting-edge technology. See why AXON stock is a standout investment in the security and public safety sector.,SeekingAlpha,https://finnhub.io/api/news?id=e99ca16329caa5474dc51be019a009a1994c8df7adb92cfd8f6dc3fdfbdbf4cc
2025-01-27 22:25:00,NVDA,Blue Tower Asset Management Q4 2024 Commentary,Blue Tower Asset Management's Global Value strategy returned 4.95% in Q4 (5.23% gross) and 22.27% net for 2024 (23.53% gross). Click here to read the full fund letter.,SeekingAlpha,https://finnhub.io/api/news?id=2690252e943762fa0df7f3f39e1e978e531481ec69e3ba7bfe478994231e286f
2025-01-27 22:15:43,NVDA,Tech Stock Flash Crash: Why Savvy Investors Are Celebrating Instead Of Panicking,$2.5 trillion in stock market wealth evaporated as big tech billionaires lost $108 billion in one day. Read more to see my thoughts.,SeekingAlpha,https://finnhub.io/api/news?id=ce889aa97aaa0a6b1e513e555a70924f3d2bf80d5434659e5a545a0968c25418
2025-01-27 21:15:00,NVDA,DeepSeek: The Chinese Challenger Redefining AI's Global Landscape,"DeepSeekâs rapid ascent has elicited seismic reactions from Silicon Valley to Wall Street, challenging long-held assumptions about global tech dominance and innovation. Read more here...",SeekingAlpha,https://finnhub.io/api/news?id=64a9005424ce08e034fe796e8654e4a4b05207324eb0978c31860a01308833f2
2025-01-27 20:35:24,NVDA,SCAP For Monthly Income And Growth,Retiree seeks income and growth with SCAP small cap value stock investment for higher returns than S&P 500. Read more on SCAP ETF here.,SeekingAlpha,https://finnhub.io/api/news?id=b69b1337ce9505bd6c440a4b68b7ee47e4cb8faca244e67fdd8bb79c681a46ea
2025-01-27 20:04:49,NVDA,AMD: An AI Powerhouse In The Coming Decade,AMD has a significant opportunity in the AI inference market due to shifting compute needs from training to inferencing. Read why AMD stock is a Buy now.,SeekingAlpha,https://finnhub.io/api/news?id=32562313822b017c28094f772da1931909fda83369d922ff51a114ecc44252dc
2025-01-27 18:32:25,NVDA,Morning bid: US exceptionalism has a flipside,A look at the day ahead in European and global markets from Tom Westbrook The exceptionalism that drove Wall Street to record highs on the back of America's peerless technology firms...,Finnhub,https://finnhub.io/api/news?id=3c01bae7141a978cf70523a6e32886d33d112594f1053ff0b972d9a32af46368
2025-01-27 16:31:36,NVDA,Tech stock selloff deepens as DeepSeek triggers AI rethink,"Japanese technology shares fell on Tuesday as a global market rout sparked by the emergence of a low-cost Chinese artificial intelligence model entered day two, with investors questioning the sky-high...",Finnhub,https://finnhub.io/api/news?id=d348076cf864db7075500320da31603b501c2f023a20297471224b440a80377d
2025-01-27 16:29:10,NVDA,Broadcom Stock: Why I'm Buying The DeepSeek Dip And You Should Too,Broadcom stock sold off on Monday following DeepSeek's release. Read why I think AVGO represents a solid short-term and long-term Buy.,SeekingAlpha,https://finnhub.io/api/news?id=3eefa06d1594ee990b2422e4af339daaa882d33625bf898e05646d700119dc13
2025-01-27 13:50:48,NVDA,DeepSeek's low-cost model rattles Australian AI shares,Australian stocks that are exposed to the artificial intelligence wave fell sharply on Tuesday as investors feared the emergence of a low-cost AI model from Chinese startup DeepSeek would threaten the...,Finnhub,https://finnhub.io/api/news?id=72493985f05e4daeb7912d08eaf7c9fad9558e2569844cb4cac6bb69cef6baa7
2025-01-27 12:03:01,NVDA,MAGS: The DeepSeek Crash Is A Warning Flag For Big Tech,I warn of overvalued tech stocks due to speculative trading and rise of Chinese AI firms. Click for this updated look at Roundhill Magnificent Seven ETF (MAGS).,SeekingAlpha,https://finnhub.io/api/news?id=a7095d5d05e83f59b8348f6d69211ae23af33343d9793928c0312307cc7b5645
2025-01-27 11:56:12,NVDA,Tech Slides Amid Chip Rout Following Chinese AI Breakthrough -- Tech Roundup,"Shares of technology companies plunged as an apparent AI breakthrough in China caused a rout in mega-cap U.S. companies, amid fears of rising competition and overspending on U.S. tech infrastructure....",Finnhub,https://finnhub.io/api/news?id=4fd24effb49a5e5e675b46402064f87cbbbf1d69c0230fc1a6a1e40622fdffd0
2025-01-27 10:15:48,NVDA,China's DeepSeek: The U.S. Threat Come True Or The Kick In The Pants Needed?,DeepSeek made the news with its R1 model and suggestions it provided competitive large language model quality. Read more about the potential impact for US companies.,SeekingAlpha,https://finnhub.io/api/news?id=084286f801751207848f0c37879245fd948189f653367099657f96bb2b1c4e0e
2025-01-27 09:18:56,NVDA,Nvidia: Buy The Dip On China's DeepSeek News And AI War Trigger,Nvidia remains a compelling investment due to its leadership in the GPU market and projected significant growth in EBITDA and free cash flow. Learn more on NVDA stock here.,SeekingAlpha,https://finnhub.io/api/news?id=d1158feb85d87f4b1cce587caf7330ea70a514538f01b768c1137716e45e92b5
2025-01-27 09:10:00,NVDA,Wall Street Lunch: DeepSeek Disrupts The AI Trade - For Now,AI stocks got slammed as the China app challenged cost and demand assumptions. Bond yields plunge and cash moves to safety. Analysts see buying opportunity.,SeekingAlpha,https://finnhub.io/api/news?id=e15807f801df427529a5bb185ef3ce524fa8914cc8bcf8b7019ec5b45e4dcd29
2025-01-27 09:02:24,NVDA,DeepSeek Sparks Race to the AI Bottom Fears,"-- As DeepSeek's AI potential roils tech markets, Tony Wang, portfolio manager at T. Rowe Price and a key Nvidia shareholder, says the company's open source model is good for innovation and the AI...",Finnhub,https://finnhub.io/api/news?id=2f04a738ae6670d9062bf776a1ff472af9dde899db7106a8c0c4c9387b81ca78
2025-01-27 08:48:22,NVDA,Katam Hill's Gold on What To Expect From Nvidia,-- Katam Hill LLC Founder and CIO Adam Gold discusses the DeepSeek tech selloff and its implication on Nvidia . He speaks with Scarlet Fu on Bloomberg Markets....,Finnhub,https://finnhub.io/api/news?id=5a03bafd2963c38e703267781a9429caf48972b08d0f4a1c76c59b1b265b7273
2025-01-27 08:43:03,NVDA,DeepSeek hit by cyberattack as users flock to Chinese AI startup,"STORY: Chinese startup DeepSeek - whose new low-cost AI model rattled tech stocks Monday - suffered a large-scale cyberattack, causing it to temporarily limit registrations. Earlier in...",Finnhub,https://finnhub.io/api/news?id=c066a334d69944baf34e5934bc755dc018e5e38f3b99fd8a3342421104a76eaf
2025-01-27 08:30:05,NVDA,Nvidia: DeepSeek Freakout Unwarranted,"Nvidia Corporation faces pressure from DeepSeek's cheaper AI model training, but efficient GPU usage could boost overall AI spending. Click for this NVDA update.",SeekingAlpha,https://finnhub.io/api/news?id=27c0b188f3f6260505766c41ae50467fd58ad00db3be4160c9de3852d290c44a
2025-01-27 08:26:58,NVDA,Nvidia says DeepSeek advances prove need for more of its chips,Nvidia on Monday said Chinese AI firm DeepSeek's advances show the usefulness of its chips for the Chinese market and more of its chips will be needed in the future to meet demand for DeepSeek's...,Finnhub,https://finnhub.io/api/news?id=4d0197152d353e943a77454ed3eb3d547ddfde32afb3b7064445fa3bd0c1d8cb
2025-01-27 08:13:54,NVDA,AMD: Now Is The Time To Strike (Rating Upgrade),"Advanced Micro Devices, Inc.'s underlying business is improving, at the same time the stock is getting cheaper. Click for this AMD update.",SeekingAlpha,https://finnhub.io/api/news?id=d00c2ad274ac007a136e3dd03faeab098d28f3f1830ec9e561b354dbc179c5c8
2025-01-27 08:10:46,NVDA,'DeepSeek' Bombshell Has Big Tech In Deep Trouble,A new AI model called DeepSeek claims to deliver similar performance to extremely expensive AI models for 1/10th of the cost. Read what investors need to know.,SeekingAlpha,https://finnhub.io/api/news?id=cfe40239fd846ca60664d07d1b9a6334bf35404c676a6446adebaa38e8ef7c1b
2025-01-27 07:50:00,NVDA,"Chart Of The Week: 3 Charts, One Market Take In Wake Of DeepSeek Plunge",DeepSeek shared details on its AI model that compares favorably to US ones at a fraction of the cost. Investors are questioning the sustainability of AI tech spending and dumping Mag7 stocks,SeekingAlpha,https://finnhub.io/api/news?id=905d74b12b3dc1086e5dccb1fe6cde10851da6281b71013cbb9d1ed096df51eb
2025-01-27 07:45:32,NVDA,AI-themed ETFs plunge in wake of DeepSeek news,Prices of exchange-traded funds with outsize exposure to Nvidia plunged in the initial hours of trading on Monday in reaction to news that a Chinese startup has launched a powerful new artificial...,Finnhub,https://finnhub.io/api/news?id=a8f41ada77b5738a2dafd9477f53ff0713226ca8fa3d5f151dbf7e507ae7adb5
2025-01-27 07:45:04,NVDA,AMD: When Second Fiddle Is The Top Pick Amidst DeepSeek Fears,"Discover why Advanced Micro Devices, Inc. is a top pick in the market today, despite the AI bubble focusing on Nvidia. Click for my AMD update.",SeekingAlpha,https://finnhub.io/api/news?id=4e7f91126d1bb80425f14393eadec38b4a4b6b587ab148b8a2256326810f5fde
2025-01-27 07:34:34,NVDA,The Coming Tesla Optimus Flop: The Growing China Threat,"Financial writer analyzes Tesla, Inc.'s Optimus robot and predicts Chinese humanoid robots will dominate, eroding its edge in robotics. Click for this TSLA update.",SeekingAlpha,https://finnhub.io/api/news?id=9088c6619e26066e70543f6259a807c9e18bc7960c4850f5a0cb546e7be86f47
2025-01-27 07:13:40,NVDA,"Nvidia Stock: Why It's Dropping, And Why I'm Selling (Rating Downgrade)",Nvidia faces pressure from DeepSeek's impact on AI costs. Learn why NVDA stockâs high-margin business model may be vulnerable to these market shifts.,SeekingAlpha,https://finnhub.io/api/news?id=7e03f3c20314c469b38e53f24635cb7ac74560b21b67a577c36cb1d8061a43e4
2025-01-27 06:17:54,NVDA,DeepSeek Anxiety: Why Nvidia's Selloff Looks Like A Big Overreaction,"Nvidia's GPU demand is threatened by Chinaâs DeepSeek AI model, but its long-term prospects remain strong. See why NVDA stock is an overreaction to the news.",SeekingAlpha,https://finnhub.io/api/news?id=cedd0ff8a4998bfe248e44a02d822764fe87477b2fcf82d5b61f7b4472cea613
2025-01-27 05:30:00,NVDA,TSMC: It's Simple. Let Your Winners Run,"TSMC is at the center of AI growth, with the US relying on its chips. Read why TSM stock is a strong hold, as its success is key to US AI leadership.",SeekingAlpha,https://finnhub.io/api/news?id=be5ae452c0a60adeac7bb8d0d027d246055d3152442fda8d2498fcca4f5f5718
2025-01-27 05:02:23,NVDA,DeepSeek Sparks Global Tech Selloff,-- A company many investors have likely never heard of has sparked a global tech selloff. DeepSeek is a Chinese AI startup. Its breakthrough artificial intelligence models are actually cheaper to use...,Finnhub,https://finnhub.io/api/news?id=cf2cfcf2e18033d458b84cf74b63907db86c1d16162a8e3b4ea0abbccceb4e4c
2025-01-27 04:30:23,NVDA,Will DeepSeek Pop The Nvidia Bubble?,"Financial writer analyzes DeepSeek's impact on Nvidia Corporation's market cap and business model, suggesting alternative tech stocks. Click for our NVDA update.",SeekingAlpha,https://finnhub.io/api/news?id=f48a6190f7da87fe48664b482d5f65e68359117cc3e1d3eb085715c72ac6df6e
2025-01-27 04:04:40,NVDA,PBP: Don't Get Hypnotized By This 9% Yield,Discover why Invesco S&P 500 BuyWrite ETF (PBP) may not be the best choice for income generation compared to other ETFs with similar strategies.,SeekingAlpha,https://finnhub.io/api/news?id=5bff40d8676c34b5152b8609edcad7e24c475c1109ba1ab190231df0071d1b1e
2025-01-27 03:55:16,NVDA,Nvidia Stock: Don't Panic - DeepSeek Is Actually A Plus (Rating Upgrade),"Nvidia Corporation to âBuyâ despite the stock's 11% pre-market drop, viewing the dip as a buying opportunity amid market panic over DeepSeek's AI advancements. Read more here.",SeekingAlpha,https://finnhub.io/api/news?id=37bd369946e4991133fe0999b5ca4b83779fb8648d82999a3ab96835bbb7a473
2025-01-27 03:55:16,NVDA,Nvidia Stock: Don't Panic - DeepSeeks Is Actually A Plus (Rating Upgrade),"Nvidia Corporation to âBuyâ despite the stock's 11% pre-market drop, viewing the dip as a buying opportunity amid market panic over DeepSeek's AI advancements. Read more here.",SeekingAlpha,https://finnhub.io/api/news?id=2a14e6a0faa95ebfccb01aff959b0deb5a3d7b598294ec47225419b3a37d7e7d
2025-01-27 03:46:24,NVDA,Nvidia: DeepSeek Selloff May Trigger Opportunistic Entry Points (Upgrade),Nvidiaâs 13% selloff is an excellent buying opportunity for long-term growth. Learn why NVDA stock is poised to benefit from the AI investment cycle.,SeekingAlpha,https://finnhub.io/api/news?id=f1a8859f052cc876fb87594eebf1e4bd8404d4d59a7f30889dd9ad1acc1c4701
2025-01-27 03:40:30,NVDA,Nvidia Has A DeepSeek Problem,Nvidia is dropping more than 8% in pre-market as news of China's DeepSeek model performance trend in the media. Check out what investors need to know.,SeekingAlpha,https://finnhub.io/api/news?id=8b4a7431373c5fbbd1f1e6ef4a8c2d8d786b3ddc4cf9f010b5eef9074561bedd
2025-01-27 03:17:23,NVDA,What is DeepSeek and why is it disrupting the AI sector?,"Chinese startup DeepSeek's launch of its latest AI models, which it says are on a par or better than industry-leading models in the United States at a fraction of the cost, is threatening to upset the...",Finnhub,https://finnhub.io/api/news?id=0c60a7248280b1d6bcceeb016886ca4a5cfb781d1baeabe7e20e734bdf4b59ee
2025-01-27 03:00:00,NVDA,DeepSeek Could Crush US Tech P/E Ratios,"DeepSeek's open-source AI models threaten US tech stocks' valuations, leading to potential contraction in PE ratios and new investment opportunities outside...",SeekingAlpha,https://finnhub.io/api/news?id=90e0c53db704c343e16eca3d4b77db52a76b89bf7665c937929057147f5c38f0
2025-01-27 02:45:00,NVDA,Himax Technologies: The Recent Rally May Be Just The Beginning,Himax Technologies' recent strategic moves have significantly boosted investor confidence and stock price. Read why I reiterate my buy rating on HIMX stock.,SeekingAlpha,https://finnhub.io/api/news?id=2fedbcc34b07e353e53db4b69d98cf6fd6f290f4e8c73c73abae371e171c764b
2025-01-27 00:59:03,NVDA,Wall Street Breakfast Podcast: China's DeepSeek Outshines U.S. AI Giants,Chinese AI DeepSeek rattles Silicon Valley. Meta offering creators deals to promote Instagram on other apps: report. Diversified Energy nears $1.3B deal for Permian Basin natural gas player.,SeekingAlpha,https://finnhub.io/api/news?id=5b3774497b0a0a742dd4be7f0da1ba17207fd77c35a07310ddfad39049a02551
2025-01-26 20:14:58,NVDA,China's DeepSeek sets off AI market rout,Nasdaq futures slumped and technology shares slid in Japan on Monday as surging popularity of a Chinese discount artificial intelligence model wobbled investors' faith in the profitability of AI and...,Finnhub,https://finnhub.io/api/news?id=955287eeeed94a97adcc903f2d882618a7bc6d89786f60f5454a5b61dd6dd661
2025-01-26 18:37:00,NVDA,Chinese AI startup DeepSeek overtakes ChatGPT on Apple App Store,Chinese startup DeepSeek's AI Assistant on Monday overtook rival ChatGPT to become the top-rated free application available on Apple's App Store in the United States. Powered by the...,Finnhub,https://finnhub.io/api/news?id=f3740b47de6ff3d0f9e34c01ac413d6d4f1807b8f3abd0f9910bc2539505a3c7
2025-01-26 07:58:00,NVDA,ClearBridge Large Cap Growth Portfolios Q4 2024 Commentary,The Portfolios and the Russell 1000 Growth Index are coming off two years of historically robust performance. Read more here.,SeekingAlpha,https://finnhub.io/api/news?id=85e7f934f03bf89e7156c94f9b074abf0de9b4f5d05551200889240b2e23579f
2025-01-26 07:13:00,NVDA,ClearBridge Large Cap Growth ESG Portfolios Q4 2024 Commentary,The portfolios and the Russell 1000 Growth Index are coming off two years of historically robust performance. Read more here.,SeekingAlpha,https://finnhub.io/api/news?id=fbc39117e569d7dd6733b4fa5a23c317e613633829117aa29a48837a37c711e8
2025-01-26 05:30:00,NVDA,ASML: It's No Longer Dead In The Water,"An analysis of the latest developments in the AI compute industry, including ASML's potential for growth and the impact of President Trump's partnership...",SeekingAlpha,https://finnhub.io/api/news?id=e741e02a9872f9ad3378f4f0af7f1b0c9c28f6f51392f51fd91662f01b04f727
2025-01-26 03:13:00,NVDA,Conestoga Capital Advisors Q4 2024 Quarterly Commentary,"U.S. equity indices generated modest returns in the fourth quarter of 2024, and closed out the full year with double digit returns for the second year in a row.",SeekingAlpha,https://finnhub.io/api/news?id=e1a28e98a947da469f95e2773d5b14ad45324702d9e9b0c031addc7b6bc3df90
2025-01-26 02:30:00,NVDA,"QQQX: 8% Plus Income Yield, Decent Discount, And Long-Term Growth",QQQX is a closed-end fund that primarily invests in large capitalized high-growth equity holdings. Check out my recommendation for the fund.,SeekingAlpha,https://finnhub.io/api/news?id=134d661f15ebe7453842733e0649d329663bac24bbaadb001a925a5785d551cc
2025-01-25 20:35:16,NVDA,ASML Could Surge From DeepSeek Revelations,ASML's critical role in semiconductor manufacturing makes it a key player with significant growth potential. Read why I think ASML stock is a buy.,SeekingAlpha,https://finnhub.io/api/news?id=4d1ba14558e21bae8df9b62782e80b13ad40a3d072c3ac4e13f11e2dffaf0b02
2025-01-25 02:00:00,NVDA,5 Best CEFs This Month For Nearly 10% Yield (January 2025),Discover high-yield closed-end funds for income investors with reasonable total returns. Click for our process of winnowing out the best CEFS this month.,SeekingAlpha,https://finnhub.io/api/news?id=197c5be575be03a4b9586b3090506ccae90f12a685d42c55c0010fb160219701
2025-01-24 16:42:00,NVDA,"Dow Jones Futures: Huge Earnings Due; Meta, Tesla, Microsoft Near Buy Points","Dow Jones Futures: Huge Earnings Due; Meta, Tesla, Microsoft Near Buy Points",DowJones,https://finnhub.io/api/news?id=87329b5a5ee460344c8f87db0f0de12d9e936dbf7493bb76e5c920b3f4a7b43c
2025-01-24 12:53:00,NVDA,"Amazon Stock Beat the Market Last Year, and Can Keep Climbing. Plus, Nvidia, Netflix, and More.","Amazon Stock Beat the Market Last Year, and Can Keep Climbing. Plus, Nvidia, Netflix, and More.",MarketWatch,https://finnhub.io/api/news?id=7b98c899ee6166d60d913a6603beeb295fdce1fadc545130f45c1d905b369624
2025-01-24 12:05:56,NVDA,Market Talk: Nvidia still the 'easiest' AI play for investors,"STORY: :: Lisa Bernhard, Reuters :: Liz Miller, President, Summit Place Financial Advisors Nobody's going to tell you that Nvidia is inexpensive, said Miller. But...",Finnhub,https://finnhub.io/api/news?id=caf401805cdec289bf2e629c7b6c1bac396d22feafc7b1c75f20966a638c5f01
2025-01-24 11:31:00,NVDA,"Trump Will Take the Stock Market on a Bumpy, if Prosperous, Ride. What to Do Now.","Trump Will Take the Stock Market on a Bumpy, if Prosperous, Ride. What to Do Now.",MarketWatch,https://finnhub.io/api/news?id=14d60519e1972375d141c0eec488da7324b4a2c3f37705d221abde03a7e5cb4f
2025-01-24 11:08:00,NVDA,Alphabet Has an Nvidia-Like Business. It Could Be Worth Hundreds of Billions.,Alphabet Has an Nvidia-Like Business. It Could Be Worth Hundreds of Billions.,MarketWatch,https://finnhub.io/api/news?id=0a1a7c273101754c284b52ce57dac6437f044cdaf40139696f258fed04fe73f8
2025-01-24 10:04:21,NVDA,"Palantir, Nvidia And These Hot IPOs Lead 26 'Perfect' Stocks","Palantir, Nvidia And These Hot IPOs Lead 26 'Perfect' Stocks",DowJones,https://finnhub.io/api/news?id=fdab49edb6c963e0dd819458ffc96a2a70409673df8332d3ea1774c24655a1f5
2025-01-24 09:41:16,NVDA,"Big Tech stocks mostly slump, with Nvidia heading for a large loss","Big Tech stocks mostly slump, with Nvidia heading for a large loss",MarketWatch,https://finnhub.io/api/news?id=8c3b17b22ca0fe7c3298c4b288a6b267d867a643087b06cfd8744e014f4ade2f
2025-01-24 08:06:00,NVDA,"Dow's 165-point drop led by losses in shares of NVIDIA Corp., American Express","Dow's 165-point drop led by losses in shares of NVIDIA Corp., American Express",MarketWatch,https://finnhub.io/api/news?id=6c0f66a8064443ca8680f9d4f6c97ef4a1fd51816bcef4811df0d8302482c8d6
2025-01-24 08:06:00,NVDA,Nvidia’s toughest competition might just be Alphabet — but there’s a catch,Nvidia’s toughest competition might just be Alphabet — but there’s a catch,MarketWatch,https://finnhub.io/api/news?id=562e05d8674b6872439125ec8b427a416a0589b122550289cb355f8ec4806311
2025-01-24 08:00:00,NVDA,Interesting Earnings Action Coming,"Netflix'sÂ post earnings pop, and why next week looms large in earnings. Contextualizing recent AI news.",SeekingAlpha,https://finnhub.io/api/news?id=b3c86a3bcbb1dd4d4a51284485c8fd40c5ac48978236fef8864481abbc167562
2025-01-24 07:09:40,NVDA,Who Will Benefit From Trump's $500 Billion AI Infrastructure Plan?,"Discover how the $500 billion AI infrastructure initiative by OpenAI, SoftBank, Oracle, and MGX is creating investment opportunities in multiple sectors.",SeekingAlpha,https://finnhub.io/api/news?id=4edd3b1232815940b263ba4e6cbdf2f19f4ee171ffb45de71e759b55b014b127
2025-01-24 06:30:00,NVDA,ETFs Have Come A Long Way,"Sylvia Jablonski,Â CEO and CIO of Defiance ETFs,Â shares why 2024 was such a great year of innovation for issuersÂ and what's in store for 2025.",SeekingAlpha,https://finnhub.io/api/news?id=cd328c4674876b9c5881b788f77f1db3ba6acb831b0961d1493dfe44025036e1
2025-01-24 06:29:00,NVDA,"Beyond Oracle and Nvidia, these stocks and sectors can benefit from the Stargate AI venture","Beyond Oracle and Nvidia, these stocks and sectors can benefit from the Stargate AI venture",MarketWatch,https://finnhub.io/api/news?id=53080472197d0fa36413d1a180f3ddce42bf39496c3bf7371fd1b60b02781f73
2025-01-24 06:11:00,NVDA,How to lower your investment risk when stocks are so expensive,How to lower your investment risk when stocks are so expensive,MarketWatch,https://finnhub.io/api/news?id=25ebc9ba4a9133d65c539b2858ee48f44c48600f5bb826a328f43b861c0989d1
2025-01-24 05:35:43,NVDA,Nvidia Set To Benefit As AI Compute Demand Continues To Grow,Nvidia Corporation's innovative AI hardware driving revenue growth with strong projections. Buy rating on leader in AI industry. Click for more on NVDA stock.,SeekingAlpha,https://finnhub.io/api/news?id=1b174465cd4bb03661835bebca22464d351c88f13f7048fb42756e101b129865
2025-01-24 05:00:55,NVDA,AMD: I Am Buying Even More Aggressively Now (Rating Upgrade),"AMD's AI PCs should drive strong performance this year. Read why AMD stock, with lower multiples, has a 27% upside and outperforms EPS estimates.",SeekingAlpha,https://finnhub.io/api/news?id=6eff9dc462942cccd295fe6cd262cfd8da8f94e9ddfbbb2d94adb92e1b0fcdb9
2025-01-24 04:41:00,NVDA,Meta CEO Mark Zuckerberg Strikes Back After Stargate and Raises AI Spending Guidance,Meta CEO Mark Zuckerberg Strikes Back After Stargate and Raises AI Spending Guidance,MarketWatch,https://finnhub.io/api/news?id=968fba40763703b4ad40b74b0b4c6fee1deff89b097553c911c5007bdb76e4ad
2025-01-24 04:04:08,NVDA,Dow Jones Falls After Inflation Data; 5 Tech Giants To Buy And Watch,Dow Jones Falls After Inflation Data; 5 Tech Giants To Buy And Watch,DowJones,https://finnhub.io/api/news?id=39cc0a4d20f8a9348659c06c06528a004fe4f962b132563dece869bcf0fc3392
2025-01-24 04:00:00,NVDA,Large cryptocurrencies rise as Solana rallies,Large cryptocurrencies rise as Solana rallies,MarketWatch,https://finnhub.io/api/news?id=01b46f286f20f82fe6560a9672d3a66273548a1038a5f2aad91c37b22dbaa06e
2025-01-24 03:55:00,NVDA,"Nvidia Stock Rises to End a Big Week for AI. Trump, Stargate Fuel Chips Hope.","Nvidia Stock Rises to End a Big Week for AI. Trump, Stargate Fuel Chips Hope.",MarketWatch,https://finnhub.io/api/news?id=41311e8e83a6a4ebe3c57ab2f02ce5c0f6c48b0a9d2f1df0c938a07f5057884d
2025-01-24 03:20:00,NVDA,NZS Capital Q4 2024 Shareholder Letter,The NZS Growth Equity strategy declined 1.09% in the fourth quarter of 2024 and returned 21.25% for the full year.,SeekingAlpha,https://finnhub.io/api/news?id=777cb8fc7a707f20c4a0b4c5a0e8a05c260f009968f57811ec8a55f480b421d5
2025-01-24 02:09:50,NVDA,"Dow Jones Futures: S&P 500 Hits High; New Tesla Model Y Launches In U.S., Europe","Dow Jones Futures: S&P 500 Hits High; New Tesla Model Y Launches In U.S., Europe",DowJones,https://finnhub.io/api/news?id=6fe914f4bd6188edc5d05dd0bd6a198dd5aaac4cc692373ebdad7676c17b3d42
2025-01-24 02:00:00,NVDA,Nvidia: A Golden Buying Opportunity,"Nvidia Corporation's leadership in AI, strong financial performance, and compelling valuation make it a buy. Click for my NVDA stock update.",SeekingAlpha,https://finnhub.io/api/news?id=a79168874f2e0dcae5c824053282b5c14df38fbf2be0a15f9a0c336a053161f0
2025-01-24 00:05:00,NVDA,Deep Sail Capital Partners Q4 2024 Investor Letter,"In 2024, Deep Sail Capital Partners (the Fund) returned 38.1% net of fees while averaging 86% net long exposure. Click here to read the full fund letter. ",SeekingAlpha,https://finnhub.io/api/news?id=f94877a85550de6a1be332b02db3ce82e297681cb1d00cd44a2ae489b934f6a4
2025-01-23 22:28:22,NVDA,Nvidia: An Obvious Project Stargate Beneficiary - It's Good To Be King,"President Trump's support for AI boosts Nvidia's position, with Project Stargate driving growth in data centers and the Blackwell chip powering next-gen AI. Read more here.",SeekingAlpha,https://finnhub.io/api/news?id=e0284ae63197ac9dc000f0ba6eaa0d48341d064a28561cc8f91c5a1bce4c104c
2025-01-23 20:42:42,NVDA,Rigetti Computing: Quantum Hype Meets Market Reality - A Cautious Hold,"Read here for an analysis of the surge of quantum computing stocks, focusing on Rigetti Computing's unique approach and potential long-term gains. See more.",SeekingAlpha,https://finnhub.io/api/news?id=bcdc5a529138fee24ff8fdcaacc2898ec2a4a5eb8eb224babb1ab25909771b9a
2025-01-23 20:25:00,NVDA,Franklin Growth Fund Q4 2024 Commentary,Franklin Growth Fund underperformed its S&P 500 Index benchmark in the fourth quarter. US stocks collectively rose in the fourth quarter of 2024.,SeekingAlpha,https://finnhub.io/api/news?id=c188dadba14948dc43f98b81c74645474f82a37a496765a58921da95209441e2
2025-01-23 17:08:19,NVDA,YMAG: A Tempting Distribution Yield At A High Price,"We warn investors of YieldMax Magnificent 7 Fund (YMAG), citing high fees, uncertain returns, and limited upside potential. Read an analysis here.",SeekingAlpha,https://finnhub.io/api/news?id=e1a00629ec949e6f62e3f9f70c9d406e7b61f951bcac4edb7f2f1bcf111ab399
2025-01-23 11:51:52,NVDA,My Top 10 Closed-End Fund Holdings: January 2025,"CEF discounts have widened again, creating buying opportunities. See why WDI, BST, ETG, and PAI are new additions to my top ten holdings.",SeekingAlpha,https://finnhub.io/api/news?id=f43c16d8d4f03ba72db33d6ffba8dabb3f62a8f49f36840b04db59b77313a374
2025-01-23 10:44:13,NVDA,Arm Holdings: Sky-High Valuation Hinges On AI Speculation,"Arm Holdings faces geopolitical and market risks, especially with China. Learn why ARM stockâs valuation is too high despite AI hype and licensing royalties.",SeekingAlpha,https://finnhub.io/api/news?id=c18edc7d31c9360d9f568983ca638856cc8ea5d1e8ece288015e300b29a60797
2025-01-23 10:36:00,NVDA,The Trump-Musk Bromance Is as Strong as Ever Despite Tesla CEO’s Stargate Diss,The Trump-Musk Bromance Is as Strong as Ever Despite Tesla CEO’s Stargate Diss,MarketWatch,https://finnhub.io/api/news?id=2d8f363c21ecf22e92a5849c1dc952203f4ca350f3ebbedee5a8230d48b1929b
2025-01-23 10:30:22,NVDA,"Stock Market Today: Indexes Mixed As Trump Makes These Demands; Quantum Computing Stock Falls As Apple, Tesla Earnings Loom (Live Coverage)","Stock Market Today: Indexes Mixed As Trump Makes These Demands; Quantum Computing Stock Falls As Apple, Tesla Earnings Loom (Live Coverage)",DowJones,https://finnhub.io/api/news?id=0619a7e608a56bc664539c40532a1c32d3bd673387c61ea33447817d7837f2fe
2025-01-23 10:28:00,NVDA,"These Stocks Moved the Most Today: Electronic Arts, Nvidia, Arm, GE Aerospace, American Airlines, Union Pacific, and More","These Stocks Moved the Most Today: Electronic Arts, Nvidia, Arm, GE Aerospace, American Airlines, Union Pacific, and More",MarketWatch,https://finnhub.io/api/news?id=57473cd1b6f884b0ebac4ca1c9bd7174d69a4903c9ec7f8ac460c7e112d0bb05
2025-01-23 07:21:00,NVDA,Network Stocks Are a Winner From Stargate AI News,Network Stocks Are a Winner From Stargate AI News,MarketWatch,https://finnhub.io/api/news?id=d4a0c183f12658e5219b437a05a3805c0e5ae2a0148e349fed10d09c3eb3e869
2025-01-23 07:08:00,NVDA,Bond investors are trimming ‘Magnificent Seven’ holdings — with one exception,Bond investors are trimming ‘Magnificent Seven’ holdings — with one exception,MarketWatch,https://finnhub.io/api/news?id=eab61b8510c7d5b978801eb93cacfd199182ea3e70f65aa3239308c3a51887e4
2025-01-23 05:39:37,NVDA,Will the Stargate AI trade unwind? Arm's stock is leading the way down.,Will the Stargate AI trade unwind? Arm's stock is leading the way down.,MarketWatch,https://finnhub.io/api/news?id=2e075ff0fbb2488b57900293bd7433706e51a0c47e1ef1f571329c884a43ee9a
2025-01-23 05:24:19,NVDA,"IonQ Is A Sell, But Partnerships Could Solidify Market Leadership",Quantum computing stocks are highly volatile; I recommend selling Rigetti and Arqit because the market got ahead of itself. See why I'm adding IONQ in this list.,SeekingAlpha,https://finnhub.io/api/news?id=5157b13d0b1ea03a91684483ae2849be37609d146424bcf1df3ea242acdf3a14
2025-01-23 04:27:01,NVDA,"NVDY: Its 6-Month Outperformance Could Be Overturned Soon, A Complete Analysis","Maximize returns and minimize risk with YieldMax NVDA Option Income Strategy ETF's options trading strategy, poised to outperform Nvidia. Click for more on NVDY.",SeekingAlpha,https://finnhub.io/api/news?id=303b8648ab852f9d6b88debe362d5148b1cde7710b54f68a502ab75c0e335d4d
2025-01-23 04:08:00,NVDA,Nvidia Stock Falls Despite Stargate. Why SK Hynix Is Weighing on Chip Makers.,Nvidia Stock Falls Despite Stargate. Why SK Hynix Is Weighing on Chip Makers.,MarketWatch,https://finnhub.io/api/news?id=56c8cf1bd695b664fac211672c6d86fe6094e962f74e54a778b2c3eb5a27550a
2025-01-23 03:48:57,NVDA,"Dow Jones Rises After Surprise Jobless Claims; Nvidia Slides, Tesla Reverses","Dow Jones Rises After Surprise Jobless Claims; Nvidia Slides, Tesla Reverses",DowJones,https://finnhub.io/api/news?id=7f285681326bd95219d1afa7e540d5f5706069c43ad6c82f007f366b4c1a23e4
2025-01-23 02:11:18,NVDA,Dow Jones Futures: AI Stocks Fall After Running On Trump's 'Stargate' Project,Dow Jones Futures: AI Stocks Fall After Running On Trump's 'Stargate' Project,DowJones,https://finnhub.io/api/news?id=32f86d3f094866c2465b050c6bacba5abecc52035435bf0ef8d6398b1e85edb9
2025-01-23 01:45:00,NVDA,Arm Holdings: Beware Of Project Stargate Speculation,The market's reaction to the news about Project Stargate was very positive with ARM's stock skyrocketing by as much as 16%. Read my analysis.,SeekingAlpha,https://finnhub.io/api/news?id=e2e22ed7727d6b6112c3ad1bbef36ed4d7b12c2db31a7a0c92554ca0bf68b920
2025-01-23 01:00:16,NVDA,Why Planning Now For 2025 Taxes Can Save You Money,Why Planning Now For 2025 Taxes Can Save You Money,DowJones,https://finnhub.io/api/news?id=49f142e5a8135ced5e391dd5d2996f9d704d9474169310a5c72fee43e4d1ec41
2025-01-23 00:53:00,NVDA,"Apple Stock Rises. China and iPhone Worries Are Overdone, Says Wedbush.","Apple Stock Rises. China and iPhone Worries Are Overdone, Says Wedbush.",MarketWatch,https://finnhub.io/api/news?id=7321311080b7855aa9440575162eda5b940f23b7e396c3979b031fab31466d53
2025-01-22 21:32:13,NVDA,"Exclusive-ByteDance plans $20 billion capex in 2025, mostly on AI, sources say","ByteDance, the Chinese owner of TikTok, has earmarked over 150 billion yuan in capital expenditure for this year, much of which will be centred on artificial intelligence, two people briefed on the...",Finnhub,https://finnhub.io/api/news?id=cb031e7fa9f424fdd5a326f00af170d2d00d34f799e1529d8c0b327253af35ac
2025-01-22 21:00:00,NVDA,The Stargate Project Is Big on Ambition and Light on Details,The Stargate Project Is Big on Ambition and Light on Details,MarketWatch,https://finnhub.io/api/news?id=40d183306a1b3885efe534a84f11c56776cfbe9867f260534aa116970eca814a
2025-01-22 20:22:00,NVDA,Dodge & Cox Balanced Fund Q4 2024 Shareholder Letter,"The S&P 500 Index rose by 26.3% in 2023 and posted a 25.0% return in 2024, marking its largest consecutive annual gains since 1998. Read more here.",SeekingAlpha,https://finnhub.io/api/news?id=97d7d2711a0bf68b39f810b96c40aeeb911d9207c46cc97a77dbdf06d2dbc1f1
2025-01-22 11:06:26,NVDA,Nvidia Stock Rallies As Chipmaker Named To Stargate AI Venture,Nvidia Stock Rallies As Chipmaker Named To Stargate AI Venture,DowJones,https://finnhub.io/api/news?id=eb72ed399cc92ac2ed4ba2b13e81cad519612b0820398c3a136416b622576d8e
2025-01-22 10:41:02,NVDA,AMD: Don't Catch A Falling Knife,"AMD faces stiff competition from Nvidia and custom AI chips. Read why AMD stock is underperforming, with a $96 price target and declining growth prospects.",SeekingAlpha,https://finnhub.io/api/news?id=017be6eaa3e62f7792dd88141f2138082045bab17a7626056ed0e2ea147266de
2025-01-22 10:35:21,NVDA,Trump's First Day: Executive Order Stock Ideas,"Trump's first day saw a barrage of executive orders, 26 in total, that are a record for a President's first day. Click here for more insights.",SeekingAlpha,https://finnhub.io/api/news?id=0385936d7fc349027fde69e0b58276423f38f29a9cc261350b998848d39fbe90
2025-01-22 10:35:00,NVDA,Forget the $500 Billion. Trump’s Energy Pledge Is Key to Stargate Project.,Forget the $500 Billion. Trump’s Energy Pledge Is Key to Stargate Project.,MarketWatch,https://finnhub.io/api/news?id=e3c393b0caaf9aaf5af44b9d16858f5f65a013451ed800ed67365f72a13f2cee
2025-01-22 09:37:42,NVDA,"Nvidia: Late To The AI Party, But Blackwell's Performance Is Just Kicking Off",Nvidiaâs strong topline growth and AI infrastructure investment bode well. Read why NVDA stock presents a good investment opportunity for long-term growth.,SeekingAlpha,https://finnhub.io/api/news?id=ef58b812617cb14dbd9d571cc42ce6da1ba9178b63b0318a34e41fdcb53f5cd1
2025-01-22 09:08:28,NVDA,Nvidia: Getting Clues On Outlook From Its Key Customers,Nvidiaâs Blackwell shipment delays and lower capex forecasts weigh on growth. See why NVDA stock is an attractive buy at a 17% discount to its 5-year median.,SeekingAlpha,https://finnhub.io/api/news?id=aa55cfb14a2ae36940da8a8bc967756f66e743607f2c303f3cc3aefcf6110379
2025-01-22 07:45:00,NVDA,'What Is Great For The Country Isn't Always What's Optimal For Your Companies': Sam Altman Lashes Out At Elon Musk Amid Stargate Squabble,'What Is Great For The Country Isn't Always What's Optimal For Your Companies': Sam Altman Lashes Out At Elon Musk Amid Stargate Squabble,DowJones,https://finnhub.io/api/news?id=0afe21bcf2ad65338f260db781b03d4ff8ea20c4f7f075dd2325a93039ba73e9
2025-01-22 07:05:00,NVDA,Dodge & Cox Global Stock Fund Q4 2024 Shareholder Letter,"In 2024, the MSCI ACWI returned 17.5%, largely driven by another blockbuster year in the U.S. equity market. Read more here.",SeekingAlpha,https://finnhub.io/api/news?id=92449ddcadc61c1c7f599df30bd858a4bb0c1339d639813cec40c5e2727ac63d
2025-01-22 05:58:33,NVDA,Intel: Misses AI Boom And No Hyperscaler To Buy The Company,"Intel Corporation's struggles in AI growth and declining market share raise concerns for investors, making it a speculative buy. Click for more on INTC stock.",SeekingAlpha,https://finnhub.io/api/news?id=55c69089f3e40c215c656dbde7bc704b33773587727edaa8a0c9c7191fa1fb43
2025-01-22 05:45:00,NVDA,Dodge & Cox Stock Fund Q4 2024 Shareholder Letter,Stocks surged in November after President Donald Trump won the U.S. election and Republicans won majorities in both the Senate and House of Representatives.,SeekingAlpha,https://finnhub.io/api/news?id=d96af1938511d69a06d2b2732cc0f5720c9a0ecf0486fa7caa9dba9a72c7d411
2025-01-22 05:15:14,NVDA,Secrets To Outperforming QQQ In 2024 Without TMT Exposure,"Large-cap growth stocks surged in 2024, led by the Mag-7. See how our Funds Macro Portfolio beat Nasdaq with a focus on energy, defense, and Bitcoin.",SeekingAlpha,https://finnhub.io/api/news?id=077e6a6df020da5705063aaf94c544a9f26066b443e682be28ebbca8a1662b9a
2025-01-22 05:00:41,NVDA,Stargate: OpenAI's Hard Takeoff And Its Implications On Microsoft,Microsoft is poised for growth with OpenAI and Project Stargate. Find out why MSFT stock is a strong pick while rivals like Intel risk obsolescence.,SeekingAlpha,https://finnhub.io/api/news?id=7a864b46e26764f020f21a39297d6b9ab06ac5f789968d2e9b437adae950d971
2025-01-22 05:00:00,NVDA,ClearBridge Select Strategy Q4 2024 Commentary,"The Strategy outperformed in a narrow, momentum-driven market as our small and mid cap growth holdings exhibited continued strength.",SeekingAlpha,https://finnhub.io/api/news?id=287b448f23ac96e8f22bec0191ef65ad4ac556f83e820692e03c846fa663b97b
2025-01-22 04:06:45,NVDA,IYW: Tech Stocks Due For A Breather,"IYWâs technical outlook shows negative momentum divergence, suggesting a possible test of the 200-day moving average. Click here to read why IYW ETF is a Hold.",SeekingAlpha,https://finnhub.io/api/news?id=c9054fc68fcfea700ed8d5a71d8d92eec901506895d2b6d1110347392788317e
2025-01-22 03:35:42,NVDA,Dow Jones Rises On Trump AI Project; Netflix Soars On Earnings,Dow Jones Rises On Trump AI Project; Netflix Soars On Earnings,DowJones,https://finnhub.io/api/news?id=ed3165ebd28eb2df955513a7f82c7bbcb135c11b9d5887998798895a72b2f461
2025-01-22 03:13:13,NVDA,Nvidia Is Still A Buy For Those Who Missed The Boat,"Nvidia Corporation's $3.3T market cap reflects its dominance in AI, robotics, and cloud computing. Read why I think NVDA stock is a buy.",SeekingAlpha,https://finnhub.io/api/news?id=aa90ebdebf8274b74fc596215d706c1dae44c42dcee988589eaa15f14da98d5f
2025-01-22 03:00:00,NVDA,Quantum Hype Or Reality? Inside The Frenzy Over Quantum Computing Stock,Quantum Computing stock has surged amid the quantum computing hype but faces skepticism due to its track record. Explore more details here.,SeekingAlpha,https://finnhub.io/api/news?id=55e836882fb3f66e97f72df6a8b7840aaf30db4f0e9570a9220d1978af68feb3
2025-01-22 03:00:00,NVDA,Harding Loevner Global Equity Q4 2024 Report,"The Global Equity composite fell 0.86% gross of fees in the fourth quarter, in line with the 0.89% decline of the MSCI ACWI Index.",SeekingAlpha,https://finnhub.io/api/news?id=88aa6dca33bf2b79b4dd6455ec870b2218dedbf9c6e71a1765d4f728ad2465b7
2025-01-22 01:18:35,NVDA,Amazon: AWS Faces New Market Dynamics In 2025,"Amazon has reported a very high operating margin in AWS for the last three quarters, which has helped boost the overall operating income and EPS. Read more here.",SeekingAlpha,https://finnhub.io/api/news?id=f19740f378ec8684f6db9e2142956e50f53ec64f125ce045c36ac038434bc8f2
2025-01-22 01:06:24,NVDA,Cornell University: Researchers put the shine on digitally rendered feathers,"Cornell University: Computer animators and video game designers may soon have a better way to create the purple-green sheen of a grackle's wing, or the pink flash on a hummingbird's throat, thanks to...",Finnhub,https://finnhub.io/api/news?id=514e860e6c3106b9e010bc0884a5e5c742128f135b229d216841c4db1af4c0d2
2025-01-22 00:47:02,NVDA,Tariffs Delayed Until April 1st - America First Trade Policy,The America First Trade Policy Executive Action sets April 1st as the deadline to evaluate the tariff policy. Click here for a detailed review.,SeekingAlpha,https://finnhub.io/api/news?id=5f5d88e1dc1766ba39b2a63ba610eb1c9401759779544486bb55a6805617b638
2025-01-21 18:15:01,NVDA,Trump: Elon Musk can buy TikTok if he wants,"STORY: On day one as president he reprieved TikTok from a U.S. ban. On day two, Donald Trump floated the idea of a new owner for the video app: Are you open to Elon ...",Finnhub,https://finnhub.io/api/news?id=4fb5ad4a80906ad117cca8b227ce2772bd1671ca5f5c4ab40b802809fd92c3d0
2025-01-21 12:21:08,NVDA,CHW: Very Solid Performance In The Past Year Makes For A Sustainable 8.78% Yield,"Discover the Calamos Global Dynamic Income Fund with an 8.78% yield, sustainable performance, and attractive pricing for income investors. Read the full CEF report on Seeking Alpha.",SeekingAlpha,https://finnhub.io/api/news?id=f79177ab8e1ffee1caabf52d18e0f2f6f99f234b374c614fb161ca1c275e0a47
2025-01-21 09:54:51,NVDA,Google: Why I'm Not Buying More Now (Downgrade),"Financial writer discusses Alphabet Inc.'s recent high stock surge, concerns about DoJ headwinds, and the need for stock consolidation.",SeekingAlpha,https://finnhub.io/api/news?id=20c713a7d905d42c5c7480f04b4ea082812440df47eea013ace58cdb367a3e11
2025-01-21 06:47:22,NVDA,Nvidia's AI Empire Expands Rapidly,"Nvidia Corporation is poised for >70% YoY growth in Q4 FY25, driven by AI dominance and a $300B healthcare opportunity. Explore more details here.",SeekingAlpha,https://finnhub.io/api/news?id=cf2ebdaf913a8041ebd60e8738e4c76397e0edc818aa68bea0b386ff47db274f
2025-01-21 05:16:14,NVDA,Nvidia: share price up after UBS comments,"Nvidia was up on the New York Stock Exchange on Tuesday, buoyed by favorable comments from analysts at UBS, who put into perspective the concerns that have recently weighed on the stock.Just over an...",Finnhub,https://finnhub.io/api/news?id=2dc6443490cc5d5ce5085354b6b995a50171744a2f4c1d930406dd57507d9850
2025-01-20 22:29:14,NVDA,AMD: DeepSeek Is A Big Deal,Breakthroughs from DeepSeek V3 model significantly reduce AI training costs for AMD. Click here to read why I believe AMD shares are a Strong Buy.,SeekingAlpha,https://finnhub.io/api/news?id=bf5ed716bf106a6f7bf5e3277ef6693ee9d55300025852f4bb67e7705e96594a
2025-01-20 22:24:15,NVDA,Nvidia: UBS is reassuring,"In view of 'recent market concerns', UBS reiterates its 'buy' recommendation on Nvidia, as well as its price target of $185, a target that holds 34% upside potential for the stock of the designer of...",Finnhub,https://finnhub.io/api/news?id=99d5fc566682da56cfaad44b5e3cb7100e23e6537c2e6b805fe21daea0b3c33b
2025-01-20 19:20:00,NVDA,CES 2025: Physical AI Is Here,"AI is rapidly expanding beyond software into the physical world, as companies across industries harness it to create smarter robots and automated systems that drive unprecedented efficiency,",SeekingAlpha,https://finnhub.io/api/news?id=b0bbb9754bcfde4d17c4584a8dac48c22d0195b2333ce5b252fb4cad72c7d271
2025-01-20 18:27:28,NVDA,Meta Makes 'Intense Year' Forecast And Big Layoffs,"Meta Platforms is looking to cut its headcount by 5%, which shows the efficiency drive by the management. Read why META stock is a Buy.",SeekingAlpha,https://finnhub.io/api/news?id=42ff7fa260ef1842b1bc70b50ed3fbc6cc99426414931a5898700949c1885132
2025-01-20 16:21:20,NVDA,Intel: Moment Of Truth Rapidly Approaching,"Read here for an update on Intel's Q4 earnings potential and restructuring progress, with focus on GaudiÂ®3 AI accelerator and future profitability outlook.",SeekingAlpha,https://finnhub.io/api/news?id=2f8a862ff08d1d5b0650238a56e09a1132535bab1ba30f4ef51dac2e6ab01c0e
2025-01-20 05:37:00,NVDA,Carillon ClariVest Capital Appreciation Fund Q4 2024 Commentary,"At the start of the quarter, Carillon ClariVest Capital Appreciation Fund vs. Russell 1000 Growth Index, was most overweight the healthcare and financials sectors.",SeekingAlpha,https://finnhub.io/api/news?id=54cf828d9caeaafcb426d9422ac96510c78190fca07684df97dbf1bdbb80c73c
2025-01-20 03:55:00,NVDA,Wall Street Brunch: Netflix Earnings And Chill?,Wall Street will closely watch the streamer's ad-supported subscriber numbers. Bitcoin hits a new high ahead of Trump's inauguration. TikTok restores U.S. service after going dark.,SeekingAlpha,https://finnhub.io/api/news?id=7f453b053e3fa391618a88e293d21fef92752f5beed868b0a0b64225f3cbdf5e
2025-01-20 03:20:00,NVDA,Distillate Capital Q4 2024 Letter To Investors,"Large U.S. equities are up 43% since the Oct. 2023 low, while underlying rolling next-12-month consensus estimated free cash flows have increased by just 9.6%. Click here to read more.",SeekingAlpha,https://finnhub.io/api/news?id=2440a0598ee4217ef9a83a52bf7edba32f74ced1c14314985651f169d01e7d41
2025-01-20 03:00:00,NVDA,Taiwan Semiconductor Will Keep Processing Bigger Gains,"TSMC's strong FY24 performance driven by AI chip demand and 3nm chip production, with continued growth projected despite margin pressure in 2025.",SeekingAlpha,https://finnhub.io/api/news?id=a0eb602a048eb53300d865c5097fb0de1b00294359c0d1db957a7fda4ec6681d
2025-01-20 02:25:00,NVDA,Claret Asset Management Q4 2024 Quarterly Letter,2024 turned out to be a very good year for equities with the S&P 500 up 25% and the Canadian market is up 21.6%. Click here to read the full fund letter. ,SeekingAlpha,https://finnhub.io/api/news?id=32608e2dbf8ab2a94102b50199708526edda9b19dc95af2a466f3f5b497fdcbf
2025-01-20 01:55:00,NVDA,ClearBridge Appreciation ESG Strategy Q4 2024 Commentary,The ClearBridge Appreciation ESG Strategy outperformed the benchmark S&P 500 Index in the fourth quarter of 2024. Click here to read the full commentary.,SeekingAlpha,https://finnhub.io/api/news?id=d0b43507d72a706c01efba5d99d3bb9d5b02d85ccda8e897b48dce6f06529f28
2025-01-20 00:40:00,NVDA,BUZZ Investing: Markets React To Fed Rate Cut As Renewed Inflation Risks Emerge,"Markets recently faced volatility driven by Fed cuts, resilient economic data, and persistent inflation concerns, leading to subdued sentiment. Click to read.",SeekingAlpha,https://finnhub.io/api/news?id=c585bcd657ee004527ac8c0f8a76875b52b24d2a15b2fd56b69c643573eed187
2025-01-19 22:00:00,NVDA,White Falcon Capital Q4 2024 Partner's Letter,"White Falcon returned, net of fees, 5.5% for Q4 2024 and 14.4% for the full year. Click here to read the full fund letter.",SeekingAlpha,https://finnhub.io/api/news?id=8e550038454a58ca2fda60587fcb7037ad9cb08121122d54d7d82e2ac6bad426
2025-01-19 08:37:35,NVDA,AMD Could Skyrocket With Advent Of Reasoning Agents,"Discover why AMD is positioned as a strong investment in the AI landscape, as Nvidia faces challenges with its CUDA ecosystem.",SeekingAlpha,https://finnhub.io/api/news?id=2005934df9e7b7a74710ad9bdf2ca092e810d100682fe5c768490cd28fe60cbe
2025-01-19 05:50:51,NVDA,Nvidia: Semi Alpha No More,"Financial writer recommends buying Nvidia stock despite potential challenges, citing strong revenue growth and innovative products.",SeekingAlpha,https://finnhub.io/api/news?id=e26ed2adf60e4dd13b79efc60c1a86dae74a3131028c968799327b1b8d54c855
2025-01-18 04:00:00,NVDA,Super Micro Computer: This Is The Turning Point,"Super Micro Computer's stock is at a turning point, awaiting audited earnings reports by February 25 to avoid delisting. Learn more about SMCI stock here.",SeekingAlpha,https://finnhub.io/api/news?id=1f9db4b5a13592546616d15bf01d5147f1b0e455ca0f0f20c9748b420755a21c
2025-01-17 22:44:30,NVDA,"Taiwan Semiconductor: Strong Growth, Strong Outlook",,SeekingAlpha,https://finnhub.io/api/news?id=dcfe1a10f454dd5f0d117038fac612a910826ceb87fa7bc34cd30a8f89409a03
2025-01-17 16:45:36,NVDA,Mayar Capital Q4 2024 Letter To Partners,"Mayar Capital offers investment management services and believes in high-quality, value stocks for long-term outperformance in global markets.",SeekingAlpha,https://finnhub.io/api/news?id=8b578b16f1c73e04ea32b2ca7cc88ed3275ba87880de37136f72ec3dfac564e7
2025-01-17 12:55:00,NVDA,Big Returns In Surprising Places,"Looking back at stocks with a minimum of 20 years of returns, the study found that Nvidia had the greatest annualized compound return, which should surprise no one.",SeekingAlpha,https://finnhub.io/api/news?id=5a5349e749bc69dda4f2751768686f2d3337d70a81e8ff0d9f6c30fdc6a807ab
2025-01-17 07:23:46,NVDA,AMD: The Steal Of The Year Is Already Here,Advanced Micro Devices' stock price fell to new 52-week lows. Click here to find out the factors that present a strong buying opportunity for AMD stock.,SeekingAlpha,https://finnhub.io/api/news?id=4633134f152209e9e41a52e6a3660c34e91f0956c1409ae4c1745a5bb5fb65be
2025-01-17 06:00:00,NVDA,Can The Bull Market Sustain Itself?,Getting into a richer data-driven environment with recent earnings. Tech in the time of Trump.,SeekingAlpha,https://finnhub.io/api/news?id=d1ffe24c8fb3bd651723171bc5600c161a2c2c272edc0c216ffe055296da31a6
2025-01-17 05:20:00,NVDA,Beware Rotation - S&P 500 Top 10 Stocks' YTD Performance; Top 10 Client Holdings,"YTD through January 15, 2025, none of the top 3 names by market cap (Microsoft, Nvidia, Apple) are beating the S&P 500. Read more here...",SeekingAlpha,https://finnhub.io/api/news?id=8515fbadddca8cfa362e697ca7816ba8c88d9e73cc707fb0adf01effcbb8a1c1
2025-01-17 04:54:07,NVDA,"QQQ: No Tech Bubble, But Caution Is Necessary","Financial writer Howard Marks warns of cautionary signs in the stock market, including high valuations and reliance on key stocks like the Magnificent...",SeekingAlpha,https://finnhub.io/api/news?id=270793de1da1210856303e403484269e3435bdd473452402f7e116e411961f9f
2025-01-17 04:45:19,NVDA,NVDY: Risks Remain Too High Despite Its Excellent Performance,,SeekingAlpha,https://finnhub.io/api/news?id=71c524cd7d6ac54e280368981412d981ff08b616086ad21e863b4c00837320ec
2025-01-17 04:30:00,NVDA,2025 Analyst Outlook: Joe Albano On Thinking Outside The AI Box,Should investors stay cautious on tech stocks in 2025? Click here to read about robotics and smaller mid-cap names that may present some upside for tech investors.,SeekingAlpha,https://finnhub.io/api/news?id=747a8a2bb61a3e09d5401ad9789c9ac3d06bd8819389e4974d8efc726075d85f
2025-01-17 03:30:00,NVDA,Madison Investments 2024 Year-End U.S. Equity Letter,"The stock market had another strong year in 2024, led by the S&P 500 Indexâs 25% return. Click here to read the full fund letter.",SeekingAlpha,https://finnhub.io/api/news?id=76244ec6e588f0609926c49a2124ed33d51b3b620290571de2acf2f75639feff
2025-01-17 01:49:14,NVDA,SP500: Trump's Day One Game Plan,The market is facing a volatile event on January 20th with the Day One of the Trump Administration. Check out why I think the risk is to the downside.,SeekingAlpha,https://finnhub.io/api/news?id=3c5f85f7bad8fe27f406f4362a62fb7e5720436771090092311c1e104518cab3
2025-01-17 00:36:09,NVDA,Nvidia CEO says not attending Trump's inauguration,"Nvidia's chief executive Jensen Huang said on Friday he will not be attending U.S. President-elect Donald Trump's inauguration, but will instead be on the road celebrating the Lunar New Year with...",Finnhub,https://finnhub.io/api/news?id=72101a0f0674c0a14378a105ba47796546e4795f40b51194d8b7551f279dd440
2025-01-16 23:30:00,NVDA,The Future Of AI: How Nvidia's Vision Is Shaping Our World,"From generative AI reshaping creativity to robotics driven by Nvidia Cosmos, AIâs evolution is set to revolutionize sectors like health care, manufacturing and transportation.",SeekingAlpha,https://finnhub.io/api/news?id=13e2ab179ad14dc9aa3bc09db517157e9a9cf09ded6098fef2824a145318744d
2025-01-16 19:35:00,NVDA,"Earnings Gains Anticipated In 7 S&P 500 Sectors, Led By Communication Services",Seven of the S&P 500's 11 sectors are expected to achieve cumulative year-over-year growth in normalized earnings per share among their constituent companies in fourth quarter 2024 earnings,SeekingAlpha,https://finnhub.io/api/news?id=f6737372d5a3fcce82a8010d8fec55679f7ef49dbf5eabdf18994e7f828bf725
2025-01-16 16:55:00,NVDA,Baird Q4 2024 International And Global Growth Fund Commentary,"In the fourth quarter of 2024, the Baird Chautauqua International Growth Fund Net Investor Class returned -4.31%, outperforming the MSCI ACWI ex-U.S. IndexÂ® ND, which returned -7.60%.",SeekingAlpha,https://finnhub.io/api/news?id=d6d6283252f961c1956b4e9b204d925bd8cffd09caaa15b4e93b18ba3b17000c
2025-01-16 16:32:06,NVDA,AIPI: Harvesting AI Volatility For A 35% Yield,AIPI offers a 35% yield through investing in top AI stocks and call options. Its high volatility makes it suitable for only a small portion of aggressive investors.,SeekingAlpha,https://finnhub.io/api/news?id=58f201d848a5774033a62d0cb3cadd7d536c11a68c984bbf619ac8265bf0d852
2025-01-16 11:15:56,NVDA,TSMC: Being Caught In The Crossfire Never Looked So Good -- Reiterating Buy,"TSMC stock is expected to outperform in the semiconductor market this year, despite geopolitical chip tensions. Click for our TSM earnings update.",SeekingAlpha,https://finnhub.io/api/news?id=c0a7d36fd551928d1a1834c33bd685e5b64f286d17e3b5428ff45f889ed76cb6
2025-01-16 06:11:00,NVDA,"New Year, Same Bull. Why the Rally Isn’t Done.","New Year, Same Bull. Why the Rally Isn’t Done.",MarketWatch,https://finnhub.io/api/news?id=ff1f84ced5619a47984dfa725a05615b4e96cd35f07e73b6e81d69493eb3bdf1
2025-01-16 06:08:00,NVDA,"These Stocks Are Moving the Most Today: TSMC, Lam Research, Bank of America, Morgan Stanley, UnitedHealth, Symbotic, and More","These Stocks Are Moving the Most Today: TSMC, Lam Research, Bank of America, Morgan Stanley, UnitedHealth, Symbotic, and More",MarketWatch,https://finnhub.io/api/news?id=f84db923e0e46574df71b93f59884bdbc25b9183b439e07a91b91b67b04c1d6a
2025-01-16 05:39:18,NVDA,"Big Tech ETF trades down as Tesla, Apple post sharp losses","Big Tech ETF trades down as Tesla, Apple post sharp losses",MarketWatch,https://finnhub.io/api/news?id=7b6c2fd239c2d5e3f39cbe9a9f0639aafeda3bea86c0fbcee71265c4f02699a0
2025-01-16 05:17:00,NVDA,AMD gets another downgrade. Here’s why analysts are souring on the stock.,AMD gets another downgrade. Here’s why analysts are souring on the stock.,MarketWatch,https://finnhub.io/api/news?id=65812563b3f35b8c2d0a45807bb5f7f252ebe53dedf9f0ae40a1360ed3f38d2f
2025-01-16 05:15:00,NVDA,Trump’s Inauguration Fund Is Flush. A Few Mag 7 Firms are Holding Out.,Trump’s Inauguration Fund Is Flush. A Few Mag 7 Firms are Holding Out.,MarketWatch,https://finnhub.io/api/news?id=7eb2e30bb8fd494d398ba40579f1ad46b0ede72ed4fcc2d31ff9204ca5761a20
2025-01-16 05:06:00,NVDA,"Nvidia supplier Taiwan Semi reports profit surge. AI capacity is ‘very tight,’ CEO says.","Nvidia supplier Taiwan Semi reports profit surge. AI capacity is ‘very tight,’ CEO says.",MarketWatch,https://finnhub.io/api/news?id=2c9acd2214a92be4795ba013b676a021213c47f4c1286b1659fa1037270031b6
2025-01-16 04:57:00,NVDA,Nvidia Stock Rises. This Is Boosting AI Chip Optimism for 2025,Nvidia Stock Rises. This Is Boosting AI Chip Optimism for 2025,MarketWatch,https://finnhub.io/api/news?id=adc0952d8afee7dd87d1d689abf37689dfd48fc83a9ab116ffc5d37d8acaf1ce
2025-01-16 04:26:00,NVDA,SMCI Stock Rises Again. How Super Micro Is Riding the AI Chips Wave.,SMCI Stock Rises Again. How Super Micro Is Riding the AI Chips Wave.,MarketWatch,https://finnhub.io/api/news?id=6b1aaa35fe45c32c5772d970e9162c563ceb81ec82a6bb3bca4b5e2c858ac901
2025-01-16 04:13:00,NVDA,TSMC Stock Jumps. The Nvidia Supplier’s Earnings Are Boosting Other Chip Stocks Too.,TSMC Stock Jumps. The Nvidia Supplier’s Earnings Are Boosting Other Chip Stocks Too.,MarketWatch,https://finnhub.io/api/news?id=801f8408dad64d342d536264e96d40af3625bdc71839705e1cfea332cdb95c9e
2025-01-16 04:00:00,NVDA,Large cryptocurrencies mixed as Ripple increases,Large cryptocurrencies mixed as Ripple increases,MarketWatch,https://finnhub.io/api/news?id=9fcc77170ef342f0282e2024d039719e7dc3f11d2319bf3687c0e5f76c1952d5
2025-01-16 03:57:23,NVDA,Dow Jones Falls After Key Data; Nvidia Chipmaker Surges On Strong AI Chip Demand,Dow Jones Falls After Key Data; Nvidia Chipmaker Surges On Strong AI Chip Demand,DowJones,https://finnhub.io/api/news?id=cbaf89fdcba9304999f872a8bc96a06b22fdf4726a19c6a7622ec0da3a7ad6c9
2025-01-16 03:30:53,NVDA,AMD: My Highest Conviction Play -- Betting Big Again,"Explore the booming AI market and Advanced Micro Devices, Inc.'s growth potential in the data center industry, with impressive projections. Click for my AMD update.",SeekingAlpha,https://finnhub.io/api/news?id=774694d609dbfc95d8ebdb7613cba61a7eb3dd08087ae116db07d2b01633c08d
2025-01-16 03:15:00,NVDA,TSMC's Q4 2024 Earnings Outperformance: 3 Reasons To Buy Here,Taiwan Semiconductor Manufacturing has outperformed 2024 expectations by wide margins. Check out 3 reasons to buy TSM stock.,SeekingAlpha,https://finnhub.io/api/news?id=d79e037edd5c5160baaa268773b70e6ac4fe59ef46bac3e6c5f79923fe9cec37
2025-01-16 02:40:10,NVDA,Monolithic Power Systems: A Rare Buying Opportunity,"Monolithic Power's efficient solutions and flexible structure position it for continued growth, with the CEO confident about 2025. See why MPWR stock is a Buy.",SeekingAlpha,https://finnhub.io/api/news?id=f41ad6706899d2ef4dd268b147792537187fcd4f97232894d91571a8ae01ec37
2025-01-06 04:51:22,NVDA,This Is The Average Stock Market Return Over 60 Years,This Is The Average Stock Market Return Over 60 Years,DowJones,https://finnhub.io/api/news?id=367e0bb4b82b5729d86d219a09887a4c8948862a5d19506d95f3ea9362a41c1f
2024-12-31 15:55:39,NVDA,Stocks To Watch in January—And What to Watch For,Editors' Picks for Companies That Are Likely to Be in the Spotlight,Yahoo,https://finnhub.io/api/news?id=7f83ad63c6268b129d37dd6882e4083633192ec9d4ffbfa640d80aaf31bfb476
2024-12-31 15:34:35,NVDA,"Broadcom's chips, network will drive growth in 2025: Analyst","Big Tech has dominated investor portfolios with significant gains, but Broadcom (AVGO) has emerged as a standout performer in 2024. WestEnd Capital Management senior equity analyst Ali Mogharabi joins hosts Julie Hyman and Jared Blikre on Market Domination to discuss his outlook for the semiconductor company in the coming year. Mogharabi explains that the artificial intelligence trade is shifting from training to inference capabilities, which will mean a stronger focus on determining ""what to do with new data and how to interpret it."" This transition requires more specialized chips, positioning Broadcom to capitalize on the trend. Mogharabi points out that these chips will require increased network infrastructure to be effective, noting that Broadcom is ""one of the main players on the network/connectivity side of it, too."" ""Opportunities for Broadcom itself to generate revenues are going to be growing from around 15 to 20 billion currently to 60 to 90 billion through 2027,"" Mogharabi tells Yahoo Finance. ""That represents enormous growth opportunities for these guys to take advantage of."" To watch more expert insights and analysis on the latest market action, check out more Market Domination here. This post was written by Angel Smith",Yahoo,https://finnhub.io/api/news?id=7a165d23791610e18fa737edc33195a8727c240680df559f1ebdcd3f4c77a111
2024-12-31 15:16:00,NVDA,"These Stocks Moved the Most Today: Super Micro, Moderna, Nvidia, MicroStrategy, Tesla, Palantir, Sangamo, and More","Super Micro stock declines, Nvidia trades lower, and MicroStrategy shares extend losses after a sharp drop in the previous session.",Yahoo,https://finnhub.io/api/news?id=86c1b27e46a5eb56c87c8cf6bbb4086cc4db367104e0ee4bba7460620f9fd545
2024-12-31 15:13:00,NVDA,Stocks Cap Best Two Years in a Quarter-Century,Some investors caution against thinking that the rapid pace of gains can continue because interest rates may remain higher than anticipated.,Yahoo,https://finnhub.io/api/news?id=84a7f4553b61d77afae502485d6664fdff243988c1cdd856ce1c576bf174f0dd
2024-12-31 14:57:24,NVDA,2024's year-end dip 'creates buying opportunity': Analyst,"US stocks (^DJI,^GSPC, ^IXIC) are under pressure on the final trading day of 2024. Commerce Street Capital CEO and president Dory Wiley joins Market Domination with Julie Hyman and Jared Blikre to discuss his read of the year-end selloff. Wiley says the equity dip is due to a combination of some profit-taking and portfolio rebalancing amid worries about fewer rate cuts in 2025. ""I think this dip creates a buying opportunity,"" he says, explaining, ""If we're going to have a rally, it needs to be on earnings, and the stock market has it, and the Q4 should be pretty good."" He says that though ""we've got a rich stock market,"" with names like Nvidia (NVDA) driving the market, ""the outlook is still very rosy for it."" Watch the video above for more about Wiley's expectations for the Federal Reserve in 2025 and his sector picks heading into the new year. To watch more expert insights and analysis on the latest market action, check out more Market Domination here. This post was written by Naomi Buchanan.",Yahoo,https://finnhub.io/api/news?id=4e5ca3d8d7b19c325265a1093a98d98f28f473306ed990c65f6c2241981fa18f
2024-12-31 13:45:21,NVDA,These Are The 5 Best Dow Jones Stocks Of 2024,"Led by Nvidia and Walmart, the best Dow Jones stocks have far outpaced the index's overall 13% gain.",Yahoo,https://finnhub.io/api/news?id=d6d5923db315fa611f11436c7a391f72ca2401b85099e2650235b632c939dc0f
2024-12-31 13:37:18,NVDA,Super Micro stock had a wild ride in 2024 — here's why,"Super Micro stock is set to notch a yearly gain of 6%, but shares remain far below highs near $120 in mid-March.",Yahoo,https://finnhub.io/api/news?id=0999ef91b32d54230574a100f981a508db4cf9c9514c342f16442002ee0daa2a
2024-12-31 12:22:23,NVDA,NVIDIA Stock Slips 2% Despite Analysts Remain Bullish on AI Giant's Future,Low Volume Day for NVIDIA Stock as Analysts Boost Price Targets,Yahoo,https://finnhub.io/api/news?id=a47bd245410d6b28c8004ac4dcd1b3253fcccd06021274915b9bb62b288813d1
2024-12-31 12:18:55,NVDA,Jim Cramer’s Insights on Taiwan Semiconductor (TSM): The Giant in Contract Chip Manufacturing,"We recently published a list of Jim Cramer’s Bold Predictions About These 9 Semiconductor Stocks. In this article, we are going to take a look at where Taiwan Semiconductor Manufacturing Company Limited (NYSE:TSM) stands against other semiconductor stocks that Jim Cramer has boldly predicted. As 2024 comes to a close, the semiconductor industry has seen […]",Yahoo,https://finnhub.io/api/news?id=314859faabad6fcc2d8e3407b4a6253bbe9d2c6fe6fbeabef98303d29a77b168
2024-12-31 12:16:57,NVDA,Jim Cramer’s Take on NVIDIA (NVDA): The King of AI GPUs Under Pressure,"We recently published a list of Jim Cramer’s Bold Predictions About These 9 Semiconductor Stocks. In this article, we are going to take a look at where NVIDIA Corporation (NASDAQ:NVDA) stands against other semiconductor stocks that Jim Cramer has boldly predicted. As 2024 comes to a close, the semiconductor industry has seen its fair share […]",Yahoo,https://finnhub.io/api/news?id=2d9184dd6f89e6ed6adc3cb2961ea1fb76fc729190a02d681a51f44e48ea05ea
2024-12-31 12:07:18,NVDA,Nvidia's $65 Billion AI Boom: The Stock That's Too Big to Ignore,ByteDance's $7B Deal and Blackwell Chip Innovations Put Nvidia at the Center of the AI Revolution,Yahoo,https://finnhub.io/api/news?id=dd7d42bbaebf32266f3d42dd786ef9f3278e50b544d7aaac6922fc8151271a7a
2024-12-31 11:53:25,NVDA,"Nvidia Wraps Up 2024 as S&P 500's Top Performer, Eyes AI Expansion in 2025","Nvidia was the third-best S&P 500 performance in 2024, after Palantir and Vistra Corp.",Yahoo,https://finnhub.io/api/news?id=896be117154600b6337f769472997b16f5611a1f96d4d60eb004dbbbe0fd4dfe
2024-12-31 11:50:00,NVDA,1 Way the Magnificent 7 Stocks Disappointed in 2024,"The group—which boasts  Apple Nvidia Microsoft Alphabet Amazon.com Meta Platforms  and  Tesla  —averaged a gain of 65% this year, compared with an average of 111% last year, according to Dow Jones Market Data.  The good news: That means other stocks had a chance to perform well, and names like  Palantir Technologies Vistra Walmart AppLovin  and  MicroStrategy  found themselves as top performers.  “The stalwart cloud/hyper scale players in 2025 will continue to play an instrumental role in this key phase of the AI Revolution being led by Microsoft and now also seeing Google (  GCP  ) and Amazon (AWS) both finding major cloud and AI momentum into the coming years,” he added.",Yahoo,https://finnhub.io/api/news?id=efbc957fb989478774520ba53a350e0133fc6eb7f5059a812f03343e240c9454
2024-12-31 11:22:17,NVDA,Is Intel stock done going down?,Here's why this tech investor thinks Intel has a lot of proving to do.,Yahoo,https://finnhub.io/api/news?id=5f5cc27b7ed4b65c5ace1989defea4a8da55dd75282328724f46d0709a153646
2024-12-31 11:19:08,NVDA,Stocks surged in 2024 even as Americans fretted over the economy,"If you invested in the stock market this year, chances are you came out pretty well. The S&P 500 and Nasdaq composite index rose to record highs, as investor enthusiasm for artificial intelligence fueled a massive bull run and investors cheered the Federal Reserve’s shift to lower interest rates. Participants in 401(k) and 403(b) plans also benefited big, with Fidelity Investments reporting account balances reached their highest averages on record.Subscribe to The Post Most newsletter for the mo",Yahoo,https://finnhub.io/api/news?id=80e80da8d9438812694b109e1121fe29036e25c8ff9a09503d737b3d0aefbadb
2024-12-31 11:03:10,NVDA,Elon Musk leads world's 500 richest people in 2024 as wealth grew,"The top 500 wealthiest individuals globally accumulated a combined net worth exceeding $10 trillion in 2024. Tesla (TSLA) CEO Elon Musk emerged as one of the year's most significant gainers, with his net worth climbing to $442.1 billion following the US presidential election, solidifying his position as the world's wealthiest person. Wealth! host Madison Mills explores this development, examining the other executives who substantially increased their fortunes throughout 2024. To watch more expert insights and analysis on the latest market action, check out more Wealth here. This post was written by Angel Smith",Yahoo,https://finnhub.io/api/news?id=f9c5190819d7f2da994ce0e9921ac86ba0a6466200e8aff8122a3e66d7921361
2024-12-31 10:46:43,NVDA,Why Nvidia’s (NVDA) China Revenue Is Guaranteed Despite Restrictions,"As the US continues to navigate an AI trade war with China, some startling revelations have raised questions about the effectiveness of its semiconductor export controls. According to a report published by The Information, ByteDance is planning to spend as much as $7 billion on buying Nvidia chips in 2025. The US government is yet […]",Yahoo,https://finnhub.io/api/news?id=58d414ceedc103698003600b6949e28dba8078e4e988e4fe1c0f9663b1b84f90
2024-12-31 10:43:22,NVDA,"Nvidia's 'Soul-Searching' Set To Explode Into 'Limitless' AI Expansion, Analyst Says; But Is Nvidia A Buy Now?",Nvidia wavered again on Tuesday after reversing slightly higher on Monday. But these small movements don't count much until the stock overcomes resistance at the 50-day moving average. Shares fell below that level on Dec.,Yahoo,https://finnhub.io/api/news?id=6a0873498ff232e438f9e2c04e99ecb92e7e51777c758598d73fd47b45071a51
2024-12-31 10:12:31,NVDA,10 stocks retail investors craved in 2024,It has been another great year for retail investors.,Yahoo,https://finnhub.io/api/news?id=0f572cccfe4a1e19d1fbacad16bfb0e6f3527da02869a42cc1699101d2448591
2024-12-31 10:00:00,NVDA,Markets 2024: Breaking down the year's best performing trades,"As markets (^DJI, ^IXIC, ^GSPC) enter the final trading day of the year, Catalysts co-hosts Madison Mills and Seana Smith analyze 2024's top market performers — examining record ETF inflows, the surge in artificial intelligence investments, and the leading stocks within the S&P 500 (^GSPC). To watch more expert insights and analysis on the latest market action, check out more Catalysts here. This post was written by Angel Smith",Yahoo,https://finnhub.io/api/news?id=540ac51f86723ec16dbd392cea687e1bd3a6d7d9927bbbaefc5ecabe8bd7d1ad
2024-12-31 09:46:38,NVDA,"Vistra Shines Bright: 264% Return Tops S&P 500, Surpasses Nvidia and Palantir",Vistra Corp's 264% return makes it the first utility stock to top the S&P 500 since 2001.,Yahoo,https://finnhub.io/api/news?id=2b61fd7ce6f9ad1cfba81e143feb1b91e830ede1df1d4e4f14b7aba82a91641f
2024-12-31 09:15:14,NVDA,"Nvidia, Microsoft Expected to Lead AI Growth in 2025, Wedbush Report","Nvidia and Microsoft are highlighted as the top beneficiaries of the AI revolution in 2025, according to a Wedbush report.",Yahoo,https://finnhub.io/api/news?id=362998b0c61f163bda7cfaf0cd30c212e3f91d86962fb913d41927a6a8ae5120
2024-12-31 09:03:00,NVDA,Nvidia Stock Has Soared 176% This Year. These 2 S&P 500 Companies Have Beaten It.,"Nvidia stock fell in early Tuesday trading, but remained on track to close the year as the third best-performing stock in the  in 2024.  Nvidia  stock has been largely range-bound in the past few months, as investors are awaiting the next catalyst for shares.  It’s still had an impressive run in 2024, with shares up 176% as of early Tuesday’s trading and outperformed only by artificial intelligence software company  Palantir Technologies  up 345% and energy provider  Vistra Corp  up 260%, among the U.S. 500 biggest companies by market value.",Yahoo,https://finnhub.io/api/news?id=33a165f57275ba01003c1235cabcbebabdc2edff548af792669e0ae6dd8daa08
2024-12-31 08:30:00,NVDA,Missed Out on SoundHound AI's Run-Up? My Best Artificial Intelligence (AI) Stock to Buy and Hold,"The good part is that SoundHound AI has been growing at an incredible pace and seems to be making the most of the huge addressable opportunity on offer in the voice AI solutions market by building a solid customer base.  For comparison, AI bellwether Nvidia has a price-to-sales ratio of 31 even after the outstanding growth that it has been clocking in recent quarters and the dominant position that it enjoys in the AI chip market.  Advanced Micro Devices (NASDAQ: AMD) is one such alternative that investors can consider buying right now to make the most of the proliferation of AI.",Yahoo,https://finnhub.io/api/news?id=986d78214280898e256c05d6d8a679f59e412832270b19691848ad58896a0134
2024-12-31 08:20:02,NVDA,Wedbush: Nvidia and Microsoft to Lead Explosive 25% Tech Growth Amid AI Boom in 2025,"Nvidia, Microsoft, and others set to dominate as AI revolutionizes industries in 2025, per Wedbush report.",Yahoo,https://finnhub.io/api/news?id=e85ed960e963b29ba0042023bdeedacd08d1bac7827ea07d4a9ebe80fa8b5cbe
2024-12-31 08:11:02,NVDA,S&P 500: The First Week Of 2025 To Set The Tone For The Year,"2025 could be defined by investor positioning in tech mega-caps like Nvidia, with the GenAI theme shaping the year ahead. Click here for more on market outlook.",SeekingAlpha,https://finnhub.io/api/news?id=9b655407c27ca22c03df7c6b8262608e3c26ba054aff62e4173c2bcbf511326e
2024-12-31 07:21:13,NVDA,Nvidia and Microsoft: Top Tech Picks as Wedbush Predicts 25% Rally in 2025,Generative AI Boom: Wedbush Unveils Top Tech Stocks for 2025 Growth,Yahoo,https://finnhub.io/api/news?id=b627059c5a5887c6a36cf81bebde829d0d69efeb26cd429b676d668e0317b27e
2024-12-31 07:15:00,NVDA,"1 Artificial Intelligence (AI) Stock That's Up 230,000% Since Its IPO and Still Has Massive Opportunities","There aren't too many stocks on the market that have gained 230,000% since their initial public offerings, especially without dividends and in less than 30 years.  Amazon (NASDAQ: AMZN) stands out because it has delivered this whopping gain and still has a long road ahead.  The market wasn't so sure about this before artificial intelligence (AI) burst onto the scene two years ago, but in Amazon style, it has developed a robust AI platform that's becoming a massive tailwind for its business.",Yahoo,https://finnhub.io/api/news?id=639b4f1a15c0fec8867a028edad5349f3e8146350b28857ae75006e4a7b3341f
2024-12-31 06:45:00,NVDA,3 Unstoppable Growth Stocks to Buy Even if There's a Stock Market Sell-Off in 2025,"Buying growth stocks into a potential stock market sell-off may seem counterintuitive.  Here's why Meta Platforms (NASDAQ: META), Advanced Micro Devices (NASDAQ: AMD), and Adobe (NASDAQ: ADBE) stand out as excellent growth stocks to buy in 2025 even if there is a broader sell-off.  Nvidia gets a lot of credit for being the face of the artificial intelligence (AI)-fueled rally in growth stocks.",Yahoo,https://finnhub.io/api/news?id=04870c8d6a24b247cfac4a6ff880acea46cf7c4dd04dd52c928f4042139c904d
2024-12-31 06:10:00,NVDA,Meet the Supercharged Growth Stock That Could Make You a Millionaire,"One stock that can post that kind of growth over the next couple of years is Taiwan Semiconductor Manufacturing (NYSE: TSM), as it is a major beneficiary of many secular trends.  Taiwan Semiconductor is the world's largest contract chip manufacturer.  TSMC has chip-producing capabilities in its foundries and manufactures chips for some of the world's most technologically advanced companies, like Apple and Nvidia.",Yahoo,https://finnhub.io/api/news?id=18c4bc73b4e5a69694e788235b3e1dddc742919b27fb80fbe97606f45c840289
2024-12-31 06:06:12,NVDA,These 10 Stocks Called 'Tech Winners For The AI Revolution',"After a pullback in late 2024, AI stocks are poised to resume their climb in 2025, a Wall Street analyst says.",Yahoo,https://finnhub.io/api/news?id=35108595a55b9e36e2c4e2a6dfbc0faf24d57c3344f102e6a21be04124494141
2024-12-31 06:00:00,NVDA,400 Million More Reasons to Love Palantir Stock Right Now,Palantir just won a major deal with the Army Vantage program.,Yahoo,https://finnhub.io/api/news?id=3535682c1b20ac93476cffd6bf54735c003f3b691f2e95ff557c89db6e731974
2024-12-31 05:42:35,NVDA,"Social Buzz: Wallstreetbets Stocks Mixed Pre-Bell Tuesday; Nvidia to Advance, Rigetti Computing to Retreat",The most-talked-about stocks in the Reddit subforum Wallstreetbets were mixed in the early hours bef,Yahoo,https://finnhub.io/api/news?id=846ec850ea8b8630e14e2f076c5f9145fb81a78c4e0cedde48774144eb10ec92
2024-12-31 05:37:57,NVDA,"Wall St edges up as AI boom, rate cuts power bull run in 2024","Wall Street's major indexes opened higher in the final trading session of 2024, extending a more than two-year-long bull run fueled by post-pandemic economic resilience, optimism over lower borrowing costs and a boost from the AI revolution.  The S&P 500, Dow and Nasdaq are near record highs and are set for their second consecutive year of gains.  A nearly 100-basis point cut in interest rates in 2024 by the Federal Reserve and a rally in technology stocks in anticipation of boost to corporate profits from artificial intelligence have catapulted equities to record highs in 2024.",Yahoo,https://finnhub.io/api/news?id=dc9f9623312593a8c31203d8e8a5d0f4e9369db6950892ab901e277ffd2b7650
2024-12-31 05:37:57,NVDA,"AI boom, Fed rate cuts lift U.S. stocks to new highs in 2024","The S&P 500, Dow and Nasdaq are near record highs and are on track to end higher for a second straight year.  A nearly 100-basis point cut in interest rates in 2024 by the Federal Reserve and a rally in technology stocks in anticipation of boost to corporate profits from artificial intelligence powered a strong surge in equities in 2024.  The S&P 500 tech, communications services and consumer discretionary have jumped more than 30% this year.",Yahoo,https://finnhub.io/api/news?id=6fabc84c23e4aac46a611a3cf5514b1df15b7885b12e38f82cd1742e2ba9ad31
2024-12-31 05:00:05,NVDA,These were the top-searched money topics of 2024,"People looked up financial topics on Investopedia over the course of the year, with searches for some emerging as very popular. Investopedia's Caleb Silver discussed the findings.",Yahoo,https://finnhub.io/api/news?id=d015efcf8cf94efd5a08e47b64ff211bcf9d5b4a87aa15ed687de83fa319e92e
2024-12-31 05:00:00,NVDA,Nvidia: 180 Billion Reasons Why This Artificial Intelligence (AI) Stock Could Skyrocket in 2025,"Semiconductor-giant Nvidia (NASDAQ: NVDA) had a terrific 2024, but a closer look at its recent stock-price chart shows that it's entering the new year on shaky ground, thanks to doubts about the company's ability to maintain its impressive pace of growth.  More specifically, Nvidia stock is down more than 6% since releasing its fiscal 2025 third-quarter results on Nov. 20, 2024.  According to various reports, investment banking and financial services provider Jefferies estimates that Nvidia could ship approximately 6 million data center graphics processing units (GPUs) in 2025, helping the chipmaker generate $180 billion to $200 billion in revenue.",Yahoo,https://finnhub.io/api/news?id=bb41dba9d91610cdd2022215664dacb186cf202166f318471935842cdec0e431
2024-12-31 04:57:00,NVDA,Nvidia Stock Has Soared 178% This Year. These 2 S&P 500 Companies Have Beaten It.,"Nvidia stock rose in early Tuesday trading, on track to close the year as the third best-performing stock in the  in 2024.  Shares were up 0.8% to $138.54 in premarket trading.  Nvidia  stock has been largely range-bound in the past few months, as investors are awaiting the next catalyst for shares.",Yahoo,https://finnhub.io/api/news?id=5298646d4a89412ed210b4957441c56cb4c9eadd9b1d517c5102e83315b9dd8f
2024-12-31 04:27:00,NVDA,"These Stocks Are Moving the Most Today: Super Micro, Nvidia, Broadcom, Tesla, MicroStrategy, Sangamo, and More","Stock futures traded higher Tuesday ahead of the last trading day of a year that has seen double-digit gains for each of the three major Wall Street indexes.  Super Micro Computer  was up 0.7% in premarket trading after the artificial-intelligence server maker fell 4.1%, making it Monday’s worst performer in the  The volatile stock, up 7.9% in 2024 heading into Tuesday, has limped into year-end.  The aerospace giant declined 2.3% on Monday following a deadly plane crash in South Korea.",Yahoo,https://finnhub.io/api/news?id=036f28aa746c37f4c6707609e36e32bc28e622c3acfb1f5df748d322aa5f5dca
2024-12-31 04:15:00,NVDA,This Warren Buffett Favorite Was 1 of the Top 5 Buys of the Year. Here's How It Could Make You a Millionaire.,"Excitement about artificial intelligence (AI) has driven market gains this year, and investors have piled into companies developing or using the technology -- from chip designer Nvidia to electric vehicle (EV) giant Tesla.  Nvidia is the stock that saw the biggest net inflows from retail investors -- nearly $30 billion -- according to Vanda Research, and Tesla took the third spot with net inflows of more than $14 billion.  This asset just so happens to be a favorite of billionaire Warren Buffett, who holds it within his portfolio.",Yahoo,https://finnhub.io/api/news?id=5a70a05cbf53d69e515a9732314be6a4a9e311c0d6fab15cb38dffbf939a2697
2024-12-31 04:00:00,NVDA,The AI stocks that could boom in 2025,Big Tech stocks could have another big year in 2025.,Yahoo,https://finnhub.io/api/news?id=b1baf740ad94ac86d246490d859637061f28bd8767ebccb6367a030164135761
2024-12-31 04:00:00,NVDA,"Elon Musk, Jensen Huang, and the other billionaires who made bank in 2024","2024 was a major year for the world’s wealthiest Americans as the stock market continued to notch new highs. The S&P 500 hit more than 50 record highs over the past 12 months, with its first occurring as early as Jan. 19.",Yahoo,https://finnhub.io/api/news?id=851cc980822e069839908a00f379b725a430bc88b4c9e5e632156a5aa10de275
2024-12-31 03:26:00,NVDA,"SoundHound AI Stock Is Up 1,051% in 2024. Where Could It Be at the End of 2025?","Its stock came public in 2022, but it flew under the radar until February 2024, which is when Nvidia (NASDAQ: NVDA) revealed that it had acquired a small stake in the company.  Giants such as Mercedes-Benz, Hyundai, and Stellantis, the parent company of Chrysler, Jeep, and Dodge, are some of SoundHound's top customers in this space.",Yahoo,https://finnhub.io/api/news?id=50ec9af162c5489f2ba0171fda852ee59adba2b9ecc0021e409d8891c8a44805
2024-12-31 03:14:54,NVDA,Nvidia completes $700m Run:ai acquisition after EU approval,"Set up in 2018, Run:ai specialises in offering software for workload management and orchestration.",Yahoo,https://finnhub.io/api/news?id=5a0bede513ba53c0e04d2920acbccc42bbd5612aa6cfe863973041bf8bc74dd9
2024-12-31 03:06:00,NVDA,3 Artificial Intelligence (AI) Stocks Billionaires Can't Stop Buying Ahead of 2025,Wall Street's top billionaires money managers have picked out their favorite AI stocks for the new year -- and Nvidia didn't make the cut.,Yahoo,https://finnhub.io/api/news?id=ff387445e482160efd10d668344ffac994e2f3fce94a4e073cf7f1f069dd6333
2024-12-31 02:42:09,NVDA,Here’s Why FlexShares Quality Dividend Index Fund (QDF) Is One of the Best Performing Dividend ETFs in 2024,"We recently compiled a list of the 10 Best Performing Dividend ETFs In 2024. In this article, we are going to take a look at where FlexShares Quality Dividend Index Fund (NYSE:QDF) stands against the other dividend ETFs. By the end of 2023, the global ETF market had reached $11.1 trillion in assets under management (AUM) […]",Yahoo,https://finnhub.io/api/news?id=87dcfb51a69eb5c24ff8a46b1b5945249267e84dcd69c77493ed65e33f576ec4
2024-12-31 02:35:00,NVDA,Market Outlook 2025: Don't Be Blindsided By A Reality Check,"The stock market rallied more than 25% in 2024, making another highly successful year of outperformance. Read more on what investors can expect in 2025.",SeekingAlpha,https://finnhub.io/api/news?id=ac5c32b60d29b0b28dc34c4a94d134719653fd322dac7faff2ec76e96b3d99a0
2024-12-31 02:19:53,NVDA,Applied Digital: A Generational Opportunity In The HPC Data Center Industry,"Applied Digital could see significant growth with new lease agreements and technological edge in HPC data centers, targeting $109 by 2028. Read more here.",SeekingAlpha,https://finnhub.io/api/news?id=6876c55183e580e8a5fbdf32e092ac3de874556db42f5351e38fa1c9d9e2e2da
2024-12-31 01:15:00,NVDA,"Zacks Investment Ideas feature highlights: Cadence Design Systems, Nvidia, Arista Networks  Microsoft and Meta","Cadence Design Systems, Nvidia, Arista Networks Microsoft and Meta have been highlighted in this Investment Ideas article.",Yahoo,https://finnhub.io/api/news?id=ebb007aa0fee34169a3f3c7f7c633cff19ad56a77ffc8c7a8a7c5af9d875e5a4
2024-12-31 00:34:49,NVDA,Why AMD Stock Offers Both Value And Growth Potential,"Investing in AMD could be a smart move for long-term investors, with strong fundamentals and growth potential in key markets. Read our buy thesis on AMD here.",SeekingAlpha,https://finnhub.io/api/news?id=2a137ec9129d9340ff3c66ba807c2cb4830ff42e4faeadf7b5af35c752f0c4e0
2024-12-31 00:00:32,NVDA,How major tech stocks could perform in 2025,Tech stocks including Nvidia and Apple continued to have a big influence on market performance this year. Here's how experts think they could perform next year.,Yahoo,https://finnhub.io/api/news?id=e28b54f9010878ad4a2bf60d30d6b2a9355f9b10b161ae286b66172524b63d50
2024-12-30 23:01:00,NVDA,"Palantir, Nvidia and Broadcom Stocks Are Hot. Wall Street’s Boldest Bets on Where They Go Next.","Palantir, Nvidia and Broadcom are the best-performing tech stocks in the S&P 500 in 2024. These forecasters are sticking out their necks on the outlook in 2025.",Yahoo,https://finnhub.io/api/news?id=d83c62f4a1754f76ea5ce93682f56e9272636d165e051465521ef83f09121148
2024-12-30 22:32:01,NVDA,Nvidia's 2025 Won't Be So Easy (Downgrade),"Nvidia's 2024 financial performance was stellar, with revenues nearly doubling to $113 billion and gross profit soaring to $86 billion. Explore more details here.",SeekingAlpha,https://finnhub.io/api/news?id=db68defeea57d27f0f4830e13980be87afe80fad069b5b635c581cbab7128945
2024-12-30 22:00:00,NVDA,Stocks on Pace for Best Two Years in a Quarter-Century,Some investors caution against thinking that the rapid pace of gains can continue because interest rates may remain higher than anticipated.,Yahoo,https://finnhub.io/api/news?id=75b440bd29bdd3458c8e44ffc8faf37329cc25b1a287724fb89c291c9d43db2b
2024-12-30 22:00:00,NVDA,Beijing Pushes to Use China-Made Chips in Its EVs,"China wants the chips inside EVs to be Chinese-made, while the U.S. is objecting to the country’s push for self-sufficiency in the $80 billion business.",Yahoo,https://finnhub.io/api/news?id=dad693b40397813a38c2e873c8a675ad74ace8e09c5a3807d1d6a30b987e136a
2024-12-30 17:02:45,NVDA,How NVIDIA’s (NVDA) $700M Run:ai Acquisition Could Reshape AI and GPU Markets,"We recently compiled a list of the 10 AI News Investors Probably Missed. In this article, we are going to take a look at where NVIDIA Corporation (NASDAQ:NVDA) stands against the other AI stocks. A December 30 report by CNBC discussed the rapid adoption of generative AI by businesses, its potential to significantly impact global […]",Yahoo,https://finnhub.io/api/news?id=2d32afe558e1a4ed3c70dc4ef5a9763a5237dd44dae1bdbcb5041a45504ff1df
2024-12-30 16:02:46,NVDA,ByteDance appears to be skirting US restrictions to buy Nvidia chips: Report,"TikTok parent company ByteDance has big plans to buy Nvidia chips in 2025 — despite U.S. restrictions. ByteDance plans to spend $7 billion on the chips in 2025, according to reporting from The Information, citing inside sources. If ByteDance follows through, it will become one of the world's top owners of Nvidia chips, despite U.S. efforts to restrict Chinese companies from buying U.S. AI chips like these. In 2022, the U.S. announced export restrictions on certain kinds of AI chips to countries,",Yahoo,https://finnhub.io/api/news?id=1cf3318aae8036e099d617bba5d0b011e78beba2a914a596f93bc237ffa88464
2024-12-30 15:48:10,NVDA,Equities Decline at Start of Holiday-Shortened Week,US benchmark equities closed lower Monday in the penultimate trading session of 2024. The Nasdaq,Yahoo,https://finnhub.io/api/news?id=96c1e25fb12bcb87e5b6f6c601cb0d00fbddae19c2164e2826d12cb47a8d77a1
2024-12-30 15:26:57,NVDA,Equities End in Negative Territory in Penultimate Trading Session of 2024,US benchmark equities ended lower Monday in the penultimate trading session of 2024. The Nasdaq f,Yahoo,https://finnhub.io/api/news?id=45034174598265ccb1ec3b2380d8705cf0e6c1c274ae16ecb43ed1b969d7130f
2024-12-30 14:58:20,NVDA,Ibiden Weighs Capacity Boost Amid Surging AI Substrate Demand,"Ibiden is ramping up capacity to meet surging demand for AI-use substrates, primarily driven by Nvidia.",Yahoo,https://finnhub.io/api/news?id=b60efac4d6e7a06f08c9f730df06d2f777a35d31452a7f68e27994cf6dd5efdc
2024-12-30 14:55:07,NVDA,Nvidia completes $700M Run:ai acquisition,"Nvidia (NVDA) has completed its $700 million acquisition of Israeli artificial intelligence firm Run:ai. The strategic purchase aims to provide Nvidia's customers with software solutions to optimize their chip performance and efficiency. Market Domination host Julie Hyman is joined by Yahoo Finance's Josh Schafer and Interactive Brokers chief strategist Steve Sosnick to analyze the acquisition and discuss Nvidia's strategy for integrating software and hardware capabilities. To watch more expert insights and analysis on the latest market action, check out more Market Domination here. This post was written by Angel Smith",Yahoo,https://finnhub.io/api/news?id=4b6e80589033534e010c1427fab313fa7536e3685deb10b63676e11e6ee83af4
2024-12-30 14:53:07,NVDA,Sector Update: Tech Stocks Slide Late Afternoon,"Tech stocks were retreating late Monday afternoon, with the Technology Select Sector SPDR Fund (XLK)",Yahoo,https://finnhub.io/api/news?id=5abdb525c2076280b811f4b4636b6297d1664289deab7b1bc4e20df6e1ae968f
2024-12-30 14:51:51,NVDA,These 5 Stocks Are My Top Picks For 2025,"I am listing my top picks for a successful investing year 2025. Check out the growth catalyst of each company, the main risk, and potential undervaluation.",SeekingAlpha,https://finnhub.io/api/news?id=cfeaf59c4dc48d104439090e352f70f3e22e8a7f48b098a247514bdc42733518
2024-12-30 14:44:51,NVDA,"NVIDIA Partner Super Micro Ends $50 Million Loan, Shares Fall","Financial challenges persist, including delayed reporting and auditor turnover, with Nasdaq granting an extension until February 2025.",Yahoo,https://finnhub.io/api/news?id=a6221ca2cedd08390c19e797c5adb780d736beb0486fd9e0c8cb1ef35082ace1
2024-12-30 14:38:59,NVDA,Nvidia may be entering a 'limitless' era: Investor,"Nvidia is entering its next phase of growth, and it could be as impressive as its most recent phase, one investor argued.",Yahoo,https://finnhub.io/api/news?id=023df19cebc86ab82dfd4144c5bf0b2b1405fdd03d86c799165ca98c3acf6d10
2024-12-30 14:24:08,NVDA,"More sectors, stocks need to 'carry the ball' in 2025: Strategist","The Magnificent Seven tech stocks are pulling back as US market indexes (^DJI, ^IXIC, ^GSPC) decline, contrary to Wall Street's hopes for a Santa Claus rally. What is the next phase of the AI trade and Mag Seven momentum looking like going into 2025? MDB Capital president and chief market strategist Lou Basenese sits down in-studio with Seana Smith and Madison Mills for a conversation about where he expects market momentum to broaden out in the coming new year. ""The heavy concentration is the fact that if we look at the other 493 stocks in the S&P 500 (^GSPC), expectations are for their growth in earnings to accelerate significantly. So from about 4% this year to 13%,"" Basenese explains. ""So we need other names to pick up and carry the ball in 2025. And I think we're going to see that happen. The tech sector is obviously going to have the strongest growth, but we need to see everyone else participating."" Basenese goes on to comment about where bitcoin (BTC-USD), the volatility index (^VIX), and even the Federal Reserve fit into market expectations. Bernstein Private Wealth Management Senior Investment Strategist Roosevelt Bowman told Yahoo Finance earlier today that the next AI investment plays could include power and energy suppliers and semiconductor cooling technology. To watch more expert insights and analysis on the latest market action, check out more Morning Brief here. This post was written by Luke Carberry Mogan.",Yahoo,https://finnhub.io/api/news?id=99dfeda31f4b02a46c84ca7a7e34216286ade460d77dfa25b658f9ea78014209
2024-12-30 13:54:32,NVDA,Veteran fund manager reveals shocking Nvidia stock price target for 2025,The hedge-fund manager takes a frank look at Nvidia’s prospects for the new year.,Yahoo,https://finnhub.io/api/news?id=b3812cc254f956c654db396a4f017783311c6381653a5529fb7321d26793ae96
2024-12-30 13:38:43,NVDA,Is NVIDIA Corp. (NVDA) the Best Stock for 10 Years?,"We recently compiled a list of the Long-Term Stock Portfolio: Best Stocks for 10 Years. In this article, we are going to take a look at where NVIDIA Corp. (NASDAQ:NVDA) stands against the other long-term stocks. To select stocks with long-term growth potential, investors should focus on fundamental analysis, evaluating financial health through earnings history, revenue […]",Yahoo,https://finnhub.io/api/news?id=2950df612a8b8f4cca75d3698de21aa14242218d2a460f3cf406d5ca8ac91245
2024-12-30 12:56:20,NVDA,"Dow Jones Member Nvidia, Fortinet, Ralph Lauren Eye Buy Points","Dow Jones tech titan Nvidia, along with Fortinet and Ralph Lauren, are approaching new buy points on the stock market today.",Yahoo,https://finnhub.io/api/news?id=fade7d3cf2f72db00e7fe0f904ebc1e8b706856d89f521cb94580a3e48ede856
2024-12-30 12:38:29,NVDA,"Nvidia (NVDA) Is The Value Play, Not Broadcom (AVGO)","Broadcom’s one-month rally of over 40% has prompted investors to raise concerns over its valuation. By one metric, the company is valued even higher than Nvidia. Concerning the fact that its recent success has come in a very niche market segment, we believe the high valuation is not sustainable and the stock is trading too […]",Yahoo,https://finnhub.io/api/news?id=12e6de48ba716e9f4db7df08bffb812eb0768819b9327120c2337c8059a2c6be
2024-12-30 12:30:00,NVDA,Top 10 S&P 500 stocks account for 59% of gains since 2022,"Ten stocks leading the S&P 500 (^GSPC) accounted for 59% of the index's gains since 2022. Tech names like Nvidia (NVDA), Super Micro Computer (SMCI), and Broadcom (AVGO) lead the index higher. Madison Mills breaks down the performance of the top 10 names and compares it to that of the next 10 stocks and the rest of the S&P 500 components, examining what it signals about market breadth. To watch more expert insights and analysis on the latest market action, check out more Morning Brief here. This post was written by Naomi Buchanan.",Yahoo,https://finnhub.io/api/news?id=2dc91607ba54d8eafb859969d1390ad3520382479c1aafe65cc08aad51918ead
2024-12-30 12:21:02,NVDA,"As Nvidia Tests One Line, This Fellow Mag 7 Draws Another","After top funds poured money into Meta Platforms this month, Meta stock looks to reclaim an earlier buy point.",Yahoo,https://finnhub.io/api/news?id=a900ea950793e16679599b70d82e0b088bdf7c7b4a6ce8a275f41f46bffe12f8
2024-12-30 12:12:31,NVDA,Nvidia Named Top Stock of 2024 Amid Robotics Expansion and Rising AI Competition,Nvidia is intensifying its focus on robotics with plans to launch the Jetson Thor platform by mid-2025.,Yahoo,https://finnhub.io/api/news?id=57c6b984d30555b47f6ba9e047b018a4c1bd83f1dd277beb468845f2fdb01cb0
2024-12-30 11:45:00,NVDA,AI trade will move to power and cooling in 2025: Strategist,"Bernstein Private Wealth Management Senior Investment Strategist Roosevelt Bowman joins Wealth to discuss the AI landscape heading into 2025. Bowman expects the AI sector to ""evolve"" beyond its current focus on semiconductors and cloud computing. In 2025, he anticipates expansion into power infrastructure and cooling technologies, ""and other parts of making sure you're able to run your models and get results from them."" The power requirements for AI models are ""tremendous,"" Bowman explains, pointing out data centers that require ""real energy sources."" He sees this as creating new market opportunities. However, he cautions about ""too much optimism"" in markets, predicting slower US growth in the coming year. Given these conditions, Bowman recommends investors adopt a ""defensive stance,"" suggesting healthcare and consumer staples sectors as additional potential safe-havens. To watch more expert insights and analysis on the latest market action, check out more Wealth here. This post was written by Angel Smith",Yahoo,https://finnhub.io/api/news?id=90da9cd7671ea12df07fd395b74507de30ee18a7490cea8672d0e27bf0c0f58e
2024-12-30 11:29:24,NVDA,SoundHound: Exploring Its Competitive Edge in Voice AI,"With its Speech-to-Meaning technology and strategic partnerships, SoundHound is making its mark in the voice AI industry.",Yahoo,https://finnhub.io/api/news?id=4e01a1308b542d6d7b74e41194ce4b711b95d9d2818ceb205e2a18be9b523872
2024-12-30 11:13:05,NVDA,Nvidia and AMD Rush to Stockpile GPUs Ahead of Trump Tariff Hike,Tech Giants Accelerate Production and Shipment to Avoid 40% Price Surge Due to New Import Tariffs,Yahoo,https://finnhub.io/api/news?id=0ddda24c10dade46f78434e28616e02dce81c89058ad88d58795e5c7a9cf5217
2024-12-30 10:45:48,NVDA,What Ibiden’s AI Struggles Reveal About Nvidia (NVDA) And Co’s Future,"Ibiden, a Japanese firm that supplies AI-use substrates to US companies, has announced something strange: Companies are asking it to increase its production and lay its future capacity expansion plans so they can manage their future supply chains effectively. Since Ibiden is a supplier for most of the major semiconductor companies in the US, this […]",Yahoo,https://finnhub.io/api/news?id=a78b7ffeef811137a5c2e2bd6138d38332b41df6597792f5f86738a1aed42734
2024-12-30 10:41:51,NVDA,Top Midday Stories: South Korea to Inspect Boeing Planes After Deadly Crash; UK Regulator Probes IBM's HashiCorp Acquisition; Nvidia Acquires Run:ai,All three major US stock indexes were down over 1% in late-morning trading on Monday as markets appe,Yahoo,https://finnhub.io/api/news?id=874e894958064ed419634c2bc301aa83ed7018ffbdfc4a10d8be9d4757f60c4a
2024-12-30 10:37:00,NVDA,4 Technology Companies That More Than Doubled Share Prices in 2024,"Tech stocks like UI, NVDA, AVGO and CLS benefit from AI advancements, cloud adoption, growing IT spending, ease of inflationary pressure and a robust business model.",Yahoo,https://finnhub.io/api/news?id=55d888bc37bdfa5c9ce42a7ff9e2698fa01c3558f9ccb10beb2387f717f9c1ff
2024-12-30 10:24:12,NVDA,The Unsung Hero Behind Nvidia's AI Revolution: Ibiden's Race to Meet Explosive Demand,How a 112-Year-Old Japanese Company Became Indispensable to the AI Semiconductor Boom,Yahoo,https://finnhub.io/api/news?id=96bc837fd4136052116ff03842b3d745f5218176b1bc293f3b41bdc3fbc7c263
2024-12-30 09:45:22,NVDA,"Nvidia Hits Resistance Amid Chip Whispers, Buy Point Emerges; But Is Nvidia A Sell Now?",Nvidia hit resistance at the 50-day moving average and fell over 1% on Monday.  Nvidia stock has not triggered a new sell signal since it fell more than 7% from its buy point.  Does that mean Nvidia is a sell now?,Yahoo,https://finnhub.io/api/news?id=7a87c6850d75ef2dc87330193f2ddc63a625d56e919735d79ffc6db593116364
2024-12-30 09:44:54,NVDA,Tesla investor: Elon Musk is working more for Trump and less for Tesla,"Tesla shareholders may want to begin paying attention to who is really running the EV giant, one prominent investor says.",Yahoo,https://finnhub.io/api/news?id=ba460d4dd84dbe18e1de41274302ab4e8cbe2ea07a19b010e3bf32ddff06621c
2024-12-30 09:18:16,NVDA,Nvidia Completes $700 Million Acquisition of AI Startup Run:ai,Nvidia completed a $700 million acquisition of Israeli AI startup Run:ai.,Yahoo,https://finnhub.io/api/news?id=17a97b6472017c58c32cb9e14b41ec90030ef7ba5964cb6b45208119c132e292
2024-12-30 08:56:58,NVDA,Nvidia's $700M Power Play: The AI Deal That Could Rewrite the Rulebook,How Nvidia's latest acquisition cements its dominance--and shakes up the future of AI computing.,Yahoo,https://finnhub.io/api/news?id=2415d14b72ed3714eed03545785c322d26b0dfa8b0d0c857cc8ea92c8821567a
2024-12-30 08:47:18,NVDA,Nvidia Seals $700M Run:ai Acquisition After Antitrust Approval,Nvidia's AI Expansion: Run:ai Deal Clears Regulatory Hurdles,Yahoo,https://finnhub.io/api/news?id=1135837d422553c4671166bf1461ec2a3e9a3b32eaeceb12d0f144f4f4c6d5fb
2024-12-30 08:46:05,NVDA,"With Run:ai Buyout, Nvidia Paves the Way for the Next Chapter in AI Supremacy","Nvidia completes Run:ai acquisition, enhancing GPU efficiency and solidifying its leadership in AI infrastructure",Yahoo,https://finnhub.io/api/news?id=64337ec27ae9732e996df3cf73cee9f2a15ba81cc540b6d9f94c3786d81c4e79
2024-12-30 06:45:00,NVDA,Wall Street Lunch: Game Like A Rockstar,The video game sector could be dominated next year by the release of Grand Theft Auto 6 by Take-Two Interactive (TTWO) and Rockstar Games.,SeekingAlpha,https://finnhub.io/api/news?id=ef5a1a9776ffc752fa9722a643f0961be49bd13a527c5e364130dfdd7cfdbf70
2024-12-30 06:19:12,NVDA,I Spy Another Outperform Quarter Before Panic Kicks In -- Upgrading Nvidia To Buy,"Upgrade Nvidia Corporation to a buy due to Blackwell ramp outperformance. Risks understood, beat and raise guidance expected in 4QFY25. Click for our NVDA update.",SeekingAlpha,https://finnhub.io/api/news?id=26cbb0df34e63d7960fde0f4652ceeaecc198943fd349c314b5767e92fc7b70f
2024-12-30 05:55:58,NVDA,Is U.S. Stock Market Exceptionalism A Sure Thing In 2025?,U.S. exceptionalism in stock market performance is driven by multiple factors. Read why elevated valuations and fiscal vulnerabilities pose significant risks to U.S. equities.,SeekingAlpha,https://finnhub.io/api/news?id=5a312254e37cfaa0b9ef6507509c74a01f0ffd9f215fe769edcb4c2f79d122a1
2024-12-30 04:21:46,NVDA,"Nvidia At A Make-Or-Break Level: Buy, Sell, Or Hold? (Rating Upgrade)","Financial writer analyzes Nvidia Corporation stock amid rising yields, sees bearish pattern but upgrades to Hold on improved risk/reward. Click for a NVDA update.",SeekingAlpha,https://finnhub.io/api/news?id=0a17fa7b929de28feb01d160f99b5971076f46d71773d390242b2e54757286ee
2024-12-30 03:15:00,NVDA,"Nvidia's Stock Trading Pattern Nearly Identical To 2018, Before 60% Price Drop","Nvidia faces significant operating risks from cyclical semiconductor demand, potential Trump tariffs, and future competition. Find out my analysis of NVDA stock.",SeekingAlpha,https://finnhub.io/api/news?id=b5c485dfeb5904149cd29a222b594b6d0865663afea1c0fb2afa1b268fee1536
2024-12-30 03:01:42,NVDA,Nvidia closes $700 million Run: ai acquisition after regulatory hurdles,"Chipmaker Nvidia has completed its acquisition of Israeli AI firm Run:ai, the startup said on Monday, following antitrust scrutiny over the buyout. The European Commission granted...",Finnhub,https://finnhub.io/api/news?id=405b90b95a9cd0b3397ea1cb9e6e44266e4657e95ff69a4ab22bbef5d146e95a
2024-12-29 23:44:35,NVDA,Jim Cramer on NVIDIA Corporation (NVDA): ‘Nvidia’s Jensen Huang Has Been Telling You Can Get 4x Your Money If You Buy His Chips’,"We recently published an article titled Jim Cramer’s Bold Predictions About These 15 AI Stocks. In this article, we are going to take a look at where NVIDIA Corporation (NASDAQ:NVDA) stands against the other AI stocks Jim Cramer talked about. As trading in 2024 heads towards a close, major stock market indexes have had a good […]",Yahoo,https://finnhub.io/api/news?id=1fb10dd901d3aed61a8dba0183921102532f715c909b0971c51de251a01dbe9a
2024-12-29 22:58:46,NVDA,BST: 8% Tech Yield,BlackRock Science and Technology Trust offers an attractive 8% dividend yield by selling investments periodically and by using option strategies. Read more here.,SeekingAlpha,https://finnhub.io/api/news?id=b72e2922e4fcb601f97a88122c9c6e074ce7ec7c7cd4411905f296eaf91502fc
2024-12-29 21:12:20,NVDA,Nvidia Supplier Ibiden Weighs Faster Expansion for AI Demand,"(Bloomberg) -- Ibiden Co., the dominant supplier of chip package substrates used in Nvidia Corp.’s cutting-edge semiconductors, may need to dial up the pace of production capacity increases to keep up with demand, according to its chief executive officer.Most Read from BloombergMigrant Crisis Pushed US Homelessness to Record High in 2024Sales of the 112-year-old company’s AI-use substrates are robust with customers buying up all that Ibiden has, CEO Koji Kawashima said, adding that that demand i",Yahoo,https://finnhub.io/api/news?id=c25910489e583493e484b43a45cc4210ae757cc81637e8b37a514e893b286dee
2024-12-29 11:05:00,NVDA,Better AI Stock: Nvidia vs. Palantir?,"Nvidia (NASDAQ: NVDA) and Palantir (NASDAQ: PLTR) have been two of the best-performing stocks on the market this year, and artificial intelligence is the major reason.  Nvidia needs little introduction at this point.  The chip stock has come to dominate the market for data center GPUs (graphics processing units) in the AI boom, which has driven its stock price up roughly 10 times since the start of 2024.",Yahoo,https://finnhub.io/api/news?id=121d0f1ffb3e817959c44815099cb8bf2c4a23932bcb5480f5aebbd7ea89f937
2024-12-29 10:27:00,NVDA,Is AMD Stock a Buy Now?,Is Advanced Micro Devices stock a buy after its recent drop? Here's what you need to know.,Yahoo,https://finnhub.io/api/news?id=af03423372ccbef066589e235f4a8a1c1cdeaf9529453515371af8b753329eae
2024-12-29 10:25:01,NVDA,The Zen Ten - My Top Picks For 2025,"Learn how to consistently beat the market with the Zen Ten list, a selection of top stocks using a rigorous screening process by a financial expert.",SeekingAlpha,https://finnhub.io/api/news?id=aca3ac55ae8a8e6ff693b94e38057849e36ce0c7f82e828bca156c7a646a7b5a
2024-12-29 08:37:00,NVDA,Meet This New AI Stock That Could Become a Wall Street Darling in 2025. It Has the Full Support of Nvidia and Trades at a Massive Bargain.,"After such a phenomenal run, many popular AI names are expensive, with investors betting that these companies continue to grow at high rates and that their markets only get bigger.  AI infrastructure company Nebius Group (NASDAQ: NBIS) got back in the mix a few months ago when the company rejoined the Nasdaq exchange after a three-year hiatus.  The Russian company Yandex previously owned Nebius.",Yahoo,https://finnhub.io/api/news?id=1ff200e05ba34457456d907661c563a4550a16f879d00bf8d0d2cacaf4f9f320
2024-12-29 08:03:00,NVDA,Two 'big tech' giants take action to avoid Donald Trump’s tariffs,Silicon Valley is working hard to avoid becoming a casualty of what might be a looming trade war.,Yahoo,https://finnhub.io/api/news?id=71d2da7fd2d1b151038ae2be266d721d78453ed333be0443bf9149565dbb262a
2024-12-29 07:43:00,NVDA,The Smartest Index ETF to Buy With $200 Right Now,"Exchange-traded funds (ETFs) are one of the best ways to get started in the stock market.  Many different companies create and operate these ETFs, and the fees investors pay vary depending on the fund's strategy, its composition, and its costs.  Let's examine a few different types of ETFs, and see which one stands out as the smartest choice right now.",Yahoo,https://finnhub.io/api/news?id=0adf737e0c1de15cdf49cf3aa963145b6dc0721919570b7407cff9e51693fc52
2024-12-29 07:30:00,NVDA,Taiwan Semiconductor Manufacturing vs. ASML: Which Stock Will Outperform in 2025?,"Taiwan Semiconductor, or TSMC for short, is the world's leading semiconductor contract manufacturer.  Given the cost to build manufacturing facilities (called fabs or foundries), the high capacity utilization needed for foundries to run profitably, and the technological expertise needed, most semiconductor companies prefer to just design chips and hire a third party to manufacture them.  This is where TSMC fits in.",Yahoo,https://finnhub.io/api/news?id=3f92d8ff80d0837241895d869f73ff42dbaf2eda537e8a914ed4200e61d8c649
2024-12-29 07:03:00,NVDA,Veteran fund manager reveals startling AI stocks forecast for 2025,A world-renowned hedge fund manager makes some surprising predictions about artificial intelligence in 2025.,Yahoo,https://finnhub.io/api/news?id=4b8bfd0510ef4409a3f20dc754f282ecff5b8c261ec4e951d1e1088fcfe32904
2024-12-29 06:21:00,NVDA,Prediction: 2 Artificial Intelligence (AI) Stocks That Will Be Worth More Than Palantir by the End of 2025,"Palantir was a big winner in 2024, but 2025 might see these two dramatically outperform.",Yahoo,https://finnhub.io/api/news?id=18be00f8024e92a8cef66ba39ad1d659fd1e351edfb9282a8ee45433f0fa1e96
2024-12-29 06:17:34,NVDA,"IETC: Strong Performance, Growth Potential Amidst AI Evolution","IETC has outperformed major tech funds, but high valuation and downside risk indicate caution for investors seeking entry into this growth-focused fund.",SeekingAlpha,https://finnhub.io/api/news?id=edb19444334f6d4d69bdb1293f245edba52950e226325f219742846b0be3d35d
2024-12-29 06:15:00,NVDA,34% of the S&P 500's Value Comes From Just 8 Stocks,"The S&P 500 index is a benchmark used to gauge the broader U.S. market.  Its 500 large-cap and megacap components come from every sector of the economy, and reflect investing categories from value to growth.  As those companies account for about 80% of the value of the U.S. stock market, the S&P 500 makes a fairly good proxy for it.",Yahoo,https://finnhub.io/api/news?id=cc39ae52cf594a93dbc6aff9c6d228ceeb84168806c1849c2cef4a3f29cdb666
2024-12-29 05:12:00,NVDA,Which AI Chip Stock Is the Better Buy for 2025: Nvidia or Broadcom?,"Nvidia is rolling out Blackwell, its next-generation AI chip architecture. Meanwhile, Broadcom is chasing what could be a $90 billion opportunity by 2027.",Yahoo,https://finnhub.io/api/news?id=1b5a49fd37b4efedfa5cd51d88af642718f82f82ac5afab0ff8aebc341c0095d
2024-12-29 04:55:00,NVDA,2 AI Stocks That Could Help Make You a Fortune,"Artificial intelligence (AI) has propelled stocks to monster gains over the last two years, starting with the launch of OpenAI's ChatGPT.  Taiwan Semiconductor Manufacturing (NYSE: TSM) hasn't gotten as much attention as chip stocks like Nvidia, but TSMC, as the company is also known, could be the most important company in the AI revolution.  TSMC is the company that Nvidia and other fabless chipmakers like Advanced Micro Devices, Broadcom, and Qualcomm as well as big tech companies like Apple, Amazon, and Alphabet turn to for their chip production needs.",Yahoo,https://finnhub.io/api/news?id=7cb4970a79ab2bbd80a34a0375d1ccbda52ad12bf1e60f24ac18aff9a8f25c77
2024-12-29 04:39:00,NVDA,Billionaire Philippe Laffont Is Selling Artificial Intelligence Champion Nvidia and Piling Into These Two Industry Leaders,"The Securities and Exchange Commission makes it a breeze to follow the world's greatest investors.  One billionaire investor whom investors of all sizes follow closely is Philippe Laffont of Coatue Management.  Known for investing in a combination of tech and healthcare stocks, Laffont grew his fund to $26.9 billion at the end of September.",Yahoo,https://finnhub.io/api/news?id=6c0419beb66f6325fd32241a67a470e88e4cc8fefdb287f2e1980802e8ec07a0
2024-12-29 04:24:00,NVDA,Where Will Advanced Micro Devices Be in 1 Year?,"Artificial intelligence (AI) has been the driving force behind the growth of many tech companies lately.  With AI infrastructure spending ramping up, Advanced Micro Devices (NASDAQ: AMD) has benefited from tech giants investing in advanced processors.",Yahoo,https://finnhub.io/api/news?id=8cdfb70b54a666c78c9065cc24712c5bbe20d6324291f722ce1546afa0fd75be
2024-12-29 04:02:00,NVDA,Should You Buy Nvidia Stock Before 2025?,There are plenty of catalysts on the horizon that could propel the chipmaker to new heights.,Yahoo,https://finnhub.io/api/news?id=9735024a4a25b60b60570824e53018da811d315c1241e7155807d6969f4d7f51
2024-12-29 03:44:00,NVDA,1 Unstoppable Semiconductor ETF to Buy for the 2025 Artificial Intelligence (AI) Spending Boom,"Artificial intelligence (AI) could be the most transformational technology in a generation.  The technology will only improve over time, but development isn't cheap because it requires enormous data centers filled with specialized chips from suppliers like Nvidia.  Morgan Stanley predicts that Microsoft, Amazon, Alphabet, and Meta Platforms alone will spend a combined $300 billion on AI data center infrastructure and chips during 2025.",Yahoo,https://finnhub.io/api/news?id=0a2e9ae6814d6a949af04c4d209fb9d67e1d996b577b4785f56e11d6a7afab9e
2024-12-29 03:35:00,NVDA,3 Tech Stocks With More Potential Than Any Cryptocurrency,"While some cryptocurrencies offer a potential for big gains, tech stocks can have just as much, if not more, potential and are often more stable investments.  Here's why you might want to bypass crypto and opt for these three tech stocks: Nvidia (NASDAQ: NVDA), AppLovin (NASDAQ: APP), and Taiwan Semiconductor (NYSE: TSM) instead.  Nvidia is one of the most popular tech stocks right now, thanks to the company's dominance in artificial intelligence (AI) processors.",Yahoo,https://finnhub.io/api/news?id=3c1e0b0e6e5da315138c50c0ce528b3e7da7ae77078b9ba28ce2ad67f33d1b50
2024-12-28 16:57:00,NVDA,3 Top Semiconductor Stocks to Buy for 2025,"With the global market for artificial intelligence presumed to be worth trillions in the coming years, these top semiconductor stocks should be lucrative investments going into 2025.",Yahoo,https://finnhub.io/api/news?id=1acf5b10fa71ea1ad4d6ada5cf667449e09d44aef2aab94bda13fae38396b04f
2024-12-28 11:05:00,NVDA,Better Artificial Intelligence Stock: Taiwan Semiconductor Manufacturing vs. Nvidia,"If you've been following the artificial intelligence market closely, then you likely already know a bit about the chip manufacturing company Taiwan Semiconductor Manufacturing (NYSE: TSM) and chip designer Nvidia (NASDAQ: NVDA).  There are many ways to invest in AI's growth, and one of the most unique is semiconductor manufacturing.  Taiwan Semiconductor's sales increased 36% in the third quarter (ending Sept. 30) to $23.5 billion, and its earnings spiked 54% to $1.94 per American depository receipt.",Yahoo,https://finnhub.io/api/news?id=380d0e54d0f6d54227ef59e870b2e901e01a827290bdc840b37d115b05449d58
2024-12-28 10:16:33,NVDA,NVIDIA Holdings Shaken Up: $742M Worth of Moves Explained,66M NVIDIA Stock Trim: What Are Institutions Signaling?,Yahoo,https://finnhub.io/api/news?id=9d523b1c2d90bb96dc5a7ca454889b6b6f150aeb85c8d438384de1e6ec2e3a37
2024-12-28 10:00:00,NVDA,How to watch CES 2025’s press conferences,"CES kicks off January 7. The annual Las Vegas event sets the tone of the year’s consumer electronics and automotive industries. As always, TechCrunch will be there, sniffing stories from the most exciting startups and tech giants. If you really want a piece of the action without paying for the hotel and flight, many of the events' biggest keynotes will be streamed. While the show officially runs January 7 to 10, most of the big news drops in the lead up to the show, by way of in-person press eve",Yahoo,https://finnhub.io/api/news?id=755652f60309ecebf00cb67ee463d14ef73f01af8bff0eab10cbff8bfbf84fba
2024-12-28 09:41:00,NVDA,Should You Forget Nvidia and Buy This Tech Stock Instead?,"Nvidia's business is booming, but the stock is still quite expensive. Should you consider a lower-priced tech giant instead?",Yahoo,https://finnhub.io/api/news?id=8007624619e8d6e635693bbf892f615dd1fc0ea986ca1db3395789a7eb92e5a7
2024-12-28 08:26:23,NVDA,Analyst Says NVIDIA (NVDA) Likely To ‘Falter a Little Bit’ in 2025 Amid Focus in Customer AI Chips,"We recently published a list of Analysts Are Talking About These 10 AI Stocks. In this article, we are going to take a look at where NVIDIA Corporation (NASDAQ:NVDA) stands against other stocks analysts are talking about. Marco Argenti, Chief Information Officer at Goldman Sachs, recently said that in 2025, the world will witness the […]",Yahoo,https://finnhub.io/api/news?id=053b5122bf374e903e397852c4c92eafc6e0ff8deae32a497693497cc64d63a4
2024-12-28 07:15:00,NVDA,2 Stocks Down 40% and 72% to Buy Right Now,"It's been an absolutely wonderful performance stretch for the broader market, and hot tech companies including Nvidia, Palantir, and Apple have rocketed to new valuation highs.  Keith Noonan: Advanced Micro Devices (NASDAQ: AMD) is a designer of central processing units (CPUs) and GPUs for personal computers and data centers.  The company's stock is up roughly 182% over the last five years thanks to some solid business execution and excitement that the company could be poised to see some of the same explosive, AI-driven growth that has propelled Nvidia to stellar returns.",Yahoo,https://finnhub.io/api/news?id=793f5daf0179d65d1f257bf6e637c3b492666f859e0ef5bcf409a6aea611d847
2024-12-28 06:45:00,NVDA,3 Top AI Stocks to Watch in 2025,These stocks are high-quality picks even after the technology boom of 2024.,Yahoo,https://finnhub.io/api/news?id=0f5c53167e2ae6e0aa42cc59499511e12f5402b9d14015b65641b25b6d7aa7f1
2024-12-28 05:35:52,NVDA,Jim Cramer on NVIDIA Corporation (NVDA): Can It Handle the Pressure?,"We recently compiled a list of the Jim Cramer’s Bearish Calls: 10 Tech Stocks Heading for a Crash. In this article, we are going to take a look at where NVIDIA Corporation (NASDAQ:NVDA) stands against the other tech stocks. For Jim Cramer, tech stocks and the Federal Reserve’s interest rate cuts are a major talking point. […]",Yahoo,https://finnhub.io/api/news?id=1d51beff9f074d760c6a5d66fd43fd92959e6fbd1f39b2e50e03c2fe2bcc820e
2024-12-28 05:15:00,NVDA,Here's Why Nvidia Stock Could Double in 2025,"The past two years have been absolutely incredible for investors in Nvidia (NASDAQ: NVDA) as shares of the semiconductor giant more than doubled in both 2023 and 2024, rising 860% since the beginning of last year thanks to the effects that artificial intelligence (AI) has had on the company's revenue and earnings.  In December 2023, I discussed the reasons shares of Nvidia could double in 2024.  In this article, I will look at Nvidia's catalysts for 2025 and check why this high-flying chipmaker could double in value once again in the new year.",Yahoo,https://finnhub.io/api/news?id=b2abf2da9fed906f187bfed6127c47a3136524bcac1cfc4abd93c5b947c773b9
2024-12-28 05:00:00,NVDA,Broadcom's 2027 Guidance Valuing It Higher Than Nvidia,Broadcom's custom silicon market opportunity in AI XPUs appears promising. But read why investors may want to exercise some caution when looking at Broadcom stock.,SeekingAlpha,https://finnhub.io/api/news?id=221f3b819dbc187157d5ebab156bcad32e37176da5b0ba1d733a94da51da5d9b
2024-12-28 04:57:00,NVDA,Investing pros think these stock-market losers are set to rebound in 2025,"Also: Technical analysis for trading in shares of Nvidia, how MicroStrategy burns cash, and tips for people with student loans in 2025",Yahoo,https://finnhub.io/api/news?id=7f3ca12b0ce13e9da717ec7e6632beed3eec9aacb333c43713d98e3944294204
2024-12-28 04:30:00,NVDA,He Lost 35% Ignoring 2024’s Biggest Trades: ‘I Am Not Good at What I Am Doing’,Hedge-fund manager Richard Toh’s raw mea culpa details how he ignored Nvidia and bitcoin and misread tariffs.,Yahoo,https://finnhub.io/api/news?id=e42ab06ee44b4c77261900c89ee62ce58b9cf0c63e0d75a3976b473f58c518c6
2024-12-28 04:30:00,NVDA,A Thrill-Seeking Trade Amps Up Heading Into 2025,"About 48 million options contracts have changed hands daily on average this year, on pace for a record in data going back to 1973, according to the Options Clearing Corp., or OCC.  Now, they have become wildly popular among rookie traders seeking to amplify their bets, especially on extremely volatile stocks.  The contracts allow traders to make directional bets on stocks by offering the right to buy or sell shares at a specified price, by a set date.",Yahoo,https://finnhub.io/api/news?id=c88b8f4943e6e6c479668fca0eff7a6b57a423aca46d7ae3a884137292639920
2024-12-28 04:30:00,NVDA,3 No-Brainer Technology Stocks to Buy Right Now,"Technology stocks have helped power the current bull market, which is now a little over two years old.  With the average bull market lasting approximately five and a half years, this group should have some solid room to keep running.  Let's examine three tech stocks that look like no-brainer buys in this bull market.",Yahoo,https://finnhub.io/api/news?id=960febac9a7371626659c8168f6426a86b4e76389bf7e30520af549bf9c64069
2024-12-28 04:15:00,NVDA,Is Supermicro Stock a Buy in 2025?,"With shares down an eye-watering 71% from an all-time high of $119 reached in March, Super Micro Computer (NASDAQ: SMCI) trades at a substantial discount from its peak.  Shares are reeling after allegations related to the company's accounting practices and other challenges.  Let's dig deeper to see how the company might perform in 2025 and beyond.",Yahoo,https://finnhub.io/api/news?id=c1fae982f617bf0d1ba32c60100f1d725496f24a32fe8d8c803684cb66aadf2a
2024-12-28 03:10:00,NVDA,Nvidia Just Reached a $30 Billion Milestone. Is the Stock a Buy for 2025?,"This year has been one of milestones for top tech company Nvidia (NASDAQ: NVDA).  Nvidia also won a spot among the elite, with an invitation to join the Dow Jones Industrial Average, and the stock became the best performer on the benchmark for the year.  Let's take a closer look and consider whether Nvidia stock is a buy for 2025.",Yahoo,https://finnhub.io/api/news?id=e3d344f32436fdd522a330b635f6e511c42d6d6b3e729ba3c60c71bf3ee2fad2
2024-12-28 02:30:00,NVDA,Apple: Why I'm Not Selling No Matter What You Say,Appleâs strategic focus on seamless hardware-software integration is a key hallmark of its strategy. Read how AI fits into this effort.,SeekingAlpha,https://finnhub.io/api/news?id=3f26fc5bedec14428b7bf44091adda4439a8f50d9da93c34883a1fdd208fb985
2024-12-28 02:02:00,NVDA,Prediction: This Will Be the Most Prominent Stock Split of 2025,All the available evidence points to this supercharged growth stock announcing its first-ever stock split over the coming year.,Yahoo,https://finnhub.io/api/news?id=422f155624fa951d056d4099d7cf80ca426ea39a48fdab7ee3d4e6c249bb55c5
2024-12-28 02:00:00,NVDA,"How To Invest $100,000 In A SWAN Portfolio For The New Year",Learn about building a SWAN portfolio to Sleep Well At Night in a pricey market. Click for our selection process to decide the best holdings for secure income.,SeekingAlpha,https://finnhub.io/api/news?id=238a57e254b4faee095cd94a0127072873276133e06346f4c6402837a19e9ccd
2024-12-27 20:00:00,NVDA,The Ultrarich Still Love Tech Stocks. They’re Upbeat on 2025.,The Ultrarich Still Love Tech Stocks. They’re Upbeat on 2025.,MarketWatch,https://finnhub.io/api/news?id=b9a8c1e2f8e1ba9e8b55a62fd9be5fbcd240f0dda39fcf9283c07c8775f6c2d7
2024-12-27 18:29:22,NVDA,10 Stocks For 2025,"Discover the top 10 recommended stocks for 2025, projected to outperform the S&P 500. Learn about the bright outlook for U.S.",SeekingAlpha,https://finnhub.io/api/news?id=5723f7b5364ffd4da8f0bbbd5556fc63d144b770cb8061e0334d340348c9bca7
2024-12-27 17:00:00,NVDA,Santa Claus Deserted the Market. It’s Still Been a Good Year for Stocks.,"Investors are still sitting on a more than 25% gain for the year, and it’s arguable that the frenzied postelection bump pulled forward some of December’s typical gains. Nonetheless, the month’s anemic showing is atypical.",Yahoo,https://finnhub.io/api/news?id=cb7164526647323986802302fda1e867b4fd5e221a6171e11637d3d168982fb0
2024-12-27 16:58:52,NVDA,Analyst Thinks Latest NVIDIA (NVDA) Pullback a ‘Gift’ For Long-Term Investors – Here’s Why,"We recently published a list of 10 Buzzing AI Stocks on Latest Analyst Ratings and News. In this article, we are going to take a look at where NVIDIA Corp (NASDAQ:NVDA) stands against other buzzing AI stocks on latest analyst ratings and news. CJ Muse, Cantor Fitzgerald analyst, explained in a latest program on CNBC […]",Yahoo,https://finnhub.io/api/news?id=f0a1361365424a93ba112547229ffa8ffb255e98fa95995014e4a64e53a82e32
2024-12-27 16:04:31,NVDA,AI stock trade goes beyond Mag 7 in 2025,"While the increase in AI enthusiasm in 2025 is expected to drive even more growth for the ""Magnificent Seven,"" which comprises Amazon (AMZN), Alphabet (GOOG, GOOGL), Meta (META), Nvidia (NVDA), Apple (AAPL), Microsoft (MSFT), and Tesla (TSLA), equity strategists also predict the AI buzz will extend to other sectors in the S&P 500 (^GSPC) next year. Yahoo Finance's Josh Schafer joins Market Domination to share his outlook for AI's expansion in 2025. To watch more expert insights and analysis on the latest market action, check out more Market Domination here. This post was written by Josh Lynch",Yahoo,https://finnhub.io/api/news?id=8afe8b2d0f96770dfece4bc5ce8ef87098ca84920e7f0dbf043dccfed0422e88
2024-12-27 15:20:00,NVDA,"These Stocks Moved the Most Today: Tesla, Super Micro, Nvidia, Rigetti Computing, Palantir, and More","Tesla declines and Super Micro Computer shares fall. Nvidia slips along with other semiconductor stocks, while Rigetti Computing gains after Thursday’s record close.",Yahoo,https://finnhub.io/api/news?id=a7dda959748952aa668c8d0c47d40227731a2abbcbc2569dff04bbe991997318
2024-12-27 15:04:22,NVDA,US Equities Markets End Lower Friday as Big Tech Slumps,US benchmark equity indexes ended lower Friday as big tech stocks slumped. * Shares of chip-makin,Yahoo,https://finnhub.io/api/news?id=f1e7dec95a5be31bd1d6f8728429afd01980f7c80000f6262a378d9879643fee
2024-12-27 14:46:01,NVDA,Broadcom (AVGO) No Longer “Poor Man’s Nvidia” But Better Play on Software Prospects,"Broadcom Inc. (NASDAQ:AVGO) is no longer a “poor man’s Nvidia” but a company poised to explode and generate significant value. While Nvidia (NVDA) has outperformed the overall sector, its performance in recent weeks has been wanting. The stock is down by about 12% for the month. On the other hand, the steam is already picking […]",Yahoo,https://finnhub.io/api/news?id=2f7b26534411d14fa455987512f600e98f90149fae9a0bac6212e0241c791db7
2024-12-27 14:05:00,NVDA,NVIDIA is the Top 2025 Magnificent 7 Stock Pick - Find Out Why,"Staggering demand for AI chips, dominance in the GPU market, and strong fundamentals make NVIDIA the top magnificent 7 stock choice for the new year.",Yahoo,https://finnhub.io/api/news?id=749e618ff07bf514d61e3a6eb48cd9d49a8c1b3c9c4b66326d886c6411ca6813
2024-12-27 13:59:00,NVDA,Tech Slide Weighs on U.S. Stocks,"Major indexes, which had barely budged Thursday, remained on track to finish little changed for the week—and are closing in on strong full-year gains.",Yahoo,https://finnhub.io/api/news?id=1affc8a5ec78f8ac03d16edd11575e2aa5d52d9ff7c55fb35e5d5c9516c10b10
2024-12-27 12:45:40,NVDA,Winners of the tech sector in 2024,"It was the year of artificial intelligence (AI) in the tech sector. Yahoo Finance's Akiko Fujita appears on Catalysts to discuss companies that saw big rewards for their technology investments. Nvidia (NVDA) led tech industry stocks in 2024 with a near 174% jump year to date, ignited by strong demand for Blackwell, the company's advanced graphics processing unit. Broadcom (AVGO) closely followed Nvidia, surpassing the $1 trillion market cap for the first time thanks to AI chips. Oracle (ORCL) made a comeback this year, jumping nearly 60%, due to its cloud infrastructure technology and new partnerships with OpenAI and Meta (META). To watch more expert insights and analysis on the latest market action, check out more Catalysts here. This post was written by Josh Lynch",Yahoo,https://finnhub.io/api/news?id=d332250e828862705f895847e9f8cc21e8d923b55b70a382782858dc274f0fe3
2024-12-27 12:30:16,NVDA,"NYT Report Says Jensen Huang, The CEO Of Nvidia And The 10th-Richest Person In The U.S., Trying To Allegedly Avoid $8 Billion In Taxes","Jensen Huang, the CEO and cofounder of Nvidia (NASDAQ:NVDA), is making headlines for more than just his company's dominance in AI chips. Huang is allegedly leveraging legal tax strategies to protect an estimated $8 billion from federal estate and gift taxes, according to a recent investigation by The New York Times. This staggering number has spurred a wider discussion about how the ultrawealthy use legal loopholes to safeguard their money. The NYT's Findings on Huang's Wealth Strategies Huang’s",Yahoo,https://finnhub.io/api/news?id=8e05d2a1f235bdebd705532e0bb05b0d6b3a31f4de52540bfc02728f0adaa07a
2024-12-27 11:45:04,NVDA,"Is Nvidia (NVDA) a Solid Growth Stock? 3 Reasons to Think ""Yes""","Nvidia (NVDA) possesses solid growth attributes, which could help it handily outperform the market.",Yahoo,https://finnhub.io/api/news?id=4dfb1bd4f1a553dafe9d12b76932035949345f40abc865520f1e1567575d35b5
2024-12-27 11:44:00,NVDA,The Dow sinks 500 points as Nvidia and Tesla lead tech decline,"The Dow fell sharply on Friday, dropping more than 500 points as tech giants within the so-called “Magnificent Seven” saw significant declines.",Yahoo,https://finnhub.io/api/news?id=1c415c3439745d0231c8045da99af1c653e7a7f26c13de2d2662fcfe30a9c09c
2024-12-27 11:24:42,NVDA,Analyst on NVIDIA (NVDA): Investors Should Be ‘Very Vigilant’ Amid Rising Competition,"We recently published a list of Top 10 AI Stocks That Should Be On Your Watchlist for 2025. In this article, we are going to take a look at where NVIDIA Corporation (NASDAQ:NVDA) stands against other top AI stocks that should be On your watchlist for 2025. Investors are looking for new growth horizons in […]",Yahoo,https://finnhub.io/api/news?id=b134e13cd9a77b6a1a9d8672890ba74f998560e40111f637b7380076f5f5eb2e
2024-12-27 11:16:13,NVDA,"U.S. Market Tumble: Tesla Drops 4.5%, Nvidia Slides 3%, Microsoft Falls 2.2%","Tech Leaders Under Pressure: Tesla, Nvidia, and Microsoft See Sharp Declines",Yahoo,https://finnhub.io/api/news?id=3a7ea86f084f81ef681041246c8978211568e67b7cfe085c27b7c1d7d85064b1
2024-12-27 11:12:42,NVDA,"Magnificent Seven"" Dominate 2024: Nvidia, Tesla Lead AI-Fueled Market Surge!","""Magnificent Seven"" tech stocks soar in 2024, with AI expansion driving record gains and broader economic growth.",Yahoo,https://finnhub.io/api/news?id=c927743ba0d17fed2197c561d295456adf76aef9c5343744779bc772119a32bb
2024-12-27 11:07:22,NVDA,Nvidia Can't Hold Key Level After China AI Startup Shock; Is Nvidia A Sell Now?,"Nvidia could not hold a key level on Friday.  Does that mean Nvidia is a buy or sell now?  Chinese AI startup DeepSeek trained its AI model using Nvidia's chips with capabilities matching the models made by startups in the U.S., such as Microsoft-backed OpenAI, and Anthropic, in which Amazon.com has a stake.",Yahoo,https://finnhub.io/api/news?id=004ad5da7d7019708748c6b250386b5bf21e9c31fe8103f44111491ebca2884e
2024-12-27 11:04:01,NVDA,2024 Stock Market News: The Year At A Glance,"Boosted by AI trends, Apple and other Mag 7 stocks notched all-time highs as the S&P 500 and Nasdaq enjoyed record years.",Yahoo,https://finnhub.io/api/news?id=a8a552c94d253d0c63f9e26ea35322fb5c4b72577c5970aa2575008f5c4d5dd5
2024-12-27 08:48:04,NVDA,Nvidia: A Reality Check On The Broadcom Risk,Nvidiaâs âking of AIâ stature is allegedly under threat as its top customers turn to Broadcom to build custom chips and systems. Find out why NVDA stock is a Buy.,SeekingAlpha,https://finnhub.io/api/news?id=3e2f0fd8f4818b5b8aec5b03596e35a8d6287baaa563a732851b89007d829e06
2024-12-27 04:00:00,NVDA,"Year Of The Dragon: Comprehensive Review Of My 2024 Stock Picks, And Current Ratings","2024 was Year of the Dragon, and with just a few remaining trading days, it appears that broad U.S. markets will post another year of big gains.",SeekingAlpha,https://finnhub.io/api/news?id=b22dcba893a1176c9ad58053309db3c2d179978722d142f8f6a27243d95baac7
2024-12-27 02:28:03,NVDA,Why Texas Instruments Leads In Capital Allocation,"Texas Instruments, a top 15 semiconductor company, excels in the analog market with a strong history and commitment to capital allocation. Read more here.",SeekingAlpha,https://finnhub.io/api/news?id=e5bba561aff6ac26d4ff33c41ac073ee20b34854f940e07d24573e8bf170615e
2024-12-27 00:33:24,NVDA,"Taiwan's science ministry warns spending cuts could hit chips, AI funding","Taiwan's science ministry warned on Friday that funding for areas such as semiconductors, AI and aerospace could be reduced by T$20 billion for next year after opposition parties passed laws...",Finnhub,https://finnhub.io/api/news?id=354421d81f260b8aa5084c745b6de5aa5536b9ddf133c8547d2341a68cc17f27
2024-12-26 20:00:00,NVDA,Palantir vs. NVIDIA ETFs: Better AI Plays for 2025?,The year 2024 has seen a surge in Palantir and NVIDIA shares -- both are AI plays. Which will outperform in 2025?,Yahoo,https://finnhub.io/api/news?id=1a0cb6fbfdd4b41918469071998bbafb0c9f5d31938b07e254719c4969ae73e7
2024-12-26 19:33:30,NVDA,Dow Jones Futures Fall: Small Caps Lead As SoundHound Surge; Nvidia At Key Level,"Small caps rose with the major indexes steady Thursday. Nvidia is at key levels. SoundHound, Rocket Lab and other heat stocks soared.",Yahoo,https://finnhub.io/api/news?id=acaefd72ba2e7c697bc8096403da049cf448e5b33360cc3d5f928eb1b1d544d3
2024-12-26 18:03:00,NVDA,Elon Musk just got the best Christmas gift he could ask for,Multiple industry leaders are lining up behind this Musk venture.,Yahoo,https://finnhub.io/api/news?id=52aee6b9891f45c2477ba799754776482afa122f36c03eac547b57ecb4ecbe15
2024-12-26 17:31:06,NVDA,3 Semiconductor Stocks with All-Star Potential,"Semiconductors are the driving force behind the digital revolution. Despite this, the industry is subject to the ups and downs of the broader economy because customers often stockpile chips ahead of demand, and investors seem to believe the market is overheated as semiconductor stocks have shed 8% over the past six months. This drop is a noticeable divergence from the S&P 500’s 10.1% return.",Yahoo,https://finnhub.io/api/news?id=1e7f5b36a2733fa1874c0be129ad263e2dc808b2043d783237ced27f80f909c0
2024-12-26 16:45:19,NVDA,Nvidia (NVDA) Falls More Steeply Than Broader Market: What Investors Need to Know,"In the latest trading session, Nvidia (NVDA) closed at $139.93, marking a -0.21% move from the previous day.",Yahoo,https://finnhub.io/api/news?id=1085fc158f9fbb18d942279f0acbd72f378d0f79d81b10c3e80c72c7e0ee98d3
2024-12-26 14:36:10,NVDA,Analyst: Advanced Micro Devices (AMD)’s Pipeline Lacks Nvidia’s By More Than a Year,"We recently published a list of 10 AI Stocks Wall Street is Talking About. In this article, we are going to take a look at where Advanced Micro Devices, Inc. (NASDAQ:AMD) stands against other AI stocks Wall Street is talking about. Defiance ETFs CEO and CIO Sylvia Jablonski said in a recent program on Bloomberg […]",Yahoo,https://finnhub.io/api/news?id=2d69aad9406e9cd6b96d4d7225c4b1821546adfc9eb36449f9ee0188682e7deb
2024-12-26 13:44:00,NVDA,Arm Holdings Stock Scores IBD Rating Upgrade,"Arm Holdings ADR shows rising price performance, earning an upgrade to its IBD Relative Strength Rating",Yahoo,https://finnhub.io/api/news?id=399fa35aee49189010756fea254cec033f3bcfe66cd721335ab58027b8383008
2024-12-26 11:50:00,NVDA,Broadcom (AVGO) is the Biggest Winner on Nvidia Rotation as a Hyper-Growth Company,Broadcom Inc. (NASDAQ:AVGO) is the latest addition to the elite trillion-dollar companies club. The announcement that the company could generate revenues in the upward of $60 to $90 billion from artificial intelligence by 2027 underscores why it remains the center of attention on Wall Street. The stock is up by more than 30% over the […],Yahoo,https://finnhub.io/api/news?id=4cfc8f9a8326cf59802a524fef8a72c071e21dd0067f76f488c2734ccd0ee865
2024-12-26 10:27:00,NVDA,The Biggest News Stories of 2024,"A lot happened in this year, from wars to the election to AI. Here’s a timeline, including some of the year’s best photos.",Yahoo,https://finnhub.io/api/news?id=71aa2175b91d07f85078ffdf87a2f0c75873b160be08ee014811b3e0c20d77a0
2024-12-26 09:42:54,NVDA,AI Agents to Drive 2025 Boom: Microsoft and Nvidia Lead the Next Big Tech Revolution,"AI agents set to dominate 2025, driving growth for tech giants like Microsoft, Nvidia, and Google with transformative tools",Yahoo,https://finnhub.io/api/news?id=c40911a06736bdbd53cc30af18038d6c6d4520e34849a86935418025c97e0ed7
2024-12-26 09:09:08,NVDA,What Does NVIDIA’s (NVDA) AI-Powered Olympus Platform Mean for the EV Industry?,"We recently compiled a list of the 13 AI News Investors Should Not Miss. In this article, we are going to take a look at where NVIDIA Corporation (NASDAQ:NVDA) stands against the other AI news investors should not miss. As we look toward 2025, the AI investment landscape is evolving from a focus on general-purpose […]",Yahoo,https://finnhub.io/api/news?id=de0f8e579fa06c157ba99e7eec32a98d0828d5183358ae5f4910de8703c4330a
2024-12-26 09:00:00,NVDA,5 Most-Bought Stocks & ETFs of 2024: AI Rules,"The most-bought securities of 2024 are NVIDIA, SPY, Tesla, QQQ, and AMD. It demonstrates one thing: in 2024, AI was king.",Yahoo,https://finnhub.io/api/news?id=44ef9f23814142928fa6313db4771217f23698d055cec2a8d5c6505cac5a9410
2024-12-26 08:59:22,NVDA,Nvidia Takes Tesla's Crown In This 2024 Highlight; But Is Nvidia A Buy Or Hold Now?,Holiday cheer came to Nvidia as the stock hovered near a key level Thursday.  Shares of the artificial intelligence chip leader broke out at a buy point of 140.76 in October and reached an all-time high of 152.89 before falling below the 50-day moving average on Dec. 10.  Does that mean Nvidia is a buy now?,Yahoo,https://finnhub.io/api/news?id=44b848f9dde1eed18b278a4f98891dbddcf9b973bd515ddcf701efc39fa7dcae
2024-12-26 08:58:28,NVDA,Nvidia Just Redefined Retail Investing in 2024--And It's Not Slowing Down,"AI dominance, record-breaking inflows, and a $3T market cap--why retail investors can't get enough.",Yahoo,https://finnhub.io/api/news?id=a91421b57c1f7e422ccb7c5a7192c68ddf7258478cd8846fa370f2bc23c27bf2
2024-12-26 08:50:06,NVDA,HIVE Deploys NVIDIA GPU Clusters to Expand AI Computing Capabilities,HIVE Digital Technologies deploys NVIDIA H100 and H200 GPU clusters in Quebec.,Yahoo,https://finnhub.io/api/news?id=e0aa07655bcd59aae859e95547a6881ad48309ab1696a8e6c2073ad1ffa825e7
2024-12-26 08:38:00,NVDA,"The Zacks Analyst Blog Highlights Taiwan Semiconductor Manufacturing, NVIDIA, Apple, Marvell Technology and Broadcom","Taiwan Semiconductor Manufacturing, NVIDIA, Apple, Marvell Technology and Broadcom are part of the Zacks top Analyst Blog",Yahoo,https://finnhub.io/api/news?id=36352bb8f34bfab5a4ddd9a440ba396473e1f8b9148cbea811a4ab1454a847c8
2024-12-26 08:36:00,NVDA,Agentic AI to Gain Traction in 2025: 5 Stocks to Watch,"MSFT, NOW, IBM, GOOGL and NVDA are poised to capture the $45B agentic AI market in 2025 as enterprise adoption accelerates beyond traditional GenAI.",Yahoo,https://finnhub.io/api/news?id=d522a1d8d6e1845f35e2643c6dfd69b9853b8993cfd84e53d8c4d8b82fde7e41
2024-12-26 08:35:17,NVDA,Microsoft: First In Line For AGI,"Investors gain insight into OpenAI's \o\ series reasoning models and Microsoft's advantage, but face competition from Amazon and Google.",SeekingAlpha,https://finnhub.io/api/news?id=ebce789c8a91e97eaca90425f095b5d35ae67f7e55b73ee733569f5d09d13a62
2024-12-26 08:19:54,NVDA,Can Nvidia Hit $200 in 2025? Analysts Are Split on the AI Giant's Next Move,"Analysts predict Nvidia may reach $200 in 2025, but inflation, geopolitical risks, and economic slowdown temper expectations",Yahoo,https://finnhub.io/api/news?id=929b1b43f41adaf21bf01fd35cc19cd7e235a740e01992b1ed16f971e74082d9
2024-12-26 08:13:14,NVDA,"From Microsoft to Nvidia, the AI agents are coming in 2025","Big Tech will lean heavily into AI agents in 2025. And if the technology works as promised, it could make som tedious tasks a lot easier.",Yahoo,https://finnhub.io/api/news?id=7c0b52c97f3f840e6385d2f59f82ecaaee98b2262f48a52b4240c3a276b5e777
2024-12-26 08:12:47,NVDA,"Nvidia Hits $3.4 Trillion Market Cap, How AI Will Disrupt 2025?",2025 AI Revolution: Profits Over Infrastructure Take Center Stage,Yahoo,https://finnhub.io/api/news?id=5a5eb846af5dfbf2c268355cd5022f96ee7d98da28738de95b7d942e27a7fca1
2024-12-26 08:05:00,NVDA,The Surprising Thing That the 5 Best Stocks of the Past Decade All Have in Common,"According to MacroTrends, the five best stocks of the past decade are Nvidia (NASDAQ: NVDA), AMD (NASDAQ: AMD), Camtek (NASDAQ: CAMT), Fair Isaac (NYSE: FICO), and Tesla (NASDAQ: TSLA).  On the low end, a $10,000 investment in Tesla 10 years ago is worth $290,000 today.",Yahoo,https://finnhub.io/api/news?id=a1315a0e28fe9abccb7591f888e1e7252ad3501ddb6aef9c8a42400d6afab694
2024-12-26 07:15:00,NVDA,"7 Vanguard ETFs to Buy With $1,000 and Hold Forever",How does a double-digit average annual return over a decade sound?,Yahoo,https://finnhub.io/api/news?id=f396a9ad24cddf90a907dbe8132373b8b3543877cca0e9fcc04d23ef2c9f991b
2024-12-26 07:00:23,NVDA,Funds Want A Piece Of This Fashionable AI Stock — And Its Breakout,"With Nvidia AWOL, Ralph Lauren stock joins Meta among new buys by top funds as the fashion icon eyes a breakout.",Yahoo,https://finnhub.io/api/news?id=c72dbca7d39a39776425bec1ced46000d26fb78a84626c888a96c78b809b0584
2024-12-26 06:00:37,NVDA,"How the stock market defied expectations again this year, by the numbers","U.S. stocks ripped higher and carried the S&P 500 to records as the economy kept growing and the Federal Reserve began cutting interest rates.  The year featured many familiar winners, such as Big Tech, which got even bigger as their stock prices kept growing.  Remember when President Bill Clinton got impeached or when baseball's Mark McGwire hit his 70th home run against the Montreal Expos?",Yahoo,https://finnhub.io/api/news?id=d23e2fab26a8e264868813578b9faebdf85b3c4a52798c0de794e0df1490c442
2024-12-26 06:00:00,NVDA,2 AI Stocks to Sell Before 2025 (Hint: Nvidia's Not One),"The launch of OpenAI's ChatGPT in late 2022 spurred a tidal wave of interest in generative artificial intelligence (AI) companies, sending many of their stock prices parabolic.  Palantir Technologies (NASDAQ: PLTR) and Arm Holdings (NASDAQ: ARM) were major beneficiaries.  Palantir's third-quarter earnings grew 30% year over year to $726 million, while its adjusted earnings before interest, taxes, depreciation, and amortization (EBITDA) increased 39% to $283.6 million.",Yahoo,https://finnhub.io/api/news?id=aaebfde30ab96aaa418271657877624924cf6dd813be9c9b398f9a04691e6840
2024-12-26 05:30:00,NVDA,Missed Out on Palantir's Run-Up? My Best Artificial Intelligence (AI) Stock to Buy and Hold.,"Palantir Technologies (NASDAQ: PLTR) stock has been on a tearing run on the market in 2024, logging remarkable gains of 370% as of this writing.  Popularly known as TSMC, shares of this Taiwan-based foundry giant nearly doubled in 2024.  Let's examine the reasons TSMC is one of the best AI stocks you can buy and hold right now.",Yahoo,https://finnhub.io/api/news?id=f817f37a6b9f453c8461e3b6e253bb20b111bd3b9042b3a8d0086efeeccd7be6
2024-12-26 05:20:12,NVDA,Wall Street slips as rising yields pressure some shares,"Wall Street's main indexes drifted lower in light trading volumes on Thursday, as rising yields pressured some shares, while investors looked for a year-end boost from the so-called Santa Claus rally.  Among megacap stocks, Amazon.com  slipped 0.3%, while Meta Platforms  shed 0.6%.  Rate-sensitive real estate stocks were among the worst hit, down 0.4%, while consumer discretionary fell 0.5%.",Yahoo,https://finnhub.io/api/news?id=0ac456c37ddd4e1f7a8e67b42c99b853e43d238035a8b6adf7924e7e09f823e2
2024-12-26 05:00:10,NVDA,Why Nvidia bulls shouldn’t fear Amazon and Broadcom,"Nvidia has trounced rivals when it comes to AI. But could the chip giant be at risk of losing its crown? Yahoo Finance Executive Editor Brian Sozzi asked Bank of America chip analyst Vivek Arya to walk through whether or not Nvidia (NVDA) investors should be afraid of Amazon (AMZN) and Broadcom (AVGO) taking too much of the pie. The short answer? No. The long answer? ""When you look at Nvidia's market share, it is 80-85% in the next 12-18 months,"" he explains. Of course, he cautions that changes are always possible, so staying diligent about your investments is key. For full episodes of Opening Bid, listen on your favorite podcast platform or watch on our website. This post was written by Rachael Lewis-Krisky, producer for Opening Bid.",Yahoo,https://finnhub.io/api/news?id=58d9d7cb8e0c58810434d9e862f2b112f3e1fd2e38d536127611367c86e29ba2
2024-12-26 04:40:00,NVDA,3 No-Brainer AI Stocks to Buy Right Now,"Artificial intelligence (AI) stocks have been some of the strongest drivers of the market this year.  Nvidia (NASDAQ: NVDA) has been the biggest winner of the AI infrastructure build-out, as its graphic processing units (GPUs) are the go-to chips for data centers to use for their computing processing needs to train large language models (LLMs) and run AI inference.  As AI models advance, they need more and more computing power.",Yahoo,https://finnhub.io/api/news?id=3543bc756ad8c4c43483a960535cc4ce5523e115b036be66ea4166207b345244
2024-12-26 04:30:00,NVDA,2 Stocks to Buy Hand Over Fist Before the Nasdaq Soars Higher in 2025,"Technology stocks have been in scintillating form on the market in the past couple of years, which is evident from the 86% gains clocked by the Nasdaq Composite index during this period, and the good news is that the impressive run in tech stocks could continue in 2025 as well.  Historical trends show that the Nasdaq Composite has averaged gains of 17% in the year following a calendar year in which it logged 20%-plus gains.  It is worth noting that the Nasdaq Composite index is up just over 32% so far in 2024, as of this writing.",Yahoo,https://finnhub.io/api/news?id=dbb31e5cecf72d64825baf10b4e115668cbb43e749f141c4ce03ffc60bf9dc83
2024-12-26 04:06:00,NVDA,4 of Wall Street's Most Prominent Artificial Intelligence (AI) Stocks Have Made a Shocking $1.23 Trillion Investment,"Nvidia, Meta Platforms, Alphabet, and Apple have collectively spent far more on this than they have on developing artificial intelligence (AI) solutions.",Yahoo,https://finnhub.io/api/news?id=b0a64d71b5d6051a38e4c39389c062dac891e04b707e5b075c206bd5a05e83ca
2024-12-26 03:52:52,NVDA,Why NVIDIA Corporation (NVDA) Is Skyrocketing,"We recently compiled a list of the Why These 10 Stocks Are Skyrocketing. In this article, we are going to take a look at where NVIDIA Corporation (NASDAQ:NVDA) stands against the other stocks that are skyrocketing. Wall Street saw a quiet trading session this week amid the lack of major catalysts to perk up the […]",Yahoo,https://finnhub.io/api/news?id=9af137192670d3b06a7f155986970b9bbf47168088ec579bce3bb6fee52a1619
2024-12-26 03:30:00,NVDA,Billionaire Stanley Druckenmiller Sells Nvidia Stock and Buys Another Stock-Split AI Stock. Does He Know Something Wall Street Doesn't?,"Nvidia (NASDAQ: NVDA) has led the artificial intelligence (AI) boom that began with the launch of ChatGPT in November 2022.  Its share price has advanced 895% since then, and Wall Street is still very bullish.  Currently, 92% of the 62 analysts who follow Nvidia rate the stock a buy, and the median target price of $175 per share implies 30% upside from the current share price of $134.",Yahoo,https://finnhub.io/api/news?id=807c961ef71fa64812c803a1a88f1a115ae4c23e04782fe24a26537a7d7c4f55
2024-12-26 02:30:00,NVDA,Micron: This Is Not The End Yet,Micron has a strong position in the rapidly evolving AI memory chips market. Read more about the company's recent earnings and why I maintain buy rating on MU.,SeekingAlpha,https://finnhub.io/api/news?id=8089429b9c38d019575425bd5bae0a6a4a1e76a7d6f29b98f4b970076b2bc2fd
2024-12-25 20:21:19,NVDA,AMD Accelerates Product Development To Close The Competitive Gap,"Discover how AMD is positioned for strong growth in AI model inferencing and data center sales, closing the performance gap with Nvidia.",SeekingAlpha,https://finnhub.io/api/news?id=cc8743efe90dca6192003dd5abb22a7c8d3b6528616707ac9c01c74c9eed1b83
2024-12-25 18:45:49,NVDA,JGRO: Losing Steam Compared To Its Peers,"JGRO's performance was promising in its first 20 months, but it has lagged passive large-cap growth ETFs for six months. Read why JGRO ETF is a Hold.",SeekingAlpha,https://finnhub.io/api/news?id=2f6e89fae79deea794936c2ac7d63ab4f3bc65c77a832ce731932580fd5d7833
2024-12-25 15:13:53,NVDA,NVIDIA Corporation (NVDA) Is Among Billionaire Coleman’s Top Picks,"We recently compiled a list of the Tech Billionaire Chase Coleman’s Top 10 Stock Picks. In this article, we are going to take a look at where NVIDIA Corporation (NASDAQ:NVDA) stands against the other top stock picks of Tech Billionaire Chase Coleman. “Tiger cub” Chase Coleman continues to shape the investment landscape with his strategic […]",Yahoo,https://finnhub.io/api/news?id=01a3805e372702275ec2ae60e5c19a159297c650fb736fe46b3e231e3b94ea34
2024-12-25 13:28:00,NVDA,"The Year of Concentration, Crypto, China","2024 was another stellar year for investors, but a lot of money is piling into the same places in the U.S. and globally.",Yahoo,https://finnhub.io/api/news?id=84b44c9d47bb39e4f939a3109b698defa679604ea0366fa3831b7321facb115a
2024-12-25 10:21:00,NVDA,Is Taiwan Semiconductor Stock a Buy Now?,TSMC's stock has doubled in 2024. Is the chipmaker's stock still a decent buy after that soaring run?,Yahoo,https://finnhub.io/api/news?id=72284dd8f9845cb682ad9c577f16e65956a6b98dd2be29948a98cf74f63e9fab
2024-12-25 09:14:34,NVDA,NVIDIA Corporation (NVDA) Named “Top Pick” by Morgan Stanley Despite Short-Term Demand Concerns,"We recently published a list of 12 AI News and Ratings Investors Are Watching Right Now. In this article, we are going to take a look at where NVIDIA Corporation (NASDAQ:NVDA) stands against other AI news and ratings investors are watching right now. Redefining Innovation with Next-Generation AI At CNBC’s ‘Money Movers’, Jack Hidary, CEO of […]",Yahoo,https://finnhub.io/api/news?id=d68cb311cb61803e7860ebefd7bf54ff59c8d74053d211cae8e9b10a8b89d6db
2024-12-25 08:51:00,NVDA,Prediction: 2 Stocks That Will Be Worth More Than Nvidia 5 Years From Now,"Nvidia is soaring now, but could its dominance fade in the next few years? Two tech titans could outshine Nvidia by 2029.",Yahoo,https://finnhub.io/api/news?id=ec4567e38f64e4af9a5788440016f3055490bca033b947f669ba13a7de852df4
2024-12-25 08:30:11,NVDA,Is Nvidia (NVDA) a Buy as Wall Street Analysts Look Optimistic?,"Based on the average brokerage recommendation (ABR), Nvidia (NVDA) should be added to one's portfolio. Wall Street analysts' overly optimistic recommendations cast doubt on the effectiveness of this highly sought-after metric. So, is the stock worth buying?",Yahoo,https://finnhub.io/api/news?id=a736381721445a052b2cf2e800de84504928d0b616fdd98c821d1a2741cde023
2024-12-25 07:15:00,NVDA,Should You Buy the Dip in AMD Stock?,AMD stock just hit a 52-week low.,Yahoo,https://finnhub.io/api/news?id=23d89c3a6fa130b14ed2b14b8223f6208693eea6bf432667ed0386c8fa8caf86
2024-12-25 06:38:30,NVDA,Dow Jones Futures: Markets Closed After Santa Left Gifts; Tesla Surges,Dow Jones Futures: Markets Closed After Santa Left Gifts; Tesla Surges,DowJones,https://finnhub.io/api/news?id=7321bb5e765d01c69e99ac3c45da95e80f4848585a4993a8b70c66e50206a4a3
2024-12-25 06:15:00,NVDA,Better Artificial Intelligence Stock: ASML vs. Taiwan Semiconductor,"Artificial intelligence (AI) has been a boon to the semiconductor industry.  Two companies critical to the production of semiconductor chips are ASML (NASDAQ: ASML) and Taiwan Semiconductor Manufacturing (NYSE: TSM), popularly known as TSMC.  The former produces lithography equipment used in making microchips for AI.",Yahoo,https://finnhub.io/api/news?id=bc4b8200ac180818631d4520ddb229a0f34d9fad021227a6dc2dc9bd62e7ffc3
2024-12-25 06:07:45,NVDA,Jim Cramer on NVIDIA Corporation (NVDA): ‘How About The Fact That NVIDIA Was Up Three And A Half At 4am And There It Is’,"We recently compiled a list of the Jim Cramer Talked About These 17 Stocks After The Fed’s Rate Cut. In this article, we are going to take a look at where NVIDIA Corporation (NASDAQ:NVDA) stands against the other stocks Jim Cramer recently talked about. The Federal Reserve created quite a bit of turmoil in the stock […]",Yahoo,https://finnhub.io/api/news?id=17407a9928a6ff34e046941849ed22882dde8c3dd1ab1304533ab6b096dd69ce
2024-12-25 05:30:00,NVDA,Prediction: This Artificial Intelligence (AI) Chip Stock Will Rebound in Spectacular Fashion in 2025,Some stocks just can't seem to fetch much enthusiasm.,Yahoo,https://finnhub.io/api/news?id=1475473b3350aa6f1aec7852c77cb0c814c56fd041d7bdc4fcf9cc022057c6fb
2024-12-25 05:20:00,NVDA,3 Tech Stocks You Can Buy and Hold for the Next Decade,Artificial intelligence could create trillions of dollars in annual economic value. The market leaders in key AI sub-markets could drive long-term market-beating returns.,Yahoo,https://finnhub.io/api/news?id=55012a1bbb6ae46f64851e3bf9b18307602e4c92970569dd3b1bb8d45d717fa6
2024-12-25 05:10:09,NVDA,Hive Digital expands NVIDIA chip suite with $30M investment,"HIVE Digital Technologies (HIVE) announces the acquisition and deployment of an additional cluster of NVIDIA (NVDA) H100 GPUs in the Canadian province of Quebec and the newest NVIDIA H200 GPUs, which have shipped to Quebec. “This $30 million investment reinforces HIVE’s growth position as a leader in the global gig economy and its commitment to driving the digital transformation of artificial intelligence and high-performance computing,” the company said. NVIDIA H100 cluster: Comprised of 248 GP",Yahoo,https://finnhub.io/api/news?id=31bb9ac3378e89ce1156c805c12a7610fb9a875641afbc2a7518fab2b8238369
2024-12-25 05:00:00,NVDA,What Could Broadcom's Latest Earnings Report Mean for Nvidia Investors?,"Nvidia (NASDAQ: NVDA) has been the biggest beneficiary of this fast-growing market as it left its fellow chipmakers in the dust by capturing the lion's share of the AI semiconductor space.  No other chipmaker comes close to Nvidia in terms of revenue generated from selling AI chips.  For instance, in the third quarter of fiscal 2025 alone (which ended on Oct. 27), Nvidia sold $30.8 billion worth of data center chips, a remarkable increase of 112% from the same period last year.",Yahoo,https://finnhub.io/api/news?id=bca2e24defa2e0af5e7cbb4752729b844c7dd05c1d1e75c2d8dd5afd88375b19
2024-12-25 05:00:00,NVDA,My Top 2 AI Stocks for 2025,"The rise of artificial intelligence (AI) in 2024 has reshaped our world in ways previously confined to science fiction.  Virtual assistants now handle complex customer service queries with human-like understanding, while AI-powered chips process vast amounts of data at unprecedented speeds.  The economic impact of this AI revolution promises to be transformative.",Yahoo,https://finnhub.io/api/news?id=cad0e4b400af6c6ecce25de1113449cd82402181296261725265678f8b11ed51
2024-12-25 04:59:17,NVDA,"Equinix, Inc. (EQIX) Launches Private AI Solution with Dell and NVIDIA for Enhanced AI Model Training","We recently published a list of 12 AI News and Ratings Investors Are Watching Right Now. In this article, we are going to take a look at where Equinix, Inc. (NASDAQ:EQIX) stands against other AI news and ratings investors are watching right now. Redefining Innovation with Next-Generation AI At CNBC’s ‘Money Movers’, Jack Hidary, CEO of […]",Yahoo,https://finnhub.io/api/news?id=9c32c0c947c2a11275138db9536fc58d6d29127b2b88bb4f90c3a818c5c73f58
2024-12-25 04:30:00,NVDA,"How Trump’s AI, Crypto Push Would Spur Clean Energy",Data centers are projected to guzzle as much electricity as renewable and fossil sources can produce.,Yahoo,https://finnhub.io/api/news?id=42929858de69b08e6b1100074e7c6df739847136a96612c86c46b378e0622fac
2024-12-25 04:00:00,NVDA,Nvidia Stock Investors Just Got Bad News From AI Semiconductor Rival Broadcom,"Complex data center workloads like training machine learning models and running artificial intelligence (AI) applications would take a very long time if powered only by central processing units (CPUs).  In that semiconductor vertical, Nvidia (NASDAQ: NVDA) graphics processing units (GPUs) have emerged as the industry standard.  In fact, the company has between 80% and 95% market share in AI accelerators, according to analysts.",Yahoo,https://finnhub.io/api/news?id=a5ac75160dcc89f08d0dcb43c722e70b686b191b2ec0a80e24257faff4763feb
2024-12-25 03:29:00,NVDA,"Meet the Magnificent Vanguard ETF With 37.6% of Its Portfolio Invested in Nvidia, Apple, and Microsoft","This chart features all eight American technology stocks with valuations of $1 trillion or more, and their respective returns in 2024 so far.  Buying an exchange-traded fund (ETF) with a high level of exposure to those trillion-dollar market leaders might be a simpler option for investors compared to buying them individually.  The Vanguard Mega Cap Growth ETF (NYSEMKT: MGK) offers exactly that -- more than one-third of the entire value of its portfolio is tied up in just three of the names in the chart.",Yahoo,https://finnhub.io/api/news?id=91cc072bed5b78c1dff44ffdd956d06b8b40242921afc63dd8c41fe38184bee9
2024-12-25 03:22:00,NVDA,A Once-in-a-Decade Investment Opportunity: 1 Artificial Intelligence (AI) Semiconductor Stock to Buy Hand Over Fist and Hold for Years (Hint: It's Not Nvidia),"Nvidia has become synonymous with the term ""semiconductor,"" but there's another player looming in the background that could emerge as a more lucrative opportunity in the long run.",Yahoo,https://finnhub.io/api/news?id=3db4b8a087133acde0f3cd305119619d946156b972bc77365778bb77f7c4b178
2024-12-25 03:05:00,NVDA,History Says the Nasdaq Will Soar in 2025. 1 Stock-Split Stock to Buy Before It Does.,This semiconductor and data center player has grown like wildfire over the past couple of years and shows no signs of slowing.,Yahoo,https://finnhub.io/api/news?id=f7b1ea0b4bcb6e416a574e6e9a687ca005e2cba8ef54abc7661c18d7d5e80acf
2024-12-24 20:30:00,NVDA,How to Prepare for a ‘Lost Decade’ in Stocks,How to Prepare for a ‘Lost Decade’ in Stocks,MarketWatch,https://finnhub.io/api/news?id=a210d40d4c4f1f60c85e6d1ce9489f78cba9eb0df1fe942d6141a4972d92e7ad
2024-12-24 15:01:59,NVDA,Analyst: Broadcom Inc. (AVGO) is ‘Poor Man’s’ Nvidia,"We recently published a list of Top 10 AI Stocks to Watch Right Now. In this article, we are going to take a look at where Broadcom Inc. (NASDAQ:AVGO) stands against other top AI stocks to watch right now. Tom Hancock, GMO U.S. quality ETF portfolio manager, said in a latest program on CNBC that […]",Yahoo,https://finnhub.io/api/news?id=2e544cd02cec2d515bacaf031d594b497320e7d456ef607692dcad663bca0531
2024-12-24 14:23:03,NVDA,Nvidia Stock Is At Its 50-Day Line. This Trade Gets You Bullish Exposure With Limited Risk.,"Nvidia looks like it's back in rally mode as it attempts to retake its 50-day moving average.  NVDA stock is up 182% year-to-date and if this year's trend continues, the stock could rally in anticipation of a positive Q4 earnings announcement.  With Nvidia at a crossroads, investors may be interested in getting bullish exposure but with lower risk.",Yahoo,https://finnhub.io/api/news?id=ee1ca31e24bfb104261aecc81e61b07f79ac40250d79d8c952e0fb36778ffc8b
2024-12-24 13:24:00,NVDA,"These Stocks Moved the Most Today: Super Micro, Nvidia, Broadcom, Tesla, U.S. Steel, Netflix, and More","Super Micro rises sharply, chip stocks Nvidia and Broadcom trade higher, and U.S. Steel gains even as Nippon Steel’s plan to acquire the U.S. steel company is referred to President Biden, who has opposed the deal.",Yahoo,https://finnhub.io/api/news?id=d67d384aaf013a10cd61eff00d7dbf3587ad72be239f6156339dba9f1d389d0a
2024-12-24 13:03:03,NVDA,"Nvidia, IBD Stock Of The Day, Offers Early Buy Point As It Crosses Key Levels",Nvidia is the IBD Stock Of The Day as the AI chipmaker rises above its 50-day moving average and a downward-sloping trendline.,Yahoo,https://finnhub.io/api/news?id=1b8bf5f33bacd98fd5be32a09900681f02d98814b87e32ef1071cd914d5f9bad
2024-12-24 12:54:58,NVDA,"AI will be viewed as a 'national asset' for the US under Trump, says one trade group CEO","The tech industry is bracing for changes as President-elect Donald Trump returns to the White House in 2025. Chamber of Progress CEO and founder Adam Kovacevic joins Brad Smith and Josh Lipton on Market Domination Overtime to discuss his tech industry outlook. ""One of the, I think, good pieces of news is that President-elect Trump has appointed a number of people from the tech world, venture capitalists, people with tech experience to prominent positions,"" Kovacevic says, noting that this is a ""good sign"" for the industry. He adds that Trump's second term will likely lead to a shift in the US government's attitude toward AI. The Biden administration's ""main approach to artificial intelligence was to say, 'This is an area where we ought to tread carefully, put up guardrails, and focus on safety,'"" Kovacevic says. ""What I think you are going to see with Trump is a pivot from safety to really [seeing] AI as an economic asset for the United States, a national asset for the United States, where we should go out and beat other countries, particularly China in AI."" Watch the video above to hear more about the expected tech landscape in 2025, including the possible TikTok ban, Big Tech execs courting Trump, Musk's role in the US government, and more. To watch more expert insights and analysis on the latest market action, check out more Market Domination Overtime here. This post was written by Naomi Buchanan.",Yahoo,https://finnhub.io/api/news?id=1b73c475cb6fef7bfa6029958a47690e4906aa1118be6cf57fa6c78ea69d349f
2024-12-24 10:56:00,NVDA,DOCN Rises 11% in 6 Months: How Should Investors Play the Stock?,DigitalOcean shares are benefiting from a strong portfolio and expanding partnerships amid macroeconomic challenges and fierce market competition.,Yahoo,https://finnhub.io/api/news?id=ba877c87a02dc7df80b6cfa79f073a23dc7fbaf8c0bdf1c0b11e8e3454415d4c
2024-12-24 10:32:00,NVDA,"NVIDIA Corp. stock rises Tuesday, still underperforms market","NVIDIA Corp. stock rises Tuesday, still underperforms market",MarketWatch,https://finnhub.io/api/news?id=2cd125a5f6738823578ef94a04f218f387ebcffbacfda2db411867dc8a842765
2024-12-24 10:31:34,NVDA,The Marvell (MRVL) Pivot: Why Now Is the Time to Invest,"Marvell Technology is being touted as the third largest AI chipmaker after Nvidia (NASDAQ:NVDA) and Broadcom (NASDAQ:AVGO). To give readers a context of what the company does, here’s how it stands in comparison to the two competitors. Nvidia makes standard GPUs that all AI applications need to run on. These GPUs are general purpose and […]",Yahoo,https://finnhub.io/api/news?id=86110528363be883ce58d02359bc5ebdd7581d6188ecbb4c637071b018b5b2aa
2024-12-24 10:22:41,NVDA,Three Ways Nvidia (NVDA) Benefits From The Quantum Computing Revolution,"Quantum computing staged a comeback earlier this month when Google announced a new chip called ‘Willow’ on the 9th of December. According to Google, the new chip allows it to perform an extremely complex mathematical task in just under 5 minutes, when it would have taken the most powerful supercomputer in existence today over 10 […]",Yahoo,https://finnhub.io/api/news?id=56defbac8dd8657db0e810b33548333782051db6b88ad6fd6b70e000f94b4515
2024-12-24 10:19:20,NVDA,"Banrion Capital Management's Sissel on Valuations, AI, Trump Admin.","Banrion Capital Management President, CEO, Founder Shana Orczyk Sissel discusses valuation concerns, technology trends, and the incoming Trump administration. (Interview occurred on December 23, 2024)",Yahoo,https://finnhub.io/api/news?id=ca7caabb662605d37abb309abc6e25261df3e306c59896e2c9aea67b03c5947d
2024-12-24 09:25:11,NVDA,"Vistra, Nvidia, GE Vernova: Trending tickers","Morning Brief hosts Brad Smith and Josh Lipton examine the standout performers in the S&P 500 (^GSPC) for 2024. Vistra (VST) has emerged as the index's top performer, surpassing Nvidia's (NVDA) remarkable run. The company's performance can be attributed to robust earnings and strategic acquisitions, particularly its moves to establish a presence in the nuclear energy sector to meet growing artificial intelligence–related power demands. Nvidia maintains its position as the S&P 500's second-best performer. The semiconductor giant achieved a historic milestone this year by becoming the world's largest publicly traded company by market capitalization, exceeding $3 trillion. However, the company continues to navigate challenges in the Chinese market. GE Vernova (GEV) also demonstrated impressive performance in 2024, posting a 143% gain following its April spinoff from General Electric. The company has further strengthened investor confidence by initiating its first dividend payment and upgrading its multiyear financial outlook. To watch more expert insights and analysis on the latest market action, check out more Morning Brief here. This post was written by Angel Smith",Yahoo,https://finnhub.io/api/news?id=7776078976a1ead07e9ecce89383656b6020a70c66d847f3ff742391b7a231b6
2024-12-24 09:07:22,NVDA,Nvidia Hits Key Level As Two Huge Events Lift Holiday Cheer; But Is Nvidia A Buy Now?,Nvidia stock hit a key level on Tuesday.  Shares of the artificial intelligence chip leader broke out at the buy point of 140.76 in October and reached an all-time high of 152.89 before falling below the 50-day moving average on Dec. 10.  Does that mean Nvidia is a buy now?,Yahoo,https://finnhub.io/api/news?id=79f89da70620e767096874462674b9fd4b9d5c63ca1c41e6fbf50ddbb0ca437c
2024-12-24 09:04:05,NVDA,Stock Market Forecast For 2025: How Trump's Return Will Weigh On The Markets,Stock Market Forecast For 2025: How Trump's Return Will Weigh On The Markets,DowJones,https://finnhub.io/api/news?id=0bbd27d362bafc51f553299729a293e0b03c8716ab09e10b8cc4bec5d23390c7
2024-12-24 08:55:35,NVDA,HIVE Digital (HIVE) Strengthens AI Capabilities With $30M Nvidia (NVDA) GPU Purchase,HIVE Digital Technologies has announced that it will invest $30 million in Nvidia GPU Clusters for its location in Quebec. The investment includes 248 H100 GPUs and 508 H200 GPUs. The purpose of the investment is to improve AI computation capabilities and then monetize them to make the best use of the ongoing AI revolution. […],Yahoo,https://finnhub.io/api/news?id=f842416a1fd3ab57972a59a3aacb214f9b1da99235b1cd08589db2990be3955b
2024-12-24 08:55:04,NVDA,Wall Street Analysts Believe Nvidia (NVDA) Could Rally 25.69%: Here's is How to Trade,"The consensus price target hints at a 25.7% upside potential for Nvidia (NVDA). While empirical research shows that this sought-after metric is hardly effective, an upward trend in earnings estimate revisions could mean that the stock will witness an upside in the near term.",Yahoo,https://finnhub.io/api/news?id=5e8d0745c7e949a1ff1d69e153be13023c87906135e81f800f9c89b1b33f5c4e
2024-12-24 08:53:00,NVDA,"AMD and Nvidia Back Musk’s xAI. What It Means for Microsoft, Google and Amazon.",Nvidia and AMD’s participation in xAI’s funding round means they are directly financing a rival to their major customers.,Yahoo,https://finnhub.io/api/news?id=bc3337a148a382856cc4f2de17c0eba38644ff3ba5689b623a3e266319aa7752
2024-12-24 08:39:00,NVDA,Vistra and Vera Bradley have been highlighted as Zacks Bull and Bear of the Day,Vistra and Vera Bradley are part of the Zacks Bull and Bear of the Day article.,Yahoo,https://finnhub.io/api/news?id=f56536badc94854292864d2be22f900f776a045e546db3c4f975ba250c1e5301
2024-12-24 08:22:00,NVDA,Broadcom Stock Is Having a Big Year. Here Are Some of the Highlights.,Broadcom Stock Is Having a Big Year. Here Are Some of the Highlights.,MarketWatch,https://finnhub.io/api/news?id=427f8c1925193639dd65b8a1e5ec478d7d43508fec4f01b993ccc7eb069e701f
2024-12-24 07:15:00,NVDA,Nvidia Stock Rises for Fourth Day. Why the Chip Maker Is Getting a Festive Boost.,Nvidia and the chip sector more generally look to be enjoying the benefits of the ‘Santa Claus’ rally.,Yahoo,https://finnhub.io/api/news?id=6e3e5bef18d256936772096ab2f382dbcc4f70c18deaa486fac63fa6df03c33f
2024-12-24 07:05:30,NVDA,Nvidia's stock closes above its 50-DMA for first time in 2 weeks,Nvidia's stock closes above its 50-DMA for first time in 2 weeks,MarketWatch,https://finnhub.io/api/news?id=3f56b63854cec235f5dbf403b73624591ef3aa4a5b9c0b633b50d7f983a8d4cc
2024-12-24 06:04:45,NVDA,"Biden administration announces new Chinese chips probe, Semiconductor stocks gain",Investing.com -- U.S. semiconductor stocks mostly edged higher in premarket trading on Tuesday after the Biden administration launched a new trade investigation into Chinese-made legacy semiconductors.,Yahoo,https://finnhub.io/api/news?id=90868871ad91908a339298a6d69c649f7514cebde6797f65b003e88cec6a1520
2024-12-24 06:00:00,NVDA,"Why Nvidia Stock Could Jump During the Period From Jan. 6 to Jan. 13, 2025","Nvidia (NASDAQ: NVDA) CEO Jensen Huang has the honor of giving the opening keynote speech at the 2025 Consumer Electronics Show (CES), which is scheduled to run from Monday, Jan. 6 through Friday, Jan. 10 in Las Vegas.  Huang's keynote is slated for Monday, Jan. 6 at 9:30 p.m. ET and will probably be about an hour.  It's fitting that Huang is kicking off the 2025 CES.",Yahoo,https://finnhub.io/api/news?id=a888eff4c6f3927c4958297e5fe91938bb9e944f2cda1a39921c75f365ce69ab
2024-12-24 05:54:01,NVDA,Nvidia's Advanced AI Tech Powers Olympian Motors' New Electric Vehicle Platform,"On Monday, Olympian Motors announced an expanded collaboration with Nvidia Corp (NASDAQ:NVDA) to develop the Olympus Platform, an open, modular, artificial intelligence-powered electric vehicle (EV) platform. The strategic partnership leverages Nvidia’s advanced computing solutions, including the DRIVE AGX Orin platform and the Nvidia Inception Program, to create a new protocol for designing and deploying AI models to EVs. The Olympus EV Platform launches a modular approach to EV hardware and so",Yahoo,https://finnhub.io/api/news?id=9cbae3a13103f99967689d3f400325be15e8a55e041cffbda80118061c7e20bc
2024-12-24 05:30:12,NVDA,Is This Nancy Pelosi's Stock Pick Set To Overtake Nvidia? AI Chip Race To Heat Up By 2025,"Fund manager Stephen Yiu of Blue Whale Growth Fund has forecasted that Broadcom Inc. (NASDAQ:AVGO) will yield substantial returns for investors by 2025, potentially surpassing AI chip heavyweight Nvidia Corporation (NASDAQ:NVDA). What Happened: Yiu ...",Yahoo,https://finnhub.io/api/news?id=5a3189c9e3a8818a129dc53510bbcce49e42edd7c580038608521dcbb6252792
2024-12-24 05:15:00,NVDA,1 Unstoppable Vanguard ETF to Buy Hand Over Fist Right Now,"Artificial intelligence (AI) will transform the global economy.  The portfolio's concentrated nature shines through its top holdings, where technology titans Apple (16.2%), Nvidia (15.4%), and Microsoft (13%) command nearly 45% of its total assets.",Yahoo,https://finnhub.io/api/news?id=c5742c92bde8037d472b813b3dd5b21e90bcdf55fa5aad1f44641c7a76fca1ad
2024-12-24 05:00:47,NVDA,Nvidia dominated 2024 big-time. Next year? Plenty of challenges.,"Nvidia dominated 2024, and 2025 is looking just as good. But there's turbulence on the horizon.",Yahoo,https://finnhub.io/api/news?id=0085398ccea7067f72a5152dbcd68bb7486a80d65d6400152a51f4bfcf8f0b66
2024-12-24 04:33:49,NVDA,"Analyst: ‘Dollars Are Flowing’ Into Nvidia, Not Advanced Micro Devices (AMD)","We recently published a list of Top 10 AI Stocks to Watch Right Now. In this article, we are going to take a look at where Advanced Micro Devices (NASDAQ:AMD) stands against other top AI stocks to watch right now. Tom Hancock, GMO U.S. quality ETF portfolio manager, said in a latest program on CNBC […]",Yahoo,https://finnhub.io/api/news?id=8f30c7b5e4d67ec3ff8788de2c58f6a26f72f2dcaf9a595a256221f65377a3c1
2024-12-24 04:30:00,NVDA,"Don’t Look Now, but China’s AI Is Catching Up Fast",Chinese artificial-intelligence startups are using workarounds to challenge OpenAI despite a lack of access to advanced chips.,Yahoo,https://finnhub.io/api/news?id=e720b3e6a00d9c138e64c8f6b71476db94be4c6e37f8e8e02b75a226a7fc329a
2024-12-24 04:25:00,NVDA,3 No-Brainer Stocks to Buy on the Latest Sell-Off,"Warren Buffett's mentor Benjamin Graham once said, ""In the short run, the market is a voting machine but in the long run, it is a weighing machine.""  Graham also knew, though, that business fundamentals matter over the long term.  In fact, the temporary pullbacks make them even better choices because the stocks are available at more attractive prices.",Yahoo,https://finnhub.io/api/news?id=b50ae7e79bf00d9355c1609c402bc4911a2db6088a595e46a5efcc3d4f470799
2024-12-24 04:24:12,NVDA,"Trending tickers: Nvidia, TSMC, Apple, Honda and Vistry",The latest investor updates on stocks that are trending on Tuesday.,Yahoo,https://finnhub.io/api/news?id=da11a0a20e8bf8d3aac24288e11d61175799806a3b7cfed6c2d0c03341c1bd15
2024-12-24 04:20:00,NVDA,History Says the Nasdaq Will Surge in 2025: 1 AI Stock to Buy Before It Does (Hint: It's Not Nvidia),"After posting a 55% total return in 2023, the Nasdaq-100 index followed up with 27.5% total returns so far in 2024 (as of this writing).  Counterintuitively, momentum in the Nasdaq index typically begets more momentum.  Historically, every time the Nasdaq produces 30% returns in a year, the following year sees gains of at least 19%, indicating that the momentum in technology stocks has a good chance of continuing in 2025.",Yahoo,https://finnhub.io/api/news?id=4c318b5abf66f227ecc60628e57966d85f7c5cb8fef148188b183dcb8a8cbd1b
2024-12-01 17:49:27,NVDA,Holiday Week With Healthy Chop (Technical Analysis),"The market showed healthy digestion this week, a good sign for a potential Momentum Market. Read more to see my thoughts.",SeekingAlpha,https://finnhub.io/api/news?id=7365ecf5c348edf2d7eb3b7de4be4618ab99404f41958246c9d706cfe59af6b1
2024-12-01 15:34:21,NVDA,Why Is NVIDIA Corporation (NVDA) Among Louis Navellier’s Top Stock Picks Heading Into 2025?,"We recently compiled a list of the Louis Navellier’s Top 10 Stock Picks Heading into 2025. In this article, we are going to take a look at where NVIDIA Corporation (NASDAQ:NVDA) stands against Louis Navellier’s other stock picks. Louis Navellier, Chairman and Founder of Navellier & Associates, is a renowned American investor who is celebrated for […]",Yahoo,https://finnhub.io/api/news?id=7081e3a0fee479ad2b2fcc1f0280eae3e1f1b7658cac3cf68759730d5ae6d599
2024-12-01 14:00:00,NVDA,Nvidia: Still Charging Ahead,Nvidia is reporting unsustainable margins that will normalize over the long term. Read why investors should continue riding the trend with NVDA stock.,SeekingAlpha,https://finnhub.io/api/news?id=4baf88cb223dff1f4874796caed230f40c23737887f92673eedef8182859c9bb
2024-12-01 12:27:05,NVDA,"If you invested $1,000 in Nvidia stock 20 years ago, you’d almost be a millionaire today","Nvidia is also the best performer on a total-return basis over the last two decades among all stocks on the S&P 1500, according to Bespoke.",Yahoo,https://finnhub.io/api/news?id=dec3de5ab5fda7a3d3d5632012eadd51519bc3a387c1b6c1c4b56b2cdef1a6cb
2024-12-01 08:01:39,NVDA,NVIDIA Corporation (NVDA) Faces Uncertainty as Tech Giants’ AI Scaling Strategies Come Under Scrutiny,"We recently compiled a list of the 15 AI News and Ratings Trending on Financial Media. In this article, we are going to take a look at where NVIDIA Corporation (NASDAQ:NVDA) stands against the other AI stocks that are trending on financial media. Latest reports from finance news publication The Wall Street Journal reveal that xAI, […]",Yahoo,https://finnhub.io/api/news?id=1a3dd49caecd6ab743c8630c2049e1b611d9442978d6fe92e0c77e5b8e8aa493
2024-12-01 07:30:48,NVDA,Tesla's Elon Musk may not be the only one cashing in on humanoid robots,The race to cash in on humanoid robots is well underway.,Yahoo,https://finnhub.io/api/news?id=43131e62ea599789f1c30ad32fb1ba5b7211962a03abecfa5fbffaaf4f609977
2024-12-01 06:45:00,NVDA,Prediction: This Artificial Intelligence (AI) Chip Stock Is Going to Skyrocket After Dec. 3,"The market for artificial intelligence (AI) chips has been dominated by Nvidia, which explains why the semiconductor giant recently delivered another stellar set of results for the third quarter of fiscal 2025 (which ended on Oct. 27).  One reason why that may be the case is because of Nvidia's expensive valuation and worries that the company's growth trajectory is slowing down.  The margin pressure that's going to be created by the quick production ramp-up of Nvidia's new generation of AI chips is probably another reason why the stock has been on shaky ground despite its impressive report.",Yahoo,https://finnhub.io/api/news?id=c531b1541cc737b5e9dd28c36ce15d474b2e8f3a40eed22c4223b51345f8aafd
2024-12-01 06:40:17,NVDA,Crucial jobs report kicks off December trading: What to know this week,Key updates on the health of the US labor market are set to greet investors in the first week of December trading.,Yahoo,https://finnhub.io/api/news?id=4ca06bf6948a8490032834fb5a075d4fa7330bd903dd239b630c7a6baba02ba5
2024-12-01 05:33:00,NVDA,Is Arm Holdings Stock a Buy Now?,"The semiconductor space has had its fair share of big winners this year, with Arm Holdings (NASDAQ: ARM) among them.  With this having been a stellar year for the company, the question now turns to whether the stock is a buy heading into 2025.  Let's see if investors should consider Arm after the stock's run-up this year.",Yahoo,https://finnhub.io/api/news?id=e0f9472ae7e8b8c8f58f62e5fff43358b14a727365a41bc0a63f05bdceebc2ba
2024-12-01 05:00:00,NVDA,The Russell 2000 Just Hit a New All-Time High. Is it Time to Buy This Small-Cap ETF?,"Small-cap stocks have badly underperformed since their peak during the pandemic, as they fell sharply in the bear market of 2022, as the highfliers that had jumped during the pandemic fell the furthest.  Through 2023 and 2024, small caps have also been left behind as investor attention has been focused on large-cap tech stocks like Nvidia and others that have soared on optimism for the AI revolution.  Small caps have surged since the election, as investors have bet that President-elect Donald Trump and a Republican Congress can enact a set of potentially business-friendly policies like lower taxes, less regulation, and higher tariffs.",Yahoo,https://finnhub.io/api/news?id=ebb092bd59cc2a644890b7130910876d3e79a23216020369aeb893ee05569df0
2024-12-01 04:30:00,NVDA,3 Reasons Lam Research Is a Must-Buy for Long-Term Investors,"While the ""Magnificent Seven"" stocks often get a lion's share of attention in the tech world, semiconductor stocks outside Nvidia are often ignored by a lot of investors.  Today, semicap leader Lam Research (NASDAQ: LRCX) looks like an excellent buy for long-term investors, especially after the big pullback from its summer highs.  Lam is one of just a handful of companies that produce advanced etch and deposition equipment for chip manufacturing.",Yahoo,https://finnhub.io/api/news?id=511ba36bb07da2a98faf1afa209f6e820aa86db9b2b48a0e335f3c2fb445531f
2024-12-01 04:10:00,NVDA,Here's the 1 Potentially Disappointing Thing About Nvidia You Need to Know Right Now,"This year, Nvidia (NASDAQ: NVDA) stock has been on fire, soaring more than 170% so far, and there have been plenty of good reasons for this top performance.  Nvidia says demand for its upcoming Blackwell architecture and chip has surpassed supply, and that's set to continue.  The company's successes have translated into massive earnings growth, with quarterly net income and revenue climbing in the triple digits in recent times.",Yahoo,https://finnhub.io/api/news?id=09dc9f7486ced3120385a9b28abfa8847567ae70d2e4d4932370a60add0d7f6c
2024-12-01 04:00:00,NVDA,What Might The Fed Do After The November Jobs Report,"November job report will influence the Fed's rate cut decision, while trade war concerns impact job growth and inflation across various sectors. Read more here.",SeekingAlpha,https://finnhub.io/api/news?id=5963dd3a68d85a55e4c0d27d2b92b871090fa33cf28e38fe3a0b678cacdd4626
2024-12-01 03:50:00,NVDA,Should You Forget Nvidia and Buy 2 Other Artificial Intelligence (AI) Stocks Right Now?,"There's no denying that Nvidia (NASDAQ: NVDA) is the poster child of the artificial intelligence (AI) craze.  The semiconductor business elevated to new heights thanks to sizable investments from multiple tech giants looking to build out their network infrastructure and processing capabilities, leading to monster gains for the company and its stock.  In the past five years, shares of Nvidia have gone bonkers, skyrocketing 2,370% (as of Nov. 27).",Yahoo,https://finnhub.io/api/news?id=4ca1003cae70fb77224dfb8c1a70ae662d020486f30d99d6ef15a6d2a8ed5767
2024-12-01 02:30:15,NVDA,Broadcom: I'm Very Thankful For This Pullback,Broadcom remains well-positioned to capitalize on the surge in hyperscale spending in 2025. Read why I maintain my buy rating on AVGO stock.,SeekingAlpha,https://finnhub.io/api/news?id=6d36ca0993292fec9889f40ddec2071285902fce92c9b5d523a888e18b804224
2024-12-01 02:00:00,NVDA,"3 Unstoppable Growth ETFs That Could Turn $2,000 Into $132,000 With Practically Zero Effort","Investing in growth exchange-traded funds (ETFs) can be a fantastic way to build wealth, and it takes less of your time and effort than buying individual stocks.  A properly diversified portfolio should contain at least 25 to 30 stocks, and not everyone has the time or interest to build a personally customized set of investments.  Growth ETFs, specifically, are designed to beat the market over time, and these three funds could supercharge your long-term earnings with practically zero effort.",Yahoo,https://finnhub.io/api/news?id=96eed1a92c998de6dd9ce2dbf6a3e9f2055478ad1f6c5b44bb80f2f1747a052f
2024-12-01 01:00:00,NVDA,This Company Won Big With Bitcoin and AI. Why It’s Now Favoring One Over the Other.,"Core Scientific went from bankruptcy to stock market darling with its two bets. Still, it likes data centers more.",Yahoo,https://finnhub.io/api/news?id=5a7c931ede0b2009ff34322b7e52f288c25926ce808d24525c4bc1aa1c8ee3e1
2024-11-30 21:41:24,NVDA,Lam Research: Underpriced Growth Potential Amid Industry Headwinds,Lam Research stock has faced significant declines this year but remains operationally strong. Read why I'm bullish on LRCX stock.,SeekingAlpha,https://finnhub.io/api/news?id=7bd9951e226213f8598d8bfc2407cdcf8adfd018a0264196ca0097574d8c174a
2024-11-30 18:10:49,NVDA,NVIDIA Corporation (NVDA) Faces Supply Strain Amid High Demand from Elon Musk’s xAI,"We recently published a list of 15 AI News Updates That Investors Are Watching. In this article, we are going to take a look at where NVIDIA Corporation (NASDAQ:NVDA) stands against other AI news updates that investors are watching. The chip wars between the United States and China are in full swing. After reports that […]",Yahoo,https://finnhub.io/api/news?id=899d02d86bf0f5b9976e17a005ac9ee98a29bdd2fe6b51dc0f3e59fff7bca865
2024-11-30 17:03:00,NVDA,2 Top Artificial Intelligence (AI) Stocks to Buy Right Now,"The bull market on Wall Street persists, aided by stocks like Nvidia and Microsoft, which are posting tremendous results on the back of the artificial intelligence (AI) boom.  Many people feel the bull market will continue with a perceived business-friendly incoming administration and Big Tech investments in AI.  The number of hyperscale data centers (those over 100,000 square feet) eclipsed 1,000 this year, and the forecast is for at least 120 to come online annually for the foreseeable future.",Yahoo,https://finnhub.io/api/news?id=0573ccb466ba39ed7538bb3d23a836ce90575e33a427f90ceb6ef22484c0d3ae
2024-11-30 16:30:04,NVDA,Jensen Huang shares the pick-up line he used in college when he first met his wife,"""I had no idea what I was talking about. And then we got married. That’s all the advice I’m going to give all the entrepreneurs.""",Yahoo,https://finnhub.io/api/news?id=bc0d6b6d401821e6311f81c526f4bc3d9202198818611efd1117a31c2b52d000
2024-11-30 09:25:00,NVDA,"NVIDIA Corporation (NVDA) CEO Jensen Huang Declined Opportunity to Lead TSM, Reveals Founder Morris Chang","We recently compiled a list of the 9 AI News Updates That Analysts Are Monitoring. In this article, we are going to take a look at where NVIDIA Corporation (NASDAQ:NVDA) stands against the other AI stocks analysts are monitoring. OpenAI of ChatGPT fame has emerged as the poster child of the AI revolution. The AI models […]",Yahoo,https://finnhub.io/api/news?id=47c16cea75327e805f24bdbabb42ef1fdad4c27f65f942d017d4db56cd441236
2024-11-30 07:15:00,NVDA,Nvidia's Growing Faster Than You Think. This Table Proves It.,"Like clockwork, Nvidia (NASDAQ: NVDA) delivered another round of explosive growth in its third-quarter earnings report, but investors seemed to be missing the most impressive part of the performance.  While Nvidia's business spans everything from gaming to autonomous vehicles to visualization tools like the Omniverse, its success in the data center business, driven by the explosive growth of AI, has stolen the narrative and now makes up the vast majority of Nvidia's revenue.  While overall revenue in the fiscal 2025 third quarter jumped 94% from a year ago to $35.1 billion, growth in the data center segment was even stronger, climbing 112% from a year ago to $30.8 billion.",Yahoo,https://finnhub.io/api/news?id=367f01b55a37e9487cfd39e72e74c6e9c1f46a797cff717a0ca411077179f93c
2024-11-30 05:30:29,NVDA,"Biden admin debates on additional China chip curbs, Bloomberg says","The Biden administration is debating on additional curbs on the sales of semiconductor equipment and AI memory chips to China that would escalate the U.S. crackdown on Beijing’s technology ambitions but would stop short on some of the stricter measures previously considered, Mackenzie Hawkins of Bloomberg reports, citing people familiar with the matter. The restrictions could be revealed as soon as next week and follow months of deliberations by U.S. officials, negotiations with allies in Japan",Yahoo,https://finnhub.io/api/news?id=0650e58a44dd65eeca4f32f14d51fd9aa0008498e4a839f6c16b3796f419af12
2024-11-30 04:00:00,NVDA,Nvidia's Deceleration Attributed To Law Of Large Numbers -- Top AI Leadership,"Nvidia Corporation leads in AI with strong financial results, growth potential in cloud computing, and projected market expansion. Click for my NVDA Q3 update.",SeekingAlpha,https://finnhub.io/api/news?id=72d03611139bd4a4965e280d3791a4a2ad99057e4640098e9875ead67e169b91
2024-11-30 04:00:00,NVDA,"Salesforce, Marvell Technology, And Kroger Report As Earnings Season Slowing To A Crawl",Stay informed on key events in the market with Seeking Alpha's Wall Street Week Ahead newsletter.,SeekingAlpha,https://finnhub.io/api/news?id=8d42c1fabed762921d48411e35507b4b31f07439aa41810bdb9a0a4b896a82fc
2024-11-30 04:00:00,NVDA,"By Warren Buffett’s favorite financial metric, Berkshire’s net worth is $663 billion, leaving Nvidia ($66 billion) and Apple ($57 billion) in the dust","At 94, Buffett has managed to best the hottest tech companies around.",Yahoo,https://finnhub.io/api/news?id=8870f751757c523fab228bb2fce271eeac69d683a5fb129a6f3edaf7b514d79a
2024-11-30 04:00:00,NVDA,"Nvidia's AI audio model, Claude's new features, and funding for AI agents: This week's AI launches","Each week, Quartz rounds up product launches, updates, and funding news from artificial intelligence-focused startups and companies.",Yahoo,https://finnhub.io/api/news?id=a44a63c8506aa32a5f92350d614324970d8d99bc89cf204aec176a90ce2afcda
2024-11-30 03:43:00,NVDA,"The S&P 500 Is on Track to Do Something It Hasn't Done Since 1999, and Here's What It Could Mean for 2025",Historical data alone isn't a good indicator of what might be around the corner for the stock market.,Yahoo,https://finnhub.io/api/news?id=e568682c5a147cf7050b3b880794c791cdb3f0c666e8368e19813b04d83b3ac6
2024-11-30 02:55:00,NVDA,Palantir Stock vs. Nvidia Stock: Billionaires Buy One and Sell the Other,"Palantir Technologies (NASDAQ: PLTR) shares have soared by 285% this year, while Nvidia (NASDAQ: NVDA) shares have advanced by 175%.  Both companies play important roles in the burgeoning artificial intelligence (AI) economy, but several billionaire fund managers sold some of their Palantir stakes and bought more shares of Nvidia during the third quarter.  Cliff Asness of AQR Capital Management sold 99,140 shares of Palantir, cutting his position by 16%.",Yahoo,https://finnhub.io/api/news?id=fb1c801aa687edbbe1c985c63b5f66120b750ca744e45504251af5e671a1b867
2024-11-29 20:33:39,NVDA,Jim Cramer Says Nvidia (NVDA) Stock Price Not Capturing ‘Seismic Shift’ Happening in Market,"We recently published a list of Jim Cramer Is Talking About These 10 Stocks Heading Into December. In this article, we are going to take a look at where NVIDIA Corporation (NASDAQ:NVDA) stands against other stocks Jim Cramer is talking about as heading into December. Jim Cramer in a recent program talked about President-elect Donald […]",Yahoo,https://finnhub.io/api/news?id=f80637d43f0fa62526b911396cc19c47724eeb55a9788ede7b994d375a6f0512
2024-11-29 17:05:00,NVDA,Better Buy Now: Nvidia or the Other 29 Stocks in the Dow Jones Industrial Average?,"Nvidia (NASDAQ: NVDA) replaced Intel in the Dow Jones Industrial Average (DJINDICES: ^DJI) earlier this month, adding even more tech and semiconductor exposure to the historic index.  Here are some reasons why Nvidia could still be a growth stock worth buying now, but why investing in the Dow may be an even better buy for some investors.  Nvidia became the most valuable company in the world by transforming from a gaming and graphics visualization company to developing cutting-edge products that are powering advanced artificial intelligence (AI) applications.",Yahoo,https://finnhub.io/api/news?id=6f9e163e01456919a46ca868d8ab3feaff384c6babe1df3b24d6b96bf6e90d46
2024-11-29 16:19:00,NVDA,Will Nvidia's Blockbuster Results Be Enough to Send the Stock Higher?,"Nvidia (NASDAQ: NVDA) has been in sizzling form on the stock market in 2024, thanks to the stunning growth the company has been clocking quarter after quarter, which explains why the market was awaiting its fiscal 2025 third-quarter results (for the three months ended Oct. 27) with bated breath.  Does this mean Nvidia's red-hot rally has hit a speed bump?  Nvidia reported record quarterly revenue of $35.1 billion in fiscal Q3, an increase of 94% from the year-ago period.",Yahoo,https://finnhub.io/api/news?id=d4100e38531a9e2752298d5da9a95e518dd6771e74e841783a1abdc8898da7c2
2024-11-29 15:17:00,NVDA,Buy Dell Technologies or Hewlett Packard Stock for AI Server Growth?,"While demand for traditional PCs may be keeping Dell Technologies (DELL) and Hewlett Packard Enterprise (HPE) from firing on all cylinders, it's hard to overlook their stocks for exposure to AI.",Yahoo,https://finnhub.io/api/news?id=7672114b9046b3debd9ee6e715db593b955f3cae130a3744ca8dc67b8a7d8443
2024-11-29 13:58:00,NVDA,"S&P 500, Dow Notch Records to Cap Best Month of the Year","U.S. stocks were on track to end November with their biggest monthly gains this year, with chip stocks rallying Friday.",Yahoo,https://finnhub.io/api/news?id=0cd2a20c361ee89aff51c7b6e0584b25400647b8b277e6586fc1636233972388
2024-11-29 13:49:55,NVDA,"TSMC Founder Offered Nvidia's Jensen Huang CEO Role Over a Decade Ago, Memoir Reveals","Morris Chang, founder of TSMC, offered Nvidia's Jensen Huang the position of TSMC CEO over a decade ago",Yahoo,https://finnhub.io/api/news?id=e23aad12444f1c5d8362627b82480923454964a36411d0abf0dad31cd5639e9c
2024-11-29 13:28:03,NVDA,The Leadership Offer That Could've Changed Tech Forever--but Jensen Huang Said No,Why Nvidia and TSMC's CEOs made career-defining moves that shaped the trillion-dollar AI and semiconductor industries.,Yahoo,https://finnhub.io/api/news?id=c8f38295f087b8ba7e14ef41b4b9a8d938136b641f354536db6b63a9cf99c438
2024-11-29 13:03:39,NVDA,Nvidia Partnership Highlights Super Micro's Strategic AI Push Amid Financial Scrutiny,Super Micro's shares have dropped over the past six months due to concerns over accounting irregularities,Yahoo,https://finnhub.io/api/news?id=488fcecabb775d3d32f3b52e2117a06a105d523e9928a87d4b101fc5ee4ec448
2024-11-29 13:01:13,NVDA,NVIDIA Corporation (NVDA): A Bull Case Theory,"We came across a bullish thesis on NVIDIA Corporation (NVDA) on UncoverAlpha’s Substack by Rihard Jarc. In this article, we will summarize the bulls’ thesis on NVDA. NVIDIA Corporation (NVDA)’s share was trading at $136.92 as of Nov 26th. NVDA’s trailing and forward P/E were 54.05 and 32.57 respectively according to Yahoo Finance. Nvidia’s recent earnings […]",Yahoo,https://finnhub.io/api/news?id=0a1319f84f5082bb1bf20e1610c200609a80549eeb23c4ca1e28054765f0c376
2024-11-29 12:10:00,NVDA,"These Stocks Moved the Most Today: Super Micro, Nvidia, MicroStrategy, Tesla, Lam Research, and More","Shares in Super Micro Computer fall in what has been a volatile week for the stock, and Nvidia stock closes higher on Friday.",Yahoo,https://finnhub.io/api/news?id=7eb8dd2eac3da1acb662105db064538cda0ee6bf251ab076fb0ab0cfc08cd073
2024-11-29 12:02:07,NVDA,Dell Technologies Has A Major Refresh Cycle Coming In FY26 (Rating Downgrade),"Dell Technologies Inc. poised for growth in eFY26 with AI infrastructure sales, enterprise sales, and compute refresh cycle. Click for my DELL Q3 earnings update.",SeekingAlpha,https://finnhub.io/api/news?id=044ca2eaa9c3f8d31d2ea13c975b7d79263351bfe749a3e304085999ee1f2249
2024-11-29 09:51:11,NVDA,Chip stocks rise on reports that Trump tariffs could be less severe,"Semiconductor stocks (^SOX) are trading higher after Bloomberg reported that President-elect Donald Trump's chip tariff policies could be less strict than expected. Brian Sozzi and Julie Hyman break down what investors need to know on Catalysts. ASML Holding (ASML), Marvell Technology (MRVL), Applied Materials (AMAT), Taiwan Semiconductor Manufacturing Company (TSM), Nvidia (NVDA), and Qualcomm (QCOM) are among the chip sector gainers. To watch more expert insights and analysis on the latest market action, check out more Catalysts here. This post was written by Naomi Buchanan.",Yahoo,https://finnhub.io/api/news?id=4aaecf71e97ffcdfe40367b5a3d2ba4de75c25fb923a71c67cf3d88cfbc03347
2024-11-29 09:26:44,NVDA,"Tech sector rebounds: Nvidia, Alphabet, Microsoft in focus","The tech sector bounces back, with the Technology Select Sector SPDR Fund (XLK) making up for losses recorded before the Thanksgiving holiday. Brian Sozzi and Julie Hyman take a look at the top stories for Big Tech companies, including Nvidia (NVDA), Alphabet (GOOG, GOOGL), and Microsoft (MSFT), on Catalysts. To watch more expert insights and analysis on the latest market action, check out more Catalysts here. This post was written by Naomi Buchanan.",Yahoo,https://finnhub.io/api/news?id=fb3def854a7560f0187f2c82b9e3be289fcefd1c696aaa624eb7c4c6a509ff14
2024-11-29 09:26:42,NVDA,Dell Review: Blackwell Efficiency Problems (Rating Downgrade),Financial writer downgrades Dell Technologies Inc. from strong buy to hold due to underperforming AI PC and server sales. Click for our DELL Q3 update.,SeekingAlpha,https://finnhub.io/api/news?id=c8338b605313bb314901e1cb655161be163aab26caba9a79ef9d1d08eeac0731
2024-11-29 09:13:20,NVDA,TSMC Founder: Nvidia CEO Refused Leadership Role in Just 10 Minutes,"TSMC founder reveals Nvidia CEO turned down leadership offer, highlights decades-long friendship and industry insights",Yahoo,https://finnhub.io/api/news?id=c7c7909f826a4c59f67b4982eba89c926ef9724e8305bee4308107328c797800
2024-11-29 09:12:33,NVDA,"Nvidia, Macy’s, Walmart: 3 shocking PE ratios investors need to know","Yahoo Finance Executive Editor Brian Sozzi on Morning Brief to take a look at three forward price-to-earnings (P/E) ratios that he's watching: Macy's (M), Walmart (WMT), and Nvidia (NVDA). Market Domination Julie Hyman also discusses the high forward P/E ratios of Tesla (TSLA) and Palantir (PLTR). To watch more expert insights and analysis on the latest market action, check out more Morning Brief here. This post was written by Naomi Buchanan.",Yahoo,https://finnhub.io/api/news?id=bfa2a4c8980af1a59a56b93297414d440575c9b66c9d903ef63a3f47c76c606b
2024-11-29 09:11:00,NVDA,5 Low-Leverage Stocks to Buy After Unfavorable Consumer Price Data,"You can buy FOX, CCB, NVDA, FRPT and IDCC stocks to avoid losing big during times of crisis, as these stocks have low leverage",Yahoo,https://finnhub.io/api/news?id=726b15c90f21dfdd0e64014aa6ffd78f55e1a692780653c2f0b2c8c7132ef567
2024-11-29 08:55:08,NVDA,Does Nvidia (NVDA) Have the Potential to Rally 27.87% as Wall Street Analysts Expect?,"The consensus price target hints at a 27.9% upside potential for Nvidia (NVDA). While empirical research shows that this sought-after metric is hardly effective, an upward trend in earnings estimate revisions could mean that the stock will witness an upside in the near term.",Yahoo,https://finnhub.io/api/news?id=cc2085148115b5fa42dabe95bb9dd85af7a2faca7800d6d5560cb314cc854032
2024-11-29 08:54:22,NVDA,"Can Trump's Tariffs Hurt Nvidia? Yes And No, Analysts Say; Is Nvidia A Buy Or Sell?","Nvidia is rising back toward a buy point after the Thanksgiving holiday.  If you look back at Nvidia's stock chart, you can see the stock had been slipping in and out of a buy zone since October.  Meanwhile, President-elect Donald Trump said he plans big tariffs on goods from China, Mexico and Canada.",Yahoo,https://finnhub.io/api/news?id=187d7ee8b8c5d88a6be7d1e2b2e85564827aff9bc8346eeb3b2cb93224379480
2024-11-29 08:50:12,NVDA,Are You a Momentum Investor? This 1 Stock Could Be the Perfect Pick,"Wondering how to pick strong, market-beating stocks for your investment portfolio? Look no further than the Zacks Style Scores.",Yahoo,https://finnhub.io/api/news?id=40564086bf640a805539fb707a7a8510ea7d4da67cd37f2a6c99a9af9ac8b58a
2024-11-29 08:31:07,NVDA,Nvidia stock extends November gains as investors bet on 2025 AI dominance,Nvidia shares have added $2.9 trillion in market value since the launch of ChatGPT in November of 2022.,Yahoo,https://finnhub.io/api/news?id=3e578c7bfa65cb091aa4016b1c774a4339c4b8b1579a1ac5f57637c544b8e6b4
2024-11-29 07:23:51,NVDA,PagerDuty: Huge Upside Potential For This Underrated Stock,PagerDuty is poised for growth in the cybersecurity industry with AI advancements and strategic partnerships driving its competitive edge. Learn more on PD stock here.,SeekingAlpha,https://finnhub.io/api/news?id=c86aee618224314c49654be3cdd392c764ad479c70ac77378f544e2656c6d40b
2024-11-29 06:12:13,NVDA,AMD Downgrade: Don't Make The Mistake Of Buying Just Because It's Cheap,"Many analysts are recommending to buy Advanced Micro Devices, citing its cheap valuation.",SeekingAlpha,https://finnhub.io/api/news?id=10a8b03db42f2b0da95a12b22e50d105e6df4818f5276a0b6ab230670c7c1a44
2024-11-29 05:30:23,NVDA,QQQ: Don't Let The Skeptics Fool You,Invesco QQQ Trust ETF is a tech-focused ETF that has demonstrated its outperformance over time. Click here to find out why I maintain a buy rating on QQQ.,SeekingAlpha,https://finnhub.io/api/news?id=12bcd200a2fd1d7c516fbd323445365087e10e9232bc3f9b1d05798359f8b61b
2024-11-29 05:09:34,NVDA,Dell: I Am Buying The Drop (Technical Analysis),"Dell Technologies is emerging as a key player in AI, with significant capex and a strong performance in AI server orders. Find out why I rate DELL stock a buy.",SeekingAlpha,https://finnhub.io/api/news?id=6a918efecc54a510e869305d025030cd94d71a62495dd23bbaf18423ae44f956
2024-11-29 04:27:00,NVDA,Nvidia Stock Rises. Why the Good News Is Back.,Nvidia stock has been on a disappointing run since its earnings last week but the good vibes looked set to return in a holiday-shortened session Friday.,Yahoo,https://finnhub.io/api/news?id=c5f1f8a1f61c7b158628d222ba4528c0d7fdb03627292cd4be4dfc335487bf7d
2024-11-29 03:44:28,NVDA,Nvidia: Showing Strength Modernizing Computing And Creating AI Factories,"Article highlighting Nvidia Corporation's surge in demand post-ChatGPT, dominance in AI hardware, and long-term potential. Click for my NVDA Q3 earnings update.",SeekingAlpha,https://finnhub.io/api/news?id=b75555c74ed079e0f5e3e29ec498a16800354011771e2b8cf190056a92df94ee
2024-11-29 03:11:45,NVDA,Nvidia: Rightfully Declining Further Into Potential Buying Territory,Nvidia Corporationâs strong CAPEX growth faces deceleration. Learn why NVDA stock could be an attractive buy as it approaches its fair value range.,SeekingAlpha,https://finnhub.io/api/news?id=0be8f3f127b9a8fc1c0e85a3a3812db111bee4f65c18ed804ae7b7a8800fbfc3
2024-11-29 02:57:31,NVDA,QUAL: Focusing On High Quality American Companies,iShares MSCI USA Quality Factor ETF offers quality but limited differentiation. See why QUAL's performance may not justify its elevated price-to-book ratio.,SeekingAlpha,https://finnhub.io/api/news?id=503236e1df72a9d7eb20280c48409924c70a8a6c52266ff2f63056b65da1a704
2024-11-29 02:30:00,NVDA,Dell: Temporary Blip Presents A Rock-Solid Buying Opportunity,Dell investors were hit as the company's outlook at its recent earnings release disappointed. Read on to find why I think DELL's stock pullback is a buying opportunity.,SeekingAlpha,https://finnhub.io/api/news?id=9e0bdf083f76225a1729cb5db60ea0a98f479e2037a8a7c705517a6d24bddef4
2024-11-29 01:30:00,NVDA,Forget Big Tech - I'll Take Dividend Stalwarts Any Day,"Discover why dividend stocks in VYM and SCHD ETFs offer a safer alternative to tech investments, with strong cash flow, low risks, and reliable growth. Read what investors need to know.",SeekingAlpha,https://finnhub.io/api/news?id=a8a735e7b1273f4a2c8451dcb50ebf7ae4ff50766d6e4bde3cadfe36b59eea7f
2024-11-28 23:36:48,NVDA,Palantir Needs An Nvidia Moment To Justify Its Valuation,Palantir's 30% YoY revenue increase raises questions on valuation. See why PLTR stock may need Nvidia-like growth to justify current levels.,SeekingAlpha,https://finnhub.io/api/news?id=2a07f706526e8f09bd7be1b9abebb6275815bbc4b773d5331288831a30fdcfa5
2024-11-28 22:42:20,NVDA,Nvidia: Why I Am Doubling Down On The Drop,"Nvidia's sales nearly doubled YoY, with profits growing even faster than sales. Find out why NVDA stock is a Buy.",SeekingAlpha,https://finnhub.io/api/news?id=d0596bf2ca13c24c6f0e2a3db14fc809dcea44121a1a3fe1e83851e282ab3838
2024-11-28 21:00:00,NVDA,Janus Henderson Global Sustainable Equity ADR Managed Account Q3 2024 Commentary,The Portfolio returned 3.70% (gross) and the MSCI World Gross TR returned 6.46%. Read more here.,SeekingAlpha,https://finnhub.io/api/news?id=9e2723cbda518382df9417c10cc49f099b60762608e86025a41e6741f99c57c9
2024-11-28 20:35:00,NVDA,Janus Henderson Global Research Fund Q3 2024 Commentary,Janus Henderson Global Research Fund  returned 4.50% and the MSCI World IndexSM returned 6.36% for Q3 2024. Click here to read the full commentary.  ,SeekingAlpha,https://finnhub.io/api/news?id=ec9f5a9e406757a7f960793a80e0201c51a0e924024543922a3b0c3789976ab6
2024-11-28 14:07:40,NVDA,Why NVIDIA Corporation (NVDA) Is the Best Extremely Profitable Stock to Buy Now?,"We recently published a list of 10 Best Extremely Profitable Stocks to Buy Now. In this article, we are going to take a look at where NVIDIA Corporation (NASDAQ:NVDA) stands against other best extremely profitable stocks to buy now. Can the S&P Hit 7,000 By the End of 2025? Ed Yardeni, president of Yardeni Research, […]",Yahoo,https://finnhub.io/api/news?id=ec8ddf9f2c66f327ba8906becdf38eb48c7a116b94b2927ac241bde1e2f86313
2024-11-28 13:50:23,NVDA,NVIDIA Corporation (NVDA) Supply Chain Boosted by Vishay’s Strong Orders for AI Servers and RTX 50 Series,"We recently compiled a list of the 15 AI Stocks on Wall Street’s Radar. In this article, we are going to take a look at where NVIDIA Corporation (NASDAQ:NVDA) stands against the other AI stocks. Uber, the ride-hailing company that has yet to catch onto the AI boom, is reportedly expanding its fleet of gig workers […]",Yahoo,https://finnhub.io/api/news?id=50457fa216efbae3882f7ebbcbf23328e8728c2bc5759c0fbdea648bd8d887fb
2024-11-28 08:00:00,NVDA,"Bitcoin Set to Cross $100,000 on Post-Election Rally: 4 Stocks to Buy","Stocks like COIN, BLK, ACN and NVDA are poised to gain from the ongoing Bitcoin rally.",Yahoo,https://finnhub.io/api/news?id=eff8094f869cfeb55b9f5f86f6217444cb16e13130ea69aed2ea587b77345919
2024-11-28 07:51:00,NVDA,Is IBM Stock a Buy?,"While other AI stocks soar, IBM takes a slow and steady approach. Is Big Blue poised for massive long-term gains as its AI strategy unfolds?",Yahoo,https://finnhub.io/api/news?id=222559de650ff69a8b165e82829a2791208d66834b9c328fdfaae71419f4e915
2024-11-28 05:40:00,NVDA,Janus Henderson Forty Fund Q3 2024 Commentary,The Janus Henderson Forty Fund returned 5.23% and the Russell 1000Â® Growth Index returned 3.19% for Q3 2024. Click here to read the full commentary. ,SeekingAlpha,https://finnhub.io/api/news?id=76fdf961d575a4ee1b622b8fbf13422d035e2baaccc3f305144d523ed600f266
2024-11-28 04:50:00,NVDA,Could Rigetti Computing Become the Next Nvidia?,The fledgling quantum computing company has some ambitious plans.,Yahoo,https://finnhub.io/api/news?id=e0aa2ce8428d0c8431df7be7e723f8e25bbeda30f9fb2a85c508e724bc0ed590
2024-11-28 04:00:00,NVDA,Stock-Split Watch: 1 Under-the-Radar Growth Stock Up 510% Since the Beginning of 2023,This leading streaming company has made its investors a fortune in the past two years.,Yahoo,https://finnhub.io/api/news?id=b456a67d2ad55cd0839b57bf0f4fc268acd6b98e1fada1649d90f92182819599
2024-11-28 03:57:00,NVDA,36% of Nvidia's $35 Billion in Q3 Revenue Came From Just 3 Mystery Customers,Nvidia's growth potential might be in the hands of just a few of its top customers.,Yahoo,https://finnhub.io/api/news?id=68da6e54c1a893cb3db4b994c3012dd8d365c515fe7d8b7d01849fffc27acb51
2024-11-28 03:53:00,NVDA,Janus Henderson Global Technology And Innovation Fund Q3 2024 Commentary,Janus Henderson Global Technology And Innovation Fund returned 0.53% and the S&P 500Â® Index returned 5.89%. Read more here.,SeekingAlpha,https://finnhub.io/api/news?id=9c2631241cd3bd056afa276c00d18dedb4b42da57214b794685695ea17e3a7e6
2024-11-28 03:30:00,NVDA,1 Growth Stock Down 38% to Buy Right Now,"Several top chip stocks have surged to new highs recently, but Advanced Micro Devices (NASDAQ: AMD) has trailed the pack.  Revenue from data centers grew 122% year over year in Q3, driven by strong sales of AMD's EPYC central processing units (CPUs) and Instinct graphics process units (GPUs).  EPYC has become a popular CPU for data centers due to its ability to deliver competitive performance while driving down the cost of ownership.",Yahoo,https://finnhub.io/api/news?id=78cee344326e4a7cfe02a95a80e515fc8fc1b87a282bab23fa389928efd9de35
2024-11-28 03:05:00,NVDA,Janus Henderson Concentrated Growth Managed Account Q3 2024 Commentary,"The Janus Henderson Concentrated Growth Managed Account Portfolio returned 4.87% 
(gross) for Q3 2024. Click here to read the full commentary. ",SeekingAlpha,https://finnhub.io/api/news?id=8850d4c13507d94fb162193ca20fc2d146b48a64b92968a47914d40e5d42996f
2024-11-28 02:50:00,NVDA,Janus Henderson Concentrated All Cap Growth Managed Account Q3 2024 Commentary,"The Janus Henderson Concentrated All Cap Growth Managed Account Portfolio returned 5.07% 
(gross) for Q3 2024. Click here to read the full commentary. ",SeekingAlpha,https://finnhub.io/api/news?id=6a2d7d4e15b034954e7abb2f8586651082fbedb0bf73c8eb6c9886f92c1e4ee1
2024-11-28 02:45:00,NVDA,Prediction: This Hypergrowth Stock Will Be the First $10 Trillion Stock (Hint: It's Not Nvidia),"In fact, this company is increasingly encroaching on Nvidia's turf.",Yahoo,https://finnhub.io/api/news?id=c3b584034a82f7bb47324ece9dc73bd764ed9b05240e1d5140e633ff948a9282
2024-11-28 02:36:00,NVDA,Comcast Spins Out Cable Networks,"We also chat about Nvidia, MicroStrategy, and EastGroup Properties.",Yahoo,https://finnhub.io/api/news?id=977cfaad1d87355d28443d8b83392dc662cbb78ff35adc331acf75efa7356ead
2024-11-28 02:00:00,NVDA,Lattice Has A Challenging Macroeconomic Environment To Overcome,"Lattice Semiconductor's Q3â24 earnings were in line with estimates, reporting $127.1M in revenue and $0.24 EPS. Read why I downgrade LSCC stock from buy to hold.",SeekingAlpha,https://finnhub.io/api/news?id=34c9967aa3c73e42093def51b00a67b7acd228b80e1f8e5592ff4210a03b1df0
2024-11-27 23:55:00,NVDA,Janus Henderson Balanced Fund Q3 2024 Commentary,We are positive on the U.S. economy and earnings and cautious on equity valuations in certain sectors.,SeekingAlpha,https://finnhub.io/api/news?id=3a40b72d963b6e5657ca53c79fa2ba9f971c178fe00530375505ffa76682cf10
2024-11-27 23:00:19,NVDA,Nvidia and the AI boom faces a scaling problem,"The computational “law” that made Nvidia the world’s most valuable company is starting to break down. This is not the famous Moore’s Law, the...",Yahoo,https://finnhub.io/api/news?id=02b803802a3fc276cd9eefaf1b185907076c919c117838400acead2448aa0655
2024-11-27 22:40:48,NVDA,Why NVDA Stock Lost 10% in One Week,"NVIDIA Corporation (NASDAQ: NVDA) earnings have pulled back since the chipmaker posted its third-quarter earnings report last week. Here is what happened: Analysts note that the stock has had some post-earnings reactions. NVIDIA Corporation (NASDAQ: NVDA) reported impressive quarterly results with sales of $35 billion, a 94% year-over-year growth. Its data center business grew even […]",Yahoo,https://finnhub.io/api/news?id=2ee4a5c2eaa094e3aeaf084c182cf9b53efc979f800318bb8f50e28e748e24b2
2024-11-27 22:29:06,NVDA,Nvidia: Potential For Growth,Nvidia's exceptional financial performance is driven by explosive GPU demand for AI. Read why I still see growth potential for NVDA stock.,SeekingAlpha,https://finnhub.io/api/news?id=41384aa9beeb77ef5d80011c4da4612d97afa4a5a4493c481306ff077f64d724
2024-11-27 17:16:40,NVDA,"This is the next catalyst that could push Nvidia stock up to 27% higher by January, according to Citi","Nvidia CEO Jensen Huang will deliver the opening keynote at CES 2025 on January 6, followed by a Q&A event for financial analysts on January 7.",Yahoo,https://finnhub.io/api/news?id=da6d83be64cc218a36f84e71283edcd582c5bc49c1d99626cc7e893448634658
2024-11-27 17:03:00,NVDA,CEO Jensen Huang Just Delivered Fantastic News for Nvidia Investors,"Nvidia (NASDAQ: NVDA) recently reported another blowout quarter.  After guiding investors to expect revenue in its fiscal 2025 third quarter to be around $32.5 billion, the leading artificial intelligence (AI) company reported record quarterly sales of $35.1 billion for the period ended Oct. 27.  Analysts had already baked in another big quarter, and Nvidia stock reflects much future success.",Yahoo,https://finnhub.io/api/news?id=bc2042fb4bad84ecb4d646040b29eb1c733f4c2a1742986ed91333a1e813112e
2024-11-27 15:23:33,NVDA,NVIDIA Corporation (NVDA) Eyes AI Memory Chip Certification as Samsung Reshuffles Leadership Amid AI Chip Struggles,"We recently compiled a list of the 15 AI News You Should Not Ignore. In this article, we are going to take a look at where NVIDIA Corporation (NASDAQ:NVDA) stands against the other AI stocks. Even as the United States pursues a tougher trade policy towards China, the latest indication being the tightening of export restrictions […]",Yahoo,https://finnhub.io/api/news?id=84a809e10cb9b4d5394beeaf9ba93e0977ce85ffcd59c3e5aa42d5ab31a5ebec
2024-11-27 15:09:19,NVDA,"Dow Jones Slides, Nvidia Falters As Trump Rally Sputters; Warren Buffett's Berkshire Hits All-Time High (Live Coverage)",Major indexes were mixed in early trades Wednesday after October's inflation data. Nvidia fell 2% amid tech earnings.,Yahoo,https://finnhub.io/api/news?id=47e11f8bbdf2effc3f28ca05d8b03342623e741c966e68dc6b809ac951bfb083
2024-11-27 13:35:59,NVDA,Q1 2025 Iris Energy Ltd Earnings Call,Q1 2025 Iris Energy Ltd Earnings Call,Yahoo,https://finnhub.io/api/news?id=871561c2b0475c86cf39e92031be01744869f094f61379dbafe1c77b824db97e
2024-11-27 13:00:00,NVDA,Nvidia stock falls more than 10% in a week as Trump talk tariffs,"While Nvidia’s (NVDA) shares have tripled in value so far this year, its shares dropped more than 10% in the week after it reported fiscal third-quarter earnings.",Yahoo,https://finnhub.io/api/news?id=47bf8e75c771d7c17cf8bd51245bcf456b95ab310c09c472d6558950a65c5fb5
2024-11-27 12:28:19,NVDA,Nvidia's Latest Record Quarter Show Its AI Dominance Remains Intact,"Last week, Nvidia Corporation (NASDAQ: NVDA) issued its third quarter results, topping both sales and earnings estimates as well as posting a better-than-expected current quarter guidance as its end-customers, including Microsoft Corporation (NASDAQ: MSFT), Open AI and Oracle Corporation (NYSE: ORCL), have started receiving its next-generation AI chip, the mighty Blackwell, that is now in full production. Third Quarter Highlights For the quarter ended on October 27th, Nvidia reported its revenue",Yahoo,https://finnhub.io/api/news?id=72b80c1241dbfc195a1e9221a9c0c183494db2ebfaaa8e9ae28580c772517b3e
2024-11-27 12:25:18,NVDA,"Nvidia GPU Delays Weigh on Dell's Q3 Results, Shares Fall","Nvidia GPU delays impacted Dell's AI-related revenue for Q3, affecting guidance",Yahoo,https://finnhub.io/api/news?id=19bc3d938fca3409c50b930e72ca8b8ecc5d07c8c3dae482c51006c58e86b82b
2024-11-27 12:19:53,NVDA,NVIDIA Stock Falls 3% Amid Rising Investor Caution on AI Growth,"Amazon's Chip Push Sparks Worry, But NVIDIA Stays Strong, Says Cramer",Yahoo,https://finnhub.io/api/news?id=234fbd4e1e87d4a97a1dcc34b7ce4fe056494e2dfed8aaa62c3c3bfe62e581f4
2024-11-27 12:16:16,NVDA,QQQ: Nvidia's Huang Warns About AI -- This Could Burst The Bubble,Investors should sell the tech-heavy Invesco QQQ Trust ETF in response to Huang's warning. Click here to read an analysis of QQQ ETF here.,SeekingAlpha,https://finnhub.io/api/news?id=43d49c00c0e5c9bfb4e7476bb0437de8169f4044d36f6f2112ab28ad9ddc4b9b
2024-11-27 12:16:03,NVDA,"Nvidia Slips Again On Post-Earnings Blues, New China Trade War",Nvidia stock slipped again on post-earnings worries plus growing concerns about a new trade war with China.,Yahoo,https://finnhub.io/api/news?id=769ec4a6344ca949109df5cedc248e5215ee4380456f6d12fc7c15ba80267e78
2024-11-27 12:11:47,NVDA,Elon Musk is straining Nvidia's supply of AI chips,Tesla (TSLA) CEO Elon Musk’s aggressive pursuit of artificial intelligence chips for his supercomputer has pushed Nvidia (NVDA) to its production limits.,Yahoo,https://finnhub.io/api/news?id=3cfb9f36be8d7aef5e642184ca5e58538ba63445d44f3eecad8a1d9c10ac1836
2024-11-27 11:57:10,NVDA,"Long Term, Short Term: Nvidia Q3 Earnings Review",Nvidia's strong margins and cash pile support its market position. See why NVDA stock is rated cautiously with potential upside to $200/share.,SeekingAlpha,https://finnhub.io/api/news?id=d3e1502fd88b447ef7664353764cb158b8842504afb3eca1a921b328eb932861
2024-11-27 11:04:01,NVDA,Coherent Holds An Nvidia-Like Gain. AI Is Just One Reason Why.,A financial transformation under new leadership is just one reason to be bullish about Coherent. Robust AI-powered earnings is another.,Yahoo,https://finnhub.io/api/news?id=32b2c2e0e07cfafa2bdeb87eed71748037c20f9d66a6d8bf747654c4674e1480
2024-11-27 10:45:48,NVDA,Here is why NVDA Stock is Declining Today According to Jim Cramer,"NVIDIA Corporation (NASDAQ:NVDA)- the AI powerhouse of the Magnificent Seven- is down 3.18% at the time of writing. Jim Cramer sheds light on what’s happening: Some investors say there’s growing skepticism that things have peaked with Nvidia. According to Cramer, nothing is wrong. After all, we just saw the numbers, and they were great. The […]",Yahoo,https://finnhub.io/api/news?id=7be7fba8ad2ac323f51b9876b986e27e4e73141775f1446ecb2d9ce9101b4fa5
2024-11-27 10:34:53,NVDA,Explainer: Amazon to unveil DIY AI chips as Big Tech hedges against AI chip supply squeeze,"Big Tech has been panic buying AI chips, since GenAI’s emergence in 2022, to reduce reliance on Nvidia. And now it is designing its own.",Yahoo,https://finnhub.io/api/news?id=c73c0d664d28875ebf3d12582154bd032ef7322131389952f2dec78b51da931e
2024-11-27 10:08:22,NVDA,As Nvidia Breaks Key Support Look Out For These Levels Below; Is Nvidia A Buy Or Sell?,"Nvidia fell below its 50-day moving average on Wednesday. What does that mean for investors? If you look back at Nvidia's stock chart, you can see the stock had been slipping in and out of a buy zone since October.",Yahoo,https://finnhub.io/api/news?id=fd6017e264727ea5231aecf9558b50f6062a5b1019fdea69505babb9eb47548f
2024-11-27 10:03:22,NVDA,CSM: Unconvincing Long-Short ETF,"The ProShares Large Cap Core Plus (CSM) employs a 130/30 strategy, targeting large-cap U.S. stocks with a multi-factor model. Read the full ETF analysis here on Seeking Alpha.",SeekingAlpha,https://finnhub.io/api/news?id=eb7bde2b420d0bf0d064a877741ca1135101f1d2150bc5a51abdc70bd11573ea
2024-11-27 09:59:00,NVDA,"Nvidia Stock Heads Into the Holiday Falling. Tariff Talk, Dell Earnings Haven’t Helped.","Shares of  Nvidia  were sliding Wednesday after the semiconductor maker, which has almost tripled in value over the past year, recorded a small gain Tuesday.  The results exceeded Wall Street analysts’ expectations, but they weren’t enough to impress investors who have already priced in explosive earnings growth to the shares.  Nvidia  has other things to worry about as well.",Yahoo,https://finnhub.io/api/news?id=923189ba096247b62829ffd5ab9c6acc4a28ff2f8770a67e74b9e252a44ab6b9
2024-11-27 09:45:10,NVDA,NVIDIA Corporation (NVDA) Strategic Move: Samsung’s GDDR7 Chosen for GeForce RTX 50 Series,"We recently published a list of 15 Trending AI Stocks on Latest News and Ratings. In this article, we are going to take a look at where NVIDIA Corporation (NASDAQ:NVDA) stands against other trending AI stocks on latest news and ratings. When BlackRock, the investment titan with more than $10 trillion in assets under management, […]",Yahoo,https://finnhub.io/api/news?id=4e2425fd3227c66acb0a390737c81d70d4c003136b8448f3d588f4773e8e02f7
2024-11-27 09:32:41,NVDA,Here’s Why Columbia Seligman Global Technology Fund Remains Cautious About NVIDIA Corporation’s (NVDA) High Customer Concentration,"Columbia Threadneedle Investments, an investment management company released its “Columbia Seligman Global Technology Fund” third quarter 2024 investor letter. A copy of the letter can be downloaded here. Equity markets rose in the third quarter with the large-cap Russell 1000 Index gaining 6.08%, raising its year-to-date return to 21.18%. The fund’s Institutional Class shares returned […]",Yahoo,https://finnhub.io/api/news?id=c6b9dafe89adb8ee757b70ec54cc86ac7b39d9a2133896513f597eb703610ce3
2024-11-27 06:48:01,NVDA,Dell Plummets 12%: AI Wins Overshadowed by Weak Guidance,"Despite record AI growth, Dell's downgraded outlook and sluggish PC sales trigger a sharp 12% stock drop.",Yahoo,https://finnhub.io/api/news?id=ad435cdcca2c5f2bbae9bfe80c8a8183deeeb25b845a92afe66784191a88ff4c
2024-11-27 06:45:00,NVDA,Billionaire Jeff Yass Reduced Susquehanna's Stake in Nvidia by 29% and Bought 2 Million Shares of This Other Artificial Intelligence (AI) Semiconductor Stock Instead,"Jeff Yass' fund, Susquehanna International Group, has been offloading its position in Nvidia and quietly building a stake in another chip stock.",Yahoo,https://finnhub.io/api/news?id=14bd0037185137a59c4016e7dba3f214185f085b22ae61cec52055183cf112f3
2024-11-27 06:35:44,NVDA,Dow Jones Futures: Fed Inflation Data Due; Bitcoin Rises As CrowdStrike Leads Earnings Movers,Futures fell slightly with the Fed's favorite inflation gauge on tap. CrowdStrike leads key earnings movers. Amazon and megacaps helped the S&P 500 hit fresh highs Tuesday.,Yahoo,https://finnhub.io/api/news?id=77b497a15a6c15e9846782f754f33e9b52eaca79c09acf88e30927ee0bf9fcde
2024-11-27 06:13:28,NVDA,NVIDIA Corp (NVDA) Introduces Fugatto: AI Model Revolutionizes Sound Creation for Media,"We recently published a list of 15 AI News Updates Wall Street Is Monitoring. In this article, we are going to take a look at where NVIDIA Corporation (NASDAQ:NVDA) stands against other AI news updates that Wall Street is monitoring. AI companies in the United States, many of whom have extensive business relations in China, […]",Yahoo,https://finnhub.io/api/news?id=f1d6d61355e29817497c911366dd16926d02ace72f0dce25609b01292006bc99
2024-11-27 06:12:22,NVDA,"NVIDIA Corporation (NVDA): China Welcomes NVIDIA’s Presence, Aims to Improve US-China Trade Relations","We recently compiled a list of the 15 AI Stocks That are Making Headlines. In this article, we are going to take a look at where NVIDIA Corporation (NASDAQ:NVDA) stands against the other AI stocks. Perplexity, the California-based AI startup that is challenging the dominance of Google in the Internet Search market, is considering the development […]",Yahoo,https://finnhub.io/api/news?id=305eafd1976fb80c7ed74aca1d5f2173d9ae6710a71b1ed465bb24780fd16606
2024-11-27 06:00:00,NVDA,Is Nvidia Still the Best Artificial Intelligence (AI) Stock to Own for 2025?,"Nvidia (NASDAQ: NVDA) has undoubtedly been one of (if not the) best artificial intelligence (AI) stocks to own in 2023 and 2024.  Why is Nvidia the AI leader in the first place?  As AI models become more complex, they will require increased computing power to develop.",Yahoo,https://finnhub.io/api/news?id=bdd667aec13aff93777b89de73e7124743e967aeba8817aa9bc0b50732fb92f7
2024-11-27 06:00:00,NVDA,Better Semiconductor Stock: Nvidia vs. Taiwan Semiconductor,"Artificial intelligence has been a boon to businesses in the semiconductor industry as customers upgrade their technology to support the needs of AI systems.  Arguably the biggest beneficiaries of this trend are two titans of the industry, Nvidia (NASDAQ: NVDA) and Taiwan Semiconductor Manufacturing (NYSE: TSM), popularly known as TSMC.  Nvidia is seeing outsized demand for its AI-related products.",Yahoo,https://finnhub.io/api/news?id=9b3cae7bb574f0a196f2b8e81045d812165265a2117fa1268149e747036b0f1f
2024-11-27 05:37:29,NVDA,Dell Q3 Earnings: A Rare Dip-Buy Opportunity,Dell Technologiesâ AI and cloud demand drive infrastructure growth. Read why DELL stock offers upside with catalysts like Blackwell AI servers and a PC refresh.,SeekingAlpha,https://finnhub.io/api/news?id=03c9aa64d5bfb7a67a9d3a6d7ee30df8f1912d62a55dc2f059439c5b1cdfd5a7
2024-11-27 04:58:15,NVDA,"Trending tickers: Dell, HP, CrowdStrike, EasyJet and Just Eat",The latest investor updates on stocks that are trending on Wednesday.,Yahoo,https://finnhub.io/api/news?id=e192aa6e0cc1cf207f354facecd0c3d021a7d7cd909273349add3df9a9711eab
2024-11-27 04:55:00,NVDA,The Success of Nvidia's Blackwell Isn't the Only Reason to Buy the Stock,"Nvidia's (NASDAQ: NVDA) strong artificial intelligence (AI)-related growth has driven the shares up 179% so far in 2024, at the time of this writing.  The stock trades at a high price-to-earnings ratio of 55, so investors understandably have high expectations for growth heading into the new year.",Yahoo,https://finnhub.io/api/news?id=84321a68f874bde4883b8fad1a046823d2c57e559a6897849ff267cd0c7cebe9
2024-11-27 04:30:00,NVDA,Inside Elon Musk’s Quest to Beat OpenAI at Its Own Game,"The Tesla CEO is racing to make xAI, which launched after its competitors, the world’s most advanced AI company.",Yahoo,https://finnhub.io/api/news?id=78059ae383597979fc5dcb6f2c149f9b2f3f55a0cf6b484f70925d8435df14dd
2024-11-27 04:18:00,NVDA,Why AMD Stock Is A Gift At $138 (Technical Analysis),Advanced Micro Devices' stock is undervalued and offers profit growth potential driven by data center sales surge. Read why I maintain a Strong Buy rating on AMD stock.,SeekingAlpha,https://finnhub.io/api/news?id=2234c54ce39934818d87a7e1f023a121fa45808f84ec2ad4dac02eb947acb460
2024-11-27 04:06:00,NVDA,Billionaire Ken Griffin Sold 91% of Citadel's Stake in Palantir and Nearly Tripled His Position in This Cutting-Edge Artificial Intelligence (AI) Stock,Griffin's Citadel hedge fund made some big moves in the artificial intelligence (AI) arena during the September-ended quarter.,Yahoo,https://finnhub.io/api/news?id=d6b55c042205b77e900b15c19d81f189e10228708ea68651363d5af222849437
2024-11-27 04:01:37,NVDA,Nvidia: I Am Buying The Drop (Technical Analysis) (Rating Upgrade),Nvidia's earnings show strong growth with Q3 revenue up 94% YoY and data center sales driving impressive performance. Learn more about NVDA stock here.,SeekingAlpha,https://finnhub.io/api/news?id=b8e82134a1d37f731a2eff81b30fa7fcc14d677edf50cf963863d125439142d4
2024-11-27 03:52:00,NVDA,"Nvidia CEO Jensen Huang Says This Is the ""Next Wave of AI"" -- and He Singled Out 1 Potential Big Winner Other Than Nvidia","If you want to learn where artificial intelligence (AI) could be heading, you'll probably want to pay attention to Nvidia (NASDAQ: NVDA) CEO Jensen Huang.  After all, Huang's company is arguably the most important player in the AI world right now.  Nvidia's graphics processing units (GPUs) remain the gold standard for powering large-scale AI models.",Yahoo,https://finnhub.io/api/news?id=00565100d59ad16178afce99cfd26b5148d37a12728d8e6e3c025f565e056c69
2024-11-27 03:50:09,NVDA,Quantum Computing: Wait For A Pullback,"Quantum Computing has seen a significant stock surge, driven by its Q3 2024 financial report. See why I rate QUBT stock as a hold.",SeekingAlpha,https://finnhub.io/api/news?id=9a6a6c0997f14f7197490e65f2fb898888107e262c4966b668dc7deb030b1d8c
2024-11-27 03:30:00,NVDA,Hong Kong's AI efforts connect China and rest of the world amid geopolitical tensions,"Hong Kong plays a major role in the artificial intelligence (AI) industry in terms of connecting mainland China and the rest of the world amid geopolitical headwinds, according to a senior executive at the Hong Kong Productivity Council (HKPC). ""At the moment, we are artificially creating a barrier between the US and mainland China, and that will stifle the development of technology,"" Lawrence Cheung Chi-chong, HKPC's chief technology officer, said in an interview on the sidelines of an AI confe",Yahoo,https://finnhub.io/api/news?id=30434b27976bcc325639d116267ed2977ccc442969f829aafa90e774f1b588cd
2024-11-27 03:30:00,NVDA,"Walmart Is Up 72% in 2024, but Is the Dow Dividend Stock a Buy at an All-Time High?","Here's what's behind Walmart's breakout year and if the dividend stock is worth buying at its all-time high.  The following chart provides an excellent picture of Walmart's performance over the last 20 years.  In the late 2000s, Walmart thrived, with strong revenue growth and 5.5% to 6% operating margins.",Yahoo,https://finnhub.io/api/news?id=f99b09140c0c918b2b58de568171e5c1a31097b8743b661a3eacf890fd214e28
2024-11-27 03:26:00,NVDA,"This Unstoppable ETF Soared 794% Over the Last 10 Years. Here's How It Could Turn $250,000 Into $1 Million Over the Next Decade (or Less).",Nvidia and other chip giants in the artificial intelligence space have powered this ETF to incredible long-term returns.,Yahoo,https://finnhub.io/api/news?id=c87f813f3e444b97f7ba7c50bc3668efbc00afcf6eb9a921d8980c1b53497dd6
2024-11-27 02:27:54,NVDA,SK Hynix Hikes Dividend Payout to $2.1 Billion as AI Lead Widens,"(Bloomberg) -- SK Hynix Inc. plans to raise its dividend payout by 25% to roughly $2.1 billion from 2025 to 2027, reflecting the rapid growth it’s undergone since staking out a lead in the market for AI memory chips.Most Read from BloombergNew York City’s ‘Living Breakwaters’ Brace for Stormier SeasIn Italy’s Motor City, Car-Free Options Are GrowingIn Kansas City, a First-Ever Stadium Designed for Women’s Sports Takes the FieldNYC's Underground Steam System May Be Key to a Greener FutureNYC Gets",Yahoo,https://finnhub.io/api/news?id=e29104c9a2ad26b6f153ecb2c54bde661e5e0aa8584adb5515600a1f7289e2df
2024-11-27 01:20:00,NVDA,Invesco Rising Dividends Fund Q3 2024 Commentary,Underperformance was driven by stock selection in the information technologyÂ and financials sectors.,SeekingAlpha,https://finnhub.io/api/news?id=a63d363879459e4dd570ae375184b2511110604effc9b6ace0ddbf0e9e8bc369
2024-11-27 00:22:00,NVDA,"Zacks Investment Ideas feature highlights: Nvidia's, Coinbase, Tesla and Astera Labs","Nvidia's, Coinbase, Tesla and Astera Labs have been highlighted in this Investment Ideas article.",Yahoo,https://finnhub.io/api/news?id=c24a65b6e8452f244581497dad5357354c15fe3e809879c6fc75eb9cb6233c4a
2024-11-27 00:10:00,NVDA,Invesco Main Street Fund Q3 2024 Commentary,"Underperformance mainly resulted from stock selection in the consumer discretionary, financials and industrials sectors.",SeekingAlpha,https://finnhub.io/api/news?id=d5fd56b89824b74f2467c11f52ac53160a876a10f128a23ff4b6c99157cbc25d
2024-11-26 23:45:00,NVDA,Invesco Equally-Weighted S&P 500 Fund Q3 2024 Commentary,The fundâs positioning within the information technology and industrial sectors had the largest positive effect on relative return.,SeekingAlpha,https://finnhub.io/api/news?id=1eaa728bac120999a9735daa287e77798dbdb8e9fdb2564b66fdc87f2c394ac8
2024-11-26 22:58:19,NVDA,ASML's Sell-Off Is Exaggerated,"ASML's near-monopoly in EUV lithography systems positions it uniquely in the semiconductor supply chain, which is crucial for advanced AI-driven chip production. Read more here.",SeekingAlpha,https://finnhub.io/api/news?id=f58f0139d49e4b82833b8a3e3edef14a54b875c2af779a961137349dce6146fc
2024-11-26 22:07:24,NVDA,"Nvidia: Blackwell In Full Production, As Promised",Nvidia's data center disruption is expected to drive over 100% revenue growth in fiscal 2025 and beyond. Read why I remain bullish on NVDA stock.,SeekingAlpha,https://finnhub.io/api/news?id=10d5aadd04181fa2d03d184090b578cf5a9e5172c4d7fa832708ca2dce81e313
2024-11-26 19:05:27,NVDA,Amazon.com (AMZN) Invests $4B in Anthropic: A Strategic Move to Challenge NVIDIA in AI,"We recently published a list of 15 AI News Updates Investors Should Not Miss. In this article, we are going to take a look at where Amazon.com, Inc. (NASDAQ:AMZN) stands against other AI news updates investors should not miss. A latest report into the adoption of AI in the United Kingdom has revealed that even […]",Yahoo,https://finnhub.io/api/news?id=a6beca79d683a5383f5200ca3a9681bb233b7036a1ac438bd39726d4063a6de4
2024-11-26 17:01:56,NVDA,"HP earnings in line with expectations, CEO says tariffs would hit the consumer",HP CEO Enrique Lores weighs in on potential tariffs from the Trump administration.,Yahoo,https://finnhub.io/api/news?id=a2c9d64b06100f704c167aa943a63ea27fa83f4061fc12435463014f42b3c969
2024-11-26 16:26:44,NVDA,Dow Jones Futures: S&P 500 Hits Highs As Bitcoin Skids; CrowdStrike Leads Movers Late,Amazon and megacaps helped the S&P 500 offset weak breadth and Trump tariffs. Bitcoin skidded again. CrowdStrike led key earnings late.,Yahoo,https://finnhub.io/api/news?id=d1110676d0f6ac72c5e8bcabee67e99707f0bd491a2f0dfed62afd32b54da89d
2024-11-26 16:01:00,NVDA,Dell Stock Tumbles on Weak PC Sales. AI Server Strength Isn’t Enough.,"Dell Technologies  stock fell after the company posted worse-than-expected revenue for its October quarter late Tuesday.  For its fiscal third quarter, the company reported revenue of $24.4 billion, below the Wall Street consensus of $24.7 billion, according to FactSet.  Dell also said AI server orders hit a record $3.6 billion in the third quarter and its pipeline grew by more than 50%.",Yahoo,https://finnhub.io/api/news?id=0d045126d8afa018b513d81e068d9fec842031158766fbc1748b66a2dff43f10
2024-11-26 15:37:00,NVDA,Invesco American Franchise Fund Q3 2024 Commentary,Invesco American Franchise Fund currently favors a balance of high quality companies with resilient growth and early cyclical companies with potential to benefit from lower interest rates.,SeekingAlpha,https://finnhub.io/api/news?id=a0a53752da817cd91eeb9a3adcc1d8ca9f7f56ea34d728cc416e1dafc74310d6
2024-11-26 15:06:41,NVDA,NVIDIA Corp (NVDA) CEO Jensen Huang: AI Trustworthiness Still Years Away,"We recently published a list of 15 AI News Updates Investors Should Not Miss. In this article, we are going to take a look at where NVIDIA Corporation (NASDAQ:NVDA) stands against other AI news updates investors should not miss. A latest report into the adoption of AI in the United Kingdom has revealed that even […]",Yahoo,https://finnhub.io/api/news?id=85d97041aee9f77c97e78d0efedc205065863492ab15c7ca0249321808b20aeb
2024-11-26 15:00:16,NVDA,Nvidia Tries To Seal Cracks In Its AI Armor. What's Next?,"As Nvidia stock encounters selling pressure and volatility rises, how should investors handle the AI powerhouse?",Yahoo,https://finnhub.io/api/news?id=4b43aaffa5d61455c83af6a49482491bf0e2e49786ffbbca2be13725852a7610
2024-11-26 14:25:00,NVDA,Thankful Investors - Last 20 Years,"AI chipmaker Nvidia has easily been the best-performing stock over the last twenty years, and it has made a large number of investors extremely wealthy.",SeekingAlpha,https://finnhub.io/api/news?id=16f7e87d74b034d67dd31a0d74a138ab87f630ed765a15227c79df8ead1c1fe9
2024-11-26 14:19:14,NVDA,Tracking Stanley Druckenmiller's Duquesne Family Office Portfolio - Q3 2024 Update,"Duquesne Family Office's 13F portfolio increased from $2.92B to $2.95B, with 29 significant holdings. Check out the new stakes and significant stake increases.",SeekingAlpha,https://finnhub.io/api/news?id=5c98ed363d1069f995f3d018e4c59382f6fc32da1c90e9a055540ddc23b2aa83
2024-11-26 13:29:03,NVDA,Samsung Elec replaces memory and foundry business heads in sweeping reshuffle,"Samsung Electronics said on Wednesday it has named Jun Young-hyun as the new head of its memory chip business and Co-CEO of the company, while Han Jin-man will become the head of the foundry business...",Finnhub,https://finnhub.io/api/news?id=23b303af9a09caa743358971a6f62fb5a66f14d068cfa2083c04f30df84db3c2
2024-11-26 13:00:55,NVDA,Vishay Shares Gain on Nvidia AI Server Demand Boost,Nvidia's RTX 50 series graphics cards are expected to begin mass production in early 2025,Yahoo,https://finnhub.io/api/news?id=b499a843899df1db172eb550f77183937d38cab777eb6c52f746c8abb332ac82
2024-11-26 13:00:00,NVDA,3 Stocks Set to Gain as Dow Logs 45th Record Close of the Year,"Stocks like AMZN, NVDA and DIS are poised to gain from the ongoing Dow rally.",Yahoo,https://finnhub.io/api/news?id=5a1cbff8441034454e19ac2f51ce0b5cd68724417127ad09382e4d5952c360b7
2024-11-26 12:03:57,NVDA,Tech Up as Nvidia Rebounds -- Tech Roundup,"Shares of technology companies rose, as Nvidia recovered some of its Monday losses. Shares of the artificial-intelligence enabling chipmaker have been on the retreat since its earnings report, and...",Finnhub,https://finnhub.io/api/news?id=36dd15063e01dc3bdd6849fe8f95d7531ac83dcc8805a7ccf34b448510a8548a
2024-11-26 10:50:00,NVDA,What Drives Investors?,The market yawned at Nvidia's 94% growth and cheered as Williams-Sonoma posted year-over-year declines. It's all about expectations.,Yahoo,https://finnhub.io/api/news?id=bc6f2056bcb2d3d848d31f5e19ba0da6b81356045bc24ecf53babb2a5bcbf9b7
2024-11-26 10:08:22,NVDA,Is Third Time A Charm As Nvidia Rises After This Narrow Miss? Is Nvidia A Buy Again?,"After two days of steep declines, Nvidia recovered slightly Tuesday morning.  Analysts expect a compound annual growth rate of 5.7% in sales for the S&P 500 with 13.8% in earnings per share over two years.",Yahoo,https://finnhub.io/api/news?id=8d4e3d2de74bea9940423c91a0f2384a58afc4a2efbffbdda5e303cb7b0dc346
2024-11-26 09:41:30,NVDA,"Barron’s: Ignore Short-Term Volatility, Focus on NVIDIA Corporation (NVDA)’s Exceptional Performance","We recently compiled a list of the 15 AI News You Should Not Ignore. In this article, we are going to take a look at where NVIDIA Corporation (NASDAQ:NVDA) stands against the other AI stocks you should not ignore. Large language models power AI chatbots and they are the hottest items on Wall Street these days. […]",Yahoo,https://finnhub.io/api/news?id=b51a5b54aed283164276cf054f80745a5189a4ab949dd83452133280d0dea82c
2024-11-26 09:00:00,NVDA,1 Unbelievable Metric That Could Make Nvidia Stock a Screaming Buy,"Nvidia (NASDAQ: NVDA) earnings have become quite the event for investors.  Nvidia's rise has been a significant driving force behind the growth of the broader stock market, so continued success is key for every investor.  Nvidia's primary product is the graphics processing unit (GPU), which is often deployed in situations where extreme computing capacity is required.",Yahoo,https://finnhub.io/api/news?id=a521dbd56959b345d2a71db1e4395a255da17b945b815346aa74714e4fe7637f
2024-11-26 08:53:44,NVDA,"Super Micro Computer, Inc. (SMCI) Surges 80% Amid Nasdaq Compliance Plan and NVIDIA Boost","We recently compiled a list of the 15 AI News You Should Not Ignore. In this article, we are going to take a look at where Super Micro Computer, Inc. (NASDAQ:SMCI) stands against the other AI stocks you should not ignore. Large language models power AI chatbots and they are the hottest items on Wall Street […]",Yahoo,https://finnhub.io/api/news?id=c57d9466cd9fa08b2d218573e36829ff6cfd9b75a32302771a157ddb7e32e361
2024-11-26 08:53:00,NVDA,Billionaire Steven Cohen Just Bought This Once-in-a-Decade Artificial Intelligence (AI) Semiconductor Stock (Hint: I'm Not Talking About Nvidia),Steven Cohen of Point72 Asset Management just raised the fund's position in foundry specialist Taiwan Semiconductor Manufacturing.,Yahoo,https://finnhub.io/api/news?id=8972b1e95060bc2d3e390699119f7088ed5f92ea55ed26bac563f8be65985c86
2024-11-26 08:45:00,NVDA,Billionaire Ken Griffin Increased Citadel's Position in This Nvidia Partner by 291%,Billionaire hedge fund manager Ken Griffin just raised Citadel's position in global-consulting powerhouse Accenture.,Yahoo,https://finnhub.io/api/news?id=a86f2f75ce57ee3144a26d505c14233992c6f9bae596ba9a4acb2edc65dfb9ae
2024-11-26 08:35:42,NVDA,Dow Jones Falls On Trump Tariff Threat; Nvidia Stock Hangs At Key Level,"The Dow Jones dropped on the stock market today after President-elect Donald Trump's tariff threat on China, Canada and Mexico.",Yahoo,https://finnhub.io/api/news?id=2d63c57c3a904beda13eb8276f37f3c63f9d88b3bceac2c640d1a2265c14d83e
2024-11-26 08:00:00,NVDA,2 No-Brainer Semiconductor Stocks to Buy Right Now,Here's why Nvidia and Taiwan Semiconductor look poised to continue their strong runs.,Yahoo,https://finnhub.io/api/news?id=086adcca2c030b48b5ed3807a1649f0a28ab786e1e5cf1e64a3385821713d89f
2024-11-26 06:39:13,NVDA,NVIDIA (NVDA) and Samsung: Fast-Tracking AI Memory Chips for Enhanced Processing,"We recently published a list of 10 Trending AI Stocks on Latest News and Ratings. In this article, we are going to take a look at where NVIDIA Corporation (NASDAQ:NVDA) stands against other trending AI stocks on latest news and ratings. Latest reports suggest that the United Kingdom is launching a Laboratory for AI Security […]",Yahoo,https://finnhub.io/api/news?id=f41f469a208b09ebadf1ef2b0a01610395dff62f5cd373259d5ea488dd084111
2024-11-26 06:15:00,NVDA,Is Palantir's Stock in a Bubble? History Says Yes.,"There's plenty of evidence that Palantir's (NYSE: PLTR) stock is in a bubble.  History is not on Palantir's side, and many companies have traded around the lofty expectation its stock currently trades at, and few (if any) have worked out well for investors.  To be clear, Palantir's business is fantastic and will continue to grow.",Yahoo,https://finnhub.io/api/news?id=2a11c6498f76e11c1879c0db048e520c13c6eec9cb779d3ca57ab5ad3e7bcd84
2024-11-26 06:08:11,NVDA,"Nvidia Stock Slips 4%, Hitting Three-Week Low Amid Market Shift to Cyclical Stocks","Nvidia's Rally Stalls as Investors Move Toward Cyclical Stocks, Dow Hits New High",Yahoo,https://finnhub.io/api/news?id=0ec695d0c1db4cc019b02d69a7220742b98dd745267734543b9845c41eef6dd9
2024-11-26 06:06:00,NVDA,Nvidia Stock Rises. What Fresh Trump Tariff Threats Mean for the Chip Maker.,"While it’s not clear what the exact impact on Nvidia might be, new tariffs would raise barriers to trade and would almost certainly cause problems for its supply chain.",Yahoo,https://finnhub.io/api/news?id=a678cba1691e877043b2cab9d52ceeda9415b35adf89b1cf94db19fdff892260
2024-11-26 06:01:25,NVDA,"Software Is In, Chips Are Out as Traders Position for Trump Era","(Bloomberg) -- There’s been a sea change among tech investors during the past month: Software stocks are hot, while semiconductor makers are not.Most Read from BloombergNew York City’s ‘Living Breakwaters’ Brace for Stormier SeasIn Kansas City, a First-Ever Stadium Designed for Women’s Sports Takes the FieldNYC's Underground Steam System May Be Key to a Greener FutureNYC Gets Historic Push for 80,000 Homes With $5 Billion PledgeWall Street is rotating out of the chip sector, put off by stretched",Yahoo,https://finnhub.io/api/news?id=f3643b55c9a00f091b8800d9e7baa105f88e4e6dcc5bd9b95a2060e2ab7c38dd
2024-11-26 04:57:12,NVDA,Nvidia Upgrade: Fortune Favors Patience,Investors in Nvidia Corporation stock should not panic over AI concerns; research suggests they should hold on to their shares for now. Read more here.,SeekingAlpha,https://finnhub.io/api/news?id=db5678724201c2ea54fefd5d5a1f7783c7d4f6e0c093a47ce36c670d59df45bd
2024-11-26 04:57:00,NVDA,Jeff Yass vs. Ken Griffin: 1 Billionaire's Firm Is Selling Nvidia Stock While the Other's Has Nearly Tripled Its Stake,"Jeff Yass and Ken Griffin are in a league of their own.  Yass is the co-founder and managing director at the global quantitative trading firm Susquehanna International Group, while Griffin is CEO of the massive ""pod shop"" hedge fund Citadel.",Yahoo,https://finnhub.io/api/news?id=28ca85e1f6b339598cbe2579d9d03b255c2bf07fef427335d8cfcf106c735b1d
2024-11-26 04:45:00,NVDA,Invesco Charter Fund Q3 2024 Commentary,"The Invesco Charter Fundâs Class A shares at NAV returned 5.37% for Q3 2024, underperforming the Russell 1000 Index. Click here to read the full commentary.",SeekingAlpha,https://finnhub.io/api/news?id=827ba3456ae87f9e272d78455907937af12e18fe74c271e84b307d2438ae7a90
2024-11-26 04:35:38,NVDA,Nvidia unveils AI model for audio modification and generation,"The Fugatto AI model can generate music and modify audio, targeting media producers.",Yahoo,https://finnhub.io/api/news?id=a9ce0287bc0c24417c578540fdba47eacd6f529d6154ceb1904775f42494b020
2024-11-26 04:33:12,NVDA,Nvidia: Its Competitive Moats Shone Through In Q3,Nvidia's market position and AI leadership support strong growth. Read why NVDA stockâs strong buy rating and $200 target are backed by solid fundamentals.,SeekingAlpha,https://finnhub.io/api/news?id=14f1c7822ac5606382e0d568bc1b1baf15920b8ce2493132cc27f3170bee4ef4
2024-11-26 04:10:47,NVDA,Nvidia: Why Skeptics Keep Missing The Point,Nvidia benefits from AI-driven demand and strong cloud provider profitability. Find out why NVDA stock is a top performer in the AI revolution.,SeekingAlpha,https://finnhub.io/api/news?id=207c28d9459b29580f802a63b14a44a2dbf9fff49f5f7837f95cbeb4dcb75041
2024-11-26 04:00:00,NVDA,Intel Gets Up to $7.9 Billion Award for U.S. Chip-Plant Construction,The government grant is less than originally expected because the chip giant is also receiving separate funding for defense-related projects.,Yahoo,https://finnhub.io/api/news?id=a444ceb299b478937f08161e3dc10c7e3ea964fba31522dbd923d6d97bd926db
2024-11-26 03:55:00,NVDA,Will Palantir Technologies Be a Trillion-Dollar Stock by 2030?,"Palantir has emerged as arguably the market's top AI stock, and investors expect big things in the future.",Yahoo,https://finnhub.io/api/news?id=79653ae8e7d5103a2900c224964f70c137101bf273ea5f41f3725925a3558506
2024-11-26 03:53:00,NVDA,Jensen Huang Just Delivered Incredible News for Nvidia Stock Investors,"Nvidia (NASDAQ: NVDA) supplies the most advanced graphics processing units (GPUs) for developing artificial intelligence (AI) models.  Many of the world's largest technology companies are spending boatloads of money to fill their data centers with those chips as they jostle for leadership in the AI race.  As a result, Nvidia's data center revenue generated triple-digit percentage growth in each of the last six quarters.",Yahoo,https://finnhub.io/api/news?id=d99fa811cce90bbaf25faf44507fe9c9e34a10264b2a23b85c9a8c9cd5f58c93
2024-11-26 03:31:00,NVDA,Nvidia: Stand Back In Awe -- 5 Recent Insights To Help Clarify The Medium Term,Analyzing Nvidia Corporation's strategic partnerships and continuous innovation in AI infrastructure to drive revenue growth. Click for my NVDA post Q3 update.,SeekingAlpha,https://finnhub.io/api/news?id=e1337bdf37b3e3551a5b4a0e78bea1e978b624156f54d6ad549b8969d5341023
2024-11-26 03:21:00,NVDA,Billionaire Israel Englander Sold 70% of Millennium's Stake in Nvidia and Is Piling Into a Supercharged Dividend Stock With a Nearly 12% Yield,Englander has taken a contrarian approach by selling Wall Street's hottest artificial intelligence (AI) stock in favor of a premier healthcare company that's more than 90% below its all-time high.,Yahoo,https://finnhub.io/api/news?id=8c018270d5b7c4d58eb08de06c1762651f9942d3a200e05dcd16b00d199680eb
2024-11-26 03:21:00,NVDA,Trump’s return should favor growth stocks. Here are 10 with the most upside.,Trump’s return should favor growth stocks. Here are 10 with the most upside.,MarketWatch,https://finnhub.io/api/news?id=4b3261ad1a831b433f6ec1d3b77e8d57ec5b24978a57e727e15d43f88f745063
2024-11-26 03:17:42,NVDA,Dow Jones Futures Fall On Trump Tariff Threat; Nvidia Stock Hangs At Key Level,Dow Jones Futures Fall On Trump Tariff Threat; Nvidia Stock Hangs At Key Level,DowJones,https://finnhub.io/api/news?id=3a3f7e3ddf63f3caf077570f44de7fc79a62b509496560f35ad4825a40ad1f3e
2024-11-26 03:10:00,NVDA,Is the Worst Over for Super Micro Computer? Here Are 2 Crucial Things to Watch.,"Super Micro Computer (NASDAQ: SMCI) is a key player in one of the hottest technology fields -- artificial intelligence (AI) -- and revenue has jumped in the triple digits quarter after quarter.  The company produces equipment such as workstations and servers for AI data centers and is an expert in the new growth area of liquid cooling technology.  First, a Hindenburg Research short report alleging troubles at the company shook investor confidence.",Yahoo,https://finnhub.io/api/news?id=5eee5708140f2d19c333e35e798ab3eb3f57ca00b1515cdc95762e9a48f0e5c6
2024-11-26 03:02:00,NVDA,Should You Buy Nvidia Before Dec. 3?,"Nvidia (NASDAQ: NVDA) stock has roared higher in recent years -- and it's continued with that momentum this year, as it's heading for a gain of more than 185%.  Nvidia has become the ""go to"" company for AI and counts the world's top tech companies as its customers.  This strength along with the growth forecast for the entire AI market make Nvidia a great long-term stock to own.",Yahoo,https://finnhub.io/api/news?id=a1d45444ac25c7cb7bfbfd2516a9057b3791dc039cfb5d81fb103d987289e22c
2024-11-26 03:00:00,NVDA,Invesco Global Fund Q3 2024 Commentary,Class A shares underperformed the MSCI ACWI Growth Index and ranked in the 78th percentile of the Morningstar Global Large Stock Growth category.,SeekingAlpha,https://finnhub.io/api/news?id=714c5c635b106ec2815b82065902adcd78ca56f8fd2c3e7b452f4c48587dbc63
2024-11-26 02:30:00,NVDA,Nvidia: Don't Be Fooled By The Naysayers,Nvidia investors suffered a late pullback last week. Read why investors should capitalize on NVDA stock's near-term volatility to add more positions.,SeekingAlpha,https://finnhub.io/api/news?id=8e637fba6ae7f936fbf55ea4e8fcce3247299a8024b17e93296d1ae2944d48d4
2024-11-26 01:30:00,NVDA,Dell Reports Its Earnings Today. Gains on AI Servers Will Come Next Year.,"The company is a leading provider of AI servers, so the results should offer a useful update about the state of demand.",Yahoo,https://finnhub.io/api/news?id=bc23ebb01be440522c2825092bae9c6a46479b50f7b4a44184e6b23dffa19a46
2024-11-26 01:00:00,NVDA,What Nvidia's Blowout Earnings And Stubborn Inflation Mean For Your Portfolio,"NVIDIA's Q3 earnings were extraordinary, driven by AI and accelerated computing demand. Learn more about the market in general and my strategy for next year.",SeekingAlpha,https://finnhub.io/api/news?id=74f4f55101faaa4e2fb6781b18a11cc8317db791df9c25c768088aefb932caa4
2024-11-26 00:30:00,NVDA,The AI Race Is Entering a New Stage. Nvidia Won’t Be the Only Winner This Time.,"Big Tech is buying up Nvidia chips to train ever-larger AI models. As technology evolves, the spoils may spread to AMD, Intel, and start-ups.",Yahoo,https://finnhub.io/api/news?id=d444fd3acf0f43cb057e6b7f2ec59454a2228fab5c431e0b221610b58a9b48f9
2024-11-25 23:45:00,NVDA,The Dow Jones Industrial Average: A New Era Of Sector Representation And Weighting,The Dow Jones Industrial Average has evolved significantly since its inception in 1896. Read more here.,SeekingAlpha,https://finnhub.io/api/news?id=8589a4784eb050f80416aa20baf57c930e7cb73dca776b738ffa0b50aa09f645
2024-11-25 23:44:00,NVDA,15 stocks — including Palantir and Nvidia — whose sales estimates have risen the most this earnings season,15 stocks — including Palantir and Nvidia — whose sales estimates have risen the most this earnings season,MarketWatch,https://finnhub.io/api/news?id=0504af8ec3163817bc397739eee2c039ca1c4279751bcf4edc1458d8392af885
2024-11-25 19:15:00,NVDA,Should You Forget Nvidia and Buy These 2 Millionaire-Maker Stocks Instead?,"Nvidia has been one of the hottest stocks on the market in the past couple of years, as shares of the semiconductor giant have shot up remarkably thanks to the stunning demand for artificial intelligence (AI) chips deployed in data centers.  For instance, an investment of just $3,700 made in Nvidia stock a decade ago is now worth just over $1 million.",Yahoo,https://finnhub.io/api/news?id=c6ef33510fe0482e754df18b10613f43349a500f33e744963435167717050ee9
2024-11-25 16:48:21,NVDA,Dow Jones Futures Fall: Nvidia Stock Tumbles To Key Level; Fed Inflation Data Looms,Dow Jones Futures Fall: Nvidia Stock Tumbles To Key Level; Fed Inflation Data Looms,DowJones,https://finnhub.io/api/news?id=fb8c8a571d4c8c1cd6cb4055d27d6657334ef7b567279db232a1532b2978268e
2024-11-25 14:43:08,NVDA,Nvidia Q3 Review: Cannibalizing Their Own Growth,Blackwell GPUs potentially reduce the number of units needed and shrink NVIDIA's market size. Read why I remain bearish on NVDA stock.,SeekingAlpha,https://finnhub.io/api/news?id=8540c474a669037527a963eb9fb61ab8ac207ba8bfeea7cc4fc08871fa2eb68c
2024-11-25 13:18:00,NVDA,"Super Micro Computer: An 110% Rally Was Not Fundamentally Driven, Expecting Downward Revenue Revisions (Rating Downgrade)","Super Micro Computer maintains $5 billion inventories on balance sheet, which could face impairment losses and impact earnings due to reduced orders. Learn more on SMCI stock here.",SeekingAlpha,https://finnhub.io/api/news?id=c3fcd8708d47078dae62ada19c5c2722bcb14d520b378381dede40390de6ad03
2024-11-25 10:33:00,NVDA,"NVIDIA Corp. stock falls Monday, underperforms market","NVIDIA Corp. stock falls Monday, underperforms market",MarketWatch,https://finnhub.io/api/news?id=36600fc861a6b938a6f5cd629f78a8af93abbfce05361bb812d137fb7f1fa2ce
2024-11-25 10:16:39,NVDA,"Stock Market Today: Dow Jones Up, Yields Fall After Trump Treasury Pick; Berkshire Gains Amid This Key Warren Buffett Move (Live Coverage)","Stock Market Today: Dow Jones Up, Yields Fall After Trump Treasury Pick; Berkshire Gains Amid This Key Warren Buffett Move (Live Coverage)",DowJones,https://finnhub.io/api/news?id=2459181558032e250c3cb6d7394a5389f640c79e584b470e126b98447b67cdfe
2024-11-25 10:14:00,NVDA,Nvidia Stock Drops. Why Shares Are Still Down Following Last Week’s Earnings Report.,Nvidia Stock Drops. Why Shares Are Still Down Following Last Week’s Earnings Report.,MarketWatch,https://finnhub.io/api/news?id=98c0215241168f2bcefde562d29f1067a6f39297b71d5a76a79059fa177d1c8e
2024-11-25 10:06:16,NVDA,Cracks Emerge In Nvidia's AI Armor. What's An Investor To Do?,Cracks Emerge In Nvidia's AI Armor. What's An Investor To Do?,DowJones,https://finnhub.io/api/news?id=9a599768201f9b8e566a52b2902c33daea9d8a167147e002682f044ce04da11d
2024-11-25 09:32:00,NVDA,Thankful Investors - Last 5 Years,Bespoke highlights the 25 best-performing stocks in the S&P 1500 on a total return basis over the last five years.,SeekingAlpha,https://finnhub.io/api/news?id=e65f7bc2db91d10e8373abb44b9a990454342d3945004cb4509e8eb0fabc385a
2024-11-25 09:30:27,NVDA,Nvidia Q3: It's Only A Matter Of Time Before The Cycle Starts Again,Nvidia Corporation's focus on AI growth is tempered by risks of overvaluation. See why NVDA stock might face potential downside despite a $6 trillion forecast.,SeekingAlpha,https://finnhub.io/api/news?id=fb205cd45832062b04e7af932b597c04990adde421111aa690facebe6a2e1d72
2024-11-25 08:46:13,NVDA,"Nvidia loses top market-cap spot, as stock suffers back-to-back 3+% losses","Nvidia loses top market-cap spot, as stock suffers back-to-back 3+% losses",MarketWatch,https://finnhub.io/api/news?id=9b74a6b2981e99925ea85a0ca4456b2a0de403019b4224657faee88d0a43732e
2024-11-25 08:45:00,NVDA,AI Spending Isn’t Going Away. Stick With the Mag 7 Stocks.,AI Spending Isn’t Going Away. Stick With the Mag 7 Stocks.,MarketWatch,https://finnhub.io/api/news?id=ea68b60bd9a16940a04c5c6848090eaad1182313a4c072c91310d042d3125736
2024-11-25 08:00:00,NVDA,Palantir and 3 More Stocks That Can ‘Join the AI Party’,Palantir and 3 More Stocks That Can ‘Join the AI Party’,MarketWatch,https://finnhub.io/api/news?id=27b179864d9f8cee9f675543153bff6b86531f621d0d9d6002d936302a433da5
2024-11-25 06:56:38,NVDA,"BofA maintains a ""Buy"" on Nvidia, setting a $190 target Amid Growing AI Dominance",Nvidia's Price Target Boosted as Analysts Rally Behind AI Leader,Yahoo,https://finnhub.io/api/news?id=2fb8f356930c7cd0c1ba6b3b4540e158ebc0e4f9d991672d5eada1de372881cb
2024-11-25 06:41:00,NVDA,How Nvidia earnings affect your stake in other tech stocks,How Nvidia earnings affect your stake in other tech stocks,MarketWatch,https://finnhub.io/api/news?id=469d4c5d8ce9738d11bd2ecd9dcabbb2751c1ab19787fdb4991cdf3098391c26
2024-11-25 06:33:00,NVDA,Stock-Split Watch: Is ServiceNow Next?,"Is a stock split in ServiceNow's future? Here's what you need to know about stock splits in general, and how a split might affect this software giant in particular.",Yahoo,https://finnhub.io/api/news?id=2081315dc0d6074a8f25bb9b5080fe45310abe5c339ffa618fc1f23b5616b793
2024-11-25 06:05:20,NVDA,NVIDIA Hits Highs as Analysts Forecast Continued Growth: Citigroup Lifts Target to $175,"Citigroup, UBS Raise Price Targets Amid Record Revenues",Yahoo,https://finnhub.io/api/news?id=0005c015f83b1d44534512fcf0fca61cebdf7c980ae9be35da34285a2df31169
2024-11-25 05:47:02,NVDA,NVIDIA: Getting Some Mixed Signals,"For the first time in NVIDIA's upcycle, there are broad downward revisions in expected capex from key customers.",SeekingAlpha,https://finnhub.io/api/news?id=b23de65c90d097c26150f0c743f4e104897a2612c15f9523a6e87a979dd53cdb
2024-11-25 05:07:28,NVDA,Why The AI Bubble Is Not Bursting Any Time Soon,"Explore the potential of AI-driven growth in the market with semiconductor stocks leading the way, despite bubble concerns.",SeekingAlpha,https://finnhub.io/api/news?id=8f3d11745e2b72d2a9a74f2f08dc328735942f7297765ed53b6ac46ae04d550c
2024-11-25 04:44:00,NVDA,Nvidia Stock Edges Up. Chip Maker Holds Key China Talks Following Trump Election Win.,The challenge for Nvidia now is living up to the market’s incredibly high expectations for future earnings–Wall Street expects 54% revenue growth in 2025.,Yahoo,https://finnhub.io/api/news?id=698acd7df9e7f5bf9757ab41664ac388f54e989a2c23d8af3ef8ba06ae10a425
2024-11-25 04:42:55,NVDA,NVIDIA Corporation (NVDA) Surpasses Q3 Expectations with $175 Price Target Upgrade from Wedbush,"We recently compiled a list of the 10 AI News and Ratings Investors Should Not Miss. In this article, we are going to take a look at where NVIDIA Corporation (NASDAQ:NVDA) stands against the other AI stocks. News agency Reuters recently reported that the rise of artificial intelligence is reshaping investment strategies, driving massive capital demands […]",Yahoo,https://finnhub.io/api/news?id=16e4486de829d0c31f7afe77e1dfee37d723de40b038ccf0e5b953620fbd633b
2024-11-25 04:26:00,NVDA,"Snowflake’s stock advances on upgrade as AI ‘revolution’ hits its ‘next gear,’ one analyst says","Snowflake’s stock advances on upgrade as AI ‘revolution’ hits its ‘next gear,’ one analyst says",MarketWatch,https://finnhub.io/api/news?id=5c1a89c5b35581a1d8e86ac3074ac90bbeb095a2b8294ae3f1c84f4d45e086c6
2024-11-25 04:21:00,NVDA,Has Nvidia Stock Topped? A Single Metric Offers a Very Clear Answer.,The tide has decisively turned for one of Nvidia's strongest operating metrics.,Yahoo,https://finnhub.io/api/news?id=a7dd10e835b4671fc52048475a469731d8a06c8fd5fb5cd3bf6d7644f7992cc9
2024-11-25 04:05:08,NVDA,Dow Jones Rallies 450 Points As Tesla Reverses From New Highs; Bitcoin Stock MicroStrategy Sells Off,Dow Jones Rallies 450 Points As Tesla Reverses From New Highs; Bitcoin Stock MicroStrategy Sells Off,DowJones,https://finnhub.io/api/news?id=0ab53e915bbe4521bca338dba3d4769bf86e98ca21e41d236e42b951b67ce25c
2024-11-25 04:03:33,NVDA,CoreWeave targets $35bn valuation in 2025 US IPO,CoreWeave is expected to aim to raise more than $3bn from its share sale.,Yahoo,https://finnhub.io/api/news?id=d19118fba8a184f87e401d3eabd1de2dd45380a4780ebc6e133faf18d21027a3
2024-11-25 04:00:00,NVDA,Avalanche leads gains as large cryptocurrencies start mixed,Avalanche leads gains as large cryptocurrencies start mixed,MarketWatch,https://finnhub.io/api/news?id=1dc8dc5e234645643d4e646ab8206037634a2852d56b77ac84e2391c7694a4d6
2024-11-25 03:59:50,NVDA,Nvidia: There Is No Alternative (Rating Upgrade),"Nvidia is the best pure play on the AI boom currently, and the valuation is quite fair compared to AMD and Intel. See why I'm upgrading NVDA shares to a buy.",SeekingAlpha,https://finnhub.io/api/news?id=c94dc2749bac3694bd35656fff00c71cd718e9a04e1a58b386636d5222a37f8f
2024-11-25 03:56:12,NVDA,"ServiceNow: On A Possible Path To $1300+, But I'm Not Buying","ServiceNow's stock has exceeded my previous bullish price target by 7%, driven by strong AI product demand with growing $1M+ ACV customers and robust financial performance. Read more here.",SeekingAlpha,https://finnhub.io/api/news?id=796e76c2824def758dee874543bfcac37b3a93879fab8445e95184b21f57bc9d
2024-11-25 03:36:00,NVDA,"Meet the Spectacular Vanguard ETF With 45.1% of Its Portfolio Invested in Nvidia, Apple, Microsoft, and Amazon",Investors who lack exposure to the world's leading artificial intelligence stocks might want to consider buying this Vanguard ETF.,Yahoo,https://finnhub.io/api/news?id=e9d1f1e0658f1cc97294adcfb4e5867a5e34fef5f83a2f8a6df58057d783c09c
2024-11-25 03:18:54,NVDA,NVIDIA Corporation (NVDA) Downgraded by Phillip Securities on Margin Guidance Despite Price Target Increase,"We recently compiled a list of the 15 AI Stocks Trending on Financial Media. In this article, we are going to take a look at where NVIDIA Corporation (NASDAQ:NVDA) stands against the other AI stocks that are trending on financial media. The AI revolution has disrupted the technology industry, propelling memory chip firms into the spotlight […]",Yahoo,https://finnhub.io/api/news?id=9980bebd00cd544c6a1cf5693f277062f6ff1cea8e4d5b614f01986ffa26d202
2024-11-25 03:05:00,NVDA,Nvidia Beat Expectations in the Third Quarter. History Says the Stock Will Do This Next.,"Nvidia (NASDAQ: NVDA) stuck to tradition when it reported third-quarter earnings last week.  It's easy to understand why Nvidia has been delivering such excellent surprises to investors quarter after quarter.  Nvidia dominates the AI chip market, holding 80% share, but also has built an AI empire, selling a wide variety of products and services.",Yahoo,https://finnhub.io/api/news?id=e19f2c3f1da276924492ea22dfdee678050e67f0734885b002bd48c280804f78
2024-11-25 03:04:55,NVDA,Hewlett Packard Is Positioned For A Robust Refresh Cycle,Hewlett Packard is expected to report FY24 earnings with 1-3% growth and diluted EPS of $1.68-$1.73. Find out why I am reiterating my buy rating for HPE shares.,SeekingAlpha,https://finnhub.io/api/news?id=8490f4464f07810c984d0838270cbedca3fceadd91127d53ea6d2ea1cddacca3
2024-11-25 03:01:31,NVDA,"Nvidia shows AI model that can modify voices, generate novel sounds","Nvidia on Monday showed a new artificial intelligence model for generating music and audio that can modify voices and generate novel sounds - technology aimed at the producers of music, films and...",Finnhub,https://finnhub.io/api/news?id=064ed32bf022f5a6d49e84f0c64c8c67f88cbe844a2ec908acd254543f27de23
2024-11-25 02:07:00,NVDA,Monday.com and Polaris have been highlighted as Zacks Bull and Bear of the Day,Monday.com and Polaris have been highlighted as Zacks Bull and Bear of the Day,Yahoo,https://finnhub.io/api/news?id=8cfa422c2aecac480aeec0d03232a2abfdeaf73e7821bad97ac0788eb659dbc1
2024-11-25 02:03:00,NVDA,Nvidia's and Amazon are part of Zacks Earnings Preview,Nvidia's and Amazon have been highlighted in this Earnings Preview article.,Yahoo,https://finnhub.io/api/news?id=217f62f8dc80d5a4d9a76563c4b498e1ab44dd5307a341ce0f33ef353bb67a7d
2024-11-25 01:34:17,NVDA,Market Resilience Amidst The Brutal Rotations To The Next Rally,Market rotations are key to investment success; avoid purely buy-and-hold strategies to mitigate downturns and capitalize on sector shifts. Read more here.,SeekingAlpha,https://finnhub.io/api/news?id=4fa0c2a8733ac6bf820b1e3478281dff9d3384725f947831be3efbcf27292e88
2024-11-25 01:15:00,NVDA,Compounding Wealth: My 3 Core Investment Picks,My investment philosophy focuses on compounding capital at 12-15% annually. Click here to read my core holdings of my portfolio.,SeekingAlpha,https://finnhub.io/api/news?id=ed21b54e28a222ce68aea76fead1a19e70dd8664b48e9dee81b51789ea286920
2024-11-25 00:39:58,NVDA,Chinese vice commerce minister meets with Nvidia senior executive,"Wang Shouwen, China's vice commerce minister, met with Jay Puri, an executive vice president of Nvidia's worldwide field operations, in Beijing on Monday, China's Ministry of Commerce said.",Yahoo,https://finnhub.io/api/news?id=27417a29ad03248bf0b24f8078f47303b527716a6e664735ea5b3cfbb4c03c4f
2024-11-25 00:30:32,NVDA,Examining Nancy Pelocy's Selling on Google and More,Maybe she screens and stockpicks just like other common investors do,Yahoo,https://finnhub.io/api/news?id=74bb5ae9eba8194a7ad383a5ec12e8e3d30c8f91abc0c186e7b1d96fa67d721b
2024-11-24 23:03:16,NVDA,Nvidia's Jensen Huang Urges Global Cooperation,-- Nvidia Chief Executive Officer Jensen Huang called for preserving global cooperation amid concerns over renewed US-China tensions once Donald Trump returns to the White House next year. Huang...,Finnhub,https://finnhub.io/api/news?id=4bf498b0130bbaa891bb0dd28b340e86a8a6091e6788e3fcc0be45f3cf304b2d
2024-11-24 19:00:00,NVDA,These Supercharged Tech Stocks Still Trade at Attractive Valuations,"Demand for artificial intelligence (AI) is driving significant gains for leading chip stocks.  Nvidia (NASDAQ: NVDA) shares are up 186% year to date, at the time of writing, but despite this stellar run, investors shouldn't feel like they have missed the boat.  The company's latest earnings report shows demand trends holding strong for this leader in graphics processing units (GPUs), and these are expected to carry over to 2025.",Yahoo,https://finnhub.io/api/news?id=1016a1e03a9547b8231d88b3485432005f86ae2dfffe3e8a58339eb7f752cb33
2024-11-24 18:12:35,NVDA,"Dow Jones Futures Rise: Stay Cool In Hot Market; Forget Nvidia, Meet The New AI Chip Leader","The market rally is hot, but keep a cool head. Nvidia is the giant, but Astera Labs is the new AI chip leader.",Yahoo,https://finnhub.io/api/news?id=001264cf7ca65c0bb632b1c669a1641b093b0638d4c64d37280f6c8671be5384
2024-11-24 15:40:19,NVDA,"Taiwan Semi (TSM) Positioned for Growth Amid NVIDIA’s AI Demand Surge, Says BofA Analyst","We recently compiled a list of the 15 AI Stocks Trending on Financial Media. In this article, we are going to take a look at where Taiwan Semiconductor Manufacturing Company Limited (NYSE:TSM) stands against the other AI stocks that are trending on financial media. The AI revolution has disrupted the technology industry, propelling memory chip firms […]",Yahoo,https://finnhub.io/api/news?id=85319c8770e94706e26047a36f60d99972fb27bbf31be83c8881db4d663d9b00
2024-11-24 14:30:00,NVDA,Generative AI Revenue on Track to 10X by 2030: 1 AI Stock That Will Benefit (Hint: It's Not Nvidia),"The stock market can at times seem like a manic-depressive being, exaggerating any positive or negative developments with rapid share price swings.  With AI stocks like Nvidia soaring tenfold in just a few years, it is possible these stocks will head into a correction, given that they are priced for perfection at the moment.  This doesn't change the fact that the generative AI sector is still in the early innings of growth.",Yahoo,https://finnhub.io/api/news?id=c3f8b6a8f4da214d2ae59a820287e6c408f08393503b04819f9d1494b9b074e1
2024-11-24 14:20:00,NVDA,"With Big Tech Not So Magnificent, And S&P-500 Capped, What's Next?","The S&P 500 may not surpass 6,000 soon, with Big Tech not driving gains. Click here to read why any sell-off should be seen as a buying opportunity.",SeekingAlpha,https://finnhub.io/api/news?id=545c86387da539e09ae74887a2a1a21fce498f3402655c940318110832f59fef
2024-11-24 13:45:00,NVDA,Will Nvidia Reach $4 Trillion? 3 Reasons It Could Happen by the End of the Year.,"Nvidia (NASDAQ: NVDA) did it again.  Shares pulled back slightly on the news as investors have gotten accustomed to the chip titan regularly besting expectations, and some analysts wanted to see stronger fourth-quarter guidance, which called for $37.5 billion in revenue -- a 70% increase from the quarter a year ago.  At the time of this writing, Nvidia is now worth $3.5 trillion.",Yahoo,https://finnhub.io/api/news?id=7af32ce6ebc002bb1e5ab5520050ac65bad36d965b94164cdd80cb4b8f0644b2
2024-11-24 13:28:00,NVDA,Valuing Stocks 101,Price matters. But how do you build a case for what the right price is?,Yahoo,https://finnhub.io/api/news?id=e169cbef02ae6cc0085f81ed421101431649b4c690ee8435d8ca525ba2914b67
2024-11-24 11:00:00,NVDA,Is Super Micro Computer a Millionaire-Maker Stock?,"When I think about stocks with millionaire-maker potential, I typically envision fast-growing companies with small valuations -- two characteristics Super Micro Computer (NASDAQ: SMCI) has in spades.  Let's explore whether or not the company can overcome its near-term accounting challenges to unlock explosive shareholder value.  Supermicro's problem started on Aug. 7, when short-seller organization Hindenburg Research released a scathing report accusing it of accounting manipulation, self-dealing, and sanctions evasions related to the Russian invasion of Ukraine.",Yahoo,https://finnhub.io/api/news?id=b06bc2ff8cbce353617bf38e5e91eb336d8f17acaee431168f8e141dad05c3a2
2024-11-24 10:29:21,NVDA,"Taiwan Semiconductor Manufacturing Company Limited (TSM) Poised for Growth as NVIDIA Drives AI Demand, Citi Highlights Doubling CoWoS Capacity by 2025","We recently compiled a list of the 15 AI Stocks Making Waves on Wall Street. In this article, we are going to take a look at where Taiwan Semiconductor Manufacturing Company Limited (NYSE:TSM) stands against the other AI stocks that are making waves on Wall Street. Data centers are at the heart of the AI disruption […]",Yahoo,https://finnhub.io/api/news?id=543e9e4e34c0e018a842ebfd1fab9195b79910143c8e29e317f736b581e572e7
2024-11-24 10:19:54,NVDA,NVIDIA (NVDA) Surpasses Expectations with Stellar Q3 Earnings and Revenue Growth,"We recently published a list of 15 AI News You Should Pay Attention To. In this article, we are going to take a look at where NVIDIA Corporation (NASDAQ:NVDA) stands against other AI news you should pay attention to. AI themes have dominated stock markets around the world over the past few months. Investment titan […]",Yahoo,https://finnhub.io/api/news?id=533372b1c72495530aff920ba89af750966573e39cec4195f36837f603dd7525
2024-11-24 09:30:00,NVDA,Does Billionaire Ken Griffin Know Something Wall Street Doesn't? The Citadel CEO Dumps $750 Million in Microsoft Stock,"While much of the media's attention has been squarely focused on Nvidia, longtime tech behemoth Microsoft (NASDAQ: MSFT) is an artificial intelligence (AI) force to be reckoned with as well.  Aside from this direct investment, Microsoft's Azure Cloud is the favored provider for ChatGPT's computational needs.  Microsoft is one of those companies.",Yahoo,https://finnhub.io/api/news?id=636ea549e93f6aa3ca06232718ce54dc1209778d7bc10ebdfd500d153b8ab605
2024-11-24 09:00:35,NVDA,"After Nvidia earnings, is the AI trend still investors’ friend?","When it comes to investing, AI is very much about the potential. Recent earnings illustrate why.",Yahoo,https://finnhub.io/api/news?id=9c831bfb09ed5eb11d20f2c1aa3c012bcc25d44e7e7f85084aaf11fdaced4bfd
2024-11-24 07:30:00,NVDA,Billionaire Israel Englander Is Selling Nvidia and Palantir and Buying a New Stock That Wall Street Thinks Can Soar as Much as 151%,"Today, Millennium has over $70 billion in assets under management and is one of the world's largest hedge funds.  Investors should understand that Millennium is a ""pod shop,"" which means it allocates capital to different teams (or ""pods"") that all have their own strategies and a lot of autonomy.  In the third quarter, Millennium sold large portions of its stakes in artificial intelligence (AI) companies Nvidia (NASDAQ: NVDA) and Palantir (NYSE: PLTR) and bought a new stock that Wall Street thinks can soar.",Yahoo,https://finnhub.io/api/news?id=4a0e75100dab51d0c1d872f3cf7d5cedda39ef4bcb3c78b370edcf90e8ad07c4
2024-11-24 07:11:46,NVDA,"Mizuho Raises NVIDIA Corporation (NVDA) Price Target to $175, Reaffirms Outperform Rating Amid Strong AI Market Leadership","We recently compiled a list of the 15 AI Stocks Making Waves on Wall Street. In this article, we are going to take a look at where NVIDIA Corporation (NASDAQ:NVDA) stands against the other AI stocks that are making waves on Wall Street. Data centers are at the heart of the AI disruption sweeping markets across […]",Yahoo,https://finnhub.io/api/news?id=19ac7193e3a0635cddbad5e76e8a3f59bac8f3f4abdb0d31e2b8556b0e48ebae
2024-11-24 06:45:00,NVDA,Here Are My Top Artificial Intelligence (AI) Stocks to Buy Right Now (Hint: Nvidia's Not on the List),"Nvidia has gotten so much attention during the artificial intelligence (AI) revolution, it's become easy to gloss over other compelling opportunities.",Yahoo,https://finnhub.io/api/news?id=6703e6dbc3222640a9e317ec97dd0887378b77ec74054b129250f801d5988a08
2024-11-24 05:15:00,NVDA,Nvidia Sees Continued AI Momentum. Is This a Golden Opportunity to Buy the Stock?,"Nvidia (NASDAQ: NVDA) once again showed that it is the company most benefiting from the artificial intelligence (AI) infrastructure build-out, as it continued to show astronomical revenue growth in fiscal 2025's Q3 (ended Oct. 27, 2024).  With another great quarter in the books, let's take a closer look at Nvidia's most recent results to see if the stock's momentum can continue.  While Nvidia's revenue growth continued to decelerate from the unsustainable levels it saw earlier this year, the chipmaker was still able to see its fiscal 2025 Q3 revenue surge 94% to $35.1 billion.",Yahoo,https://finnhub.io/api/news?id=1118953f439ef6918620316734f4f4340813f4eea43a7003fb9c21a1c6603a5d
2024-11-24 04:40:00,NVDA,Prediction: This 1 Catalyst Will Help Nvidia Do Something No Other Company Has Ever Done.,"In just a few years, Nvidia (NASDAQ: NVDA) has accomplished a lot.  This dominance is helping Nvidia bring in more revenue in just one quarter than it used to generate in a whole year.  On top of this, Nvidia has scored other wins, such as entering the Dow Jones Industrial Average this year and soaring past Apple to become the world's most valuable company at more than $3.5 trillion.",Yahoo,https://finnhub.io/api/news?id=11b2e28880081b0d7e1911086642ed90b26837ed5bd4911faa01a1c0060ca9ce
2024-11-24 04:25:00,NVDA,Could Salesforce and Adobe Help Power the Low-Cost Vanguard Tech ETF to an All-Time High?,"The tech sector is up 78% in the last two years, crushing the performance of the S&P 500.",Yahoo,https://finnhub.io/api/news?id=552691e97efd536d46becd076976983b624c8c0e1089e8fa8b67325eb54e948b
2024-11-24 04:12:00,NVDA,"Should You Buy Super Micro Computer Stock After Its 1,480% Gain in 5 Years? Wall Street Has a Clear Answer for Investors.","Super Micro Computer (NASDAQ: SMCI) shareholders have been through a whirlwind lately.  While the stock is up 1,480% in the last two years, it has also fallen over 70% from its record high in the last eight months.  As one of Nvidia's largest partners, the server maker should benefit as demand for artificial intelligence (AI) infrastructure increases, but Supermicro has also been accused of accounting manipulation.",Yahoo,https://finnhub.io/api/news?id=ffdba49d02a85dd7af3470045abbc22afaf3df87e6bd887dca19ee9c7c85ebc7
2024-11-24 04:10:00,NVDA,Does Billionaire Ken Griffin Know Something Wall Street Doesn't? The Citadel Chief Sold More than Half His Broadcom Stock and Is Piling Into Another Artificial Intelligence (AI) Stock-Split Stock Instead,Broadcom isn't the only way to tap the AI revolution.,Yahoo,https://finnhub.io/api/news?id=038ea688b40b3a42e778addd00e11f0ef081c7513cab1f69ab3a00bcad5bfe10
2024-11-24 04:04:00,NVDA,"Could Investing $10,000 in QuantumScape Make You a Millionaire?","Like any other millionaire-making stock pick, this one requires a risky leap of faith to achieve the massive gains some investors are hoping for.",Yahoo,https://finnhub.io/api/news?id=ab590dcbb4a69830ad359bd010d203bb40e372f1f4272d933351b507d28bf2bf
2024-11-24 03:50:00,NVDA,Franklin U.S. Focused Growth SMA Q3 2024 Commentary,"Franklin U.S. Focused Growth SMA strategy posted absolute gains in 6 out of 9 equity sector allocations during 3Q24, but it underperformed Russell 1000 Growth Index.",SeekingAlpha,https://finnhub.io/api/news?id=701f6391dffe515c086eebf214f34e246e342c15717ab150768b689933171649
2024-11-24 03:30:00,NVDA,5 Best CEFs This Month For 8.5% Yield (November 2024),"Discover top closed-end funds for income investors with high distributions, reasonable returns, and solid track records in our monthly series.",SeekingAlpha,https://finnhub.io/api/news?id=bba3c3339c569a1da2c8924164b8a431deab8cebc55c2b03052c9bd04d914c9d
2024-11-07 21:09:23,NVDA,When To Sell Stocks,When To Sell Stocks,DowJones,https://finnhub.io/api/news?id=bf1d885afdb9f6201e988db4edc9c2401599fa306f88e30c8dbbf33addc71e37
2024-10-28 00:00:18,NVDA,Best Growth Stocks To Buy And Research,Best Growth Stocks To Buy And Research,DowJones,https://finnhub.io/api/news?id=42b2f41e3363ebd2d2c3633b8b2fe9029422e9f91c403e30f768e3e70ec29cb5
