as_of_date,ticker,headline,news_text,source,url
2025-04-30 12:54:36,TSLA,"Tesla's head of battery architecture Vineet Mehta departs, the Information reports","Tesla's head of battery architecture, veteran VineetMehta, is departing from the company, the Information reported on Wednesday, citing peoplefamiliar with the matter. Mehta appears to...",Finnhub,https://finnhub.io/api/news?id=0a18b64f0fe9ee1d63c11e7244853053f0ef64db1df16c990aa3ed7187e458f1
2025-04-30 12:11:04,TSLA,Tesla's Head Of Battery Architecture Vineet Mehta Departs - The Information,Tesla Inc: * TESLA'S HEAD OF BATTERY ARCHITECTURE VINEET MEHTA DEPARTS- THEINFORMATIONSource text: https://tinyurl.com/3kdudrv4Further company coverage: ...,Finnhub,https://finnhub.io/api/news?id=c38c3b709d485506bff91264a183c1227664a61ee3c0e9788e6f7b37495f1f8b
2025-04-30 11:02:24,TSLA,US House panel drops bid to remove FTC's antitrust authority,"The House JudiciaryCommittee reversed course on a proposal to remove the U.S.Federal Trade Commission's antitrust authority on Wednesday,days after its Republican leadership included the measure in...",Finnhub,https://finnhub.io/api/news?id=52d5598a13747a284ce9d596b6e7e285cf19926df71908c6448ca4388fdfe1b6
2025-04-30 07:50:41,TSLA,Trump to Musk: Stay as long as you want,"U.S. President DonaldTrump on Wednesday told his billionaire adviser Elon Musk thathe was invited to stay in the administration as long as hewants. Trump, who made the comments at a...",Finnhub,https://finnhub.io/api/news?id=df54ced1a67a90f7281d2dc7c25305dcf7dea67651d68a76c9a001a7830e937d
2025-04-30 06:25:00,TSLA,Tesla Stock Drops. Where the Charts Say It’s Headed Next.,Tesla Stock Drops. Where the Charts Say It’s Headed Next.,MarketWatch,https://finnhub.io/api/news?id=bcf2726ab365922921a669de1530e81b30de0a680a6ba2d0565d08315b0ce75c
2025-04-30 06:19:00,TSLA,"These Stocks Are Moving the Most Today: Super Micro, Nvidia, Tesla, Starbucks, Seagate, Norwegian, First Solar, Snap, and More","These Stocks Are Moving the Most Today: Super Micro, Nvidia, Tesla, Starbucks, Seagate, Norwegian, First Solar, Snap, and More",MarketWatch,https://finnhub.io/api/news?id=24aa0f9be2cbf4f5a0a8af72f881c499ffb0ce4a72d0b6c7f5dde6d9b194ff9b
2025-04-30 05:34:16,TSLA,US Senate puts Elon Musk up for $2.37 billion in potential legal claims,Copyright © BusinessAMBE 2023Key takeawaysElon Musk faces $2.37 billion in potential legal exposure.$1.19 billion fine for Tesla related to allegedly misleading statements about autopilot and...,Finnhub,https://finnhub.io/api/news?id=242a15919fd376ac225159a4d7e1bc0ace513c1b792a4ecda4557d526032bab4
2025-04-30 05:26:17,TSLA,EV maker Polestar pauses annual forecast amid tariff uncertainty,"Polestar paused its 2025forecast on Wednesday as it braces for a potential hit fromsweeping tariffs that threaten to roil supply chains and push upcar prices, sending the U.S-listed shares of the...",Finnhub,https://finnhub.io/api/news?id=69fc4be72be99b2c22abb9ebb64b5a5f927598be387e9071af04ef674f54a2b4
2025-04-30 05:08:01,TSLA,Tarnished Magnificent 7 stocks rebound faces test with earnings,"NEW YORK (Reuters) -The U.S. technology and growth stocks known as the ""Magnificent Seven"" have regained their footing somewhat after a steep slide, but a few weeks of growing valuations and a dimming earnings edge could make it harder for them to push Wall Street higher.  The stocks -- Apple, Microsoft, Nvidia, Alphabet, Amazon, Meta Platforms and Tesla -- have stumbled in 2025, dragging down the benchmark indexes they had lifted to record peaks the prior two years.  The highly valued shares had swooned as investor fears spiked about the economic fallout from President Donald Trump's tariffs.",Yahoo,https://finnhub.io/api/news?id=5d5261f22d2a55777a4a3e9278afc30f9a9ef86391e2efc1ab21de9ffadf9daf
2025-04-30 05:00:00,TSLA,"Large cryptocurrencies drop on XRP, Sui declines","Large cryptocurrencies drop on XRP, Sui declines",MarketWatch,https://finnhub.io/api/news?id=06b50a926f97a8b8f66f470ffc9468a68eb8e92e0052b1cab3425ccb7b25e27a
2025-04-30 04:57:36,TSLA,"Dow Jones Slides 650 Points On Surprise GDP, Jobs Data; Nvidia, Tesla, Super Micro Sell Off","Dow Jones Slides 650 Points On Surprise GDP, Jobs Data; Nvidia, Tesla, Super Micro Sell Off",DowJones,https://finnhub.io/api/news?id=7c0cc56ea3d9e7f584ebd1eca50430814c185b4a350a744f0e4ee204dc6df78b
2025-04-30 04:53:23,TSLA,"Waymo, Toyota Announce Partnership Exploring 'Personally Owned Vehicles'","Waymo, Toyota Announce Partnership Exploring 'Personally Owned Vehicles'",DowJones,https://finnhub.io/api/news?id=51ea6d95b3bb5cd77bf443b3e18e3acc59902579686fff3efa8122f1720e3fe1
2025-04-30 04:47:00,TSLA,Tesla: Elon Musk's Long Awaited Return Is Here - Prospects Remain Mixed,"Tesla stock has underperformed as expected, attributed to the higher stagflation risks, intensified tariff war/EV competition. See why we remain neutral on TSLA.",SeekingAlpha,https://finnhub.io/api/news?id=b3134beab616e576c0258d3e0fc3a0c0e75b01dc39aa19f7fd6d9720f49cda46
2025-04-30 04:30:00,TSLA,"If Tesla Loses This 1 Quality, the Stock Could Crumble",Tesla just reported dismal first-quarter results.  The stock still rose in the wake of the earnings call as Elon Musk hyped the company's robotaxi plans.  Musk's credibility with investors may be the stock's greatest asset right now.,Yahoo,https://finnhub.io/api/news?id=7af78d2b2d1b8dcaf74028fa07b992ef4ed21d89e95068ea87777005745a45a3
2025-04-30 04:26:25,TSLA,"Tesla: Deeply Stressed, But Growing Positives Too (Rating Upgrade)",Tesla's stock is down 29% YTD but shows potential with energy growth and competitiveness. Click here to find out why I'm upgrading TSLA to a hold rating.,SeekingAlpha,https://finnhub.io/api/news?id=81ba83a0014ce7e3ff5fa0a9cbaa6e3edad9f20f9b2a6a5b616f7f092ddaacc4
2025-04-30 04:18:00,TSLA,Tesla Robotaxis Face Challenge From Waymo and Toyota Deal,Alphabet’s Waymo and Toyota Motor announced a preliminary agreement to delveop self-driving technologies together. Tesla investors should take notice.,Yahoo,https://finnhub.io/api/news?id=78727674e8795260859727fe702f4606599c7c580aac22a808626ff2905e73f8
2025-04-30 03:33:00,TSLA,Tesla Has Big Plans to Reaccelerate Sales. But Is a Turnaround Already Priced In?,Wall Street hopes the company's bold growth initiatives will start paying off soon.,Yahoo,https://finnhub.io/api/news?id=55b435324401cd5d069165993c2745833a06ed572fe1d66e66b125eb50badf8d
2025-04-30 03:23:00,TSLA,"Is 2025 a ""Throwaway Year"" for Tesla?","Nearly half of Americans have a negative view of Tesla's brand.  Tariffs and economic uncertainty are significant headwinds for the automaker this year.  There are still a lot of unknowns for Tesla next year, too.",Yahoo,https://finnhub.io/api/news?id=e91e6b24d56e9a9fb525162d039a3340f5ac27b22103e487f6f83d065414cc92
2025-04-30 03:14:20,TSLA,Dow Jones Futures: Stock Market Rallies On 'Done' Trade Deal; Nvidia Partner Super Micro Dives Late,Dow Jones Futures: Stock Market Rallies On 'Done' Trade Deal; Nvidia Partner Super Micro Dives Late,DowJones,https://finnhub.io/api/news?id=50141434c9839cbb37eb268da158e2229824baba19b4cec3170f5b84b1598199
2025-04-30 03:14:00,TSLA,Waymo and Toyota Strike Deal on AI-Assisted Driving. What It Means for Tesla.,Waymo and Toyota Strike Deal on AI-Assisted Driving. What It Means for Tesla.,MarketWatch,https://finnhub.io/api/news?id=b15b96bd9efb191674e13941fa2bf756770a2c9040808fee6c9934b6dbe923c0
2025-04-30 03:10:00,TSLA,Tesla Stock Falls as It Chases 7-Day Winning Streak. Investors Are Waiting for This.,What if the EV maker's shares didn’t rocket higher into December and tank after the presidential inauguration?,Yahoo,https://finnhub.io/api/news?id=8bf6afeac003d7947d99570281af9ce8aecca37773fa360ed1234f4d92196ebf
2025-04-30 02:33:00,TSLA,Baron Focused Growth Fund Q1 2025 Shareholder Letter,"Baron Focused Growth Fund declined during the first quarter of 2025, although it outperformed its benchmark, the Russell 2500 Growth Index. Read more here.",SeekingAlpha,https://finnhub.io/api/news?id=c354c07c7cd219db64273fbcc0cdff4c560a049b68b9a5250855d6adb719c019
2025-04-30 02:21:25,TSLA,Is Tesla (TSLA) A Stock That Should Double in 3 Years?,"We recently published a list of the 30 Stocks That Should Double in 3 Years. In this article, we are going to take a look at where Tesla, Inc. (NASDAQ:TSLA) stands against other stocks that should double in 3 years. On April 25, Kari Firestone, Aureus Asset Management executive chairman and co-founder, joined CNBC’s ‘Squawk […]",Yahoo,https://finnhub.io/api/news?id=fd80fd336ecc8346623585b1bab21d344c72f6f49a6d327a3021ec60573dcaf5
2025-04-29 23:43:29,TSLA,Xiaomi Joins China AI Game With Maiden DeepSeek-Like Model,"(Bloomberg) -- Xiaomi Corp. unveiled its own open-source AI model, joining the growing ranks of Chinese tech leaders hoping to make a splash in a burgeoning field endorsed by Beijing.Most Read from BloombergNew York City Transit System Chips Away at Subway Fare EvasionNYC’s Congestion Toll Raised $159 Million in the First QuarterThe Last Thing US Transit Agencies Should Do NowAt Bryn Mawr, a Monumental Plaza Traces the Steps of Black HistoryAt the National Public Housing Museum, an Embattled Ide",Yahoo,https://finnhub.io/api/news?id=1ffaf7c27dbe08bd7c347cfba5173c0133f1f5530cba7e411e10ec9c45b47657
2025-04-29 18:55:49,TSLA,"Elon Musk Was Asked 'Who's the Smartest Guy You've Ever Met?' He Picked Two CEOs, Both Named Larry — And One Even Said He'd Leave Him His Fortune","Elon Musk last month appeared on the ""Verdict with Ted Cruz"" podcast, where the Texas senator threw him a rare question: Who's the smartest guy you've ever met? Musk didn't hesitate. He named two heavyweights — Larry Ellison and Larry Page — both billionaires, both tech legends, and at one point, both close friends of Musk. ""Larry Ellison's very smart,"" Musk said. ""I will say Larry Ellison is one of the smartest people."" He added, ""You know, Larry Page... there are a lot of people that are very",Yahoo,https://finnhub.io/api/news?id=08854e8fa5980e020e4e622c1f90bf9696ed272ddf384d848e48d86f88082f73
2025-04-29 17:21:00,TSLA,Trump's auto tariff exemptions: What they mean for automakers,"President Trump signed an executive order on Tuesday providing some relief from auto tariffs. Cox Automotive executive analyst Erin Keating joins Asking for a Trend to explain how the latest tariff break only affects certain vehicle imports. To watch more expert insights and analysis on the latest market action, check out more Asking for a Trend here.",Yahoo,https://finnhub.io/api/news?id=d41292d3d70cb5931bef86953b33f22a0895e94d63288a9e075736afe11f3b29
2025-04-29 15:52:00,TSLA,"For Ford, Tesla, the Worst Auto Tariff Case Is Off the Table",President Trump modified his policy on auto tariffs as part of his plan to bring domestic manufacturing back to the U.S.,Yahoo,https://finnhub.io/api/news?id=a427dfa0f3fc0275aad599bdcf346f7ee08704ea722a55a2561f1f814a84ea75
2025-04-29 15:44:00,TSLA,Tesla Stock Rose for 6th Straight Day. Why Robots Matter More Than Tariffs.,"Tesla  finished strong on Tuesday, rising for the sixth consecutive day as investors weighed the shorter-term impact of tariffs and the longer-term impact of robots.  Shares are up 28% over the six-day run, but volatility is falling.  Tesla  stock rose just 0.3% on Monday, and its historical volatility has dropped to 69.7%, down from 132.8% on April 11.",Yahoo,https://finnhub.io/api/news?id=583d063d281cecde72358836d02118d9a23fad9f3f2fc7f8092a5377878e0bf8
2025-04-29 15:42:19,TSLA,"Tesla's Slump Has Been A Goldmine For Short Sellers This Year—They've Made $11.5 Billion, Beating Out Nvidia's $9.4 Billion","It's been a tough year for Tesla (NASDAQ:TSLA) shareholders, but short sellers are cashing in big time. Short Sellers Score Big Tesla’s stock has dropped 44% so far in 2025, wiping out hundreds of billions of dollars in market value and resulting in $11.5 billion in mark-to-market profits for investors betting against the company, according to S3 Partners and reported by CNBC. That haul beats the $9.4 billion short sellers made from Nvidia, making Tesla the most lucrative short this year. Don't",Yahoo,https://finnhub.io/api/news?id=7851c54a99e0373e2f4e1ec280db119682896b00fff300cce67a5a0cb3e488e2
2025-04-29 15:19:00,TSLA,"These Stocks Moved the Most Today: GM, Tesla, Ford, JetBlue, Wolfspeed, SoFi, Nvidia, and More","Shares of U.S. auto makers fell after GM earnings despite a prospective tariff announcement, JetBlue braces for earnings, and Wolfspeed extends its gains",Yahoo,https://finnhub.io/api/news?id=4e2a441a6f7bd1351ea550e83b1594d1eaaee563f558ab5e9de8770c8c79fb1c
2025-04-29 14:58:34,TSLA,"Tesla hiring over 1,000 workers to ramp up Semi truck production, Business Insider reports","On Monday, Tesla released a video on YouTube announcing that the first units of its electric trucks will begin production at the Gigafactory in Sparks, Nevada, by the end of 2025.  The factory will have an annual production capacity of 50,000 units.  Tesla has been ramping up operations at its Nevada facility, onboarding new workers for training and tours in recent months, the report said.",Yahoo,https://finnhub.io/api/news?id=507a58a303762356bbf60154e2affbc3dc698a68b403355ed8bac1c22c548c24
2025-04-29 14:45:34,TSLA,"Tesla sees a rare insider buy, but also a notable insider sale",Investing.com -- Tesla (NASDAQ:TSLA) saw a couple of notable insider trading transactions over the past 24 hours.,Yahoo,https://finnhub.io/api/news?id=6064ff3beed34ad5e503c72140cee33fef33abf3f73677bf960a9195a9c8d992
2025-04-29 14:41:47,TSLA,How the auto industry will benefit from new tariff break rules,"Automakers expect to get a break from steep import taxes under a new White House plan aimed at easing tariff pressure, according to a report from the Wall Street Journal. Yahoo Finance Senior Reporter Pras Subramanian joins Market Domination to explain how automakers could benefit from a phased relief approach. To watch more expert insights and analysis on the latest market action, check out more Market Domination here.",Yahoo,https://finnhub.io/api/news?id=93cc46278d6f03080ac461d7f49b375f776b608ed117f761c51d81a64e461cf6
2025-04-29 14:15:51,TSLA,Controversial EV tax credits will be bad news for Tesla,Elon Musk's company could be on the verge of losing one of its hidden assets.,Yahoo,https://finnhub.io/api/news?id=c854e4f61e6ad144d4d57678586efce17f4b94795fa1b379365a935bd3561b7d
2025-04-29 14:11:20,TSLA,"Elon Musk Wants Tesla To Be 'Most Valuable Company' In The World, But Top Investor Doubts EV Giant's Rise Without Apple-Style Marketing Strategy","Future Fund's noted investor, Gary Black, has raised questions over Tesla Inc.'s (NASDAQ:TSLA) marketing strategy as Elon Musk says his brand can be the “most valuable company” in the world. What Happened: The investor called into question Musk’s and ...",Yahoo,https://finnhub.io/api/news?id=29d126f8f5d290a96fc8bac30412933cca0ee379448c7b80d231126f110d9ce9
2025-04-29 12:14:00,TSLA,Trump Cuts Cumulative Tariffs on Some Imported Goods,Trump Cuts Cumulative Tariffs on Some Imported Goods,MarketWatch,https://finnhub.io/api/news?id=1e9f44c9816107fe91f97f57ea155d13a51b402e512e86a1a2ec679e42c096e2
2025-04-29 11:24:30,TSLA,Howard Lutnick confirms tariff relief for US automakers,"US Secretary of Commerce Howard Lutnick has confirmed that the Trump administration is planning to provide tariff relief for American automakers and auto parts, while tariffs rates may still apply to foreign-made vehicles. To watch more expert insights and analysis on the latest market action, check out more Wealth here.",Yahoo,https://finnhub.io/api/news?id=be6f5231103e0a301ad8b0ad29eb9031d11a20dba6b6cd10e458d16c00aba361
2025-04-29 10:03:08,TSLA,Tesla Is Still A Strong Sell After Earnings,"Tesla, Inc.'s Q1 earnings disappoint with falling revenues and income, while brand image and valuation metrics fuel a strong sell rating. Read more on TSLA stock update.",SeekingAlpha,https://finnhub.io/api/news?id=60866eb9f40a13279116fbd891f691e185bab6ec38a33d071e7ba9071224abaf
2025-04-29 09:39:41,TSLA,Cramer Says He’s Betting on TSLA When It Comes to Robotaxis,"Speaking on CNBC today, Jim Cramer said that he’s “putting his chips on (Elon) Musk” winning the robotaxi competition. According to Cramer, Alphabet’s (GOOG) Waymo will have trouble building up its business. Additionally, Tesla’s (TSLA) self-driving technology will prove to be superior to that of Waymo, Cramer suggested. Two CNBC anchors—Carl Quintanilla and David Faber […]",Yahoo,https://finnhub.io/api/news?id=147bdeebc071d00027e268a97bde8036b505b887bcbbce260829a811249a0c45
2025-04-29 09:12:59,TSLA,"Is Tesla, Inc. (TSLA) the Worst-Performing Blue Chip Stock So Far in 2025?","We recently published a list of 11 Worst-Performing Blue Chip Stocks So Far in 2025. In this article, we are going to take a look at where Tesla, Inc. (NASDAQ:TSLA) stands against other worst-performing blue chip stocks so far in 2025. Blue chip stocks are under immense pressure amid the evolving trade tensions and tariff […]",Yahoo,https://finnhub.io/api/news?id=eb44c028d32223b620775d19f0c252af0d5b61a323fc67707b51bdd896da1cb9
2025-04-29 09:00:00,TSLA,Tesla: Don't Keep Letting The Market Take You For A Ride,,SeekingAlpha,https://finnhub.io/api/news?id=d5ded0cb91ae654cdfdef6b13a35306f9077052ae457f018d1d190ad63cce1b6
2025-04-29 08:59:12,TSLA,Trump to offer relief on auto tariffs in new executive order,"Automakers could see some relief as President Trump prepares to sign an update to tariffs on the auto industry, announced by White House Press Secretary Karoline Leavitt on Tuesday. Yahoo Finance Senior Reporter Pras Subramanian joins The Morning Brief to discuss how the changes could impact tariffs on foreign-made cars and auto parts. To watch more expert insights and analysis on the latest market action, check out more Morning Brief here.",Yahoo,https://finnhub.io/api/news?id=54bc0331f0ffa8c165c120c3e12690104223a58743cb7f50f7d3ab2dac5e7382
2025-04-29 08:54:58,TSLA,Mag 7: What the technicals are saying about Big Tech stocks,"As four of the Magnificent Seven prepare to release earnings results this week — Microsoft (MSFT), Meta Platforms (META), Apple (AAPL), Amazon (AMZN) — the group of tech stocks has been noted to be underperforming a majority of their 200-day moving averages. Blue Chip Daily Trend Report chief technical strategist Larry Tentarelli comes on the Morning Brief to talk about Amazon's relationship with the broader retail sector and his cautious outlook on the Mag 7. To watch more expert insights and analysis on the latest market action, check out more Morning Brief here.",Yahoo,https://finnhub.io/api/news?id=60c5a227ca78dd7a1c300a62836c4809dc9ca5a991e062f7b5787efa61043db0
2025-04-29 08:50:00,TSLA,Tesla Stock Is Stuck. Can Trump’s Auto Tariff Changes Get It Moving Again?,"Tesla  stock was rising—barely—in early trading Tuesday as shares have suddenly gotten less volatile.  Predicting the electric vehicle maker’s daily stock moves isn’t easy, but shares are likely to get a boost from potential changes to President Donald Trump’s car tariffs.  Tesla  stock rose just 0.3% on Monday, and its historical volatility has dropped to 69.7%, down from 132.8% on April 11.",Yahoo,https://finnhub.io/api/news?id=d18c1f84ab94e02afbbcb1d37d04d8b32d1b203898d10cb172eb5904874ad8d8
2025-04-29 07:29:00,TSLA,Tesla Stock Sees First Insider Buy in Years,"Joe Gebbia, a co-founder of Airbnb and a Tesla director, just bought $1 million of shares of the electric-vehicle firm.",Yahoo,https://finnhub.io/api/news?id=a677c8c8312ecc4ea7ee2af8317cb5a819182bdfe5d7847155e9076d9f9d2d0d
2025-04-29 07:24:10,TSLA,Summer Recession Forecasted By Apollo: Is This S&P 500 Rally Built To Last?,"Apollo Global foresees a recession by summer 2025. Click to discover insights on market trends, CAPEX declines, and S&P 500 strategies amid economic uncertainty.",SeekingAlpha,https://finnhub.io/api/news?id=a0c69b4efd976a5ee680260b10cdb2bcf12984af2572c66ee3e01a58c766cc21
2025-04-29 07:18:00,TSLA,"These Stocks Are Moving the Most Today: GM, Tesla, Ford, JetBlue, Wolfspeed, SoFi, Nvidia, and More","Shares of U.S. auto makers fell after GM earnings despite a prospective tariff announcement, JetBlue braces for earnings, and Wolfspeed extends its gains",Yahoo,https://finnhub.io/api/news?id=1151b2c836f02dd34e07ffe6c40faa79af2d9eabe1c6367bbb71db0e2fc9478e
2025-04-29 07:00:55,TSLA,S&P 493 earnings growth appears to be gaining as Mag 7 slows,"As earnings growth has slowed for the Magnificent Seven — the group of stocks comprised of Meta Platforms (META), Microsoft (MSFT), Alphabet (GOOGL, GOOG), Amazon (AMZN), Apple (AAPL), Nvidia (NVDA), Tesla (TSLA) — the rest of the S&P 493 has gained momentum and closed the gap with the leading tech giants. Yahoo Finance host Julie Hyman assesses forecasts anticipating the pick-up in S&P 493 performances. To watch more expert insights and analysis on the latest market action, check out more Asking for a Trend here.",Yahoo,https://finnhub.io/api/news?id=2d2bf1f72d5fd04e3cddd14140d0d2031eeb0374e5284055f4bd16c5003c0873
2025-04-29 06:37:12,TSLA,Latest News In Energy Transition - Innovative Energy Storage Empowers California Health Center,"Recent developments in the energy transition landscape spotlight the awarding of a $10 million grant by the California Energy Commission to Quino Energy and Long Hill Energy Partners. This funding will enable the demonstration of an 8 MWh organic flow battery system at a regional health center in California, marking the first U.S. commercial deployment of Quino Energy's technology. The project aims to provide critical energy resilience and significantly reduce electricity costs while...",Yahoo,https://finnhub.io/api/news?id=83f03e175b76ae27fdfbedcb02f1b25308532269430a01d01b04e8411eb021c3
2025-04-29 06:30:08,TSLA,Tesla 'riding waves of sentiment' on hopes of better Q2,"Tesla's (TSLA) rough first quarter raised questions about the company's demand and leadership, but expectations for a second quarter rebound are growing. Barron associate editor Al Root joins Market Domination to break down what's driving investor sentiment — from Elon Musk's reengagement to his role as CEO and hopes for a new model. To watch more expert insights and analysis on the latest market action, check out more Market Domination here.",Yahoo,https://finnhub.io/api/news?id=d6940752f6f5f504ca6245f22b972d9cdd6e8a1fb4c15d48585c954e53d4d783
2025-04-29 06:17:00,TSLA,Tesla Stock Is Down. Why Robots Matter More Than Tariffs.,Tesla Stock Is Down. Why Robots Matter More Than Tariffs.,MarketWatch,https://finnhub.io/api/news?id=eb2b1c766a21e900df255dbe288d335f9e5f3c41d6471434d531974ad8c01595
2025-04-29 05:00:15,TSLA,Elon Musk Lost 25% of Fortune During His Quest to Gut the US Government,"(Bloomberg) -- Elon Musk bounded into Washington as a special government employee earlier this year. Gaining unprecedented access to the corridors of power and data, the billionaire injected a sense of chaos across the US government. He joined President Donald Trump’s meetings with foreign leaders and Cabinet Secretaries, weighed in on defense and tariff policies, and most notably, gutted dozens of agencies as the public face of DOGE.Most Read from BloombergNew York City Transit System Chips Awa",Yahoo,https://finnhub.io/api/news?id=bba93100bcba292c9996f478927de950ffe9296f2f6bf4e51845aac49ea0578c
2025-04-29 05:00:00,TSLA,Sui leads declines as large cryptocurrencies start mixed,Sui leads declines as large cryptocurrencies start mixed,MarketWatch,https://finnhub.io/api/news?id=e219fc413625ce94fc02aba03c5b1a61a16355b2f05e2cc42f4ce20e8369c2a6
2025-04-29 04:42:21,TSLA,Dow Jones Rises Amid Key Economic Data; Spotify Plunges On Earnings,Dow Jones Rises Amid Key Economic Data; Spotify Plunges On Earnings,DowJones,https://finnhub.io/api/news?id=4e8f8f243ebf9eed381c71a59c74f9d07ec7d447ecb1fa02109cd3e831f9a6c8
2025-04-29 04:24:42,TSLA,Tesla Valuation Update: Bearish Signals In A Changing Market (Rating Downgrade),Tesla downgraded to sell as trade tensions and higher battery costs weaken its energy business. Check out our updated look at TSLA stock prospects.,SeekingAlpha,https://finnhub.io/api/news?id=d475b218ff0b8abfc8d13549e4f89c35c0dd8e06cfc0549340c1aef37dfce01a
2025-04-29 04:20:00,TSLA,Baron Partners Fund Q1 2025 Top Contributors And Detractors,"Baron Partners Fund declined in Q1 2025, underperforming its benchmark. Who were the top contributors and detractors? Click here to find out. ",SeekingAlpha,https://finnhub.io/api/news?id=2c70bb7a6cdb956d2804cd73da575b67cff1e8e37b3953f599eec104247aa284
2025-04-29 04:17:21,TSLA,"Elon Musk Taps Friends, Associates For Private Sales Of Business Empire","Elon Musk Taps Friends, Associates For Private Sales Of Business Empire",DowJones,https://finnhub.io/api/news?id=ea63a1f2be976aced9e0d0ec300a3d75d97826e83ccad566a6d730d58ca0a2b4
2025-04-29 04:08:42,TSLA,"Tesla: Early Signs Of A Turnaround, But Fundamentals Are Not Driving It","Despite missing Q1 2025 expectations and delaying its FY 2025 guidance update, Tesla's stock is up by 20% since the results came out. Read why I rate TSLA stock as a buy.",SeekingAlpha,https://finnhub.io/api/news?id=2559a41dbf543bb40ce2f2d2d3100345f41735474f7027dfd420e2ccc47a09fe
2025-04-29 03:37:00,TSLA,Will Musk's Increased Focus on Tesla Boost Its Stock?,"Tesla (NASDAQ: TSLA) investors received good news in the company's earnings call for the first quarter of 2025.  CEO Elon Musk, who had spent significant amounts of time working for the government's Department of Government Efficiency (DOGE), announced that he would be spending less time managing DOGE and more time leading Tesla starting in May.  Tesla stock recovered following that news.",Yahoo,https://finnhub.io/api/news?id=e0487d939dc12c0e42a98b3d4068843694e1fcf1ec974795199cd723d825ed4e
2025-04-29 03:30:00,TSLA,Fiduciary Management Q1 2025 Shareholder Letter,"In recent shareholder letters, we have been highlighting market anecdotes illustrating speculative behavior across financial markets. Click here to read more.",SeekingAlpha,https://finnhub.io/api/news?id=b9f4b3c750f97cf925ab0e33e6b24da8791c9cc97ec59f3cbf76e121b4766c15
2025-04-29 03:10:00,TSLA,Baron Partners Fund Q1 2025 Shareholder Letter,"Baron Partners Fund declined in the first quarter of 2025, underperforming its benchmark, the Russell Midcap Growth Index.",SeekingAlpha,https://finnhub.io/api/news?id=4f4622c6d09e7d0966d52c40bda81487270eca1da420282f54219d7029283295
2025-04-29 02:15:00,TSLA,Tesla's Q1 Disaster: Downgrading To Sell As Future Looks Bleaker Than Ever,"Tesla's Q1 earnings disappoint with a 20% revenue drop, yet shares rally on future prospects. Read why I have no other choice but to downgrade TSLA stock to Sell.",SeekingAlpha,https://finnhub.io/api/news?id=c8787290828164950f2763bed4feb0fdf217c1bb61b2acdc728abc2107f06279
2025-04-29 01:51:00,TSLA,Why Trump’s Next 100 Days Will Be More Crucial for Stock Markets and 5 Other Things to Know Today.,Why Trump’s Next 100 Days Will Be More Crucial for Stock Markets and 5 Other Things to Know Today.,MarketWatch,https://finnhub.io/api/news?id=f78935f0cbb49de1c3049de7ebc757a65d09fa428b2bb263b8c4b9f7d59d8196
2025-04-29 00:30:00,TSLA,"China Pushed a Hard Sell on Autonomous Driving. After a Deadly Crash, It’s Pulling Back.","China Pushed a Hard Sell on Autonomous Driving. After a Deadly Crash, It’s Pulling Back.",DowJones,https://finnhub.io/api/news?id=e46d2c04a06f73261d04cec805880e3b86f40ec1a3857ef398c685e1369c91b6
2025-04-29 00:16:48,TSLA,"Tesla Stock: The Technoking Has Returned - Buy (Technical Analysis, Rating Upgrade)","Despite poor Q1 results, Elon Musk reaffirmed timelines for key projects. See why Tesla (TSLA) stock upgraded to a buy amid bullish technicals & promising outlook.",SeekingAlpha,https://finnhub.io/api/news?id=04ecce56fc6d19eac623f3d0cff9cca0eb69452d8f4d0180246ffd9332903193
2025-04-28 21:15:00,TSLA,Alphabet Sets A Positive Tone Ahead Of Mega Tech Earnings Results This Week,"With 12% of S&P 500 companies reporting for the Q1 reporting season, EPS growth currently stands at 10.1%. Read more here.",SeekingAlpha,https://finnhub.io/api/news?id=dc13ebbfecea942308757fd0ac43260ba4092619f845854fd643fdea3987fe21
2025-04-28 19:00:00,TSLA,Worried About Tesla's Brand Issues? These 3 Words From the Company's First-Quarter Earnings Call Should Put Your Fears to Rest.,One of the biggest factors fueling the sell-off in Tesla stock is concern around the company's brand.,Yahoo,https://finnhub.io/api/news?id=264439ba1477af0c2cb29c8e9f40b778ccd6f6e32cd92bae3793efc28d0fc56a
2025-04-28 17:52:58,TSLA,Tesla's Semi factory in Nevada to have first trucks in production by end of 2025,"Dan Priestley, who leads the Semi program at Tesla, said in a video posted to YouTube on Monday, that the factory has an annual capacity of 50,000 units, adding that the company will prepare for high volume production over the next few quarters.  ""First units are set to be on the line by the end of this year, and we'll be ramping the factory throughout 2026,"" Priestley said.  Tesla, which has been looking to build a truck-making business for years, had said it would have the Semi in production by 2019.",Yahoo,https://finnhub.io/api/news?id=fea283d8a5bb24e79c3d5d1fde3a53dd42070ab785026ba8461a44b76926168d
2025-04-28 17:37:00,TSLA,Elon Musk gets more bad news as rival launches the anti-Tesla,Another titan of industry is gunning hard for Musk's market share.,Yahoo,https://finnhub.io/api/news?id=a61df92ef31251e2c329ab5cf2a1748e48220330d61c269203f112b5d3f9d7bb
2025-04-28 17:01:33,TSLA,"Elon Musk Said He'd Give $6 Billion to End World Hunger If the UN Could Explain How — They Did, But He Didn't Give Them a Dime","In October 2021, Elon Musk had just been crowned the richest person on Earth. David Beasley, head of the United Nations World Food Program at the time, didn't miss a beat. In a tweet tagging Musk, he wrote: ""Congratulations to @elonmusk for passing up @JeffBezos as the world's richest person — worth a whopping $221B! Elon, to celebrate I'm offering you a once in a lifetime opportunity: help us save 42M people from starvation for just $6.6B!!"" Don't Miss: Deloitte's fastest-growing software compa",Yahoo,https://finnhub.io/api/news?id=7be1aa9ea2e6d982a442a97c5de9e825e55f147d4e3407f84c460d7d6751edb7
2025-04-28 17:00:29,TSLA,"Dow Jones Futures: Nvidia, Tesla Test Key Levels; Apple, Amazon Lead Big Earnings Reports","Dow Jones Futures: Nvidia, Tesla Test Key Levels; Apple, Amazon Lead Big Earnings Reports",DowJones,https://finnhub.io/api/news?id=1b86cb5b023a5157422b87f0b2ec1ab92103c249e3c7aaeccc4b6e0c62aaa8e9
2025-04-28 16:25:42,TSLA,"Brad Gerstner Says ‘No Market’ for Tesla (TSLA) If It Doesn’t Execute on Pricing, Speed","We recently published a list of 10 AI Stocks Investors Are Monitoring After Tariff Shock. In this article, we are going to take a look at where Tesla, Inc. (NASDAQ:TSLA) stands against other AI stocks investors are monitoring after tariff shock. The tariff wars and a potential slowdown in AI spending threw water on investors’ […]",Yahoo,https://finnhub.io/api/news?id=81af82e4b4deb1f7167ada8d7603483756a29429887ab303d9164d56cbccde55
2025-04-28 11:27:00,TSLA,Tesla Stock Barely Eked Out a Gain. Why the $300 Level Is Back in Play.,Tesla Stock Barely Eked Out a Gain. Why the $300 Level Is Back in Play.,MarketWatch,https://finnhub.io/api/news?id=63e282289a2a4e9ea22d8d9639585f8e28e05842260b526340597a23184ace42
2025-04-28 11:12:00,TSLA,"These Stocks Moved the Most Today: Tesla, Nvidia, Domino’s, Spirit AeroSystems, IBM, MicroStrategy, and More","These Stocks Moved the Most Today: Tesla, Nvidia, Domino’s, Spirit AeroSystems, IBM, MicroStrategy, and More",MarketWatch,https://finnhub.io/api/news?id=bb1dad7fcd26d4d13ff20906e0c11b90ffd445de482a8c1a627e07423a583542
2025-04-28 10:16:24,TSLA,"Tesla stock, Domino's Q1 earnings, WW International activist stake","Yahoo Finance host Madison Mills tracks today's top moving stocks and biggest market stories in this Market Minute, including electric vehicle maker Tesla (TSLA), Domino's Pizza (DPZ), and WW International (WW). Stay up to date on the latest market action, minute-by-minute, with Yahoo Finance's Market Minute.",Yahoo,https://finnhub.io/api/news?id=0f1cff008144bc51a053613aa92d0465ca3ada8667eaba4f09d82b77382de378
2025-04-28 10:00:09,TSLA,Retail traders should consider more conservative investments: Wall Street veteran,The average investor needs to be mindful of fundamental risks to companies amid the Trump trade war.,Yahoo,https://finnhub.io/api/news?id=28b26a8ec7e1d95318471f9c4b6d04601e04be9627a010b9246c1ffb49b6df6f
2025-04-28 09:45:00,TSLA,"These Stocks Are Moving the Most Today: Tesla, Nvidia, Domino’s, Spirit AeroSystems, IBM, Novavax, and More","Domino’s Pizza reports earnings, Nvidia faces stiff competition in China, and Spirit AeroSystems finalizes a deal to transfer some assets to Airbus.",Yahoo,https://finnhub.io/api/news?id=8d6cc05e660c1d9475824fd5c8f3eb6541f6dde28bac853db381e07c770c62ce
2025-04-28 09:35:38,TSLA,"Temu, Tesla prices, Merck KGaA deal: Trending Tickers","Online retailer Temu — owned by PDD Holdings (PDD) — aims to raise prices amid tariffs, while Tesla (TSLA) raises its EV prices in Canada and Merck KGaA (MRK) seeks to acquire SpringWorks Therapeutics (SWTX) in a $3.9 billion deal. Catalysts host Madison Mills and Ritholtz Wealth Management chief market strategist Callie Cox weigh in on these top stocks. To watch more expert insights and analysis on the latest market action, check out more Catalysts here.",Yahoo,https://finnhub.io/api/news?id=dcbcab0d70f03d3793e1cbcb6241cc71a49390224680fef1fafdefd163fe21bb
2025-04-28 09:24:35,TSLA,This portfolio mgr. is 'cautiously optimistic' on Mag 7 earnings,"Tech stocks face a pivotal week as Meta Platforms (META), Microsoft (MSFT), Amazon (AMZN), and Apple (AAPL) gear up to report earnings. T. Rowe Price global technology fund portfolio manager Dominic Rizzo joins Morning Brief to share why he's cautiously optimistic and what fundamentals he'll be watching from earnings across the Magnificent Seven. To watch more expert insights and analysis on the latest market action, check out more Morning Brief here.",Yahoo,https://finnhub.io/api/news?id=0e5af6627c899e646b08f01916c18ccb0febc383d4b579b9072bd9422cdb7750
2025-04-28 09:01:03,TSLA,"Tesla Stock Has 73% Upside, According to 1 Wall Street Analyst","As the analyst notes, Musk announced he would spend more time on Tesla starting in May. Management confirmed Tesla is on track to release lower-cost models this year, the Cybercab is still on track for mass production in 2026, and the ""robotaxi"" -- initially a Model Y with fully autonomous full-self driving (FSD) -- will be in Austin in June.  If we throw in a resolution to the tariff conflict, there's potential for upside for Tesla stock.",Yahoo,https://finnhub.io/api/news?id=718d0556eea375e4523924808e33e0b9cca47ad661b8555b849e2dfdaa007090
2025-04-28 08:55:10,TSLA,"BYD Is Outperforming Tesla, And Its Stock Should, Too - Reiterating Buy","BYD Company Limited is making it as the new leader of EVs based on the numbers, and the stock should reflect that. Click here to find out why BYDDF is a Buy.",SeekingAlpha,https://finnhub.io/api/news?id=ce877f64e84af6a08431aa1c16f2bab3d29ecfe08bd6715969d01bc40300516d
2025-04-28 08:39:00,TSLA,Tesla Stock Rises. Why the $300 Level Is Back in Play.,"Tesla  stock was rising in early trading Monday.  Shares are heading for five consecutive days of gains as the electric vehicles maker builds on a great reaction this past week to a less-than-great earnings report.  Tesla stock was up 1.2% in early trading at $288.30, while the  and  were up 0.2% and 0.3%, respectively.",Yahoo,https://finnhub.io/api/news?id=b4bb27d6603cdd36fbba7377bfb0e6049e2eebcc50df46cbced2dfa3769673c6
2025-04-28 08:11:56,TSLA,"A slight sell-off by foreign investors could rock the US stock market, says veteran CIO","The conditions remain in place for another downdraft in the stock market, former Bridgewater CIO Rebecca Patterson warns.",Yahoo,https://finnhub.io/api/news?id=9248a7c8b6ee6d42bf488c78065719fc1f6b6ab4b5d09fb9836072351436a3b0
2025-04-28 08:07:35,TSLA,What To Expect In The April 2025 Job Report On Friday,"April 2025 jobs report is predicted to show slowed growth with 150,000 new jobs, steady 4.2% unemployment, and sector-specific changes. Read more here.",SeekingAlpha,https://finnhub.io/api/news?id=615cba4b9716f321d3a59a67a3746e0a903711ffd0d6941ab7e546d2726c9aa5
2025-04-28 08:04:45,TSLA,"S&P 500: Palantir, 2024's Big Winner, Leads Again In 2025. These Giants Are Laggards.","S&P 500: Palantir, 2024's Big Winner, Leads Again In 2025. These Giants Are Laggards.",DowJones,https://finnhub.io/api/news?id=c55a19f9d24cbc074737d8d3cc1b89a446dd1ea6ae768709ebc29fcfb2441afa
2025-04-28 08:00:13,TSLA,"Investors Heavily Search Tesla, Inc. (TSLA): Here is What You Need to Know","Tesla (TSLA) has received quite a bit of attention from Zacks.com users lately. Therefore, it is wise to be aware of the facts that can impact the stock's prospects.",Yahoo,https://finnhub.io/api/news?id=c07b37e2a1f425952a0cb6358e85cc65f673e176122172f2b343019a1bc01749
2025-04-28 07:00:08,TSLA,Want solar panels on your roof? How to navigate market and tariff chaos,"(Bloomberg) -- Google “solar panels for my house” and big national companies like SunPower and Tesla appear near the top of the search. But SunPower went bankrupt last year and Tesla’s solar business has shrunk. Another powerhouse, Sunnova, is teetering on the edge of insolvency. Most Read from BloombergNewsom Says California Is Now the World’s Fourth-Biggest EconomyAt Bryn Mawr, a Monumental Plaza Traces the Steps of Black HistoryLos Angeles Downgraded to AA- by S&P Due to Budget WoesUS Cricket",Yahoo,https://finnhub.io/api/news?id=26583fd0343b38814c29580f369b51a2096f3fe80f43fe9262dffd46cd27bead
2025-04-28 07:00:00,TSLA,Trump’s first 100 days: How Elon Musk’s Tesla has surprised,"You can catch Opening Bid on Apple Podcasts, Spotify, YouTube, or wherever you get your podcasts. Tesla’s (TSLA) stock is back to its electrified trading sessions following the company’s latest earnings report a week ago. Shares have rallied 18% in the past five trading sessions as Trump supporter and Tesla CEO Elon Musk has promised to cut back his DOGE-related activities. While the bulls may feel emboldened again on the controversial stock, the reality is shares have done the complete opposite of what many thought at the start of the Trump 2.0 presidency. With Musk literally inside the White House almost daily, it was supposed to mean great things for Tesla’s money-printing presses and stock price. That has hardly been the case. Shares look poised to end Trump’s first 100-day period down more than 30%. First quarter results showed sales and profits plunged as Musk faced public backlash over his DOGE role and dealt with an aging product lineup. The Street remains level-headed with its analysis of the new “show me” stock in Tesla. “We believe downside risk to consensus estimates over the near to medium term is offset by what we think will be improved longer-term profits driven in part by increased software revenue with full self-driving (although we have a more balanced view of Tesla’s monetization potential from FSD than the company is targeting),” Goldman Sachs analyst Mark Delaney said. The verdict is out on where Tesla’s stock will be on Trump’s 200-day mark, but for Musk’s sake, hopefully it won’t mirror the performance out of the gate. The path to renewed sales and profit growth won’t be easy, however. The Tesla brand will likely continue to feel blowback from Musk’s outspokenness on government policies. At the same time, tariff policy stands to hammer margins, given Tesla’s exposure to solar panels from China and autos being made outside the US. The uncertainty on how quickly Musk can fix Tesla is something execs pointed to on the earnings release – Tesla yanked its 2025 financial guidance, promising to revisit it when second quarter results hit. For full episodes of Opening Bid, listen on your favorite podcast platform or watch on our website. Yahoo Finance's Opening Bid is produced by Langston Sessoms",Yahoo,https://finnhub.io/api/news?id=f3be98239f16a712dc36d8ce1016515cab30f2114f1820372da062af37c0b730
2025-04-28 07:00:00,TSLA,Tech Sizzled Last Week: Top-Performing ETFs in the Sector,"Tech stocks fueled Wall Street's last-week rally, with the Nasdaq jumping 6.7% and Tesla surging 23.8%.",Yahoo,https://finnhub.io/api/news?id=bc0fe665d06ed2d96162bb5e1394d853b8d24727a0681f693ccfd1acf6e7fa5c
2025-04-28 06:50:13,TSLA,"Trump Promised a Markets Boom. 100 Days In, Stocks Have Only Seen Damage","(Bloomberg) -- Donald Trump promised Americans a “boom like no other” if they elected him president. But based on the stock market’s performance during his first 100 days in office, it depends on what you mean by “boom.”Most Read from BloombergNewsom Says California Is Now the World’s Fourth-Biggest EconomyAt Bryn Mawr, a Monumental Plaza Traces the Steps of Black HistoryLos Angeles Downgraded to AA- by S&P Due to Budget WoesUS Cricket Deepens Bet on Texas With HQ Shift From CaliforniaThe Last T",Yahoo,https://finnhub.io/api/news?id=1f80aa2c472e6f168f3220124e2226197a0a670590f785c9484b6e3df8375b54
2025-04-28 06:31:18,TSLA,Tesla's Plunge Isn't Close To Being Over,"Tesla's stock is declining, with challenges in revenue, market share, and profitability. Check out insights on TSLA stock valuation and prospects.",SeekingAlpha,https://finnhub.io/api/news?id=9d23506439820e0df3477be160c2e3423956d8aa1cb680c775eb4ef34f0c21ea
2025-04-28 06:27:00,TSLA,Anduril Is Aiming to Do to Lockheed What Tesla Did to Ford,Anduril Is Aiming to Do to Lockheed What Tesla Did to Ford,MarketWatch,https://finnhub.io/api/news?id=7da890ec77a6fca545fa5d3c373b22192f040d4c4b69cd2047176f3f1c81f677
2025-04-28 06:20:07,TSLA,"Tesla: Hated And Down, But Not Out",Tesla's stock rose 10% post-earnings despite a 20% sales dip. Check out why we think that investing in TSLA stock now could offer significant upside,SeekingAlpha,https://finnhub.io/api/news?id=66a0f81e60f7aeb0ed5eb5276497f1f0b7f788ad43aa6092f4344422a284580c
2025-04-28 05:50:00,TSLA,This Will Determine a Crunch Week for Stock Markets and 5 More Things to Know Today.,"Trump to mark first 100 days with a focus on tariffs and tax cuts, Warren Buffett gears up for annual meeting appearance, and more news to start your day.",Yahoo,https://finnhub.io/api/news?id=cfb783bfc5ccd8689a58f4bd165d95d6eee32ea8f8c775ce34a7f9c7b2edf461
2025-04-28 05:45:55,TSLA,"Microsoft: What To Consider, Ahead Of The Q2-25 Earnings Event",,SeekingAlpha,https://finnhub.io/api/news?id=5da848f456ba2a93c6a81a25b899bd1d43af01ae74765881f3546d710a882a70
2025-04-28 05:39:46,TSLA,Electric Vehicles Today - Off-Highway Electric Vehicles Set for Major Market Growth,"The off-highway electric vehicle (OHEV) market is set to expand significantly, with projections indicating growth from $5.48 billion in 2024 to $56.48 billion by 2034. This expansion is largely driven by the increasing adoption of electric technologies in the construction, agriculture, and mining sectors as they strive to reduce emissions and improve operational efficiencies. Key factors contributing to this growth include technological innovations in battery efficiency, charging...",Yahoo,https://finnhub.io/api/news?id=bef5b83210f4ed9d475e4b578d04c03a63fe82d3e8d1a2a4715361f62d702d33
2025-04-28 05:34:42,TSLA,Big Tech’s Earnings Problem Is Estimates May Be Way Too High,"(Bloomberg) -- The last time Big Tech delivered earnings, Donald Trump had just started his term, stocks were soaring on expectations of a pro-growth government agenda and investors’ main worry was how long it would take companies to convert their artificial intelligence spending into profits.Most Read from BloombergNewsom Says California Is Now the World’s Fourth-Biggest EconomyAt Bryn Mawr, a Monumental Plaza Traces the Steps of Black HistoryLos Angeles Downgraded to AA- by S&P Due to Budget W",Yahoo,https://finnhub.io/api/news?id=eea6ed14d54d303d6e04942c2aa97b7a312858aedd6e4b090bf264ea955d8f12
2025-04-28 05:08:45,TSLA,Tariffs Won't Stop The AI Revolution,"Despite recent tariff setbacks, AI-related growth remains robust, with Amazon and Nvidia executives optimistic about the segment's future in today's uncertain market. Read the latest here.",SeekingAlpha,https://finnhub.io/api/news?id=89a356026d1621f51b7153fbcb95cb98b91c6612cc9ab08e5294e294ec7265a2
2025-04-28 05:03:01,TSLA,BYD: A Winner Of The Trade War,"Discover why BYD's stock is soaring past Tesla with advanced FSD tech, dominance in China's NEV market, and minimal tariff impact.",SeekingAlpha,https://finnhub.io/api/news?id=94459fa2bb4402858724ee3daab1906cd4cbe944debd63c6a2017ad4f62309c5
2025-04-28 05:00:00,TSLA,"Most large cryptocurrencies decrease on Dogecoin, Avalanche drops","Most large cryptocurrencies decrease on Dogecoin, Avalanche drops",MarketWatch,https://finnhub.io/api/news?id=55bfe71b415f03ea62a050d4a64c4ea6be7b410f8e3e1a1e19faccc6dd61688c
2025-04-28 04:52:41,TSLA,Dow Jones Rises As Nvidia Slides On New China AI Chip; Tesla Extends Rally,Dow Jones Rises As Nvidia Slides On New China AI Chip; Tesla Extends Rally,DowJones,https://finnhub.io/api/news?id=b18483a8fcdf8be8cf07de6eaffaf7c942d77d6443d7618a686efbea73bd0a00
2025-04-28 04:30:00,TSLA,The Tesla Story Few See Coming,"Teslaâs AI-driven vision system, rising energy revenues, and misleadingly high P/E make the current valuation compelling. See why TSLA stock is a strong buy.",SeekingAlpha,https://finnhub.io/api/news?id=cf85660f5b352330f985751a21b9f278d06a3f51670064e09965de0bfe0e56ca
2025-04-28 04:30:00,TSLA,CGGR: The ETF If You Can't Stomach Volatility But Still Want Tech Exposure,"CGGR is a diversified ETF focusing on superior growth companies, with a 6.6% YTD decline presenting an attractive long-term accumulation opportunity. Read why I rate CGGR as a buy.",SeekingAlpha,https://finnhub.io/api/news?id=66d39f07d50bc31ebae5ad1d5c432dac638550a9001370c38a4a6560ecb70a2c
2025-04-28 04:00:52,TSLA,Tesla is in worse shape than you think,"How bad are things at Tesla? So bad that it would have lost money in the first three months of the year had it not been the sale of regulatory credits, credits that could be going away if the Trump administration gets its way on auto emissions rules.",Yahoo,https://finnhub.io/api/news?id=65d105cfed33cd3da2703ebc9ac29d7091087728fab0bef3112c82e4c05f0962
2025-04-28 04:00:00,TSLA,BYD is coming for Tesla's lunch,A version of this article originally appeared in Quartz’s members-only Weekend Brief newsletter. Quartz members get access to exclusive newsletters and more. Sign up here.,Yahoo,https://finnhub.io/api/news?id=4482b48ecb35719ad58aef570129c8e9eec68e8653a20e938ae3923108f05565
2025-04-28 03:13:50,TSLA,"Dow Jones Futures Await Earnings Wave, Trump Tariff News; 7 Stocks Near Buy Points","Dow Jones Futures Await Earnings Wave, Trump Tariff News; 7 Stocks Near Buy Points",DowJones,https://finnhub.io/api/news?id=20d191e02bdc165f0ba11e044157285879c8f8635199ade8dc22445a01d764ea
2025-04-28 01:34:00,TSLA,ClearBridge Large Cap Growth Portfolios Q1 2025 Commentary,The S&P 500 Index declined 4.27% while the benchmark Russell 1000 Growth Index (RLG) fell 9.97%. Click here to read more.,SeekingAlpha,https://finnhub.io/api/news?id=2e92a8f7b937927939ca9347888da879ca6c08a86154d429849d4b2c6ffde3b5
2025-04-28 00:59:09,TSLA,Why Tesla Stock Rose Despite Poor Earnings,Teslaâs innovation-led strategy and industry leadership contrast with short-term financial softness and speculative enthusiasm. Read why TSLA stock is a hold.,SeekingAlpha,https://finnhub.io/api/news?id=a92600fd8c0732b075163de94c67c40866df71f3c8a907a8023e03651e92c618
2025-04-28 00:02:00,TSLA,"Kia will offer its new electric EV4 next year, with unique looks that can’t be pigeon-holed","Kia will offer its new electric EV4 next year, with unique looks that can’t be pigeon-holed",MarketWatch,https://finnhub.io/api/news?id=df5fd4e1cd4bda5499923c5306c8f42d057b8f8b24032e204f8cabad1b1d3bbe
2025-04-27 22:55:35,TSLA,Tesla Is Facing Near-Term Hurdles And Doubling Down On A 'Real World' AI Future (Rating Downgrade),Tesla's Q1 2025 earnings call highlighted challenges in vehicle deliveries due to factory updates & brand hostility. See why I downgrade TSLA from hold to sell.,SeekingAlpha,https://finnhub.io/api/news?id=b5308cc102c12134f352483eed270cb4757202e4dad8bdf27db02ac65013e596
2025-04-27 18:02:00,TSLA,ClearBridge Large Cap Growth Fund Q1 2025 Commentary,"The S&P 500 Index declined 4.27% while the benchmark Russell 1000 Growth Index (RLG) fell 9.97%, trailing its value counterpart by over 1,200 basis points.",SeekingAlpha,https://finnhub.io/api/news?id=c5382aa45a906d8a8f0fd4f09e661c99fde4fdc5a873e332a6b84cee15c72c09
2025-04-27 16:02:00,TSLA,The Boyar Value Group's Q1 2025 Letter,"After notching a record high on February 19th, the S&P 500 closed the quarter down 4.6%, its worst performance since 3Q2022. Read more here.",SeekingAlpha,https://finnhub.io/api/news?id=272eff22fe9eb94697e1b5b1a7e674532401f62c4debe59d7c9154782f6efcc2
2025-04-27 10:25:00,TSLA,"Elon Musk’s popularity has fallen since he gained power in Washington, poll finds","Elon Musk’s popularity has fallen since he gained power in Washington, poll finds",MarketWatch,https://finnhub.io/api/news?id=4cd1f79598e4da70023c082bd3ebd7a50a87d1c7ad7a0a85700db7a771563ab8
2025-04-27 07:44:00,TSLA,Tesla’s 2025 Sales Started Out Slow. A New Lease Deal Could Change That.,Tesla’s 2025 Sales Started Out Slow. A New Lease Deal Could Change That.,MarketWatch,https://finnhub.io/api/news?id=96fbe4ee3e94a7a5146955177a5958661ab397620ee8a68d6742fa1b0c96d311
2025-04-27 02:50:00,TSLA,Tesla Stock Investors: Elon Musk Expects 99% Market Share in This Trillion-Dollar Industry,"Every metric of consequence -- deliveries, revenue, operating margin, and earnings -- declined as the company lost market share across China, Europe, and the United States.  Tesla is on track to launch its first robotaxi service in Austin, Texas, by June, and Musk predicted the company would eventually have ""99% market share or something ridiculous.""  For instance, Morgan Stanley recently wrote, ""Assuming that the autonomous providers are paid per mile that they drive, the industry could have an addressable market of over $1 trillion per year just in the U.S."" Similarly, Uber CEO Dara Khosrowshahi recently said, ""The U.S. market alone is a trillion-dollar opportunity.""",Yahoo,https://finnhub.io/api/news?id=d52a5420a17f10e64bf1a4eb0d01e57c6b0886fbc70e6e0d4e5feba0784983f8
2025-04-27 01:02:28,TSLA,Tesla: The 'Musk Put' Is In Play,"Tesla reported its Q1 FY25 earnings on 22nd April, where total revenue declined 9% YoY. Read why I remain bullish on TSLA stock.",SeekingAlpha,https://finnhub.io/api/news?id=b4964cb1cd674f1180a51db7185effe35548201ff50d81fc3271e58febe875c8
2025-04-27 00:17:56,TSLA,Tesla's Poor Earnings Reaffirms Our Top Short Pick,"Tesla's Q1 2025 results show declining revenues, weak demand, and increased competition.",SeekingAlpha,https://finnhub.io/api/news?id=82ce363a58db80a53b1d2c335e5075857a1975d9b74019ab3a968e496668f6da
2025-04-26 19:45:32,TSLA,Alphabet Q1: The Top Risk-Averse Stock Positioned For A 2026 Boom,Alphabet's Q1 2025 demonstrates exceptional resilience in turbulent markets. See why GOOGL stock is an ideal pick ahead of the anticipated 2026 economic rebound.,SeekingAlpha,https://finnhub.io/api/news?id=6f3747a5dacc4e23e93c7d8d06fca11873b95406ed0324aa9215bb27bebc36f0
2025-04-26 19:02:00,TSLA,Dyspro-What? Why an Obscure Element Has the EV Industry in a Panic,Dyspro-What? Why an Obscure Element Has the EV Industry in a Panic,DowJones,https://finnhub.io/api/news?id=cac754f489e629fe1f075163062d79f17723461ca5d25689557df91962d06348
2025-04-26 14:29:28,TSLA,Why Tesla Inc. (TSLA) Soared Last Week,"We recently published a list of Why These 10 Firms Recorded Double-Digit Gains Last Week. In this article, we are going to take a look at where Tesla Inc. (NASDAQ:TSLA) stands against other firms that recorded double-digit gains last week. Ten companies finished the past trading week on a high note, outperforming the three major […]",Yahoo,https://finnhub.io/api/news?id=4d62de91bd848d14fa21a605dd3c92e3255625a2a3e5f7d136431981621f744e
2025-04-26 13:24:28,TSLA,"Ross Gerber Says Elon Musk A 'Negative' For Tesla Stock, Trump's Win Proved 'Not Good At All' For Company","Tesla (NASDAQ:TSLA) shares have been under pressure as the company faces falling demand for its vehicles all over the world and a brand crisis amid CEO Elon Musk's involvement in politics. The stock has lost 33% in value so far this year. Tesla's deliveries fell 13% in the first quarter year over year, while sales in Europe dropped a whopping 49% in the first two months of the quarter. Ross Gerber, the co-founder and CEO of Gerber Kawasaki Wealth & Investment Management, said in an interview wit",Yahoo,https://finnhub.io/api/news?id=831f89787893613acfc1224d4e37d4880b78ac87a79d2c3471d751284cb7f29b
2025-04-26 13:14:00,TSLA,"Tech Executives Are Starting to Talk Tariffs. What It May Mean for Apple, Amazon Earnings.","Amazon, Apple, Meta, and Microsoft will need to address tariffs on earnings calls next week. Tech executives are sounding alarms.",Yahoo,https://finnhub.io/api/news?id=dd8d3f2d0cf04892de7ff792fd33ae6e9f036367f41c219b2b34278f3e3f1e4e
2025-04-26 11:25:28,TSLA,"Tesla refunds show India entry may be near, Bloomberg reports","Tesla’s (TSLA) India office is refunding early reservations of its Model 3, a sign the company is planning to start sales in the country, Alisha Sachdev of Bloomberg reports, citing emails. Customers who had made reservations bookings back in 2016 received an email, saying in part, “When we finalize our offerings in India, we will reach out in the market again. We hope to see you back with us once we are ready to launch and deliver in your country.” Days ago, Elon Musk said in a post on X that h",Yahoo,https://finnhub.io/api/news?id=26b55ed0043965054502a1ef18fa71969dcd57712346465d24c97823221ce53a
2025-04-26 11:21:33,TSLA,"A New Community Of Homes Powered By Tesla Tech Is Selling Out Fast, Facing 'No Issues With Trump and Musk Backlash'","Amidst the controversy surrounding Elon Musk, it’s sometimes easy to forget that Tesla (NASDAQ:TSLA) has been at the forefront of clean energy adoption worldwide. It makes sense, then, that Tesla’s tech is powering the company’s first home community. Consisting of 11 homes in Houston, Realtor.com reports that the properties are attracting intense buyer interest, despite recent vandalism experienced by Tesla car owners and showrooms. “We have honestly had no issues with Trump and Musk backlash. I",Yahoo,https://finnhub.io/api/news?id=123efa8f32354feed8bf24367198187dd660c094baabee6d0ba67dc9c589645a
2025-04-26 09:20:59,TSLA,"Tesla, Inc. (TSLA) Faces Weak Q1 Auto Revenues but Stresses Long-Term AI and Robotics Vision","We recently compiled a list of the 12 AI Stocks Analysts Are Talking About Right Now. In this article, we are going to take a look at where Tesla, Inc. (NASDAQ:TSLA) stands against the other AI stocks. Latest reports from the IMF reveal that economic gains from artificial intelligence are likely to outweigh the costs of rising […]",Yahoo,https://finnhub.io/api/news?id=26c105bfcd72201923cfe0ba4384f32d2c1da22cde18576373a1d7e9cbd71c26
2025-04-26 09:13:00,TSLA,Artificial Intelligence (AI) Investors Keep Watching Tesla for Robotaxis. But Billionaire Bill Ackman May Have Just Identified An Even Bigger Opportunity,"Autonomous driving presents an enormous opportunity for Tesla's future, but the company is not the only one exploring robotaxi services.",Yahoo,https://finnhub.io/api/news?id=93739d4ecf5b7cf06c203528b06d54a648d5cb5cf22e854515851e1d19869bbe
2025-04-26 08:26:58,TSLA,"Tesla Vs. BYD: EV Giants' Earnings Diverge Wildly, But Both Stocks Soar","BYD's Q1 net income doubled vs. a year earlier, passing Tesla for the first time. Tesla earnings dived, but Elon Musk is still bullish on robotaxis. Both stocks soared.",Yahoo,https://finnhub.io/api/news?id=f0375a028b98167e373d4c0d227937767d7ed0dc378250ff779f51820c8d1a69
2025-04-26 08:03:00,TSLA,Experts sound alarm on Elon Musk's misguided Tesla plan,The company is trying to pull off something that seems impossible to many.,Yahoo,https://finnhub.io/api/news?id=f77ee4a3077f62b3172e34165ae4b349c7342885984194929758d994f34ad7cf
2025-04-26 08:00:00,TSLA,"Nvidia stock slides, Apple gets a warning, and Tesla short-sellers cash in: Markets news roundup",Nvidia (NVDA) stock fell more than 6% Monday as investors digested growing fallout from the Biden and Trump administrations’ efforts to curb the company’s chip sales to China.,Yahoo,https://finnhub.io/api/news?id=96c9f1644e9f9a0de3fda7899c66e579d423ba99b270c778a074c86e8ca605dc
2025-04-26 07:16:50,TSLA,"Tesla, Inc. (TSLA) Bets on Full Self-Driving and Optimus Robots as AI Future Accelerates","We recently published a list of 10 AI Stocks That Will Skyrocket. In this article, we are going to take a look at where Tesla, Inc. (NASDAQ:TSLA) stands against other AI stocks that will skyrocket. AI (Artificial Intelligence) isn’t just a buzzword anymore—it’s becoming a part of our everyday lives, from the apps we use […]",Yahoo,https://finnhub.io/api/news?id=9a0336221e69e9afb323391a4870361dfb0b3fdb1fc4832e038bef4b1f004f42
2025-04-26 05:55:00,TSLA,"Tesla Stock Climbs Despite Pulling Guidance, but Is More Downside Ahead?","Despite an abysmal quarter on nearly every metric, shares of Tesla (NASDAQ: TSLA) climbed even after the electric vehicle (EV) maker pulled its guidance for the year.  The stock's rise can be attributed to CEO Elon Musk pledging to spend more time running the company instead of overseeing the Department of Government Efficiency (DOGE).  Musk also continued to hype Tesla's robotaxi and artificial intelligence (AI) ambitions.",Yahoo,https://finnhub.io/api/news?id=269e20373f3e097ba3887fc19c7f2ecd950e86eb379c442c447b8cee5ce220a2
2025-04-26 04:07:00,TSLA,"Members of Congress Are Buying This Beaten-Down ""Magnificent Seven"" Stock (Hint: It's Not Nvidia or Tesla)","The U.S. Congress might not be the place you want to look for guidance on anything financial-related.  After all, the national debt is over $36.7 trillion and growing, and every penny of the money spent by the federal government had to be approved by Congress.  It doesn't make sense to mimic anyone's stock trades without thought, but Congress can be a place to find stocks worth checking out.",Yahoo,https://finnhub.io/api/news?id=ce8c2ce462534c03fa5e2873b46e3a080363277367ad85feeeb604afa04e3760
2025-04-26 03:42:46,TSLA,Why Tesla Inc. (TSLA) Went Up On Friday,"We recently published a list of These 10 Firms Led Friday’s Rally, Here’s Why. In this article, we are going to take a look at where Tesla Inc. (NASDAQ:TSLA) stands against other firms that led Friday’s rally. The stock market ended the week stronger with all its major indices closing higher as investors repositioned portfolios […]",Yahoo,https://finnhub.io/api/news?id=c628c52609336e1b891b6cb3909cbae619ecd182c235d71bb6421541e0626550
2025-04-26 03:15:00,TSLA,A Big Market Reversal Might Be Coming In 2025,We will still likely face a recession. See which investments are poised to outperform amid a potential recession and trade war resolution.,SeekingAlpha,https://finnhub.io/api/news?id=7050ea206420403c0c47d08179210238b7f66cf311225db019e11774a0e7864b
2025-04-26 03:05:00,TSLA,Better EV Stock: Lucid vs. Tesla,"Tesla (NASDAQ: TSLA) has been the role model for a host of electric vehicle (EV) start-ups.  What has Tesla achieved?  From a big-picture perspective, Tesla has gone from a money-losing start-up to a sustainably profitable business.",Yahoo,https://finnhub.io/api/news?id=40d3dc63cdcbf574758407801c108b9e1672f46ae572115bcb4e27f01f8ce9ae
2025-04-26 01:45:39,TSLA,What Moved Markets This Week,U.S. stocks recorded the second-best weekly advance of 2025 on Friday as tariff concerns eased. Read more about this week's major events on Wall Street.,SeekingAlpha,https://finnhub.io/api/news?id=9cbd8576e561e89b433c0b95f43fbbd1c93dda3f91d0ece9b74ac2a1e8fbff09
2025-04-25 22:46:25,TSLA,"Elon Musk Is $122 Billion Poorer In 2025, And Still Richer Than Bezos, Huang, Cuban Combined","Tesla Inc (NASDAQ:TSLA) stock ended 2024 on a high note with shares hitting all-time highs in December, helping boost the wealth of CEO Elon Musk. The start of 2025 has been anything but the same, with shares down and Musk's wealth falling by more than $100 billion. What Happened: Musk ended 2024 as the world's richest person worth an estimated $432 billion. The Tesla CEO added $203 billion to his wealth in 2024 and was the first person in the world to hit the $400 billion milestone. As Benzinga",Yahoo,https://finnhub.io/api/news?id=17d294cc57ba44e6ea85327a34412b108f6982260f8aa3cc8caa6bb924d7d6e7
2025-04-25 22:11:44,TSLA,Toyota Chairman Proposes Record Buyout of Its Supplier at $42 Billion Valuation,"(Bloomberg) -- Toyota Motor Corp. Chairman Akio Toyoda has proposed a buyout of Toyota Industries Corp., people familiar with the matter said, seeking to consolidate his grip on Japan’s biggest business empire as a wave of merger and acquisition activity roils the country.Most Read from BloombergWhy Car YouTuber Matt Farah Is Fighting for Walkable CitiesNewsom Says California Is Now the World’s Fourth-Biggest EconomyBackyard Micro-Flats Aim to Ease South Africa’s Housing CrisisAt Bryn Mawr, a Mo",Yahoo,https://finnhub.io/api/news?id=812da0b75fbee3fcda08bc73e37d8da0ceb7d07c57b5caf62b058d3aff834874
2025-04-25 18:59:00,TSLA,"S&P 500 Earnings: Updating Q2 '25 EPS Trends, Q1 '25 Earnings Look Great",The âexpectedâ S&P 500 EPS growth by sector has lost about 600 bps or 6% since the start of the year.,SeekingAlpha,https://finnhub.io/api/news?id=5e86b7b8e6e72e19850533c6f239c2de3572d138747ae50b4d2ab710a1c5f430
2025-04-25 17:24:24,TSLA,"Jim Cramer Reacts to Tesla (TSLA) Rally: “Musk Is Back, That’s Enough”","We recently published a list of Jim Cramer Put These 16 Stocks Under a Microscope. In this article, we are going to take a look at where Tesla, Inc. (NASDAQ:TSLA) stands against other stocks that Jim Cramer discussed. On Wednesday, Jim Cramer, the host of Mad Money, took to discussing how President Donald Trump’s influence […]",Yahoo,https://finnhub.io/api/news?id=ea71b3de41bfd96f268d4d434c32682e3681797f5fdd66f37e338519df607ba5
2025-04-25 16:41:58,TSLA,What Wall Street's top CEOs are saying about tariff impacts,"Uncertainty about US President Trump's tariff policies has created a difficult environment for corporate America to make business decisions. Watch the video above to hear what some of the top CEOs on Wall Street, including Whirlpool (WHR) CEO Marc Bitzer, Southwest Airlines (LUV) CEO Bob Jordan, Chipotle (CMG) CEO Scott Boatwright, T-Mobile (TMUS) CEO Mike Sievert, and Procter & Gamble (PG) CEO Jon Moeller have told Yahoo Finance. To watch more expert insights and analysis on the latest market action, check out more Market Domination Overtime here.",Yahoo,https://finnhub.io/api/news?id=ed88ed508565d4a5d909bc9f80397d7fa6ec889f328cf4921bedbd395ed4116c
2025-04-25 13:46:00,TSLA,The Stock Market Surged This Week. Why Its Next Move Looks to Be Lower.,The Stock Market Surged This Week. Why Its Next Move Looks to Be Lower.,MarketWatch,https://finnhub.io/api/news?id=58e3c667ecb5fb13069f9dc75d102d7462d02de1423f80dc8c9c66cc75e0e958
2025-04-25 13:19:21,TSLA,"Tesla in India, Saia Q1 miss, SoFi initiated by Citizens JMP","Julie Hyman goes over some of the trading day's top stories on this segment of Market Minute. Tesla (TSLA) stock jumps as the company refunded early Model 3 bookings in India, according to Bloomberg. The move raises speculation that Tesla is nearing an entry point into India. Saia (SAIA) stock slides after missing first quarter earnings and revenue targets, citing tough weather and macro headwinds. SoFi Technologies (SOFI) stock is rising after Citizens JMP initiated coverage on the stock with an Outperform rating and $17 price target. Stay up to date on the latest market action, minute-by-minute, with Yahoo Finance's Market Minute.",Yahoo,https://finnhub.io/api/news?id=83ff81b5e2a3a521d5a83c56cfda8476534032b247e00722012d86ba161d15cc
2025-04-25 13:01:55,TSLA,"Robotaxi Showdown: Tesla Hits the Gas, Waymo Changes Gears",Musk races to launch in Austin. Waymo eyes a new path--straight to your driveway.,Yahoo,https://finnhub.io/api/news?id=efc5c3e9c2a941d354e17822053a2c0715de014399b185004889d0212ecbdc13
2025-04-25 12:48:04,TSLA,Tesla (NasdaqGS:TSLA) Superchargers Now Accessible To Kia EV Owners For Enhanced Charging Connectivity,"Tesla (NasdaqGS:TSLA) experienced a significant share price increase of 7.5% over the past week. This move coincides with several positive developments, including CEO Elon Musk's announcement to focus more on Tesla and the loosening of U.S. regulations concerning self-driving vehicles. Additionally, Tesla's stocks benefited from an overall market trend that saw the Nasdaq Composite rise by 5.4% amid a broader rally driven by earnings reports and optimism over possible tariff resolutions...",Yahoo,https://finnhub.io/api/news?id=a8c99aa4f0c42a6be9d0966b8be3e3833ff5fcf2a8b6a5ca993767fe8482da77
2025-04-25 12:23:48,TSLA,Why Tesla’s stock is having such a great week,Tesla’s week has gone from good to better.,Yahoo,https://finnhub.io/api/news?id=089d107519bfbca4c821954c51b896596c789918128622d6f22fb016a388e7c7
2025-04-25 11:42:00,TSLA,"Tesla Stock Is a Buy for 3 Reasons, Says Analyst. Plus, Apple v. Tariffs, and More.","Tesla Stock Is a Buy for 3 Reasons, Says Analyst. Plus, Apple v. Tariffs, and More.",MarketWatch,https://finnhub.io/api/news?id=44e9350d0eed444af96c260f31744a7d024de63e879bc3e8da9bb5fc60a531da
2025-04-25 11:39:00,TSLA,"The Score: Tesla, Capital One, Boeing and More Stocks That Defined the Week","The Score: Tesla, Capital One, Boeing and More Stocks That Defined the Week",DowJones,https://finnhub.io/api/news?id=62adc8ad75def5af3ed846c089a2392cc473cf91ad8e485d7cfe9a6f11f904f4
2025-04-25 11:36:58,TSLA,BYD's earnings spell more bad news for Tesla,"Chinese automaker BYD (BYDDY) said its net profit doubled year-over-year in the first quarter, climbing to 9.15 billion yuan, or about $1.3 billion.",Yahoo,https://finnhub.io/api/news?id=55b89386477e1483c155c51355c5d06d12652a917b2420e84a444cdf17384abe
2025-04-25 11:31:29,TSLA,Commentary: DOGE gets downsized,Congress is trying to formalize a small amount of the federal spending cuts Elon Musk's government efficiency project has claimed. It won't be easy.,Yahoo,https://finnhub.io/api/news?id=6ca7977d6ec305a2a99505aa6821274a94f0b68a5b101e6e99255628f9a033e6
2025-04-25 11:09:00,TSLA,Tesla Stock Soars to End a Solid Week. Robotaxis Just Got a Step Closer.,Tesla Stock Soars to End a Solid Week. Robotaxis Just Got a Step Closer.,MarketWatch,https://finnhub.io/api/news?id=acd2ec864067182a470daa29fd0072d639c82f63ceb970fb0e7f56184ae3e9ac
2025-04-25 11:08:22,TSLA,Tesla (TSLA) Shares Jump After U.S. Loosens Self-Driving Car Rules,TSLA Gains as U.S. Clears Path for Cybercab Launch,Yahoo,https://finnhub.io/api/news?id=5612d2a5d0c3d1e124e0ebe06e8ba9a5749b753feb6ea82ff723ee3b31dc4276
2025-04-25 11:04:00,TSLA,Why Tesla Stock Is Soaring Today,"Shares of Tesla (NASDAQ: TSLA) are climbing on Friday.  The rise comes as the S&P 500 was mostly flat and the Nasdaq Composite rose modestly.  Late yesterday, the Trump administration announced regulatory changes that could help Tesla achieve its self-driving ambitions sooner.",Yahoo,https://finnhub.io/api/news?id=2f5f617fc8d650b955939a4d15c5bdfd0ac4beb381673f960f403b1eff42534c
2025-04-25 11:00:32,TSLA,Wall Street Shuffle: Game On For Nvidia And Tesla — And Game Over For These Stocks?,Wall Street Shuffle: Game On For Nvidia And Tesla — And Game Over For These Stocks?,DowJones,https://finnhub.io/api/news?id=31511f34c2a18d4c324707a6aace106f74014164897d191b3d58b858818e0caa
2025-04-25 10:56:05,TSLA,"NHTSA Loosens Safety Rules While Waymo, Tesla Gear Up for AV Expansion",New U.S. policy opens path for non-traditional AVs as Alphabet's Waymo and Tesla accelerate rollout timelines,Yahoo,https://finnhub.io/api/news?id=eaa4644770883cb7d47ee88d7990b43bed2b05a1b5b84b65664d7b9ad54db8e6
2025-04-25 10:30:00,TSLA,Pony AI: Risk Versus Potential,"Pony AI Inc.'s potential as a high-risk, high-reward play in the booming autonomous driving market. Click for my updated look at PONY stock prospects.",SeekingAlpha,https://finnhub.io/api/news?id=134277623ae906bdd7d33c8c19b84ea061b139cdd228adff155f875001d5303a
2025-04-25 10:15:11,TSLA,"Tesla Stock Jumps, Extending Gains as US Loosens Self-Driving Car Rules","Tesla shares jumped Friday, extending their recent rally after CEO Elon Musk said he would spend more of his time focusing on Tesla, as the Trump administration moved to loosen rules around self-driving cars.",Yahoo,https://finnhub.io/api/news?id=442904a1b4c79987c3134edfde5e6ac76142de177ac23fa8040e3c0b9486f27b
2025-04-25 10:03:46,TSLA,Tesla Needs Perfection To Justify Its Valuation (Rating Upgrade),"Tesla, Inc.'s stock soared 14% post-earnings as Elon Musk refocused on growth. Read more on the TSLA earnings update and why I'm upgrading the stock.",SeekingAlpha,https://finnhub.io/api/news?id=92d4ae80295767aee1b92f669cc90cd9766655a47a71505531b627cd6aef0993
2025-04-25 09:55:00,TSLA,Tesla Stock Soars. Robotaxis Just Got a Step Closer.,"The Transportation Department announced a national framework for autonomous vehicles, a step closer to putting more self-driving cars on U.S. roads.",Yahoo,https://finnhub.io/api/news?id=2842d70c0bdee6975a52654afd2348b4ea8ff1004b81261aba1185447c361c2d
2025-04-25 09:52:00,TSLA,Tesla's Stock Has Crashed 30% This Year. 1 Thing to Know Before You Buy.,"Tesla's (NASDAQ: TSLA) stock has come down considerably since the year began.  Shares are down roughly 30% in value so far this year, with the stock's price-to-sales ratio falling from over 15 to just 9.2.  There's no doubt that Tesla's stock is much cheaper than it was just four months ago.",Yahoo,https://finnhub.io/api/news?id=3b9a310e1f56a64ef216f7c3d3ecb863174bfc1cd13982fbe082b49fb28c4311
2025-04-25 09:41:17,TSLA,"US agency eases some self-driving safety rules, sending Tesla stock soaring",WASHINGTON -The Trump administration announcement that it aims to speed deployment of self-driving vehicles by exempting some from certain safety requirements and easing rules requiring reporting of...,Finnhub,https://finnhub.io/api/news?id=1536d7dc580be4de4f9e320832edd2bbe97458ebc65c42f40ba6751a8d8d8e47
2025-04-25 09:39:22,TSLA,Big Tech ETF rallies Friday to accelerate strong weekly advance,Big Tech ETF rallies Friday to accelerate strong weekly advance,MarketWatch,https://finnhub.io/api/news?id=2ae32e98caa83db2ae8cf7dc39c1b04b7c3ef61f7d23f56ad16f1c7be6a8371e
2025-04-25 09:30:00,TSLA,Leveraged ETFs Gain Popularity on Market Rebound Hopes,Leveraged ETFs surge this month with investors betting on amplified gains amid hopes of a rebound after tariff-driven sell-off.,Yahoo,https://finnhub.io/api/news?id=2ea52047210096b9dde70d6b2a57b7e2f901cba27532f17fbe72c39324c55083
2025-04-25 09:05:00,TSLA,Earnings Dominating But Don't Sleep On Economic Data,"Trump commentary on Powell. Fed rate cuts. Netflix up, backing off guidance. Important earnings coming.",SeekingAlpha,https://finnhub.io/api/news?id=ac09231e566caaa6b2229e3eeaf5f1acfdd5f8ed4f77322f937e5f54ebd72f90
2025-04-25 08:44:54,TSLA,"Stocks to Watch on Friday: Alphabet, AbbVie, T-Mobile, Skechers","↗️ Alphabet (GOOGL): Google's parent company reported quarterly operating income that solidly beat Wall Street's forecasts, while advertising revenue rose 8% on the year. Shares rallied Friday morning.",Yahoo,https://finnhub.io/api/news?id=20d572cf9b416b19d2940e6d433b3a8166713c78688cd7e4d2216336751e5503
2025-04-25 08:12:59,TSLA,"Renowned Analyst Is More Bullish on Tesla (TSLA) Stock, But It Will Likely Be Ejected From Momentum ETF","Well-known tech analyst Dan Ives of Wedbush Securities recently raised his price target on TSLA stock, CNBC reported. But Joe Terranova, the Senior Managing Director and Chief Market Strategist for Virtus Investment Partners, indicated that there is a very high chance of Elon Musk’s firm being ejected soon from his Virtus Terranova U.S. Quality Momentum ETF […]",Yahoo,https://finnhub.io/api/news?id=43832d589fce545f45f0e67ca77ce6cbe530a70407fdc87305f146b66df0e3b5
2025-04-25 08:04:00,TSLA,Tesla Stock's 50% Crash: 1 Metric Suggests More Pain Is Ahead for the Electric Vehicle Giant,"Meanwhile, the company's margins continue to erode, and it's losing market share in countries around the world.  As ever, CEO Elon Musk has grand ambitions for the future of Tesla.  Cybercabs, a new roadster, artificial intelligence (AI) projects, and even a Tesla Diner are in the works.",Yahoo,https://finnhub.io/api/news?id=464dc04b462a2620e6cb4f82d0b952acbacbdff5c4c6435906b7a75b0b0005c8
2025-04-25 07:57:00,TSLA,Super Micro Stock Gets a ‘Neutral’ Rating. Why Competition Is a Worry.,Super Micro Stock Gets a ‘Neutral’ Rating. Why Competition Is a Worry.,MarketWatch,https://finnhub.io/api/news?id=d4e7a72ea6b95a0564e68563a6880e4eeb7d07e90a9790b1b4f53eacffcdf11f
2025-04-25 07:26:33,TSLA,"Stock Market Rallies On Trump Tariff Hopes; Google, ServiceNow, AT&T, Tesla In Focus: Weekly Review","Stock Market Rallies On Trump Tariff Hopes; Google, ServiceNow, AT&T, Tesla In Focus: Weekly Review",DowJones,https://finnhub.io/api/news?id=a283cfe04eba05db8b4deffcc6626c9d627ef8edf01f7aefe0729263b0d8cf88
2025-04-25 07:09:54,TSLA,Alphabet: Cloud And Waymo Ready To Take Up The Growth Baton,Alphabet Inc. beat Q1 estimates with growth in Google Cloud & Waymo. Attractive valuation despite challenges. Click for my GOOGL stock earnings update.,SeekingAlpha,https://finnhub.io/api/news?id=59f62e449eff9069a049be4f5f4722e1e38e90df1c95bcfb8e4718c2b862152f
2025-04-25 07:00:00,TSLA,"Should Netflix be One of the Mag 7, Replacing Tesla? ETFs in Focus","As Tesla stumbles, Netflix surges -- could the streaming giant be the next big name in tech leader group Magnificent Seven?",Yahoo,https://finnhub.io/api/news?id=ced2145e1a4027e25c12315a00a6be4a81c2bafba7c3fccfb7b6d8c48fdd45c3
2025-04-25 06:45:00,TSLA,Elon Musk Thinks Tesla Will Become the World's Most Valuable Company. Here's Why Its Stock Could Decline by 50% (or More) Instead,"Tesla (NASDAQ: TSLA) stock hit a new record high shortly after President Donald Trump's election win last November because investors thought a friendlier regulatory environment could help the company bring its autonomous robotaxi and humanoid robot to market more quickly.  CEO Elon Musk thinks these product platforms will help Tesla become the world's most valuable company one day.  In fact, Musk believes Tesla could eventually be as valuable as the next five largest companies combined.",Yahoo,https://finnhub.io/api/news?id=0a55ea5dccec377fd567b51502f1e22131f5f91ec671a92b0741ff5a22550469
2025-04-25 06:13:11,TSLA,Where Will Tesla Stock Be in 5 Years?,"Over the long term, Tesla (NASDAQ: TSLA) has been one of the best-performing auto stocks in history, with shares increasing by 1,580% over the last decade due to the success of its mass-market electric vehicles, such as the Model S and Model Y. However, in recent months, the company's growth story stalled.  CEO Elon Musk's foray into politics has damaged Tesla's brand, while low-cost Chinese rivals pose a threat to its business model.  If things go well, Tesla could transition from being just another automaker into a diversified technology giant, maintaining or even growing its $813 billion market capitalization.",Yahoo,https://finnhub.io/api/news?id=e2777e4a3c55b893ac339cfac6b4256d7ddd6e8e01a6f01c5a6783b90945e5a7
2025-04-25 06:03:21,TSLA,Are Magnificent 7 stocks still worth the hype? Here's how readers voted,Mag 7 earnings kick off and investors will be keen to see if they are still magnificent.,Yahoo,https://finnhub.io/api/news?id=79d7138a0013bbcc374ff9cd6c2492b1978fc3c194c8ac0bad241c51d2c32361
2025-04-25 05:58:00,TSLA,BYD First-Quarter Profit Doubled on Strong EV Sales,"Chinese auto giant BYD continued to outpace Tesla in the first quarter, reporting a doubling in net profit on robust growth in its electric-vehicle business.",Yahoo,https://finnhub.io/api/news?id=0d18becda31511b92adbd4b53bc013005e57079832851f07d9008f83961a8f1c
2025-04-25 05:39:33,TSLA,This Week In Electric Vehicles - Voltera Expands Charging Infrastructure in Key Urban Markets,"Voltera has announced the expansion of its electric vehicle (EV) charging infrastructure in major urban markets across California, Texas, Arizona, and Florida, adding 294 charging stalls and over 28 megawatts of capacity. This expansion includes new facilities in Santa Monica, San Francisco, Dallas, and Austin, with additional sites planned for Houston, Phoenix, and Miami. The strategically located facilities are purpose-built to support light-duty passenger fleets, reflecting Voltera’s...",Yahoo,https://finnhub.io/api/news?id=d75663c959f1f11caa6fc6a33d3463b1ed850b8ac98249be1c8a0e50da1b6415
2025-04-25 05:31:23,TSLA,Tesla: The Great Unlock,"Tesla, Inc. Q1 results disappointed with revenue, earnings miss & pulled guidance, but an inflection point may unlock massive valuation. Click for my TSLA update.",SeekingAlpha,https://finnhub.io/api/news?id=cf438ecdb3b908078b61ec598fd22f5fba24a51f4371768b4bdce67fb9d1307e
2025-04-25 04:45:00,TSLA,Why Warren Buffett Isn't Likely to Buy Tesla Stock -- Ever,"Back on April Fools' Day, there were rumors about Warren Buffett acquiring Tesla (NASDAQ: TSLA) for $1 trillion and taking it over, in what would have been a stunning move for the billionaire investor.  While Tesla is a leading company in the electric vehicle (EV) market, it's simply not the type of stock I would ever expect Buffett to buy, let alone for it to take up a significant position in the Berkshire Hathaway (NYSE: BRK.A)(NYSE: BRK.B) portfolio.  Here's why Buffett would likely never own the stock, regardless of its valuation.",Yahoo,https://finnhub.io/api/news?id=60b24e6bea26d2233dfa227e8ac33135317d9d690cf8f08a451d28343e6361e4
2025-04-25 04:28:00,TSLA,Google’s $70 Billion Buyback Will Help the Stock. Don’t Expect It to Take Off.,Google’s $70 Billion Buyback Will Help the Stock. Don’t Expect It to Take Off.,MarketWatch,https://finnhub.io/api/news?id=9e8db86eee97d9c5a31f7eeea47fd7396319e43b1925d6b2b3dfa41fb74bd779
2025-04-25 04:15:00,TSLA,Tesla: It Is Likely Going To Get Much Worse,"Tesla's Q1 earnings results were poor, due to weak vehicle sales. Check out why I think TSLA's second quarter results are likely to be even worse.",SeekingAlpha,https://finnhub.io/api/news?id=879475f61f8420e76ce251cf5d3efcace460a0d459e8879a9e22378c43a11bda
2025-04-25 04:00:00,TSLA,Uber: End-Of-2024 Decline Provided An Extremely Attractive Opportunity,The Pershing Square funds acquired a position in early 2025 as the decline in Uberâs share price at the end of 2024 provided an opportunity. Click here to read more.,SeekingAlpha,https://finnhub.io/api/news?id=ea59077a8e42da006245e936a255c38c168760808a59ef0e320550a3aca74e51
2025-04-25 03:47:00,TSLA,"Zacks Investment Ideas feature highlights: CoreWeave, Cantor Equity Partners, Tesla, Nvidia and Apple","CoreWeave, Cantor Equity Partners, Tesla, Nvidia and Apple have been highlighted in this Investment Ideas article.",Yahoo,https://finnhub.io/api/news?id=0ff975f7ba4c07ad958d1cf553c98f7f31804214317de85827d00bf275d51877
2025-04-25 03:20:10,TSLA,Dow Jones Futures Fall Ahead Of Inflation Survey; Google Surges On Earnings,Dow Jones Futures Fall Ahead Of Inflation Survey; Google Surges On Earnings,DowJones,https://finnhub.io/api/news?id=9d262246bc78d4d114890e2a719ec7f8a5f2b4f774a81a18b27f21c14fd38fd2
2025-04-25 03:15:00,TSLA,Pershing Square Holdings Full Year 2024 Letter To Shareholders,"In 2024, Pershing Square Holdings generated a solid NAV performance of 10.2%, and a 8.3% total shareholder return. Click here to read the full letter. ",SeekingAlpha,https://finnhub.io/api/news?id=0858f25bc2ab5996e0eae166650dd78b723493f4ee59243d35371f1ca9442a61
2025-04-25 02:45:00,TSLA,"Tesla Stock vs. Nvidia Stock: The Best Buy Right Now, According to Wall Street","Tesla (NASDAQ: TSLA) and Nvidia (NASDAQ: NVDA) are the two of the most highly traded and widely discussed stocks on the market.  Dan Ives at Wedbush recently said they were two of the ""best disruptive technology companies in the world.""  Among the 56 analysts who follow Tesla, the median target price is $307 per share.",Yahoo,https://finnhub.io/api/news?id=bbc8ab7d14f915ce28c9de4ebe8fd332cd1042309686d9f5510f4b7c7a50c53f
2025-04-25 02:39:10,TSLA,"Dow Jones Futures Fall After Nasdaq Runs On; Google Rises On Earnings, Tesla Rival Booms","Dow Jones Futures Fall After Nasdaq Runs On; Google Rises On Earnings, Tesla Rival Booms",DowJones,https://finnhub.io/api/news?id=35993c75eae633d2d570e0240bd2a2824bfefedcdb9e6e3d6152cc319e17857a
2025-04-25 02:15:12,TSLA,Is Tesla Stock A Buy Or A Sell With Elon Musk Stepping Back From The Trump White House?,Is Tesla Stock A Buy Or A Sell With Elon Musk Stepping Back From The Trump White House?,DowJones,https://finnhub.io/api/news?id=3bbf0d321b1a6fca4f31023b1bf0ee356a91cbaa8f103ec7cd920b672c9dbf33
2025-04-25 02:10:00,TSLA,Tesla Stock Is Rising. The Trump Administration Is Helping With Robotaxis.,Tesla Stock Is Rising. The Trump Administration Is Helping With Robotaxis.,MarketWatch,https://finnhub.io/api/news?id=cef0384d4c7e412c6a16ed02dfcbeae84077d8c2809864390f54a5504fdc5684
2025-04-25 01:48:06,TSLA,"BYD Earnings: Net Income Doubles, Racing Past Tesla In Latest Milestone","BYD Earnings: Net Income Doubles, Racing Past Tesla In Latest Milestone",DowJones,https://finnhub.io/api/news?id=35febd239334c242743c15ed7834ad063feceab5c780618a6ab8ebd4fe767a10
2025-04-25 01:15:00,TSLA,"These Stocks Are Moving the Most Today: Alphabet, Intel, T-Mobile, Palantir, and More","These Stocks Are Moving the Most Today: Alphabet, Intel, T-Mobile, Palantir, and More",MarketWatch,https://finnhub.io/api/news?id=da3d37f9180fc209b5051b5173ca7cbc24b770cf792ad816e30881530b5d69dc
2025-04-25 00:01:08,TSLA,Tesla targets millions of self-driving cars by the end of 2026,Copyright © BusinessAMBE 2023Key takeawaysTesla reaffirms plans to launch a commercial robotic taxi service.Autonomous driving technology is expected to significantly impact Tesla's financial...,Finnhub,https://finnhub.io/api/news?id=d08f86a7deeb55ebc2fba412d2dc51d95f6d15a4c54b88052d4e63d3025dc97f
2025-04-24 23:01:10,TSLA,Export restrictions China hit Teslas Optimus robots,"Copyright © Emerce 2023Production of Teslas Optimus robots is being hampered by the latest export restrictions imposed by China on rare earth magnets, CEO Elon Musk has announced. These measures...",Finnhub,https://finnhub.io/api/news?id=5d78d8b128340b4e9994114db97ae3f0f8ee52bc015cde4f91144ca43272f3f6
2025-04-24 21:45:37,TSLA,Alphabet says Waymo may offer robotaxis for personal ownership in future,"SAN FRANCISCO (Reuters) -Alphabet's Waymo self-driving taxis may be available for people to own in the future, CEO Sundar Pichai said on Thursday, just as electric vehicle maker Tesla gears up to roll out robotaxis this year in the United States.  Waymo, which started as a small self-driving project in 2009 and spun out of Google seven years later, has expanded slowly but steadily in a tricky autonomous vehicle market that has witnessed several casualties due to soaring investment, tight regulatory requirements and tough technological hurdles.  With more than 700 vehicles in its fleet - 300 of which operate in San Francisco - Waymo is the only U.S. firm that runs uncrewed robotaxis that collect fares.",Yahoo,https://finnhub.io/api/news?id=4dc4c013be742f3508d42472660537f9a9a6a57e8d716d5de419126e6b3b0238
2025-04-24 20:47:04,TSLA,1 Wall Street Analyst Thinks Tesla Stock Is Going to $325. Is It a Buy Around $250?,"A drop in revenue and earnings per share were therefore expected as well.  Automotive revenue declined by 20% and an operating margin that was once the envy of the automotive industry tumbled.  Vijay Rakesh with Mizuho Securities shaved $50 off that price target and now feels the stock is worth $325 per share, according to reports.",Yahoo,https://finnhub.io/api/news?id=3567c1698b45e2439254a916d103c4f5d9051e47b8058ccd87521b586fb2c85a
2025-04-24 20:00:00,TSLA,A Side Hustle for Friends of Musk: Selling Access to Stakes in His Private Companies,Lucrative stock deals have allowed SpaceX to avoid public scrutiny even as it has grown into one of the largest companies in the U.S.,Yahoo,https://finnhub.io/api/news?id=10947485ae1ec04e329b43fc5b5ff7d28ae22f374daf134fc80a72aa9adc3211
2025-04-24 19:59:41,TSLA,Elon Musk Equates Car Ownership In Future To Riding A Horse While Using A Flip Phone — Pierre Ferragu Says Tesla's 'iPhone Moment' Hinges On Full Autonomy,"On Tuesday, during Tesla Inc.'s (NASDAQ:TSLA) first-quarter earnings call, CEO Elon Musk predicted that car ownership will soon become obsolete. What Happened: Musk said that most people will no longer buy cars in the future, framing the shift as an inevitable change. He compared traditional gasoline vehicles to outdated technologies, likening them to flip phones in an era dominated by smartphones. “In the not too distant future, buying a gasoline car that is not autonomous will be like riding a",Yahoo,https://finnhub.io/api/news?id=5f1aa43e35592058136a4410fc9d837e4335af99f21f1fa20f77b6b2ebf71711
2025-04-24 17:01:22,TSLA,"Tesla Optimus Robot Hit By China's Rare Earths Crackdown — Elon Musk Says Thousands May Be Ready By Year-End, But No Guarantees","Tesla Inc.'s (NASDAQ:TSLA) plans to ramp up production of its humanoid robot Optimus are facing significant roadblocks due to supply chain constraints and China's new export restrictions on rare earth materials. What Happened: On Tuesday, during Tesla's first-quarter earnings call, CEO Elon Musk said that Optimus remains in early-stage development, with mass production still months away. Musk said the company hopes to produce thousands of the robots by the end of the year, but cautioned that pro",Yahoo,https://finnhub.io/api/news?id=f23db8047032f3bf6e388724a8dc195c9abe9d213922074803c8f6a0b0de63ec
2025-04-24 16:24:54,TSLA,"Stocks to Watch Recap: Alphabet, Intel, P&G, Merck","? After-Hours Earnings: Shares of Google-parent Alphabet and Gilead Sciences rose after earnings releases late Wednesday, while shares of Intel, T-Mobile and Skechers fell. ↘️ IBM (IBM): The tech company warned that macroeconomic uncertainty was prompting businesses to rethink spending.",Yahoo,https://finnhub.io/api/news?id=e7b2fe0db1f9ac3e2c755b7b21717175036d296642b3df98dc43d7bf863c4dcc
2025-04-24 16:19:58,TSLA,How much was Elon Musk’s pledge to step back from DOGE worth? $67 billion to frustrated Tesla shareholders,The news—and subsequent jump in Tesla’s stock price—followed a Q1 where its core business lost money.,Yahoo,https://finnhub.io/api/news?id=643c373135caf3ef459da661d499fe69a30f49af4e5d7eb839d0217033dac806
2025-04-24 15:16:00,TSLA,Tesla Stock May Need More Than the New ‘Model Q’,The EV maker has two big catalysts coming later in 2025. A robo-taxi service and new lower-priced models. Investors want to see both.,Yahoo,https://finnhub.io/api/news?id=dc9a62ea1519999502f9b52ff840fec90869d0de306f42ea645716d6bc64ae66
2025-04-24 14:55:11,TSLA,Apple to Strip Secret Robotics Unit From AI Chief Weeks After Moving Siri,"(Bloomberg) -- Apple Inc. will remove its secret robotics unit from the command of its artificial intelligence chief, the latest shake-up in response to the company’s AI struggles.Most Read from BloombergTrump Gives New York ‘One Last Chance’ to End Congestion FeeWhy Car YouTuber Matt Farah Is Fighting for Walkable CitiesBackyard Micro-Flats Aim to Ease South Africa’s Housing CrisisThe Racial Wealth Gap Is Not Just About MoneyTo Fuel Affordable Housing, This Innovation Fund Targets Predevelopmen",Yahoo,https://finnhub.io/api/news?id=cc88411905b52bbabdda5842b0d50f8f3826e1f0afbca39233d6c6531ead771a
2025-04-24 14:38:09,TSLA,Trump Says He Expects to Reach Deal With Norway on Tariffs,"(Bloomberg) -- Supply Lines is a daily newsletter that tracks global trade. Sign up here.Most Read from BloombergTrump Gives New York ‘One Last Chance’ to End Congestion FeeWhy Car YouTuber Matt Farah Is Fighting for Walkable CitiesBackyard Micro-Flats Aim to Ease South Africa’s Housing CrisisThe Racial Wealth Gap Is Not Just About MoneyTo Fuel Affordable Housing, This Innovation Fund Targets Predevelopment CostsUS President Donald Trump expressed confidence he would be able to reach an agreemen",Yahoo,https://finnhub.io/api/news?id=140c07454009abd92ee64eca0d03bb006a4c903dd1d6e161560cddd234c3f696
2025-04-24 14:29:00,TSLA,"U.S. to loosen rules on Tesla, other automakers to develop self-driving cars","U.S. to loosen rules on Tesla, other automakers to develop self-driving cars",MarketWatch,https://finnhub.io/api/news?id=e676c86ec87c9fb3d21911b6eb468823da8a14906711096f5526610acf5a5753
2025-04-24 14:15:00,TSLA,New to The Street Announces Vision for Tesla Robo-Fleet Media Activation in NYC,"Tesla (NASDAQ:TSLA) is more than an automobile company. NEW YORK CITY, NEW YORK / ACCESS Newswire / April 24, 2025 /New to The Street, the nationally syndicated business interview series seen weekly across Fox Business and Bloomberg, is exploring ...",Yahoo,https://finnhub.io/api/news?id=97e077ecd3d52ca26b093e55c6b996b67edbca85cb7eadc0e92e30b6b618ee88
2025-04-24 13:39:24,TSLA,Elon Musk's Wealth Skyrockets By Billions As Tesla Stock Rallies After Billionaire CEO Steps Back From DOGE,The net worth of Tesla Inc. (NASDAQ:TSLA) CEO Elon Musk witnessed a staggering increase of $7.5 billion on Wednesday as the shares experienced a 5% rally. What Happened: Despite Tesla’s Q1 report revealing profits and revenues below consensus ...,Yahoo,https://finnhub.io/api/news?id=5fc7b5e1eda6e4741d9ebf311ecb4b595232d04f32cef0e7681249b419d0889f
2025-04-24 13:12:21,TSLA,Tesla Sales Drop in Europe,"Kristin Hull, head of Nia Impact Capital, says she is concerned about Tesla's sales drop in Europe and California. The activist investor explains why she isn't bullish on Tesla despite Elon Musk's plans to refocus on the company. Hull joins Caroline Hyde and Ed Ludlow on ""Bloomberg Technology.""",Yahoo,https://finnhub.io/api/news?id=ca8569a803cd635eaec59844986b61a12c693ededbaa73f18395ee997a0fd9b5
2025-04-24 13:04:16,TSLA,Databricks Just Dropped $250M in India--Here's Why It Could Redefine the Global AI Race,"The $62B AI giant is betting big on Bangalore, training 500,000 and doubling its engineering force.",Yahoo,https://finnhub.io/api/news?id=efdf33562d0802e0bbc4247a31120fb630f91f3a83572d22087fc988eb2beaa3
2025-04-24 13:00:00,TSLA,"Alphabet Q1: Beat And Dividend Raise, The Best Mag 7 Value By A Long Shot","See how a major dividend hike, $70B stock buyback, and strong financials reflect growth confidence and Alphabet Inc. shareholder value. Click for my GOOGL update.",SeekingAlpha,https://finnhub.io/api/news?id=fa8e22cafb2697983c7c91e1024a6a0badf6d644ff87644e095641e73206f40e
2025-04-24 12:40:20,TSLA,Garrett Motion Is Quietly Evolving Into A Cash Machine And Potential Compounder,Garrett Motion evolves with EV tech innovations and strong cash flow. Read more on how GTX is well-positioned to tide over macro uncertainties and sectoral headwinds.,SeekingAlpha,https://finnhub.io/api/news?id=c780a5eb2befeba39b596d49a2ac33015f90a82b1957de23a352241fdfaa3081
2025-04-24 12:25:00,TSLA,5 businesses Elon Musk is refocusing on as he leaves DOGE — and how they did while he was busy,"Elon Musk has said he will be stepping back from his day-to-day involvement in the Trump administration’s Department of Government Efficiency (DOGE) to focus on his other roles, namely as the CEO of Tesla.",Yahoo,https://finnhub.io/api/news?id=89e9390422e5f3064d31da99fa3a390b03997999898352777b2e934416e782ff
2025-04-24 12:14:04,TSLA,"Tesla launches test run for FSD Supervised, an AI-powered ride hailing service","FSD Supervised ride-hailing service launched to a select few in Austin, Texas, and the San Francisco Bay Area, Tesla announced on social media following its latest sales call.",Yahoo,https://finnhub.io/api/news?id=e2b80efb43f37ab3b77d029f747e48775239e37e4dece97274d552a0112ba2a3
2025-04-24 12:13:48,TSLA,Wall Street Unloads Musk's $1.2B Debt Bomb -- And Investors Are Rushing In,Morgan Stanley finally cuts loose Musk's controversial Twitter debt with a juicy 9.5% yield. Here's why timing is everything.,Yahoo,https://finnhub.io/api/news?id=657b218a12ad09aa45cb31ee006a401f253c16abf5df92c724107e89a02f123a
2025-04-24 12:08:06,TSLA,Tech Up as Traders Rotate Back Into Tariff-Hit Sectors -- Tech Roundup,"Shares of technology companies rallied as traders rotated back into one of the sectors most beaten down during the recent tariff scare. Shares of Nvidia, which is caught in the crossfire of a...",Finnhub,https://finnhub.io/api/news?id=b37b73f10e606dedaf14b07051f13a25d608dd79f11b21af0f8fb755b5c6ff1c
2025-04-24 11:49:00,TSLA,"These Stocks Moved the Most Today: Tesla, IBM, ServiceNow, Texas Instruments, Newmont, Southwest Airlines, and More","These Stocks Moved the Most Today: Tesla, IBM, ServiceNow, Texas Instruments, Newmont, Southwest Airlines, and More",MarketWatch,https://finnhub.io/api/news?id=99b164dd7dbf40f4bdb69c8b80bdbd24b445e49cf9dff8e76d882fd14a112486
2025-04-24 11:02:47,TSLA,Analysts Expected Profit Growth This Year. Then Tesla Released Q1 Earnings And Things Changed.,Analysts Expected Profit Growth This Year. Then Tesla Released Q1 Earnings And Things Changed.,DowJones,https://finnhub.io/api/news?id=18d5da8ca6fb0902fa31985628cbeb590bce9da29d4a4413c520acccb00dee07
2025-04-24 09:20:00,TSLA,Wall Street Lunch: Tesla The Story Of The Week,"Tesla's bad numbers, market response.Â Palantir taking over. IBM falling.",SeekingAlpha,https://finnhub.io/api/news?id=4b93bfc70a7f64e577e22c6a90067f6ad49e3daf2af387fb472f0033958bdc85
2025-04-24 07:58:52,TSLA,"Tesla's Robotaxi Hits Roads in Two Cities, Logs 15,000 Miles Ahead of Full Rollout",Tesla Kicks Off Robotaxi Trials in Austin and Bay Area Ahead of 2025 Launch,Yahoo,https://finnhub.io/api/news?id=5ffe927e973c37294eebd6402168eb50c997698086c3407658c6b363d6f31196
2025-04-24 07:52:04,TSLA,Aristotle Atlantic’s Large Cap Growth Benefited From An Underweight Exposure In Tesla (TSLA),"Aristotle Atlantic Partners, LLC, an investment advisor, released its “Large Cap Growth Strategy” first quarter 2025 investor letter. A copy of the letter can be downloaded here. The U.S. equity market experienced a modest decline in Q1 2025, with the S&P 500 Index falling 4.27%, while bonds showed stability with the Bloomberg U.S. Aggregate Bond […]",Yahoo,https://finnhub.io/api/news?id=ee2cb6f0c8c8e47e2b88c6a8a61fdfa7526d8b961a21da490bd7c4690da2398e
2025-04-24 07:06:11,TSLA,5 Things to Know Before the Stock Market Opens,"News of the day for April 24, 2025",Yahoo,https://finnhub.io/api/news?id=82700c9cedd75ac48a6ad1452e9e6e29cfee851df11216a149269ba5aa5b67c9
2025-04-24 06:52:04,TSLA,Norway’s $1.7 Trillion Fund to Keep Buying US Stocks After Loss,"(Bloomberg) -- Norway’s $1.7 trillion sovereign wealth fund reported its biggest loss in six quarters in what was a roller-coaster period for markets globally, with the decline largely caused by a drop in the value of technology companies.Most Read from BloombergTrump Gives New York ‘One Last Chance’ to End Congestion FeeWhy Car YouTuber Matt Farah Is Fighting for Walkable CitiesBackyard Micro-Flats Aim to Ease South Africa’s Housing CrisisThe Racial Wealth Gap Is Not Just About MoneyTo Fuel Aff",Yahoo,https://finnhub.io/api/news?id=4104962883d5f139a085db121ee7d9d507a6b54ffe930322bf8185f7774c26a3
2025-04-24 06:43:00,TSLA,Tesla’s ‘New Model’ May Not Be New Enough. What It Means for the Stock.,Tesla has two big catalysts coming later in 2025. A robo-taxi service and new lower-priced models. Investors want to see both.,Yahoo,https://finnhub.io/api/news?id=33ca4004ac42dcc1c50af8df1bc78469fd2f79f871acde3f36cf531f3cb90cea
2025-04-24 06:42:40,TSLA,Stellantis targets India for EVs developed by its China partner,"""With the size of the automotive market, India certainly has a lot of potential as well,"" said Tianshu Xin, head of China operations for Stellantis and CEO of its joint venture, Leapmotor International.  ""We're  accelerating entering into the Indian market,"" Xin told Reuters on the sidelines of the Shanghai auto show.",Yahoo,https://finnhub.io/api/news?id=55e73e391fb081728d60f186a278fb2b85e89f9b5f6be7aae363651ef888a0d7
2025-04-24 06:40:00,TSLA,Stocks Rise On News Trump Might Hold The Line,"In just two days, the S&P 500 climbed 4.2% and Nasdaq 5.3% on the strength of two presidential promises: Fed Chair Powell keeps his job, and tariffs on China may come down. Read more here...",SeekingAlpha,https://finnhub.io/api/news?id=fb88d73e9cfe1e62ed8b5fdc6a1c8551913b3607ce7b114eadfa0c728d6cc2a0
2025-04-24 06:37:22,TSLA,Energy Transition Today - Solar Energy Projects Boost Sustainability in Long Island Schools,"SUNation Energy, Inc. has entered Letters of Intent with Energy Systems Group for the development of solar projects totaling over 2.35 megawatts (MW) at two school districts on Long Island, New York. The proposed installations aim to deliver renewable solar energy across ten buildings, with a generation of over 3 megawatt hours annually, effectively offsetting a significant portion of the districts' energy requirements. These projects represent a notable step in advancing the adoption of...",Yahoo,https://finnhub.io/api/news?id=1f792c890e885f4ff44c019947c73d0008c27e4cf568d0eeba0ad1edaa8e79c1
2025-04-24 06:06:51,TSLA,Analysis: Tesla doubles down on robotaxi timeline; investors enthused - and skeptical,"(Reuters) -Tesla peppered its latest earnings call with pledges to launch commercial robotaxi operations soon, with CEO Elon Musk promising that autonomous vehicles will ""move the financial needle in a significant way"" by late next year.  While the U.S. electric vehicle maker has missed targets many times before, its reiteration on Tuesday of a previously announced launch target has investors believing that its self-driving future is close.  As its core automotive business struggles, with vehicle sales down 13% in the first quarter, expectations are high for Tesla to prove it can overcome the technological hurdles of autonomous driving and demonstrate a sound business model for driverless car services.",Yahoo,https://finnhub.io/api/news?id=c16949f74f37fdb95cb1ae8694170595200b67fce496e6729f0dc233ca21557d
2025-04-24 06:00:36,TSLA,Q1 earnings trends: Companies pulling outlooks due to tariff risks,"Pulling guidance has become a common theme of the first quarter earnings season, with Tesla (TSLA), Walmart (WMT), Delta (DAL), and others among the companies withdrawing their previous outlook. Other companies, like GE Vernova (GEV) and Norfolk Southern (NSC), reaffirmed guidance but acknowledged the cost of tariffs. Watch the video above to hear more from Julie Hyman and Roundhill Investments CEO Dave Mazza on Market Domination. To watch more expert insights and analysis on the latest market action, check out more Market Domination here.",Yahoo,https://finnhub.io/api/news?id=868f1e3bbb720c37753cc29221d26c0e5fcf26847904a33b470b6645d3b44384
2025-04-24 05:59:58,TSLA,Why the stock market's problem isn't only about tariffs,Why the stock market's problem isn't only about tariffs,MarketWatch,https://finnhub.io/api/news?id=84732cbbdae77e080631addb6012bf00dd849a4d7ede172f6ceb442a0df1a4fb
2025-04-24 05:49:53,TSLA,"Is Tesla, Inc. (TSLA) the Best Nancy Pelosi Stock to Invest In Now?","We recently published a list of 15 Best Nancy Pelosi Stocks To Invest In Now. In this article, we are going to take a look at where Tesla, Inc. (NASDAQ:TSLA) stands against other best Nancy Pelosi stocks to invest in now. We are aware that Nancy Pelosi isn’t the only member of the Congress with […]",Yahoo,https://finnhub.io/api/news?id=a08a1c818470a4e18599f24bed4bee32a61c3dd2f7802c5f7ba32825a1d0cdcd
2025-04-24 05:45:37,TSLA,Tesla's EU Sales Sink Again,"Tesla's sales in the European Union tumbled for a third consecutive month in March, even as overall new battery-electric vehicle registrations went up.",Yahoo,https://finnhub.io/api/news?id=906c42509d8dbcc6a382fab0c7b67d47417682634aa4825fad24c7879e8925b4
2025-04-24 05:40:00,TSLA,Here's How Waymo's Robotaxi Momentum Will Pay Off For Google Stock,Here's How Waymo's Robotaxi Momentum Will Pay Off For Google Stock,DowJones,https://finnhub.io/api/news?id=2b08a74846b451c2ecf3d81126e157d690c0598c610180b2ac5fa7f0e682952e
2025-04-24 05:19:18,TSLA,Tesla sales plunge in Europe despite rebound in electric car demand,Tesla’s sales in Europe are tumbling despite a broader rebound in demand for electric vehicles (EVs) across the Continent.,Yahoo,https://finnhub.io/api/news?id=d3473d83a3377afbdf2780682ca1463301ad55e9a67db30e1f4f700493873491
2025-04-24 05:00:26,TSLA,Why Tesla's upcoming cheaper EV is going to look very familiar,Tesla execs on the company's first quarter earnings call dropped some heavy hints as to what the EV maker's cheaper upcoming vehicles could look like — and those EVs are going to look very familiar.,Yahoo,https://finnhub.io/api/news?id=68a24413b5fc915fd5d9a767d555692d7db08eb20d772a631cd295a9e3575f2a
2025-03-31 17:03:00,TSLA,Hedge fund short positions point to the end of Magnificent 7 era,Investment strategy may be on the verge of a major shift.,Yahoo,https://finnhub.io/api/news?id=0fda36b59de7619ac14e1429b9feb36c7ec3e18dc641c9c7fc62b5e4ac3b3fec
2025-03-31 16:39:43,TSLA,Dow Jones Futures Fall: Stock Market Recovery Ahead Of Imminent Trump Tariffs,Dow Jones Futures Fall: Stock Market Recovery Ahead Of Imminent Trump Tariffs,DowJones,https://finnhub.io/api/news?id=251c6f6e7fc7a866ad34617ac0e861f6366f4b25064348f4f875b1c288871f2e
2025-03-31 16:38:32,TSLA,Why Tesla Was One of the Worst-Performing Stocks in the S&P 500 in the First Quarter,"Tesla was one of the worst-performing stocks in the S&P 500 in the first quarter, with shares losing more than a third of their value since the start of 2025.",Yahoo,https://finnhub.io/api/news?id=0215f7a1adbead3e506300b94bb192418362a375a3ef883ab0debd9090851f9f
2025-03-31 15:35:40,TSLA,EV maker Lucid is capturing Tesla buyers at a higher rate as its new Gravity SUV hits showrooms,EV maker Lucid Motors is seeing the light at the end of the tunnel. And former Tesla buyers may be the reason.,Yahoo,https://finnhub.io/api/news?id=0584980dca289508c0881cced79482e0ed006ccb1c96cd5a3a9f51e74b029218
2025-03-31 15:34:00,TSLA,"These Stocks Moved the Most Today: Tesla, CoreWeave, Nvidia, Palantir, Moderna, Boeing, and More","Tesla slumps ahead of the release of first-quarter deliveries later this week, and big tech stocks such as Nvidia and Palantir tumble on the last trading day of the quarter.",Yahoo,https://finnhub.io/api/news?id=1a4538cbe817d07d22b88d5f400283d40d9f925b64d1d0e87f780af85e4de624
2025-03-31 15:23:00,TSLA,Tesla Stock Tumbles Ahead of Key Delivery Data. It’s About More Than Musk and Trump.,"Tesla  stock fell Monday, just ahead of key sales data due later this week.  Not helping Tesla Monday was a target price cut from Wall Street.  “Democrats’ favorability rating on Tesla has plunged, creating near-term sales headwinds,” wrote the analyst in a Sunday report.",Yahoo,https://finnhub.io/api/news?id=31ddcca131442e7693faa148a473dec2e870f5248c9f04012fe2e12a103a88c2
2025-03-31 15:16:04,TSLA,"Amazon, Nvidia, Microsoft, Tesla under pressure amid sell-off","Several ""Magnificent Seven"" stocks are facing pressure, including Amazon (AMZN), Nvidia (NVDA), Microsoft (MSFT), and Tesla (TSLA), amid a sell-off in the market. Market Domination host Josh Lipton and Wall Street Horizon head of corporate event research Christine Short discuss the stock moves and shifts in investor sentiment. To watch more expert insights and analysis on the latest market action, check out more Market Domination here.",Yahoo,https://finnhub.io/api/news?id=b6f694bf1971a57a35de2267c91d3f34f98609a4ddd75ecb60f16ce19179e194
2025-03-31 15:02:27,TSLA,"France car registrations down 14.54% in March, Tesla sales fall 36.83%","New car registrations in France fell 14.54% in March from a year earlier to 153,842 vehicles, data from French car body PFA showed on Tuesday. Tesla sales fell 36.83% to 3,157...",Finnhub,https://finnhub.io/api/news?id=790f49d4c6604fa35b39055d9eb325bd3eb04b0221277d70b4fdb233e1ba29a2
2025-03-31 14:54:55,TSLA,"Aspen Aerogels: Tariffs, Tesla And The Silver Lining","Aspen Aerogels' growth is tied to the EV market, which faces uncertainty due to the potential elimination of the EV tax credit. Read why ASPN stock is a Buy.",SeekingAlpha,https://finnhub.io/api/news?id=db7603d5b785db07ee1ad437147c40037a199664739c2192ac5ebd39c15b272a
2025-03-31 14:54:52,TSLA,"Stifel Lowers Tesla Price Target and Delivery Forecasts, Citing Production and Sentiment Challenges","Q1 2025 delivery forecast lowered to 353,418 from 458,672.",Yahoo,https://finnhub.io/api/news?id=a50660bd1b5def2c39eadb591eed40b1c4ec34bea8e8982d891bd369bb0f873d
2025-03-31 14:30:46,TSLA,"Elon Musk's First Ex Wife Says He Kept Pushing Her To Become a Blonde — 'Go Platinum' And When Filed For Divorce, She Was Numb, 'But Relieved'","Long before Elon Musk was launching rockets and leading Tesla (NASDAQ:TSLA), he was a rising entrepreneur with a very specific vision for the life he wanted—and the woman he wanted beside him. Justine Musk, his first wife and the mother of five of his sons, opened up about their marriage in a Marie Claire essay published in 2010, reflecting on events that unfolded in 2008. Justine wasn't blonde when they met. The two crossed paths at Queen's University in Ontario. She was a fiction writer; he wa",Yahoo,https://finnhub.io/api/news?id=ff969a21304d2fb7b3ad973f3ffc9fcdec7bebf8391ed8a44e8ea0514aa8b32d
2025-03-31 14:30:15,TSLA,"UBS Flags Risks to Aerospace, IT Stocks as Musk's $1T Spending Cuts Take Shape","UBS sees pressure on defense, IT sectors from Musk-led federal cuts; Booz Allen, SAIC among firms potentially affected",Yahoo,https://finnhub.io/api/news?id=1ad60adc6b06d7060b804292ebf5668e5b3cf052851e296d793a6600e2b0c79d
2025-03-31 14:16:49,TSLA,Wedbush Flags $100B Hit to Auto Sector from Tariffs; Warns of Supply Chain Panic,Analyst Dan Ives says new tariffs threaten to disrupt global auto supply chains and raise costs across the board,Yahoo,https://finnhub.io/api/news?id=d77751b373c5e62d64ac607630fbd690be4d6585a2ac957af7b9ec8ef5369f4d
2025-03-31 14:10:28,TSLA,Here's how to tell whether the economy is working for us,"Check out this week's jobs report, the Trump tariff announcements and Tesla deliveries.",Yahoo,https://finnhub.io/api/news?id=d477807b2fca196c41fb8bf112ec182fa3e05179ee8f4e5f08ad34e0ceeabe56
2025-03-31 13:57:00,TSLA,Meta Stock Slumps the Least in a Bad Quarter for the Mag 7. Tesla Is Set to See Its Worst First Quarter Ever.,"Although President Donald Trump’s tariff policies don’t directly impact some of the Magnificent 7, the shift in investor sentiment has come mostly from the economic uncertainty that those policies generate.  There are also concerns that the strong earnings growth between 2023 and 2024 will slow as large tech companies spend more on AI.",Yahoo,https://finnhub.io/api/news?id=ef82784b5b82b5ec4630e912ca7f6d108908aaa68cc4f611c428ff4f7ffaf94e
2025-03-31 13:43:47,TSLA,Rome Tesla Dealership Fire Destroys 17 Cars After Global Protest Movement,Tesla dealership blaze in Italy follows protest-driven vandalism wave; shares remain volatile but up over past week,Yahoo,https://finnhub.io/api/news?id=9230b8334eb14db256ada5934d4cadfa23d4ae69482f5233b8df598f73afeb60
2025-03-31 13:34:53,TSLA,Tesla Stock Struggles as Musk's Political Role Raises Investor Concerns,"As politics and protests collide, Tesla's brand--and bottom line--may be heading for more chaos.",Yahoo,https://finnhub.io/api/news?id=7236782cef248ccbe7f91f39138feea70f8476af5eace6f756fe36877d3df2fe
2025-03-31 13:30:00,TSLA,Tesla’s stock falls as another bullish analyst worries about deliveries,Tesla’s stock falls as another bullish analyst worries about deliveries,MarketWatch,https://finnhub.io/api/news?id=71898ef8a9ac18e4ba18257836f2c01ec167c97a871368e12a4a81dc3e78fce9
2025-03-31 13:02:10,TSLA,"Is Tesla, Inc. (TSLA) the Debt Free Halal Stock to Invest in Right Now?","We recently published a list of 10 Debt Free Halal Stocks to Invest in Right Now. In this article, we are going to take a look at where Tesla, Inc. (NASDAQ:TSLA) stands against other debt free halal stocks to invest in right now. Debt-Free Halal Stocks to Invest in Amid High Interest Rates The current […]",Yahoo,https://finnhub.io/api/news?id=2ff27e3e84a64f1235bab6d0f6afbc3e0db955465045d0cf2a7a6e26b429de74
2025-03-31 12:35:55,TSLA,Tesla Shares Fall After Musk Merges xAI and X in All-Stock Deal Valued at $113 Billion,"Musk plans to integrate AI models, data, talent, and distribution across both firms.",Yahoo,https://finnhub.io/api/news?id=e1a82ea15c36fa2d893e184f568aa76190c178db276abd3c68d264831f48159d
2025-03-31 12:19:24,TSLA,Why Tesla (TSLA) Shares Are Trading Lower Today,"Shares of electric vehicle pioneer Tesla (NASDAQ:TSLA) fell 6.4% in the pre-market session after anxiety and uncertainty rattled markets as the major stock indices pulled back in the morning session amid concerns about ""reciprocal tariffs"" to be announced later in the week. The planned tariffs, scheduled for April 2, 2025 (dubbed Liberation Day), were targeted at all countries where the United States had a trade deficit.",Yahoo,https://finnhub.io/api/news?id=9ac17707a311b6210a27b6fea0df9a584a8624a7d15f9e158803741e897d6aaf
2025-03-31 12:16:47,TSLA,S&P 500 Had Worst Quarter In Years Amid Trump Tariffs As Gold Shined,S&P 500 Had Worst Quarter In Years Amid Trump Tariffs As Gold Shined,DowJones,https://finnhub.io/api/news?id=8842f9942880343ac908869d568702b279899c7176c427a5a0fba669444172d9
2025-03-31 11:34:27,TSLA,Stock Market Today: Dow Jones Up As New Trump Stock Rockets; 'Secret' Warren Buffett Stock Clears Entry  (Live Coverage),Stock Market Today: Dow Jones Up As New Trump Stock Rockets; 'Secret' Warren Buffett Stock Clears Entry  (Live Coverage),DowJones,https://finnhub.io/api/news?id=63cb10809744c04721f93dee477f70d4d2b8d87f37d65e8eea565f8d1bac89d2
2025-03-31 11:05:00,TSLA,Magnificent 7 stocks slide as Trump tariff fears rattle markets again,"The market’s highest-performing tech stocks, the Magnificent 7, mostly slid on Monday amid worries over President Donald Trump’s tariffs.",Yahoo,https://finnhub.io/api/news?id=f9e57ffdc1978aa8608640ff41554ccf238cf9b6f316bbbde730f21797d725c1
2025-03-31 11:03:24,TSLA,"Tesla Slide Tied to Musk's Washington Role, CEO Hints at Buying Opportunity",Tesla CEO links share price decline to his cost-cutting work for Trump; will leave the post in May,Yahoo,https://finnhub.io/api/news?id=24d8ebe063d427f43ff59183d8361729e6696ae67319334db63dce6200ce3596
2025-03-31 11:01:24,TSLA,"Top Stock Movers Now: Tesla, Nvidia, Moderna, and More",The S&P 500 and Nasdaq lost ground at midday as the Trump administration's reciprocal tariffs are set to kick in this week.,Yahoo,https://finnhub.io/api/news?id=83ccae2fbcbd5e3f4ada144156ea7d417f2178486626891d1548bcff1a0b001b
2025-03-31 10:45:58,TSLA,Multiple Banks Cut Their Price Targets on TSLA Stock,"Stifel and Deutsche Bank both recently reduced their price targets on Tesla (TSLA) stock, Schwab Network reported today. The two banks also cut their estimates for the automaker’s deliveries. Stifel Slightly Lowered Its Price Target on TSLA Stifel, an investment bank, cut its price target on Elon Musk’s automaker to $455 from $474. However, Stifel […]",Yahoo,https://finnhub.io/api/news?id=53b31d71b445181dfb0a50bc26ef9356661545abf02976df1504824ba4112b52
2025-03-31 10:40:12,TSLA,BLBD vs. TSLA: Which Stock Should Value Investors Buy Now?,BLBD vs. TSLA: Which Stock Is the Better Value Option?,Yahoo,https://finnhub.io/api/news?id=78915b6739613b7bbf73156ff1704aced5bae2c57cec4c7bcfd9f694ce8b6ca9
2025-03-31 10:33:04,TSLA,"Tesla stock falls amid investor concerns over Trump tariffs, Elon Musk's government ties","Tesla stock fell 6% Monday, leading Big Tech stocks down.",Yahoo,https://finnhub.io/api/news?id=873dd88e706a8e8083ea1ffc5974e8fbe7e08317310cbdb1dc78c6a562b5adc9
2025-03-31 10:32:58,TSLA,Tesla Dealership Torched in Rome as Musk's Politics Spark Backlash,17 EVs destroyed in early morning blaze amid rising anti-Tesla vandalism tied to Elon Musk's far-right affiliations.,Yahoo,https://finnhub.io/api/news?id=9dea5b76f058c7adb50900e977d59c3c0a4fa545174227ce0644917445554860
2025-03-31 10:28:14,TSLA,Tesla Shares Drop Amid Musk's Political Involvement; Short Interest Climbs,"Elon Musk blamed his political role under President Trump for the stock's decline, stating it has financially impacted him and Tesla.",Yahoo,https://finnhub.io/api/news?id=898b320b900bf40fc757703182844f27513699abf34981e920ecb1e1cdafaae1
2025-03-31 10:27:06,TSLA,Why Tesla Stock Is Down Again Today,"Shares of the electric carmaker Tesla (NASDAQ: TSLA) once again found the red today, as stocks extended their sell-off and another analyst lowered his price target on the stock.  Tesla is trading about 5% lower as of 11:08 a.m. ET.  Stifel Financial analyst Stephen Gengaro issued a report this morning, lowering his price target on Tesla by $19 to $455.",Yahoo,https://finnhub.io/api/news?id=1e269e69c733f0c1be6ab4d1c61654f6695929fd62f1facd5b5cb16f9d1eb262
2025-03-31 10:26:31,TSLA,"Nvidia, Tesla, CoreWeave: Market Minute","Madison Mills breaks down the top stories on Monday morning on this segment of Market Minute, including Nvidia's (NVDA) and Tesla's (TSLA) declines and CoreWeave's (CRWV) sharp losses on its first full trading day. Stay up to date on the latest market action, minute-by-minute, with Yahoo Finance's Market Minute.",Yahoo,https://finnhub.io/api/news?id=912afa2f26ce242be9c44e497534f47bbaf40054d7f5e0f8bfb4d8e13c629167
2025-03-31 10:15:00,TSLA,Impax Large Cap Fund Q4 2024 Commentary,Impax Large Cap Fundâs equities posted marginally positive returns during a fourth quarter that was dominated by the US presidential elections and its ramifications.,SeekingAlpha,https://finnhub.io/api/news?id=c5531f17422a6401f59acc6302304402e52d4dc79b32cbc854a79429a6bcacc1
2025-03-31 10:13:00,TSLA,"Tesla's first-quarter deliveries are likely to miss the mark, according to analysts","Tesla (TSLA) investors should brace themselves for first-quarter sales that fail to impress, analysts say, as the backlash over Elon Musk’s politics and his role in mass layoffs take a toll on the company.",Yahoo,https://finnhub.io/api/news?id=be160d70fe8d6b5221e931a5ac1d948dd1bae3d36db05addd34b2ea604d166f9
2025-03-31 10:10:39,TSLA,"Stocks to Watch Monday: Mr. Cooper, Nvidia, Newsmax, Moderna","? Rocket (RKT): The mortgage company agreed to buy Mr. Cooper (COOP) for $9.4 billion in an all-stock deal. Rocket shares dropped nearly 7% Monday morning, while those in the target jumped 17%. ↘️ Nvidia (NVDA): The AI chip stock sold off, as did shares of CoreWeave (CRWV), the Nvidia-backed startup that went public last week.",Yahoo,https://finnhub.io/api/news?id=1f3d12ac4d92dd29be9d73c8a67e971dd049c6cde71dfaa62d46ac0ccc5527dc
2025-03-31 09:57:02,TSLA,Tesla offers 3-year interest-free loans for refreshed Model Y in China,"Tesla will offer three-year interest-free loans for the refreshed Model Y before April 30 in China, a notice on its social media account showed.",Yahoo,https://finnhub.io/api/news?id=f83569185a89234543394ae070fc32f77a9b5657d18797b0acaf34e911fa0031
2025-03-31 09:40:14,TSLA,Car dealer: 'Afraid' buyers are rushing to purchase cars ahead of tariffs,President Trump’s auto tariffs have customers and dealers spooked.,Yahoo,https://finnhub.io/api/news?id=72203714e2a75ecfb538e0abdcc4efb452d16ccd384071ff3cda5631b5b87ca5
2025-03-31 09:27:41,TSLA,Tesla Store Fire in Rome Damages 17 Cars,Italian police are probing the cause of a fire at a Tesla electric-vehicle dealership in Rome. Authorities haven't yet said what caused the fire that left 17 cars damaged....,Finnhub,https://finnhub.io/api/news?id=897ac216124c7c65e44a41a3f5ff26d62a1d3de57c50b505db71db162107f27f
2025-03-31 09:01:13,TSLA,Tesla deliveries will fall further due to Musk controversy,"Copyright © BusinessAMBE 2023Key takeawaysDeliveries are expected to fall between 355,000 and 360,000, down 7 percent from last year. Analysts predict a 30 percent drop in deliveries due to...",Finnhub,https://finnhub.io/api/news?id=8d09a5bd07b1cc1152606e8c3d997ad5a7e521c9f6631fc0fae3f720352c19b6
2025-03-31 09:01:11,TSLA,"CVS leads S&P 500 in Q1, Deckers & Tesla are biggest losers","On the final day of the first quarter of 2025, Madison Mills and Julie Hyman take a look at the best and worst-performing stocks and sectors of the year so far. Among the worst performers are Deckers (DECK) and Tesla (TSLA), while CVS Health (CVS) led gains.To watch more expert insights and analysis on the latest market action, check out more Morning Brief here.",Yahoo,https://finnhub.io/api/news?id=db8c2d591a10cf1a104893c8e26e5879e56024bf977ad91eef90767e53d7fde1
2025-03-31 08:54:00,TSLA,Palantir Stock Is Dropping. 3 Reasons It’s in the Selling Crosshairs.,Palantir Stock Is Dropping. 3 Reasons It’s in the Selling Crosshairs.,MarketWatch,https://finnhub.io/api/news?id=ee3a303ddeef8f2b6794e0ca8c2e6ca6e1e52d98221f5f902bb6cd7c12d0bc3f
2025-03-31 08:22:06,TSLA,Protests against Elon Musk's purge of US government swarm Tesla showrooms,SAN FRANCISCO — Protesters against billionaire Elon Musk’s purge of the U.S. government under President Donald Trump demonstrated outside Tesla dealerships throughout the U.S. and in some cities...,Finnhub,https://finnhub.io/api/news?id=b33adfe7769fc07b9323806bad0d1fe5a8142fa6197fac0457efd8ac0e8d7ee5
2025-03-31 07:47:41,TSLA,Nvidia stock drops as tech leads markets lower after Trump backs broader reciprocal tariffs,"Nvidia stock fell more than 4% premarket Monday, after US President Donald Trump said he won’t be granting any countries softer treatment when it comes to reciprocal tariffs.",Yahoo,https://finnhub.io/api/news?id=e5cd532f3edede20eaebc4a83764fea8c9c3a69b5fe4b0b2a5f7d4080e97bbe5
2025-03-31 07:47:36,TSLA,Why stock market sell-off may not be done yet,"The near-term direction for the stock market could still be lower despite renewed selling pressure, experts warn.",Yahoo,https://finnhub.io/api/news?id=cd0a47350d62d6c9e289aeffb53b89b557f9436c042e5cd5e21b94ba855a1f95
2025-03-31 07:14:00,TSLA,‘DOGE checks’ update: Will Musk and Trump send savings to taxpayers?,‘DOGE checks’ update: Will Musk and Trump send savings to taxpayers?,MarketWatch,https://finnhub.io/api/news?id=b4ea63d41bc6a038f4154bc8cb963e09a3455274162bd0506dfa8dd2f73abb39
2025-03-31 06:36:06,TSLA,ARKQ Is What Mag 7 Was Meant To Be,,SeekingAlpha,https://finnhub.io/api/news?id=42eb8ad2ca7d0eb5eb6a498e8206dc51d625efbc34c4c66b6761f8bd59e16e1b
2025-03-31 05:52:41,TSLA,Tesla CEO Musk Says DOGE Is 'Costing Me a Lot',Elon Musk says his job as head of President Donald Trump's Department of Government Efficiency is costing me a lot when it comes to his other job - running Tesla . Shares in the electric car maker...,Finnhub,https://finnhub.io/api/news?id=98ac1cb2ebc177adaab190f374531e0bdb14fd2ad79c4f1f17bb5bbadab587e1
2025-03-31 05:47:00,TSLA,Trump Tariffs Are a Nightmare for Stock Markets. Next Quarter Could Be More Terrifying and 5 Other Things to Know Today.,"Recession odds raised and S&P 500 forecast cut by Goldman, Tesla continues to battle a perception problem, and more news to start your day.",Yahoo,https://finnhub.io/api/news?id=43989b0042071bd990a9ca51fceac390af6f54e699e0c67de1ef46ee8163ad09
2025-03-31 05:27:06,TSLA,"Trending tickers: Nvidia, Tesla, TSMC, Aston Martin and Associated British Foods",The latest investor updates on stocks that are trending on Monday.,Yahoo,https://finnhub.io/api/news?id=ff5c2844288794cb8bebf085b9952657883a15d27e078059af9b856e6425b423
2025-03-31 05:22:00,TSLA,"These Stocks Are Moving the Most Today: Tesla, Ford, CoreWeave, Nvidia, Palantir, LPL Financial, and More","Tesla slumps ahead of the release of first-quarter deliveries later this week, and top tech stocks such as Nvidia and Palantir tumble on the last trading day of the quarter.",Yahoo,https://finnhub.io/api/news?id=28df1a67cfc7ccdf13a6be450003a37ab5b20cee54316ce6ddc89781154dcc2a
2025-03-31 05:11:29,TSLA,Electric Vehicles Update - Reevaluating EV Sales Targets To Balance Markets And Consumer Choice,"A recent report from the Energy Futures Institute raises concerns about government-mandated electric vehicle (EV) sales targets in British Columbia and Canada, suggesting these policies could disrupt markets and limit consumer choice. The report argues that such mandates may lead to financial strain for automakers, increase vehicle prices, and disproportionately impact lower-income consumers. Additionally, it highlights that current EV sales are heavily reliant on government subsidies, and...",Yahoo,https://finnhub.io/api/news?id=be230c7f6284191f32f75f1ebe8162c594fce1e6118cbd4d27d8f08ae5816a66
2025-03-31 05:03:43,TSLA,Trump tariffs will bring inflation and a higher chance of a recession: Goldman,"Goldman Sachs sounds the alarm bell on the economy ahead of President Trump's ""Liberation Day.""",Yahoo,https://finnhub.io/api/news?id=7a1b2f661b72d410739696f3862aba566861ed858a2459da7f93f1334a8b6b2b
2025-03-31 05:00:57,TSLA,"Tesla deliveries likely fell as competition, Musk backlash surge","(Reuters) -Tesla investors are bracing for a drop in first-quarter vehicle deliveries as a backlash against CEO Elon Musk's politics exacerbates weakening demand for the electric vehicle maker's aging lineup.  Musk promised Tesla would return to growth this year after its annual deliveries fell for the first time in 2024, and Wall Street will be watching to see how a refreshed Model Y SUV and incentives made a difference.  Tesla has been grappling with rising competition, especially in China and Europe, and protests against Musk's role overseeing cuts to federal spending as an adviser to U.S. President Donald Trump.",Yahoo,https://finnhub.io/api/news?id=b67174baa9b00c735f6814448ca308dbad326b11613bfd102391232c7cdff663
2025-03-31 05:00:00,TSLA,Tronix leads increases as large cryptocurrencies start mixed,Tronix leads increases as large cryptocurrencies start mixed,MarketWatch,https://finnhub.io/api/news?id=725fc17705ce12feabd3d6be39aa075b9a5d13e38899126744a8b962653df78b
2025-03-31 04:52:59,TSLA,"Dow Jones Slides 400 Points On Trump Tariff Threat; Nvidia, Palantir, Tesla Dive","Dow Jones Slides 400 Points On Trump Tariff Threat; Nvidia, Palantir, Tesla Dive",DowJones,https://finnhub.io/api/news?id=5385abb79ee5bdf235fb3a478bea8026c2d5b8122a92062de59e17bafa5e9dd2
2025-03-31 04:45:25,TSLA,Stock markets around the world tumble as Trump's 'Liberation Day' approaches,"NEW YORK — President Donald Trump’s “Liberation Day” is fast approaching, and stock markets around the world are tumbling Monday in advance of it. On Wall Street, the S&P 500 was down 1.3%...",Finnhub,https://finnhub.io/api/news?id=29383987f6ce455725dd413ff6c74f9491d0d3135cb5d2579a700c20e8f6da37
2025-03-31 04:37:07,TSLA,Wall Street follows world markets lower ahead of new Trump tariffs,"NEW YORK — President Donald Trump’s “Liberation Day” is fast approaching, and stock markets around the world are tumbling in advance of it. The S&P 500 fell 1.1% early Monday. It’s on track...",Finnhub,https://finnhub.io/api/news?id=7990c916c5fb1be2565dce098012cb903c06ebf86c8debce34728aeffe70c399
2025-03-31 04:35:00,TSLA,Tesla Insiders Are Dumping the Stock. Is It a Red Flag or a Red Herring?,"Tesla (NASDAQ: TSLA) stock has been under enormous pressure in recent weeks.  After surging in the aftermath of the U.S. presidential election on hopes that CEO Elon Musk's cozy relationship with President Donald Trump would lead to a windfall for the electric vehicle (EV) company, the stock price has been on a downward slide since mid-December, falling nearly 45%.  Musk's outspoken views on multiple issues as well as his work on a project for the Trump administration called the Department of Government Efficiency (DOGE) has damaged his reputation and has tied the Tesla brand up in political controversy.",Yahoo,https://finnhub.io/api/news?id=b661e2dd52dedf7ba849e0dab69c28b1bf492d13782c3fe84e7d7ccf4c2dee0b
2025-03-31 04:18:00,TSLA,Tesla Stock Drops Ahead Of Key Delivery Data. They Must Hit This Level to Lift Shares.,"Tesla  stock has had a wild, mostly downhill, ride since President Donald Trump’s Jan. 20 inauguration.  Tesla doesn’t need to top analyst delivery estimates for the stock to rise.  Wall Street estimates tend to grow stale—not every analyst updates them at the same frequency.",Yahoo,https://finnhub.io/api/news?id=ee34d47bf4c7d0352ea6ffe8ed2cb4448ac8d537a3281fd06edf5cc952c54e26
2025-03-31 04:10:09,TSLA,UK expecting to be hit by Donald Trump's tariffs this week — No 10,"The UK is expecting to be hit by Donald Trump's tariffs this week, Downing Street has said, as discussions with the US are set to continue beyond Wednesday.The UK government has been trying to...",Finnhub,https://finnhub.io/api/news?id=96e94841b2f14cffad57e6d31be3094a37c42eca6bd80b49546d158f16a4b58d
2025-03-31 03:58:00,TSLA,How Trump’s Policies Are Turning the U.S. Into an Emerging Market,How Trump’s Policies Are Turning the U.S. Into an Emerging Market,MarketWatch,https://finnhub.io/api/news?id=60417148a185169a129a683218856fcb5c2256278c85432a5f7d6f8970e6b64c
2025-03-31 03:40:00,TSLA,"This Fund Manager Predicts Tesla's Stock Will Rise Nearly 1,000%. Should Investors Believe the Hype?","Cathie Wood, who runs the Ark Invest collection of exchange-traded funds (ETFs), thinks the stock can rise nearly 10x from its current levels.  Waymo and Lyft getting to the market ahead of Tesla also points to the company being behind on the autonomous driving front.",Yahoo,https://finnhub.io/api/news?id=cb76f549d9d4de771a88b46902fc55435b4d7d1505d75fc6bf8fb4907ce6c733
2025-03-31 03:30:00,TSLA,Tesla: Fundamentally And Technically Bearish On Stock,"TSLA's fundamentals are deteriorating, with double-digit EPS declines, flat revenue growth, and declining gross margins. Read why I maintain a Sell rating on TSLA.",SeekingAlpha,https://finnhub.io/api/news?id=299942611857b1ef7add3b3720f2f4a650b3a3432192a46df6754218c628d7bf
2025-03-31 01:55:00,TSLA,PGIM Jennison Growth Fund Q4 2024 Commentary,"The PGIM Jennison Growth Fund rose 6.5%, slightly underperforming the Russell 1000 Growth Index for Q4 2024. Click here to read the full commentary. ",SeekingAlpha,https://finnhub.io/api/news?id=3f80a2cc5e443d35bd30910a4935fca083b85186e73e3e8f91cfaf0905c9ea6f
2025-03-31 01:48:43,TSLA,Fire at Tesla dealership in Rome destroys 17 cars,"A fire broke out overnight at a Tesla dealership in Rome destroying 17 cars, firefighters said on Monday. They did not say what started the blaze. Italian news agencies...",Finnhub,https://finnhub.io/api/news?id=a04f0f7f9cfda0b5e116df3924d19f4b2ea5fb6caf301aac653574e042e4306f
2025-03-31 01:40:00,TSLA,PGIM Jennison Focused Growth Fund Q4 2024 Commentary,,SeekingAlpha,https://finnhub.io/api/news?id=737ff5ee66dd78153317776bacd4fec7f6e999436982756dea21c4a22bae1c46
2025-03-30 23:45:24,TSLA,Musk says DOGE role is costing him as Tesla shares slump,"(Bloomberg) -- Elon Musk acknowledged that his job as head of President Donald Trump’s effort to cut the size of government is “costing me a lot” when it comes to his other big job, as CEO of Tesla Inc.Most Read from BloombergGold-Rush Fever Returns to Historic New Zealand Mining TownWhat Frank Lloyd Wright Learned From the DesertBank Regulators Fight for Desks as OCC Returns to New York TowerThese US Bridges Face High Risk of Catastrophic Ship StrikesCharter Schools, Colleges Push Muni Debt Dis",Yahoo,https://finnhub.io/api/news?id=11b2fef7508ec8acf3ab9c424fbb9e4ded130a11255b61cfa22e97a959e8a6e0
2025-03-30 23:45:00,TSLA,John Hancock U.S. Growth Fund Q4 2024 Commentary,"For Q4 2024, the John Hancock U.S. Growth Fund underperformed the benchmark Russell 1000 Growth Index. Click here to read the full commentary. ",SeekingAlpha,https://finnhub.io/api/news?id=bc200f8c1a9602b78c94fb644680e14dd05970f20a5f2aab6b5d98a5210183bb
2025-03-30 23:27:06,TSLA,"Robotaxis, AI, And Broken Promises: Is Tesla Still Worth The Hype In 2025",,SeekingAlpha,https://finnhub.io/api/news?id=d4f42a466cbe8f87058b6909cee72729cb996e1411d19bb8fc716569b583e9c7
2025-03-30 20:05:00,TSLA,Weekly Market Pulse: The Weak Dollar Effect,,SeekingAlpha,https://finnhub.io/api/news?id=b17290ca8a632178045f1989d8ffab5a5739d0a3191f2b09a1332cec08625ea1
2025-03-30 17:02:00,TSLA,Elon Musk hands out $1 million checks to two voters after Wisconsin Supreme Court declines bid to stop him,Elon Musk hands out $1 million checks to two voters after Wisconsin Supreme Court declines bid to stop him,MarketWatch,https://finnhub.io/api/news?id=9b40ef36d9d06db5cc38e7d69c402dbc649aba40c3d6ae2d8d2e97c6ae71f727
2025-03-30 16:15:00,TSLA,"S&P 500 Earnings: S&P 500 Down Just 5% YTD, High-Yield Credit Has Widened Some, Good Breadth A Positive",,SeekingAlpha,https://finnhub.io/api/news?id=5fabe200f9ecd085d7fa99d6ea403141376178243928b9b79d6bef97383b63ed
2025-03-30 11:24:17,TSLA,"HSBC Cuts Tesla (TSLA) Price Target, Citing Aging Products and China Pressure","We recently published a list of 10 AI Stocks Dominating the News This Week. In this article, we are going to take a look at where Tesla, Inc. (NASDAQ:TSLA) stands against other AI stocks dominating the news this week. Elon Musk and OpenAI have jointly proposed to fast-track their trial over OpenAI’s transition to a […]",Yahoo,https://finnhub.io/api/news?id=5937e6620cf19bcce67ce1d797b0fd685211bb7ceb6d59bb03822caa7731e5f1
2025-03-30 11:22:00,TSLA,Tesla’s EV Credit Income Is Still Rolling In—for Now,"Investors fear a second Trump administration could end  Tesla’s  ability to generate hundreds of millions of dollars by selling regulatory credits.  Over the weekend, Reuters reported that  Stellantis  was planning to buy regulatory emission credits from Tesla in 2025, citing Stellantis’ European operations chief, Jean-Philippe Imparato, speaking at an event in Italy.  Stellantis and Tesla didn’t immediately respond to a request for comment.",Yahoo,https://finnhub.io/api/news?id=1d1dc542bb410ca913d3a8587e5cad7a8629371b8ebeafd09f37cc5ef772ffb1
2025-03-30 10:53:00,TSLA,Hartford Climate Opportunities Fund Q4 2024 Commentary,,SeekingAlpha,https://finnhub.io/api/news?id=50b9a411f7a265ada2bbeee225f8f3412941e50d75ebd9c66d22d02f3a3132dc
2025-03-30 10:19:00,TSLA,Protesters swarm Tesla showrooms across U.S. amid growing anti-Musk backlash,Protesters swarm Tesla showrooms across U.S. amid growing anti-Musk backlash,MarketWatch,https://finnhub.io/api/news?id=01e0f8f11294bceffd7cc95f49a4062d67be07e803cabd7b58ecea8521c76377
2025-03-30 07:30:13,TSLA,Commentary: Why are investors buying the dip in stocks?,And so the dip-buying in markets continues.,Yahoo,https://finnhub.io/api/news?id=1b9c76c720364cc3ccdc8a0fdd381b225128cbfdc8e22ef86e69a21b95169f5e
2025-03-30 05:25:00,TSLA,Should You Invest in the 3 Worst-Performing Stocks in the Nasdaq-100 in 2025?,"The Nasdaq-100 is composed of the 100 largest non-financial companies listed on the Nasdaq Composite (NASDAQINDEX: ^IXIC).  For those who have followed the market in recent years, it should come as no surprise that this tech-heavy index, which is full of some of the largest artificial intelligence companies in the world, has been a good long-term investment.  Over the last five years, the Nasdaq-100 is up 154%.",Yahoo,https://finnhub.io/api/news?id=425d5553fea4d75b07e75607bc95a50db69b0ee5bc29a239e4ba9cc19eec4501
2025-03-30 05:00:00,TSLA,Comprehensive Q1 Review Of My Stock Picks + Ratings Updates,Q1 stock picks updated with new commentary and ratings. See why Appleâs being dropped and 38 new stocks are covered for the first time.,SeekingAlpha,https://finnhub.io/api/news?id=d9fe07793544378d93d34e86bfa08ecdf8fd2ba8c381a3f5ffafae42e90d34ff
2025-03-30 04:05:00,TSLA,Putnam Large Cap Growth Fund Q4 2024 Commentary,"US equities had another positive quarter, with the S&P 500 Index returning 2.41% and our primary benchmark, the Russell 1000 Growth Index, returning 7.07%.",SeekingAlpha,https://finnhub.io/api/news?id=b1298edf659df144da17a0ecdc0111e12ea4b30833a709a0aeac8543cf3dd760
2025-03-30 03:50:00,TSLA,"Cathie Wood Thinks Tesla Will Hit $2,600 a Share. Here's Why $26 Is More Likely",Let's separate fact from fiction.,Yahoo,https://finnhub.io/api/news?id=74548457087d29dd93b276392af29522e54c8dc4020a20e596975ef4098516c4
2025-03-30 02:40:00,TSLA,Tesla Stock Dropped 50% From Its High. History Says This Will Happen Next.,"Tesla (NASDAQ: TSLA) hit a record high of $480 per share in December after Donald Trump won the presidential election.  The market assumed the relationship between CEO Elon Musk and President Donald Trump would benefit the company in some way, but that benefit has yet to materialize.  Instead, Tesla stock tumbled more than 50% from its record high in early March, something that has happened only three times before.",Yahoo,https://finnhub.io/api/news?id=4575fb494f02f7d22ebdeea081235fc1fd34e0906aac3b853565fcdc2fb54976
2025-03-30 01:40:00,TSLA,abrdn Total Dynamic Dividend Fund Q4 2024 Commentary,The abrdn Total Dynamic Dividend Fund underperformed its benchmark over the three-month period ending 1/31/2025. Click here to read the full commentary.,SeekingAlpha,https://finnhub.io/api/news?id=b062b88a415e17cc61f245970d7cb830adaa177609aef7bceb1690d5db981845
2025-03-30 00:14:26,TSLA,"Tesla's Perfect Storm: Sales, Politics, And BYD",Tesla's growth stalls as it struggles with competition and ideological issues. Read why TSLA stock might be heading for further decline soon.,SeekingAlpha,https://finnhub.io/api/news?id=f886d6b1602f95892e9de0dc958e80bb32b5e9cf08d56a7d570e0deb5bfca921
2025-03-29 20:50:25,TSLA,"Is Tesla, Inc. (NASDAQ:TSLA) The Best Stock to Buy and Hold for 2 Years?","We recently published a list of 10 Best Stocks to Buy and Hold For 2 Years. In this article, we are going to take a look at where Tesla, Inc. (NASDAQ:TSLA) stands against other best stocks to buy and hold for 2 years. Will The Tech Stocks Continue to Rally? On March 27, CNBC reported […]",Yahoo,https://finnhub.io/api/news?id=9a813d7d28374f2e7a0d1564a254c9d05a701454ca9f142d15d62f820b34a249
2025-03-29 20:34:57,TSLA,"Tesla's Q1 Delivery Could Dip Below 300,000, Causing A Big Correction",Tesla Q1 deliveries may decline sharply amid weak Europe and China sales. Read more about TSLA stock here and why it is a Sell.,SeekingAlpha,https://finnhub.io/api/news?id=672da861d96abe8385d5b3d13ac5da23a5e83ad89fec021537808ff41b6debdc
2025-03-29 18:03:00,TSLA,"Elon Musk sells X, mostly to himself",The deal brings the social media company under a new corporate umbrella.,Yahoo,https://finnhub.io/api/news?id=58a2710dc22b0cc8d8211c76852cba62a9e5419ddd2987ad5084e9d72eaa4247
2025-03-29 17:00:00,TSLA,Prediction: This Artificial Intelligence (AI) Company Will Be the Biggest Beneficiary of Self-Driving Vehicles (Hint: It's Not Tesla),"Tesla gets a lot of attention for its autonomous driving software, but I see another company as the better opportunity for AI-powered cars in the long run.",Yahoo,https://finnhub.io/api/news?id=0e22746643e57a70c46a313c13b9f3109e04c1fc9871cd7415f2e164d01b2bc5
2025-03-29 15:23:41,TSLA,"Tesla, Inc. (TSLA): Among the Best Robotics Stocks to Buy According to Billionaires","We recently published a list of the 10 Best Robotics Stocks to Buy According to Billionaires. In this article, we are going to take a look at where Tesla, Inc. (NASDAQ:TSLA) stands against the other robotics stocks held by billionaires. Robotics Market Outlook The robotics industry has grown modestly over the past few years. Robotic […]",Yahoo,https://finnhub.io/api/news?id=4910e05afee5d25eba974eba356abc444611535da499a7162f348fe4701b7d18
2025-03-29 13:30:00,TSLA,"It’s ‘Tesla Takedown’ Day. What That Means, or Has Meant, for the Stock.",Tesla faces politically motivated protests because of CEO Elon Musk’s close relationship with President Donald Trump.,Yahoo,https://finnhub.io/api/news?id=9a86845991e385ea065c8cd1d6fdc18a2d8cfa0f1ffeac730fd8fa912df87b80
2025-03-29 11:13:00,TSLA,Major Tesla stock bull sounds alarm on major problem facing Elon Musk,One analyst raises red flags as a threat looms over the automotive industry.,Yahoo,https://finnhub.io/api/news?id=1df058ae9d8f97c1932ef856e42ed66fc1f9283dec4abd4d4da6c6de0dfcd8c9
2025-03-29 11:10:23,TSLA,Trump Trade: Trump told auto CEOs not to raise prices for tariffs,"Catch up on the top industries and stocks that were impacted, or were predicted to be impacted, by the comments, actions and policies of President Donald Trump with this daily recap compiled by The Fly: AUTO TARIFFS: President Trump told CEOs of some of the country’s top automakers during a call earlier this month that the White House would look unfavorably on car prices being raised as a result of tariffs, leaving some of them rattled and worried they would face punishment if they increased pri",Yahoo,https://finnhub.io/api/news?id=2d2ae7bf8d7e4ac3b69af2a2f2bb4dcde699f79b244019f3d03eaa67b84e4ee7
2025-03-29 09:39:05,TSLA,Tesla protests planned across Canada as part of international 'day of action',"Hundreds of protests at Tesla showrooms around the world are expected today, including multiple ones organized in provinces across Canada. The events, dubbed the Tesla Takedown's Global Day of...",Finnhub,https://finnhub.io/api/news?id=9fca729a5dd8020eb07a6b69ea3185590e10960e9b33b7ddff8bb12319079ebc
2025-03-29 09:37:00,TSLA,Canadian Tesla protests part of 'day of action' amid fractured U.S. relationship,VANCOUVER - Canadians in several major cities held demonstrations at Tesla dealerships as part of an international day of action aimed at the company's CEO Elon Musk and his role within the American...,Finnhub,https://finnhub.io/api/news?id=b29779efb2f55d9f4c67a90efd84020c54db45cf6c553a1a6c4bd347c48c80b4
2025-03-29 09:15:05,TSLA,Protesters rebelling against Elon Musk's purge of US government swarm Tesla showrooms,SAN FRANCISCO — Crowds protesting billionaire Elon Musk’s purge of the U.S. government under President Donald Trump began amassing outside Tesla dealerships throughout the U.S. Saturday in the...,Finnhub,https://finnhub.io/api/news?id=ca0c3cc33afe1a19a8dc29d81167b16f786868387b237df82a9ae5d58f4a5ebf
2025-03-29 09:00:45,TSLA,"$14K Investor In TSLA, NVDA, And QQQ Faces Dilemma – 'Looking To Hold For At Least 10 Years' But Is That A Recipe For Disaster? Reddit Debates","Knowing which stocks to hold for the long term and which to sell before they drag down your portfolio is a challenge every investor faces at least once in their journey. Some swear by the “buy and hold” strategy, while others advocate for constant rebalancing of a portfolio to mitigate risk. The issue becomes even more pronounced when a portfolio is heavily condensed in high-growth but volatile sectors like technology. Don't Miss: This Jeff Bezos-backed startup will allow you to become a landlor",Yahoo,https://finnhub.io/api/news?id=4a9b689ff2713a6c8c58e8c36fc43e4779978b6a0e5675bce54bceaf879a331d
2025-03-29 08:47:27,TSLA,"Jim Cramer on Elon Musk and Tesla, Inc. (TSLA) Stock: “He’s the biggest celebrity in business history”","We recently published a list of Jim Cramer Says Trump’s Tariff Strategy Is Working & Discusses These 11 Stocks. In this article, we are going to take a look at where Tesla, Inc. (NASDAQ:TSLA) stands against other stocks that Jim Cramer discussed. In a recent appearance on CNBC’s Squawk on the Street, Jim Cramer discussed […]",Yahoo,https://finnhub.io/api/news?id=56fa205f9dbf0620124d21815a31d29eb46b310e9e295962e6c5aaefbbcf4d8f
2025-03-29 07:37:00,TSLA,"Target slashes bonuses, Walmart holds the eggs, and cheaper Wegovy: Business news roundup",Target has announced it will reduce bonuses for salaried employees due to weak consumer spending and inflationary pressures.,Yahoo,https://finnhub.io/api/news?id=8aebebb73d2442b57b3f084bd99bc4894ac1d2e735e8bca6594414b7d59a1dd5
2025-03-29 07:29:39,TSLA,"Elon Musk's Father Says Tesla Vandalism And Protests Are Just 'Free Publicity.' Claims, 'All The Stocks Have Come Down,' Not Just Tesla","Elon Musk's father, Errol Musk, is not losing sleep over protests and vandalism targeting Tesla (NASDAQ:TSLA). In a recent interview on “The Andrew Eborn Show,” the elder Musk dismissed the backlash as good for business. “Publicity. More publicity, free publicity,” he said. “You don’t have to go to the newspapers and pay £500,000 [$645,000] for adverts or anything like that. You’re getting [publicity] all the time.” Errol added that when critics resort to vandalism, the public ultimately remembe",Yahoo,https://finnhub.io/api/news?id=8f920e2c24c9847fc558f9c2b2872a2363b8fa1818c89015014ce38900e52ab6
2025-03-29 07:00:40,TSLA,Elon Musk's AI company buys X in blockbuster $33B stock deal,Elon Musk’s social media platform X has been bought by tech billionaire’s artificial intelligence company xAI in a monster deal that values X at $33 billion.,Yahoo,https://finnhub.io/api/news?id=f8f1cbba704bbb34e1d30749588618521c4c8886b671417647eb84301515fb26
2025-03-29 07:00:15,TSLA,Tesla no longer has 'asymmetric upside',"Tesla shares have been hit hard due to concerns about CEO Elon Musk's involvement with the Trump administration. It's one of the reasons why tastylive Founder & CEO Tom Sosnoff not only traded in his Tesla, but now thinks the stock is more ""middle of the road."" To watch more expert insights and analysis on the latest market action, check out more Asking for a Trend here.",Yahoo,https://finnhub.io/api/news?id=ecaeb2e16324f4ba6efb4051fcb5f00c2b80bfd4735dfa9ef7cafc3e33332238
2025-03-29 06:47:23,TSLA,"Dow Jones Futures: Trump Tariffs Slam Stock Market, With Another Wave Coming. Tesla Deliveries Loom.","Dow Jones Futures: Trump Tariffs Slam Stock Market, With Another Wave Coming. Tesla Deliveries Loom.",DowJones,https://finnhub.io/api/news?id=009722e612c609819f0dca1db4071ab140c03d0f4aabca204b75340811f693a0
2025-03-29 03:05:00,TSLA,5 High-Quality Dividend Growth Stocks I'm Buying Now (Plus SCHD Reconstitution),"See how a dividend growth portfolio outpaced the S&P 500, top dividend stocks to buy, gold insights, SCHD's changes, and auto stocks to watch! Click for the picks.",SeekingAlpha,https://finnhub.io/api/news?id=aa17be467c6a9258658c6b09698dc249e7416029c4bc3e2e83f005f40d352988
2025-03-29 02:00:00,TSLA,Elon Musk Is Running DOGE Like He Runs Tesla—Move Fast and Break Things,"The Department of Government Efficiency’s actions under Musk, along with tariffs, are rattling markets—and Tesla’s stock.",Yahoo,https://finnhub.io/api/news?id=7ed11e5a09dc0ec9e491d39377117acddce73b62a98ec614b0c32c82d73eb80f
2025-03-28 21:30:35,TSLA,Elon Musk Says Tesla Doesn't Need Lidar Because 'People Don't Shoot Lasers Out Of Their Eyes' After YouTubers Put His Cars Through Wylie E. Coyote Tests,"Tesla Inc. (NASDAQ:TSLA) CEO Elon Musk doubled down on his longtime skepticism of LiDAR technology on Thursday following the videos of YouTubers testing his EV vehicles against a ‘Wile E. Coyote' fake wall challenge. What Happened: Musk took to X, ...",Yahoo,https://finnhub.io/api/news?id=1b6e01f0a8e3208cea8ff17af17cfcc8765731815fda5e7d4ea9217ad0c12a9f
2025-03-28 21:00:00,TSLA,No longer 'poor but sexy?' Berlin's economic rise comes at a price,"The Art House Tacheles usedto be the epicentre of the alternative art and culture scene inBerlin, an impressive five-storey building in the heart of thecapital dating back to 1908 and occupied by...",Finnhub,https://finnhub.io/api/news?id=9668bbd2bf9c3ab51721b26a7551d377c8a89842611cf06e874108873249aeb0
2025-03-28 18:55:00,TSLA,PGIM Jennison Blend Fund Q4 2024 Commentary,,SeekingAlpha,https://finnhub.io/api/news?id=e8c81c0527072f874f76c8eb4c6106afdf4f82c6ccb52e4adcc553cb3fbe9e17
2025-03-28 18:13:00,TSLA,xAI Buys X in Blockbuster Deal. Elon Musk Found a Way to Win the Twitter Deal.,"FEATURE  How do you solve a problem like Twitter? If you’re Elon Musk, you sell X to xAI. He did OK on the sale.  In a Friday evening tweet on X, Elon Musk wrote that xAI had acquired X for $33 billion, or “$45 B less $12B debt.",Yahoo,https://finnhub.io/api/news?id=4cdf6141f247b7eefb97334238a44ee61d2ca36f402f0cb4a19fbd5dd22d0f4c
2025-03-28 17:49:42,TSLA,"Elon Musk's xAI acquires X, creating a $113 billion powerhouse","Investing.com -- Elon Musk's AI firm xAI announced the acquisition of his social media platform X (formerly Twitter) in a significant all-stock deal. The transaction values X at $33 billion, excluding X's $12 billion debt, and xAI at $80 billion - for a combined $113 billion.",Yahoo,https://finnhub.io/api/news?id=f63cc2d367c3c87307368d5882baf8a5b5765d22b237123b25e787fe96f4e785
2025-03-28 17:35:48,TSLA,Is Tesla (TSLA) The Mega Cap Stock Gaining Bullish Momentum This Week?,"We recently published a list of 10 Mega Cap Stocks Gaining Bullish Momentum This Week. In this article, we are going to take a look at where Tesla, Inc. (NASDAQ:TSLA) stands against other mega cap stocks gaining bullish momentum this week. The S&P 500 index started the week with a bang after staying under pressure […]",Yahoo,https://finnhub.io/api/news?id=540448590937e4181937f117de625bda4f18db191a605f901fd4f78cb52be41e
2025-03-28 17:24:51,TSLA,Elon Musk Says His xAI Company Has Acquired X,"In a late-Friday message on his social media network X, the Tesla CEO said his artificial intelligence company, xAI, had acquired X in an all-stock transaction.﻿﻿",Yahoo,https://finnhub.io/api/news?id=8d98dd6bdd9810e625b0db4143a63345bef62fbb755ecd274d1dda3cf62d9bd4
2025-03-28 16:26:12,TSLA,"Cathie Wood Reaffirms Tesla $2,600 Target Despite 39% Stock Decline","Cathie Wood projects Tesla will reach $2,600 per share within five years.",Yahoo,https://finnhub.io/api/news?id=5544a789ff45bd544fe3d35c7ad9347640c0295d48ca8954b712fd0bce67d700
2025-03-28 15:35:19,TSLA,RBC Maintains Tesla Price Target Despite Forecasted Delivery Decline in First Quarter,RBC Capital maintained its Outperform rating on Tesla with a $320 price target.,Yahoo,https://finnhub.io/api/news?id=6210c1d970641fda0f6f0d8b6e8810a67e5c3e2e44afc16cb8e572d667f7e73d
2025-03-28 15:28:00,TSLA,Tesla Readies for Global Protest as Q1 Delivery Concerns Mount,Protests targeting Tesla and Elon Musk coincide with weak delivery outlook and growing tariff-related pressures,Yahoo,https://finnhub.io/api/news?id=fd68f9d5a6397c3476d6133674b75d49cab210b3af2c1dc69142af9a78e409e7
2025-03-28 15:23:49,TSLA,Tesla Shares Slide on Lower Q1 Delivery Outlook Across Key Markets,"Tesla shares fell as Q1 delivery estimates miss forecasts across major markets, despite long-term optimism from RBC",Yahoo,https://finnhub.io/api/news?id=87ef8f97d8f18ff84de702ca63cf74aec20ad976090170c848d66310bde00cbe
2025-03-28 15:20:00,TSLA,"These Stocks Moved the Most Today: Tesla, AppLovin, Lululemon, Nvidia, CoreWeave, Wolfspeed, and More","Tesla stock slides, Lululemon tumbles as the activewear company’s guidance misses analysts’ forecasts, and CoreWeave opens for trading below its initial public offering price.",Yahoo,https://finnhub.io/api/news?id=741ea3eb8c2e133aff104b9e6dadfdb5543aab5f2ae4ad5057c9bc10ff87dd5e
2025-03-28 13:47:42,TSLA,"Magnificent Seven Stocks Dive As Amazon, Apple, Meta, Nvidia, Tesla Sell Off","Dubbed the Magnificent Seven stocks, Apple, Microsoft, Google parent Alphabet, Amazon.com, Nvidia, Meta Platforms and Tesla lived up to their name in 2024 with solid gains. Through the first two months of 2025, however, performance for these mega-cap stocks has been mostly negative thus far.",Yahoo,https://finnhub.io/api/news?id=90b26846322915696d55c9fa68d35d83380e09221dd9b4c8b30cf240b0af9aab
2025-03-28 13:30:35,TSLA,Ontario Premier Doug Ford Supports Retaliatory Tariffs Amid US Auto Levy: 'Inflict As Much Pain As Possible',"Ontario Premier Doug Ford has expressed his support for retaliatory tariffs in response to U.S. President Donald Trump‘s proposed 25% tariff on automotive imports. What Happened: According to a report by CTV News, Ford urged Prime Minister Mark Carney to convene a first ministers’ meeting following Trump’s announcement. Ford, speaking at Queen's Park on Wednesday, emphasized a “tariff for tariff” approach, while awaiting Trump’s actions on April 2. ""I do not want to hurt other provinces, but I c",Yahoo,https://finnhub.io/api/news?id=a4c31b6725b60e66dc3d47e0eaeab702ca37a5935671d57293b8bb33b5d25050
2025-03-28 13:27:00,TSLA,"Tesla Stock Drops, but the Losing Streak Ends",Tesla  stock finally ended its nine-week losing streak.  Deutsche Bank analyst Edison Yu kept his Buy rating on Tesla stock but reduced his target price to $345 from $420 a share.  Tesla will report first-quarter deliveries next week.,Yahoo,https://finnhub.io/api/news?id=cf3d694c0a3c4fbe44cff1023f90e6cfff422d6da3598b6e236a651693a0ed43
2025-03-28 13:14:00,TSLA,"Tesla, Nvidia lose ground as markets take a tumble on bad economic news","Tesla’s (TSLA) status as the “winner” of President Donald Trump’s new auto tariffs didn’t protect it from a tech-led market selloff on Friday, as the stock followed Nvidia (NVDA) and the rest of the Magnificent 7 lower after new economic numbers pointed toward the possibility of stagflation.",Yahoo,https://finnhub.io/api/news?id=4d85d82df8bcceea08f9b6ea9ca125acc15aa2e9b7e8f77d4ac5031985a074d4
2025-03-28 13:10:50,TSLA,Tesla shareholders furious with Elon Musk have 2 main options to advocate for change,"Launching a lawsuit against Musk is unlikely to work, says a legal scholar.",Yahoo,https://finnhub.io/api/news?id=791aaea69b3dfc0aa9d745bfabab651c576ca0f91b87937c5e2126341a487a60
2025-03-28 12:53:29,TSLA,Tesla CEO Elon Musk Says xAI Has Bought X In Deal That Values His Social Site At $33 Billion,Tesla CEO Elon Musk Says xAI Has Bought X In Deal That Values His Social Site At $33 Billion,DowJones,https://finnhub.io/api/news?id=dcbcb89547a4c1d516f05f6c5ef46824d5f0c4867b9273c5a160c534ebff0a21
2025-03-28 12:37:52,TSLA,Tesla (NasdaqGS:TSLA) Surges 16% In A Week Despite Mega-Cap Tech Declines,"Tesla (NasdaqGS:TSLA) experienced a 16% increase in its share price last week, highlighting a robust performance amid challenging market conditions. This price movement comes as major indexes, including the S&P 500 and Nasdaq, faced declines following concerns over rising inflation and weak consumer sentiment. Despite these broader economic concerns negatively impacting mega-cap tech stocks, including a decline in companies like Amazon and Microsoft, Tesla's resilience stands out. The...",Yahoo,https://finnhub.io/api/news?id=5103aa8c42b451def7acc68cc9e117fe05297e7cf7229a36bf2b7f49455e2daa
2025-03-28 12:22:52,TSLA,Why Shares of Tesla Are Falling to End the Week,"Shares of the electric vehicle (EV) company Tesla (NASDAQ: TSLA) traded 3.4% lower, as of 12:18 a.m. ET today.  The Federal Reserve's preferred gauge of inflation, the Personal Consumption Expenditures index, rose 0.4% from the prior month and came in at 2.8% higher year over year, slightly above estimates.  Meanwhile, Deutsche Bank analyst Edison Yu issued a report on Tesla Friday morning, maintaining his buy rating but lowering his price target from $420 to $355.",Yahoo,https://finnhub.io/api/news?id=e4e1f027c42b15cc3d04d76b230b9d6524027f7be034f490512c0b1d37cbf17d
2025-03-28 12:22:25,TSLA,Elon Musk’s DOGE team says government systems can have Apple Store-like ‘experience’,Airbnb co-founder and Department of Government Efficiency member Joe Gebbia is looking to cut down the time it takes to handle the retirement process for federal employees.,Yahoo,https://finnhub.io/api/news?id=a411467facbea7988390233e92c39f8c6c7735de1a438545873fbdaa9c55c00f
2025-03-28 12:00:18,TSLA,"Even The Gas People Are Recommending EVs Now,' Says Ross Gerber. Adds, 'Politics Aside, Tesla Still Makes The Best EV Cars'","Wealth manager Ross Gerber is known for his unrestrained takes on Tesla (NASDAQ:TSLA), and he’s once again making headlines—this time by pointing out a surprising shift in sentiment toward electric vehicles. The U.S. Oil & Gas Association recently posted on X that its president is “just about ready” to buy a Tesla, not out of need, but to show support for American innovation. The group said it would go through with the purchase if its @US_OGA account reaches 61,130 followers before the end of th",Yahoo,https://finnhub.io/api/news?id=bfee3e9dc371d538faf5cdbdf5fd9e6a89cdf7516b1d20dee50af2cb8e05d744
2025-03-28 11:33:43,TSLA,Tesla Sales in Canada Reportedly Questioned After January Surge Drains EV Subsidy Program,Four Tesla (TSLA)-owned dealerships in Canada are being challenged by federal authorities after repo,Yahoo,https://finnhub.io/api/news?id=6b33bb2e08083f1bd1d434aacd93ef515a07e364a2a0c127ae769aed829f8528
2025-03-28 11:25:28,TSLA,Tesla's 30% Stock Drop: Will the Model Y Save the EV Giant?,"Elon Musk's Political Stance, Fierce Competition, and the Race to Reclaim Market Share in 2025",Yahoo,https://finnhub.io/api/news?id=d1acfd5181b10806b445eb9424698e4a747c2306cc89d1c237c39bf3df10b072
2025-03-28 11:01:22,TSLA,"Ferrari upgraded to Overweight, Tesla's price target cut","Ferrari (RACE) was upgraded to Overweight from Equal Weight at Barclays, citing a good entry point. Tesla (TSLA) received a price target cut at Deutsche Bank to $345 from $420, as first quarter deliveries missed estimates. Wealth host Brad Smith discusses the details. To watch more expert insights and analysis on the latest market action, check out more Wealth here.",Yahoo,https://finnhub.io/api/news?id=f7e85d70a7e24002d3dc122705113de7aa263babac316defba3f6d74acce4778
2025-03-28 10:59:53,TSLA,TBLD: Profit From The Market's Shift Towards Europe With This CEF,"Discover Thornburg Income Builder Opportunities Trust with a 7.05% yield, European focus, and discount to NAV. Click to see if TBLD's diversification is for you.",SeekingAlpha,https://finnhub.io/api/news?id=4c3f058de763415545c12e29c82a84e80d15fec6c8a7b8e8dc6e8ce37e4d46c2
2025-03-28 10:50:00,TSLA,Tesla Stock Drops. Where It Needs to Close to End 9-Week Losing Streak.,Tesla  stock is—most likely—about to end its nine-week losing streak.  Deutsche Bank analyst Edison Yu kept his Buy rating on Tesla stock but reduced his target price to $345 from $420 a share.  Tesla will report first-quarter deliveries next week.,Yahoo,https://finnhub.io/api/news?id=24644c131f59e28008760cfa8d774006337fd2fdda42642adc741308dbb429c3
2025-03-28 10:41:27,TSLA,SoftBank's $1 Trillion AI Bet Could Make Tesla the Biggest Winner,Masayoshi Son is going all-in on U.S. AI factories--triggering a wave that could reshape entire industries.,Yahoo,https://finnhub.io/api/news?id=6497ac5b8e8989a00d8bb6dccbbdc3364095308c2ba005109893b9111e4e6372
2025-03-28 10:35:48,TSLA,Why Mag 7 is a 'boy band' that needs to 'breakup',"Lou Basenese, Basenese Group founder and chief strategist, joins Madison Mills on Catalysts to take a look at some of the day's trending tickers and break down the ""Magnificent Seven"" trade. To watch more expert insights and analysis on the latest market action, check out more Catalysts here.",Yahoo,https://finnhub.io/api/news?id=326488da0babc5db4af514525099de05d7a2de182ce7f812f34e28e880129027
2025-03-28 09:58:03,TSLA,"Tesla First-Quarter Deliveries to Miss Views Amid Weakness in China, Europe, RBC Says",Tesla (TSLA) is expected to report first-quarter vehicle deliveries below Wall Street's estimates am,Yahoo,https://finnhub.io/api/news?id=49c92a5895fea44a74d9f42db77953e848b9c3f5a269f70713c3ab35ea32dbd1
2025-03-28 09:56:22,TSLA,Vancouver police deploying big presence to 'maintain order' at anti-Tesla protests,VANCOUVER - Vancouver police say they are investigating 28 anti-Tesla incidents and will deploy more than 130 extra officers to maintain order at protests targeting the electric carmaker this...,Finnhub,https://finnhub.io/api/news?id=4e3f5c6c44dc65098a96a10506acb0f2997925b8299f9cde054957740576e0f9
2025-03-28 09:41:23,TSLA,Musk’s DOGE Staffers Arrive at SEC to Hunt for Spending Cuts,"(Bloomberg) -- Elon Musk’s Department of Government Efficiency has landed at the US Securities and Exchange Commission one day after President Donald Trump’s choice to lead the agency, Paul Atkins, appeared before the Senate Banking Committee for his nomination hearing.Most Read from BloombergWhy Did the Government Declare War on My Adorable Tiny Truck?Gold-Rush Fever Returns to Historic New Zealand Mining TownHow SUVs Are Making Traffic WorseTrump Slashed International Aid. Geneva Is Feeling th",Yahoo,https://finnhub.io/api/news?id=5db19072a990ee31b6dd53fd3f34c612963f3251e121aeb1377445be818d95ee
2025-03-28 09:00:43,TSLA,"'Demand Is Off The Charts'—Elon Musk Claimed Tesla Had 'Over 1 Million' Cybertruck Reservations. Just 46,096 Have Been Sold In 14 Months","More than a year after Tesla’s (NASDAQ:TSLA) flashy Cybertruck hit the market, the numbers aren’t exactly backing up the hype. Elon Musk once claimed that the company had racked up “over 1 million” reservations. But according to recent recall data, only 46,096 Cybertrucks have actually been sold since customer deliveries began in late 2023. That's a big gap from the 250,000 units per year Musk said the company would sell. As Ross Gerber, CEO of Gerber Kawasaki Wealth and Investment Management, p",Yahoo,https://finnhub.io/api/news?id=f8b4984a8a5b9e72eac8b3be5638e1835147f014a95a530c882e6731de054d5f
2025-03-28 08:33:37,TSLA,"Stocks to Watch: Lululemon, General Motors, Deutsche Bank","↘️ Lululemon Athletica (LULU): The activewear company expects sales growth to slow this year, as consumers hold back on spending amid macroeconomic uncertainty. Shares fell more than 10%. ↘️ Hyundai Motor (KR:005380), Toyota Motor (JP:7203), Mercedes-Benz (XE:MBG), Porsche (XE:P911): Shares of global automakers fell further, following President Trump's announcement of auto tariffs this week.",Yahoo,https://finnhub.io/api/news?id=d715a45c06b626dfb0da6f8d7f099f9a4ae0c87a74d91429bfb218c08faf07af
2025-03-28 08:33:34,TSLA,FAA moves to protect aircraft owners private information,The Federal AviationAdministration said Friday it was making it easier for airplaneowners to keep information private like their name and addressafter Congress approved legislation over privacy...,Finnhub,https://finnhub.io/api/news?id=3ab91131391b3fe70e1c22913c93762176d8dbbba3ceea208565dd3853bb2fc2
2025-03-28 08:29:08,TSLA,Why Fearful Investors Shouldn’t Take the VIXY ETF Bait,"You’ve probably heard of the VIX Index before—it’s often referred to as the market’s “fear gauge,” a symbolic barometer for uncertainty in the stock market. If you’re a more seasoned investor, you may have tried investing in one of its indirect proxies: the ProShares VIX Short-Term Futures ETF (VIXY). But here’s the thing: the VIX isn’t something to be traded casually or opportunistically. It’s usually better used as a signal or a tool rather than a trade or an investment. I’m bearish on VIXY ov",Yahoo,https://finnhub.io/api/news?id=fa4b38d0f9b26f6e361b1a9cdd99c769586f4362769acf282d0207163ca57d14
2025-03-28 08:21:43,TSLA,"Elon Musk Drama Isn’t Stopping This Analyst From Recommending Tesla, Inc. (TSLA) Stock","We recently published a list of the 10 AI Stocks Making Headlines This Week. In this article, we are going to take a look at where Tesla, Inc. (NASDAQ:TSLA) stands against other AI stocks that are making headlines this week. China is aggressively working to close the AI competitiveness gap with the United States. According […]",Yahoo,https://finnhub.io/api/news?id=8c4448a17e4debb75b994fd999e51c406d2d586897cdaf2890e051e5c0b320b5
2025-03-28 08:08:53,TSLA,"Tesla, General Motors, Lululemon, AppLovin: Stocks to watch","Stocks fell premarket after the Federal Reserve’s favorite inflation measure came in slightly hotter than expected. Futures linked to the S&P 500, the Nasdaq 100, and the Dow Jones Industrial Average all pointed to a lower open on Friday.",Yahoo,https://finnhub.io/api/news?id=48157f2e892637ed95e2dd9deed13baa42c370942607bad9910473346468cf76
2025-03-28 08:06:00,TSLA,1 Wall Street Analyst Thinks Tesla Stock Is Going to $404. Is It a Buy?,Tesla (NASDAQ: TSLA) shares have been on the rebound after a horrible start to the year.  One Wall Street analyst now thinks investors have a great opportunity for solid returns from recent levels.  Canaccord analyst George Gianarikas sees nearly 50% upside after shares of the electric vehicle (EV) leader have plunged over 30% so far this year.,Yahoo,https://finnhub.io/api/news?id=a72878bc1cf6d25cd820ffa615b45d2db90355c90bdd4c4f3b837af472935441
2025-03-28 08:00:00,TSLA,"Tariffs, Tech Sluggishness, Gold, Bitcoin, And Inflation","Contextualizing auto tariff news for investors, tech sluggishness, Novo Nordisk, GameStop slide. Gold, Bitcoin, volatility and inflation.",SeekingAlpha,https://finnhub.io/api/news?id=fad5c8f856e5b4cbcc85ebd4ffaa35bdfc7c47df4e1cdd0f526ae24f25438c9a
2025-03-28 07:35:26,TSLA,"Tesla Down 30% YTD as Europe Sales Slide, Analysts Predict Rebound","Tesla Europe Sales Drop 43%, Analysts Predict Model Y Comeback",Yahoo,https://finnhub.io/api/news?id=c0841d0775c791f752cf21040aa1b9320fe72e37986e34354e4f61f24e4aaafc
2025-03-28 07:21:53,TSLA,"Trump's auto tariffs: 'Tesla wins, Detroit bleeds'",Investing.com -- The Trump administration’s decision to impose a 25% tariff on nearly all imported vehicles and components is set to disrupt the U.S. auto industry.,Yahoo,https://finnhub.io/api/news?id=768ccb11efad0f962b9a11015ee87682405616460b22071aff2d57569dc5d575
2025-03-28 07:16:33,TSLA,Tesla: We're Not Buying Mr. Musk's Euphoria Anymore,"Tesla, Inc. downgraded to Hold amid rising competition, price wars & operational delays. Click to explore TSLA stock's risks & resilience in today's EV market.",SeekingAlpha,https://finnhub.io/api/news?id=b9ca8d44f12ed05c33c7320d78fa879acb84de70d2c3c6213842a1a3ada6c335
2025-03-28 07:10:00,TSLA,abrdn Global Dynamic Dividend Fund Q4 2024 Commentary,The abrdn Global Dynamic Dividend Fund underperformed its benchmark over the three-month period ending 31 January 2025. Click here to read the full commentary.,SeekingAlpha,https://finnhub.io/api/news?id=93e07a5a7a0f61e262a6cf317819d9383ae8afc93bfd379d27ab45ed6b8da1e4
2025-03-28 07:04:11,TSLA,"Stock Market Tumbles Back On Trump Tariffs, Nvidia, Inflation: Weekly Review","Stock Market Tumbles Back On Trump Tariffs, Nvidia, Inflation: Weekly Review",DowJones,https://finnhub.io/api/news?id=807e0cda09e0a25a96e16e34d32cefe987ff885194b9169f73f734d04de63ab1
2025-03-28 06:41:43,TSLA,How Canada is retaliating against US tariffs,"OTTAWA, March 28 - Canada plans additional retaliation for U.S. PresidentDonald Trump's auto tariffs and reciprocal tariffs on U.S.trading partners scheduled for early April. ...",Finnhub,https://finnhub.io/api/news?id=41a29df6f6e6dfa9aabc640aea01a3281af0d5302e75ec5a0c040e59c2b6c0ab
2025-03-28 06:25:16,TSLA,Canada's retaliation against US tariffs,"OTTAWA, March 28 - Canada plans additional retaliation for U.S. PresidentDonald Trump's auto tariffs and reciprocal tariffs on U.S.trading partners scheduled for early April. ...",Finnhub,https://finnhub.io/api/news?id=c5b4aa6e5a6f87432117aa4d09441e6ea7d72a4b891140bbd02a618a20d41066
2025-03-28 05:59:50,TSLA,"Social Buzz: Wallstreetbets Stocks Mixed Pre-Bell Friday; Tesla to Advance, Lululemon Athletica to Decline",The most talked about stocks in the Reddit subforum Wallstreetbets were mixed hours before Friday's,Yahoo,https://finnhub.io/api/news?id=b1fec2c763e128605206f1b0a5f0e33c973dc3b68dcaa59f16d8f4052bed8f75
2025-03-28 05:45:00,TSLA,Tesla Stock Surges. It Must Hit This Price to Break 9-Week Losing Streak.,"Tesla  stock is—most likely—about to end its nine-week losing streak.  Shares of the electric vehicle maker were up 1.6% in premarket trading at $277.57, while  and  futures were falling 0.1% and 0.2%, respectively.  If Tesla stock can finish north of $248.71, its losing streak is over.",Yahoo,https://finnhub.io/api/news?id=f043e24dfabedeb0353a47563661310fa2a16f13933f07723cbbd0dc9d9ed011
2025-03-28 05:14:00,TSLA,"These Stocks Are Moving the Most Today: Tesla, AppLovin, Lululemon, U.S. Steel, Braze, Oxford Industries, and More","Tesla stock extends gains after Donald Trump’s announcement of auto tariffs, and Lululemon tumbles as the activewear company’s guidance misses analysts’ forecasts.",Yahoo,https://finnhub.io/api/news?id=628804d469b2224360b91530cb2074f880847856d497d218ddb03e397f73cee9
2025-03-28 05:00:00,TSLA,Large cryptocurrencies fall as Sui tumbles,Large cryptocurrencies fall as Sui tumbles,MarketWatch,https://finnhub.io/api/news?id=c226273342a4edaad0c8961476036b6d601ffe5f844f2f39d3a8c74855170191
2025-03-28 05:00:00,TSLA,Prediction: 3 Stocks That Could Be Worth More Than Tesla 10 Years From Now,"Tesla (NASDAQ: TSLA) is sporting a market capitalization of $888 billion as I write this.  Tesla may do well from here on out, but its brand and reputation have taken a hit that might last a while.  Here are three stocks I think will have bigger market caps than Tesla in a decade.",Yahoo,https://finnhub.io/api/news?id=be43e3f413a375fbf9aff12af2bb7db2ea1cab32194360b2edf99c3621aaa0d8
2025-03-28 04:56:00,TSLA,Tesla Stock Tries to End 9-Week. Here’s Where It Needs to Close.,Tesla Stock Tries to End 9-Week. Here’s Where It Needs to Close.,MarketWatch,https://finnhub.io/api/news?id=5d8ed4b13cff8758d2c6a02e7bfe60c4855e083f96a67973f54a13096b5ca2cb
2025-03-28 04:54:02,TSLA,Dow Jones Slides On Hot Fed Inflation Gauge; Lululemon Plunges On Earnings,Dow Jones Slides On Hot Fed Inflation Gauge; Lululemon Plunges On Earnings,DowJones,https://finnhub.io/api/news?id=08dcb986b8886525c76043479bf9e12754ff318326faa1e71ded905b32f29a29
2025-03-28 04:49:00,TSLA,"These Stocks Are Moving the Most Today: Tesla, AppLovin, Lululemon, U.S. Steel, Braze, Argan, Rocket Lab, and More","These Stocks Are Moving the Most Today: Tesla, AppLovin, Lululemon, U.S. Steel, Braze, Argan, Rocket Lab, and More",MarketWatch,https://finnhub.io/api/news?id=632fc99df6acfd62dfd8ec708374bd5c84c5311a76762527757ce831a6ec66ef
2025-03-28 04:38:21,TSLA,Tesla's Damaged Brand Has Doomed FSD And Optimus,"Teslaâs brand damage and technological losses threaten its future. See why TSLA stock is under pressure, facing competition from Waymo, Nvidia, and BYD.",SeekingAlpha,https://finnhub.io/api/news?id=e755f959211d3f69daa2f3257962813e76f21a1fe5e234eda685b267104bb140
2025-03-28 04:30:35,TSLA,‘I have like 17 jobs.’ Investors wonder if Elon Musk is spending enough time at Tesla to lead the company,Investors are increasingly calling for Musk to shift focus back to Tesla as the company faces a brand crisis.,Yahoo,https://finnhub.io/api/news?id=b5e54dfef5a400c8561c61d9e6d885959d415ee48009ed6d3008d18fffa5c6ec
2025-03-28 04:25:37,TSLA,"Trump's 25% auto tariffs may send car prices surging up to $15,000 higher, Goldman warns",Tariffs may make buying a car more expensive.,Yahoo,https://finnhub.io/api/news?id=ab45351ba1fdaa6913071c973b68ee3d9146c7697fa6776e0a7649f7868d7d74
2025-03-28 04:01:00,TSLA,A ‘Tesla Takedown’ is coming this weekend. Will it rock Tesla?,A ‘Tesla Takedown’ is coming this weekend. Will it rock Tesla?,MarketWatch,https://finnhub.io/api/news?id=d01dd667c6aef91244ba8c4da254179ddd56278a2837b54e71852b404120320f
2025-03-28 03:58:00,TSLA,"Did BYD Just Say ""Checkmate"" to Tesla?","Electric car maker Tesla (NASDAQ: TSLA) has been under all sorts of pressure in 2025.  Others are very concerned about first-quarter deliveries and how CEO Elon Musk's involvement in government affairs is affecting the company.  Meanwhile, Chinese electric car maker BYD Company (OTC: BYDDY) just reported a huge quarter.",Yahoo,https://finnhub.io/api/news?id=3c636296bdbb06a4779faf4b2ff895187a1b1b862d9e8e54958fcd2385eadd9f
2025-03-28 03:57:41,TSLA,"No 'Winner' In Trump Tariffs: Expect 'Pure Chaos' In The Auto Industry, Analyst Warns","No 'Winner' In Trump Tariffs: Expect 'Pure Chaos' In The Auto Industry, Analyst Warns",DowJones,https://finnhub.io/api/news?id=5e6a7b85c9888d791d0d83f080ed700e45d56f01fa5fb5810f3ac43fd59fd313
2025-03-28 03:45:00,TSLA,"Tesla Stock Is Plunging, but 1 Wall Street Analyst Thinks It Will Soar 855% in the Next 5 Years","Tesla (NASDAQ: TSLA) is one of the world's leading manufacturers of electric vehicles (EVs), but investors are currently more focused on products like its full self-driving software (FSD), Cybercab robotaxi, and Optimus robot, which could each be trillion-dollar platforms in the future.  Cathie Wood is the founder of Ark Investment Management, which operates exchange-traded funds (ETFs) filled with innovative technology stocks, and Tesla is the firm's largest holding overall.  Last year, Ark released a report suggesting Tesla stock could soar to $2,600 by 2029 on the back of products like FSD and the Cybercab alone.",Yahoo,https://finnhub.io/api/news?id=1cdb59cc8b2366772133f7f56371ca4625671f52718b141ee7e6be95829207c4
2025-03-28 03:17:05,TSLA,Dow Jones Futures Fall With Fed's Inflation Report Due; CoreWeave IPO Is Latest Bad Sign For AI Stocks,Dow Jones Futures Fall With Fed's Inflation Report Due; CoreWeave IPO Is Latest Bad Sign For AI Stocks,DowJones,https://finnhub.io/api/news?id=b198d3281b8dbcd776760c0186e6b291be79e5be74041d000e7676cd767688ac
2025-03-28 03:08:30,TSLA,Chinese EVs’ Market Share Across Europe Drops to Two-Year Low,"(Bloomberg) -- Chinese automakers missed out on a European rebound in EV demand last month, as more-established manufacturers like Volkswagen AG captured the biggest part of a jump in sales. Most Read from BloombergWhy Did the Government Declare War on My Adorable Tiny Truck?Gold-Rush Fever Returns to Historic New Zealand Mining TownHow SUVs Are Making Traffic WorseTrump Slashed International Aid. Geneva Is Feeling the Impact.These US Bridges Face High Risk of Catastrophic Ship StrikesJust 6.9%",Yahoo,https://finnhub.io/api/news?id=c629bdd6ca4cc70e32eeabc85bcff0994204774f334c0b6b5cc654d690df39f9
2025-03-28 01:51:00,TSLA,Stocks Had a Bumpy Quarter. Why Trump’s Trade War Will Make Things Worse and 5 Other Things to Know Today.,Stocks Had a Bumpy Quarter. Why Trump’s Trade War Will Make Things Worse and 5 Other Things to Know Today.,MarketWatch,https://finnhub.io/api/news?id=da56afe2df47789b949b37e8df7728d74900945ce1131c44e2cb1a8c793573c4
2025-03-28 01:45:26,TSLA,India criticises X for calling compliance website a censorship tool,"India has criticised Elon Musk's X for wrongly labelling as a ""censorship portal"" an official website that allows tech companies to be notified about harmful online content, court papers reviewed by Reuters showed on Friday.  The lawsuit marks an escalation in a legal dispute between X and the government of Prime Minister Narendra Modi over how it orders content to be taken down, at a time when Musk nears the launch in India of his other key ventures, Starlink and Tesla.",Yahoo,https://finnhub.io/api/news?id=42ad9870ad812a58cf4e29bf4a922396303951b1fde91dacf57eccd77e75c3f6
2025-03-28 01:05:07,TSLA,Allstate Power Now a Certified Installer for the Tesla Powerwall,"Coral Springs, FL - Allstate Power is proud to announce that it is now a certified installer for the Tesla Powerwall, the cutting-edge energy storage solution designed for both residential and...",Finnhub,https://finnhub.io/api/news?id=71042e2d55b356106e2c9d092429cc500e5c83f17987ea87bc22897eccedd823
2025-03-28 00:13:00,TSLA,Bitcoin and XRP Prices Fall. How Cryptos Look Set to End a Volatile Week.,Bitcoin and XRP Prices Fall. How Cryptos Look Set to End a Volatile Week.,MarketWatch,https://finnhub.io/api/news?id=6c7044383e378fc8831fcaddf96a92717016a0d942df5408b67b98f238cd53d3
2025-03-27 23:37:00,TSLA,Tariffs Are Upending Cars. Why ‘HS’ Codes Suddenly Matter.,Tariffs Are Upending Cars. Why ‘HS’ Codes Suddenly Matter.,MarketWatch,https://finnhub.io/api/news?id=4c026e2efcf7d4ee211dcd2997e2869f89bc18e70e689555e5579424c3ba05fd
2025-03-27 20:30:47,TSLA,MORNING BID EUROPE-Tariff carnage rumbles on,A look at the day ahead in European and...,Finnhub,https://finnhub.io/api/news?id=c2d8a47feedce150b4fa17ffe4fcedcbf2009fe909beeaeb2cc90a61b8b3055c
2025-03-27 19:58:02,TSLA,PRESS DIGEST- Wall Street Journal - March 28,March 28 - The following are the top storiesin the Wall Street Journal. Reuters has not verified thesestories and does not vouch for their accuracy. - U.S. President...,Finnhub,https://finnhub.io/api/news?id=12988c576c2321606eafc62d21b08acc24d58d633641da226d84ebc8389833fd
2025-03-27 18:30:15,TSLA,Over 7 Million Vehicles Could Face The Brunt Of Trump's Auto Tariffs: 'This Could Drive...The Auto industry Into Recession',"The U.S. auto industry is on the brink of a significant shakeup as a 25% tariff on imported vehicles looms, according to an industry expert. What Happened: Phil LeBeau, CNBC’s auto and airline industry expert, recently shed light on the potential consequences of a 25% tariff introduced by President Donald Trump on imported vehicles. With 7.38 million imported vehicles sold in the U.S. last year, the magnitude of the market that could be affected by such tariffs is substantial. Trending: Inspired",Yahoo,https://finnhub.io/api/news?id=94a47a3ace52c3e0bfc4da0e0570bcbd4a1124f5bb1e37a6d4246e52e9105d69
2025-03-27 18:14:48,TSLA,"Musk says a great wrong is being done to Tesla staff, customers -Fox News","Tesla Chief Executive Elon Musk said on Wednesday that a great wrong was being done to Tesla employees and customers when asked on Fox News' ""Special Report with Bret Baier"" about incidents at dealerships that include arson attacks. Tesla has become a target of activists opposed to the political agenda of President Donald Trump and the role of his adviser, Musk, who is leading a drive to slash the federal payroll through the Department of Government Efficiency. (This story has been corrected to fix Bret Baier's name in paragraph 1)",Yahoo,https://finnhub.io/api/news?id=6c0180e20680e81fd6df8951b71b85564738f6e432e2b9a3c2785238bd47a6e4
2025-03-27 17:55:00,TSLA,ClearBridge All Cap Growth Portfolios Q4 2024 Commentary,"Despite inklings of a market broadening sparked by Donald Trumpâs election victory and further interest rate cuts from the Fed, the post-election rally proved short-lived.",SeekingAlpha,https://finnhub.io/api/news?id=832a9b4407a105064fc1cfb530dbd13f63fb60b6b2405433153447afc3b9240f
2025-03-27 17:09:56,TSLA,Is Tesla (TSLA) the Top Blue Chip AI Stock to Buy According to Billionaire Cliff Asness?,"We recently published a list of the Top 10 Blue Chip AI Stocks to Buy According to Billionaire Cliff Asness. In this article, we are going to take a look at where Tesla, Inc. (NASDAQ:TSLA) stands against other top blue chip AI stocks to buy according to billionaire Cliff Asness. Cliff Asness is one of […]",Yahoo,https://finnhub.io/api/news?id=c4c91fcd3d2301f00cd78111e00ed9acfa97f0b75183b3ceea1a53ab437e5b1f
2025-03-27 16:58:00,TSLA,Suspect Arrested for Firebombing Teslas in Las Vegas,"Las Vegas police announced the arrest of a person accused of shooting at and throwing Molotov cocktails on multiple Tesla cars.  The Las Vegas Metropolitan Police Department arrested a suspect officials say firebombed five vehicles at a  Tesla  sales center last week.  Authorities said Thursday that  Paul Kim,  36 years old, shot at the vehicles and tossed Molotov cocktails at them, extensively damaging the cars.",Yahoo,https://finnhub.io/api/news?id=6fa430b3dea57ccd5b483f2d25f640f87b4ab9b3e4218e4e9181bfa4c69ffb53
2025-03-27 16:47:00,TSLA,Las Vegas Police Arrest Suspect in Fire Bombing of Tesla Sales Center,Las Vegas police announced the arrest of a person accused of shooting at and throwing Molotov cocktails on multiple Tesla cars.,Yahoo,https://finnhub.io/api/news?id=e85035e8c35e2a619772f02b448ca22f3d06c47ea89ea3797f0a0a422e91b5c5
2025-03-27 16:45:16,TSLA,Tesla (TSLA) Gains As Market Dips: What You Should Know,"In the latest trading session, Tesla (TSLA) closed at $273.13, marking a +0.39% move from the previous day.",Yahoo,https://finnhub.io/api/news?id=8896f26be9f376eafc900eda0b01c069cd33ef22493b23b7b11d463ae46190f4
2025-03-27 16:23:55,TSLA,"Tesla’s Stock Finishes the Day Higher, Following Auto Tariff News","Tesla Chief Executive Elon Musk says the electric-car maker won't be “unscathed” by President Trump’s 25% auto tariffs.  Tesla’s stock climbed 0.4% Thursday, while shares in GM, Ford and Jeep-maker Stellantis fell as investors digested the news of the new import duties on foreign-made cars that go into effect next week.  “To be clear, this will affect the price of parts in Tesla cars that come from other countries,” Musk wrote on his social-media platform X. “The cost impact is not trivial.”",Yahoo,https://finnhub.io/api/news?id=90f8617560747d56b6a91216e3a2aee13c1f694ba2f571aac3ca6f3b77e829b7
2025-03-27 16:00:12,TSLA,Was Jim Cramer Right About Tesla (TSLA)?,"We recently published a list of Was Jim Cramer Right About These 13 Stocks? In this article, we are going to take a look at where Tesla, Inc. (NASDAQ:TSLA) stands against other stocks that Jim Cramer discussed. In the most recent episode of Mad Money, Jim Cramer shared his thoughts on how the government’s approach […]",Yahoo,https://finnhub.io/api/news?id=2a8bf32b0fd6f78506ed47ce98391c20f6190aaafbb9aa62758c538b01a2eb45
2025-03-27 15:47:50,TSLA,Tracking Cliff Asness' AQR Capital Management 13F Portfolio - Q4 2024 Update,"AQR Capital Management's portfolio grew to $77.63B with top stakes in Apple, Nvidia, Microsoft, Amazon and Alphabet. Read here for a portfolio update.",SeekingAlpha,https://finnhub.io/api/news?id=0f9f76ea1dfc19d71fbc8d6eed19477e768ee0f4440a5d4f249cf95c4ca85f2c
2025-03-27 15:27:00,TSLA,"These Stocks Moved the Most Today: Tesla, GM, Ford, Nvidia, AMD, Super Micro, GameStop, Concentrix, and More","Shares of Tesla rise but General Motors and Ford fall after President Donald Trump slaps 25% tariffs on all cars made outside of the United States, Nvidia extends losses, and GameStop plans to sell $1.3 billion of notes to buy Bitcoin.",Yahoo,https://finnhub.io/api/news?id=abd8d5eeb6362595e5b6fac6f1f003659d9466a9ad8131836091c125cdf2c5fe
2025-03-27 15:12:00,TSLA,Tesla Stock Gained After Trump Car Tariffs. Why Shares Dodged the Slump.,"Tesla stock rose Thursday on a tough day for shares of most auto makers.  President Donald Trump’s surprise tariff announcement on Wednesday evening is the reason car stocks face turmoil.  Tesla stock, however, was getting a pass from investors thanks to its All-American manufacturing, even as CEO Elon Musk warned of higher costs.",Yahoo,https://finnhub.io/api/news?id=6b1a4d90f0aad0c239e05daf25c66c5de809bcaa8f02403430f7faf87f9d1816
2025-03-27 14:52:49,TSLA,Sector Update: Consumer Stocks Higher Late Afternoon,"Consumer stocks gained late Thursday afternoon, with the Consumer Staples Select Sector SPDR Fund (X",Yahoo,https://finnhub.io/api/news?id=fdf5968dddf47f4d0929ce7b85df1dab54fbf05c18e14d23daebf36bb212610d
2025-03-27 14:48:35,TSLA,Musk says he will finish most of $1 trillion federal cost cuts within weeks,"Tech billionaire Elon Musk, whomU.S. President Donald Trump has tapped to shrink the government,said on Thursday he would finish most of the work to cut $1trillion in federal spending when his...",Finnhub,https://finnhub.io/api/news?id=44a857f9eb4744eb92cb2a4c3bc515e378e632ef8cc5f596f9af2f6aceea82d4
2025-03-27 14:20:56,TSLA,Jim Cramer on Tesla (TSLA): “People Are Misunderstanding Its Power – It’s a Tech Giant”,"We recently published a list of Jim Cramer’s Latest Thoughts on the Magnificent Seven. In this article, we are going to take a look at where Tesla (NASDAQ:TSLA) stands against other magnificent stocks in Jim Cramer’s list. On Monday, Jim Cramer, host of Mad Money, took a closer look at the current status of the […]",Yahoo,https://finnhub.io/api/news?id=c16824ffc2526f8fbbc0bed9d01411418a9feceaf90deea60d15305444a44da6
2025-03-27 13:51:39,TSLA,US auto tariffs help Chinese EVs to race ahead,These are tricky times to be a big automaker — though less so if you’re Chinese. President Donald Trump’s planned 25 per cent tariffs on imported...,Yahoo,https://finnhub.io/api/news?id=1cd6355ecab29ec1aa8a93894a14e5324f97b2688d697b7f645f76e4d80d8be8
2025-03-27 13:30:39,TSLA,"Trump's 25% Auto Tariff Raises Will Put Pressure On Interest Rates, Says Economist — Tesla Investor Gary Black Says President Found 'Further Ways To Push The Economy Into Recession Today'","President Donald Trump‘s announcement of a 25% tariff on auto imports has sparked widespread concern among economists and market analysts, with many warning of potential severe economic consequences. What Happened: The tariffs, set to take effect on ...",Yahoo,https://finnhub.io/api/news?id=66f29c676921aa0b52a4c72f2ac9160641b6ee0c9005088ca333105e855fd664
2025-03-27 13:23:19,TSLA,Tesla’s $14B rally eclipses a bloodbath in auto stocks,"(Bloomberg) -- As shares of Elon Musk’s Tesla Inc. rally on Thursday, the jump in the size of the company dwarfed the decline in the value of its US rivals as the stocks responded to President Donald Trump’s latest tariff announcements. Most Read from BloombergThey Built a Secret Apartment in a Mall. Now the Mall Is Dying.Why Did the Government Declare War on My Adorable Tiny Truck?How SUVs Are Making Traffic WorseTrump Slashed International Aid. Geneva Is Feeling the Impact.These US Bridges Fac",Yahoo,https://finnhub.io/api/news?id=a7a704135473856faecff33e03cf537ddcbd8dbeee9413669051e03ef491b65a
2025-03-27 13:11:55,TSLA,Correction: US Equity Indexes Fall as Investors Assess Impact of Trump's Auto Tariffs,(Corrects effective date of auto tariffs to April 3 in the third paragraph.) US equity indexes de,Yahoo,https://finnhub.io/api/news?id=bbff26d85a24bb7a173c721a5d1173b3021fac6bfc2d9e2f3e1c79162bd1c2c8
2025-03-27 13:07:12,TSLA,Ratcliffe’s car maker ‘outraged’ at EU neglect over Trump tariffs,Sir Jim Ratcliffe’s car maker Ineos Automotive has accused the European Union of “sitting on their hands” before Donald Trump ramped up his global tariff war.,Yahoo,https://finnhub.io/api/news?id=d58921b09e8f0068b172afacaac2ade310010a808781fe234d7f33af88fde4a6
2025-03-27 13:01:45,TSLA,Sector Update: Consumer Stocks Gain Thursday Afternoon,Consumer stocks rose Thursday afternoon with the Consumer Staples Select Sector SPDR Fund (XLP) incr,Yahoo,https://finnhub.io/api/news?id=c59f54a46131f9d60806338f7237ce27abe055c43ea5ae7c70080c10df326e80
2025-03-27 12:54:27,TSLA,Elon Musk warns effect from Trump tariffs is ‘not trivial’ for Tesla,"Anywhere from 20% to 25% of a Tesla’s value in dollar terms originates from components sourced in Mexico, according to official U.S. data.",Yahoo,https://finnhub.io/api/news?id=439afbfb644f36f632e10c1cc58e392a3099665477c94e8e91666401929008e3
2025-03-27 12:46:07,TSLA,Deutsche Bank sees auto tariffs as more than negotiation tactic,"On Wednesday, the Trump administration confirmed a sweeping 25% tariff on all imported completed vehicles and certain auto parts not made in the United States, effective April 2, 2025.  This move is seen by Deutsche Bank as a permanent policy aimed at incentivizing the reshoring of automotive production to the US, rather than a temporary negotiating tactic.  The analyst then offered an overview of the impact on the auto industry, projecting Tesla Inc (NASDAQ:TSLA) and Ford Motor Company (NYSE:F) as the least impacted among original equipment manufacturers (OEMs) due to their significant US assembly operations.",Yahoo,https://finnhub.io/api/news?id=bf4acd25b2b309418162565ad081036c73915f87cbe739d776a59c0a6d7503e3
2025-03-27 12:38:23,TSLA,Tesla (NasdaqGS:TSLA) Defies Auto Sector Trends With 15% Weekly Price Rise,"Tesla (NasdaqGS:TSLA) experienced a 15% price increase over the last week, which coincided with the company's rising prominence in the auto sector amid tariff-related market fluctuations. While the broader market and auto stocks like General Motors saw declines due to the imposition of new tariffs on imported vehicles, Tesla managed to buck the trend. The tech-heavy Nasdaq Composite was down, yet Tesla's resilience may have been bolstered by its position in the electric vehicle market, which...",Yahoo,https://finnhub.io/api/news?id=588b59e92f05e630b894529f17d2d9de2a5d13b712c9310eeb382f4a0bf376e8
2025-03-27 12:30:00,TSLA,Trump auto tariffs: Winners & losers,"President Trump's plan to put a 25% levy on vehicles and some parts imported into the US will have a widespread impact on the auto industry. But some are better positioned to weather the storm than others. AutoGuide editorial director Greg Migliore takes a look at some of the winners and losers in the video above. To watch more expert insights and analysis on the latest market action, check out more Morning Brief here.",Yahoo,https://finnhub.io/api/news?id=6dbb832765c48614504faf7d15960d365e05000430842551a477d3126e283a48
2025-03-27 12:29:46,TSLA,US Equity Indexes Fall as Investors Assess Impact of Trump's Auto Tariffs,US equity indexes declined while most government bond yields rose as investors weighed the impact of,Yahoo,https://finnhub.io/api/news?id=749feef642829bcfbaa2f07d1af94aa73d1f62e5b764522ec56b0fe135542112
2025-03-27 12:15:02,TSLA,These Car Stocks Could Feel the Most Pain Under Trump's Auto Tariffs,"Shares of U.S. and international automakers tumbled on Thursday after President Trump declared a 25% tariff on imported vehicles and, eventually, auto parts.",Yahoo,https://finnhub.io/api/news?id=3fc2027254e7e79a756fbb085295060375e69b65018dfff8549633168f93a96d
2025-03-27 12:00:00,TSLA,Tesla: Assessing The Risks From BYD's Supercharger,Tesla's focus on scaling its 500 kW charging network and other projects like Optimus and robotaxi positions it well for future growth. Learn more on TSLA stock here.,SeekingAlpha,https://finnhub.io/api/news?id=d298b511b6adcf96ca19ae96634cfddde5e00a33edc1fbbe8cce7f67c9a21fbd
2025-03-27 11:52:05,TSLA,Tesla Rises Despite HSBC Cut; Wedbush Still Sees Bright Path Ahead,"HSBC slashes target to $130 citing weak sales and strategy risks, while Wedbush keeps bullish $550 outlook",Yahoo,https://finnhub.io/api/news?id=a58e44a0ad0fd9e661b1a2e40e00d26934ce3f28f37258ad6df20518a23873eb
2025-03-27 11:46:05,TSLA,"Dow Jones Futures: Trump Tariff Losses Continue, Tesla Slashes Gain; Nvidia-Backed CoreWeave IPO To Price","Dow Jones Futures: Trump Tariff Losses Continue, Tesla Slashes Gain; Nvidia-Backed CoreWeave IPO To Price",DowJones,https://finnhub.io/api/news?id=ae9fba3dee971607a928d0b89f7ba4575fd2963ea46106e948d2e9cbccf45989
2025-03-27 11:45:53,TSLA,Elon Musk says Trump's auto tariffs won't be a problem for Tesla,Automaker stocks here and abroad are getting smoked following President Trump's big move to impose 25% tariffs on foreign autos and certain auto parts. But one automaker is up — Tesla.,Yahoo,https://finnhub.io/api/news?id=94442a7557b889580019d03ed20bbaad096e8f7c9fe12d2167790fe062d7d27a
2025-03-27 11:45:53,TSLA,Why Tesla and CEO Elon Musk don't see Trump's auto tariffs as a problem,Automaker stocks here and abroad are getting smoked following President Trump's big move to impose 25% tariffs on foreign autos and certain auto parts. But one automaker is up — Tesla.,Yahoo,https://finnhub.io/api/news?id=24315bd241843e8bb28cb3bb6d839a3cd7b869930666cea1a80cc46f259516cc
2025-03-27 11:45:00,TSLA,The U.S. Now Has More Billionaires Than China. Musk Is Still Tops.,"Billionaires in AI, money management, entertainment, and crypto had a good year, according to the Hurun Report’s annual global rich list.",Yahoo,https://finnhub.io/api/news?id=38e99436fa83847a718e3978b2e7c3286217db3634a29139c5a0ec76d7f053be
2025-03-27 11:35:58,TSLA,"Stocks down, gold hits record after Trump's latest tariff volley",Global stocks fell for asecond straight session and gold hit a record high on Thursdayafter the latest tariffs from U.S. President Donald Trump'sadministration that expanded the trade war to...,Finnhub,https://finnhub.io/api/news?id=b6a71255cf2d5d7247ac52028d6386a727add3e68d66c910cd6c503396bc57fa
2025-03-27 11:28:39,TSLA,US Equity Indexes Mixed After Trump Imposes 25% Tariffs on Auto Imports,US equity indexes traded mixed while most government bond yields rose as investors weighed the impac,Yahoo,https://finnhub.io/api/news?id=83067fefb72936f520da0e9ffa415cdba1ef4d7d644feffc63f8464b79bafab2
2025-03-27 11:28:08,TSLA,Tesla Is One Winner From US Auto Tariffs,"Andrew Rogers, senior vice president at Boundary Stone Partners, explains how newer electric vehicle makers like Elon Musk's Tesla and Rivian could fare under new 25% auto tariffs. He speaks with...",Finnhub,https://finnhub.io/api/news?id=f1e1121974979e1c9fbe688a089d3cda1042f803bcfd0d77bdbf1c79b1a4d97b
2025-03-27 11:21:21,TSLA,"Man accused of setting fire to Tesla vehicles in Las Vegas arrested, police say","LAS VEGAS — A man who set fire to Tesla vehicles in Las Vegas and who painted the word “resist” for authorities to find at the scene has been arrested, police announced Tuesday. Paul Hyon...",Finnhub,https://finnhub.io/api/news?id=35a6f2e349962f2d0dd55c325a6c6ab7b0917108bd73667f30b8ea50b51dd530
2025-03-27 11:18:37,TSLA,Dow logs back-to-back drop ahead of PCE inflation reading,Dow logs back-to-back drop ahead of PCE inflation reading,MarketWatch,https://finnhub.io/api/news?id=06002e75740886aa25429110f2a772db734b3f92523403f689be38b3e94a5a5d
2025-03-27 11:17:49,TSLA,Tesla stock gains as it is seen as 'winner' from Trump's auto tariffs,"Investing.com -- As the stock market weighs the fallout from President Trump’s 25% tariffs on all foreign-made cars and light trucks, Tesla is a rare bright spot.",Yahoo,https://finnhub.io/api/news?id=8830879f2df6d8e5a53e219c28fed8fd8f7263eb4debfa3773b42dd816171f82
2025-03-27 11:12:25,TSLA,Why Tesla (TSLA) Stock Is Moving Today,Tesla Shares Surge Despite Musk Warns of 'Significant' Hit from Trump Tariffs,Yahoo,https://finnhub.io/api/news?id=797c87ac7071aea81c77d0a190b522ac8ad6be0d40c7130792839c739f8af989
2025-03-27 11:08:46,TSLA,Well-Known Analyst: TSLA Could Be Impacted by Musk’s Political Activities for Another Year,"Tesla (TSLA) could be negatively impacted for another year by the political activities of its CEO, Elon Musk, according to Gene Munster, managing partner and co-founder at Deepwater Asset Management. Munster made the comments on CNBC earlier this week. But over the longer term, Musk’s activism will not damage Tesla, the analyst asserted. Musk Will […]",Yahoo,https://finnhub.io/api/news?id=a3c9c02c4563ff41dd3e2cce44d144fe0ce7cf91c277d7816a1098a92266cbf1
2025-03-27 11:08:00,TSLA,Trump’s Car Tariffs Are Worse Than the Worst-Case Scenario. GM Stock Tumbles.,President Trump announces 25% tariffs on cars imported to the U.S. from anywhere in the world. The policy is much worse than Wall Street expected.,Yahoo,https://finnhub.io/api/news?id=cd7338c241d3dcbed42653fd22afb98a103147c15686d43b996170670621fe39
2025-03-27 11:03:01,TSLA,Trump: Tariffs Could Be 'Net Neutral Or They May Be Good' For Tesla. Elon Musk Disagrees.,Trump: Tariffs Could Be 'Net Neutral Or They May Be Good' For Tesla. Elon Musk Disagrees.,DowJones,https://finnhub.io/api/news?id=e1acd188c33b5875ea43cc58dceb0f6562f29fd810b9248664987e148be38020
2025-03-27 11:00:41,TSLA,"Trump could announce auto tariffs today, Bloomberg reports","President Trump is readying an announcement on auto tariffs as soon as today, Josh Wingrove and Joe Deaux of Bloomberg report, citing people familiar with the matter. Trump told reporters earlier this week that he would detail the auto levies in the coming days, Bloomberg notes. The level and scope of the auto tariffs are not clear, it adds. Publicly traded companies in the space include Ford (F), General Motors (GM), Honda (HMC), Mercedes-Benz (MBGYY), Nissan (NSANY), Stellantis (STLA), Tesla (",Yahoo,https://finnhub.io/api/news?id=23a38824a29779f171f788fbc5f9707a3b88e03705dc1e95cac8dc48c09d4cba
2025-03-27 10:56:34,TSLA,"Tesla’s Stock Up, Following Auto Tariff News","Tesla Chief Executive Elon Musk says the electric-car maker won't be “unscathed” by President Trump’s 25% auto tariffs.  Tesla’s stock climbed more than 4% in morning trading Thursday, while shares in GM, Ford and Jeep-maker Stellantis fell as investors digested the news of the new import duties on foreign-made cars that go into effect next week.  “To be clear, this will affect the price of parts in Tesla cars that come from other countries,” Musk wrote on his social-media platform X. “The cost impact is not trivial.”",Yahoo,https://finnhub.io/api/news?id=83a5e9571c4674718e2fe8ea8f90519d9b385baeb7b90f4724da0efc7a8e2312
2025-03-27 10:52:42,TSLA,"Top Stock Movers Now: GM, AutoZone, Tesla, and More",U.S. equities traded lower at midday after briefly recovering from earlier losses caused by new tariffs on imported vehicles and parts.,Yahoo,https://finnhub.io/api/news?id=cd5998ac332b5a6aed3b912848da660462cb3ac5c7493896ce22ee047fcc2e64
2025-03-27 10:21:24,TSLA,Auto stocks feel the impact of Trump's latest tariff: Market Minute,"Both European and American automakers are seeing their shares take a hit from President Trump's decision to put a 25% levy on vehicles and some auto parts imported into the US. There are a couple of auto stocks moving higher though. Both Tesla and Rivian are trading higher given how much of their production is in the United States. Stay up to date on the latest market action, minute-by-minute, with Yahoo Finance's Market Minute.",Yahoo,https://finnhub.io/api/news?id=b708b55fe3e5316f2bbab13dad65adf6131cf5cc8142b8090f3a85dcaaaf1f81
2025-03-27 10:04:20,TSLA,"Stocks decline, gold touches record after Trump's latest tariff shot",Global stocks dipped andgold hit a record high on Thursday in the wake of the latesttariffs from U.S. President Donald Trump's administration thatexpanded the trade war to auto imports. ...,Finnhub,https://finnhub.io/api/news?id=bd70c8d307c6f99b9c7b84ca629b54cae33089b5a3bbb955bfff96ae2c029096
2025-03-27 09:58:04,TSLA,"HSBC Slashes Tesla Price Target to $130, Warns of Over 50% Downside","Tesla Risks 50% Drop on Weak Demand and Rising Competition, Analysts Warn",Yahoo,https://finnhub.io/api/news?id=bec0567784b47f9c461352233e0f352419c91c34866c40a36eadf4ce41035e3b
2025-03-27 09:57:34,TSLA,Detroit carmakers' stocks still lead Tesla's this year,Detroit carmakers' stocks still lead Tesla's this year,MarketWatch,https://finnhub.io/api/news?id=e9a0b98f475edc5e7d89f5355ee0f35bc452cb4426fb0743f8bc57ddbed95b6a
2025-03-27 09:51:23,TSLA,Musk’s Tesla One of the Only Winners From Trump Car Tariffs,"(Bloomberg) -- Donald Trump’s planned tariffs on auto imports will hurt carmakers around the world and push up prices for US consumers. Among the many losers, one winner stands out: Elon Musk’s Tesla Inc.Most Read from BloombergThey Built a Secret Apartment in a Mall. Now the Mall Is Dying.Why Did the Government Declare War on My Adorable Tiny Truck?How SUVs Are Making Traffic WorseTrump Slashed International Aid. Geneva Is Feeling the Impact.These US Bridges Face High Risk of Catastrophic Ship",Yahoo,https://finnhub.io/api/news?id=232215761e2fe9e00f5235bad27e72f5334f844c1be53181c1e90d584ece2149
2025-03-27 09:47:00,TSLA,Should You Buy a Car Before Prices Rise? What All to Know Before Tariffs Hit.,Should You Buy a Car Before Prices Rise? What All to Know Before Tariffs Hit.,MarketWatch,https://finnhub.io/api/news?id=db2bfbf871efe7adf40e19ba327123b70454e64683afb11d8a425e8656aa6ec9
2025-03-27 09:44:40,TSLA,Trump’s Auto Tariffs: Which Companies Win and Lose?,"After weeks of speculation, the auto tariffs announced by President Trump on Wednesday ended up being almost a worst-case scenario for carmakers.  The U.S. president previously granted an exemption to his tariffs on imports from Mexico and Canada for goods complying with free-trade-area rules.  The result: Ford and GM could face a 30% hit to their operating profit this year even if they increase prices and adjust sourcing, according to Bernstein.",Yahoo,https://finnhub.io/api/news?id=50041e5b495c1023a75d98f6a3c1c010b2003bd8cef714e899f442dd0a252afb
2025-03-27 09:29:31,TSLA,"Trump's auto tariffs will hit many companies, but Elon Musk's Tesla less so","(Reuters) -As the global auto world reeled from the potential fallout of Donald Trump's new auto tariffs, one name stood out as less affected than others - electric-vehicle maker Tesla.  The Texas-based company's shares were the rare automotive stock to trade in the green in U.S. action, as analysts said Tesla's supply chain and financial performance may not be affected by the wide-ranging levies that will affect global shipments of both cars and car parts to the United States, mainly due to the company's largely domestic production.  Still, that relief in the United States, where Musk has become one of President Trump's primary advisers, tasked with swiftly cutting federal spending, may not improve the brand's reputation worldwide.",Yahoo,https://finnhub.io/api/news?id=b55a3e88a81b6e54dc8259253186fb8bd768e4adbba4aa700bdb7a745bf7e3d7
2025-03-27 09:11:12,TSLA,"TSLA Has Become a Meme Stock, Top Investor Says","Tesla (TSLA) has become a meme stock, Hillary Kramer, the CIO of Kramer Capital Research said during a segment on meme stocks on Schwab Network yesterday. Appearing opposite Kramer, Lee Munson, the President and CIO of Portfolio Wealth Advisors, panned GameStop (GME) and recommended DoorDash (DASH) for some risk-tolerant investors and speculators. Kramer: TSLA Has […]",Yahoo,https://finnhub.io/api/news?id=f3440d507b7513377edda45e7f7436334e207d662049fbe4f69a67d7c37e6c91
2025-03-27 09:10:12,TSLA,"Winnebago, AMD, Tesla: Stocks on the move","Here's a look at some of the stocks on the move on Thursday, March 27. Winnebago Industries (WGO) shares are rising after posting second quarter earnings that topped Wall Street estimates. Jefferies cut its rating on Advanced Micro Devices (AMD) to Hold from Buy. HSBC cut its price target on Tesla (TSLA) shares to $130 from $165. To watch more expert insights and analysis on the latest market action, check out more Morning Brief here.",Yahoo,https://finnhub.io/api/news?id=007cf644b7de6c1b1a1d5aa0cfe540ee8c9c08d4a3b963d9bc2a4e8292bb3b53
2025-03-27 08:59:00,TSLA,Trump’s Car Tariffs Were Worse Than the Worst-Case Scenario. GM Stock Tumbles.,President Trump announces 25% tariffs on cars imported to the U.S. from anywhere in the world. The policy is much worse than Wall Street expected.,Yahoo,https://finnhub.io/api/news?id=26c627e51fee54baad8d204055d478b478e32e8e268c20368eccbea3c93a6811
2025-03-27 08:46:34,TSLA,"Desperate Times, Desperate Measures","Discover strategies for navigating SP500 volatility, hedging risks, and diversifying with EU value stocks amid macroeconomic uncertainty.",SeekingAlpha,https://finnhub.io/api/news?id=b07c1b0acddda871a7d9644698c2ad8bc70519921ae7afede97c711d86961c48
2025-03-27 08:45:45,TSLA,BMW: What To Expect From Tariffs,"BMW proves resilient as an investment despite US tariffs, with strong brand value, 5.9% yield on shares, and strategic BEV/ICE balance. Read why I rate BMWKY as a Buy.",SeekingAlpha,https://finnhub.io/api/news?id=8a48c7d571fd47ff41ea0caa19d6cf77d7d24671df609febf083aac5ab6d462b
2025-03-27 08:45:20,TSLA,"Commerce Secretary Lutnick Promoting Tesla On Fox News: 'We're All Going To Be Buying $30,000 Tesla Robots.' Anyone Who Doesn't Is 'Silly'","Commerce Secretary Howard Lutnick is publicly backing Tesla (NASDAQ:TSLA) and its CEO, Elon Musk, on TV, sparking a wave of criticism from ethics experts, investors and public figures, including Tesla bull Gary Black. Praising Musk and Tesla on Fox News During a recent appearance on Fox News, Lutnick lavished praise on Musk, calling him “probably the best person to bet on I’ve ever met.” He claimed Tesla stock is massively undervalued and urged viewers to buy in. “It’ll never be this cheap again",Yahoo,https://finnhub.io/api/news?id=76d8ee5df64ae4963d73985e5a6ad91934a6c8270ea506c615d88863727726b0
2025-03-27 05:41:00,TSLA,"GM and Ford will be hurt by tariffs, but here’s why the stocks are still a buy","GM and Ford will be hurt by tariffs, but here’s why the stocks are still a buy",MarketWatch,https://finnhub.io/api/news?id=f52647e158f38eaba4a36915ae6136b2d0d975a06f72c2a9057ee4ffbfbabc54
2025-03-01 16:56:15,TSLA,Nine arrested at New York Tesla dealership as anti-Musk protests break out,"Nine people were arrested during a raucous demonstration outside a New York City Tesla dealership on Saturday, protesting owner Elon Musk's role in sweeping cuts to the federal workforce at the behest...",Finnhub,https://finnhub.io/api/news?id=60c55a9245929ce63ee08bdc1dfa4dc216e55e6daeee5b1dc20a0cd5cc73143c
2025-03-01 13:03:04,TSLA,Anti-DOGE protests at Tesla stores target Elon Musk's bottom line,"BOSTON — Demonstrators gathered outside Tesla stores across the U.S. Saturday to protest the automaker's billionaire CEO, Elon Musk, and his push to slash government spending on behalf of President...",Finnhub,https://finnhub.io/api/news?id=e17538c9be310822675b5c9e2350fbe15e038bcb1a26d7e6f0596b0f2df036b5
2025-03-01 03:43:00,TSLA,China EV Sales Were Hot in February. Tesla Needs a Rebound.,China EV Sales Were Hot in February. Tesla Needs a Rebound.,MarketWatch,https://finnhub.io/api/news?id=4c725fd0fd8b876d2e0f356562e326d848d55def18fe9299845a330607af9762
2025-02-28 17:05:00,TSLA,BUZZ Investing: Markets Navigate Policy Shifts,"Financial markets grappled with a storm of political maneuvering around trade, taxes, and regulation, stoking some investor unease. Read more here.",SeekingAlpha,https://finnhub.io/api/news?id=c1c73f4855e3d801c7bc45ebe2d119e56d9e041b28d519d6db9c7c80b3b9f323
2025-02-28 15:00:00,TSLA,The Chinese EV Maker Threatening Ford and GM,The Chinese EV Maker Threatening Ford and GM,DowJones,https://finnhub.io/api/news?id=9c875be32248adecb3af42a99e2e6b3455243ab2fdd157d9284273843df6b9f6
2025-02-28 13:28:00,TSLA,Tesla Stock Falls Again. When Will It Stop?,Tesla Stock Falls Again. When Will It Stop?,MarketWatch,https://finnhub.io/api/news?id=4632b180ffd6aad5a8dac1b84f8df4321d6cd7ef3b8262d7fdc907d14d17e0b4
2025-02-28 11:11:00,TSLA,"The Score: Home Depot, Nvidia, Tesla and More Stocks That Defined the Week","The Score: Home Depot, Nvidia, Tesla and More Stocks That Defined the Week",DowJones,https://finnhub.io/api/news?id=cf9e745e0cc57d95b77a13e3b5f604eab9c159c8e97fc092dd18cfb156d831ab
2025-02-28 09:29:00,TSLA,Microsoft’s Valuation Stands Out. Don’t Jump In.,Microsoft’s Valuation Stands Out. Don’t Jump In.,MarketWatch,https://finnhub.io/api/news?id=28a8b64e24401aa15144339ff85508c40c028f98cac640bdbecbd9488b16e5e4
2025-02-28 07:38:00,TSLA,Apple Once Lagged in AI. That’s Helping the Stock Today.,Apple Once Lagged in AI. That’s Helping the Stock Today.,MarketWatch,https://finnhub.io/api/news?id=5405f543fdc6dde5c50a321c2310f93336eb1f7a2c31e9f56a4c3d4de12c0da9
2025-02-28 07:36:00,TSLA,"Social Security, CFPB Push to Cut Jobs Soon—as Judges Push Back on Legality","Social Security, CFPB Push to Cut Jobs Soon—as Judges Push Back on Legality",MarketWatch,https://finnhub.io/api/news?id=42716a8391699936f381b8e66258d2e59c33836c0f24ab61a66db255a4248577
2025-02-28 07:00:00,TSLA,"Nvidia's Solid Earnings, Jobs Expectations And Fighting Inflation","Nvidia's solid earnings, jobs expectations and fighting inflation.",SeekingAlpha,https://finnhub.io/api/news?id=2344ba96e8abf260312750cca232baedeaf3c1b8e70eb3a3fba49e9be48a9a23
2025-02-28 06:48:00,TSLA,"These Stocks Are Moving the Most Today: Nvidia, Dell, Tesla, HP Inc., Acadia Healthcare, NetApp, Duolingo, SoundHound, and More","These Stocks Are Moving the Most Today: Nvidia, Dell, Tesla, HP Inc., Acadia Healthcare, NetApp, Duolingo, SoundHound, and More",MarketWatch,https://finnhub.io/api/news?id=7e5b8f63008b66421f63cdea4a75922b5476ee79be50006d8f6a267f8e395ff2
2025-02-28 06:40:00,TSLA,Super Micro Computer Is the S&P 500’s Top Stock in February. Why It Rallied.,Super Micro Computer Is the S&P 500’s Top Stock in February. Why It Rallied.,MarketWatch,https://finnhub.io/api/news?id=3353a8a77869f7ba9c5fd74678f28a535f0d2961940cf3d92b2428fbdb01a172
2025-02-28 06:27:49,TSLA,Tumbling Tesla Shares Start to Worry Investors,Tesla's stock is down about 40% since hitting a high late last year and investors are bracing for more losses as Elon Musk continues to raise his profile in Washington with President Donald Trump....,Finnhub,https://finnhub.io/api/news?id=4ba0a82b1334e1c341725052ee0ee53a95841e41d981a842b2c0aa0579e30235
2025-02-28 06:27:00,TSLA,Why Apple’s stock has held ground as the ‘Magnificent Seven’ have faltered,Why Apple’s stock has held ground as the ‘Magnificent Seven’ have faltered,MarketWatch,https://finnhub.io/api/news?id=41eab2cce561f253f95bb08cb4bb3965f490d52259688b44382ec705d2867407
2025-02-28 06:18:25,TSLA,"Stock Market Suffers Sharp Losses As Nvidia, Tesla Dive; Nutanix Jumps: Weekly Review","Stock Market Suffers Sharp Losses As Nvidia, Tesla Dive; Nutanix Jumps: Weekly Review",DowJones,https://finnhub.io/api/news?id=eaa97bcf3a2b366068bf827c915f97c048e994c806977b11bc7bc4096d4f77dd
2025-02-28 05:52:10,TSLA,The 'Magnificent Seven' are having their worst month ever,The 'Magnificent Seven' are having their worst month ever,MarketWatch,https://finnhub.io/api/news?id=6e1553bee5ca487af11b2b7ef3fea18b9ec02299559edd646976dee0364076ec
2025-02-28 05:42:00,TSLA,Tesla Stock Is Rising at the End of Its 2nd Worst Month on Record,Tesla Stock Is Rising at the End of Its 2nd Worst Month on Record,MarketWatch,https://finnhub.io/api/news?id=011c19fcccaa44cedcbaf86807f814075a324fbd802740e3c23ba1430781df27
2025-02-28 04:55:00,TSLA,John Hancock Global Shareholder Yield Fund Q4 2024 Commentary,The John Hancock Global Shareholder Yield Fund underperformed the benchmark. Click here to read the full commentary. ,SeekingAlpha,https://finnhub.io/api/news?id=f5a2038515119372a46b50d00e6ae273f1041b0aca5b754202113786e03e97d3
2025-02-28 04:28:26,TSLA,"Stocks shake off early losses as S&P 500, Nasdaq turn higher","Stocks shake off early losses as S&P 500, Nasdaq turn higher",MarketWatch,https://finnhub.io/api/news?id=aa991a3ae65c251861cc5f020c4929dc7e239f713a1538eff95fda7f645f995c
2025-02-28 04:04:15,TSLA,Dow Jones Rises On Inflation Data; Nvidia Extends Sell-Off After Plunge Below Key Level,Dow Jones Rises On Inflation Data; Nvidia Extends Sell-Off After Plunge Below Key Level,DowJones,https://finnhub.io/api/news?id=636dbda5efb1764370cbe648c73a6018e52b61ac0ad29955734a182531cd2d94
2025-02-28 04:00:00,TSLA,"Most large cryptocurrencies fall on Dogecoin, Avalanche drops","Most large cryptocurrencies fall on Dogecoin, Avalanche drops",MarketWatch,https://finnhub.io/api/news?id=99c2a9419a1ba3a53c7691485d37a73a8f5e7c37309fd1b3ac4dc4dc99875372
2025-02-28 03:30:00,TSLA,Artisan Global Value Fund Q4 2024 Commentary,"The MSCI EAFE Index, a broad measure of non-US markets, gained just under 4% in US dollar terms compared to the S&P 500Â®Â Index returning 25% in 2024.",SeekingAlpha,https://finnhub.io/api/news?id=78cd9a00ccebe76940850f06479c008d69f02aed63a6100592ae08b14a159098
2025-02-28 02:55:00,TSLA,Chart Of The Day: What's Happening To The Not-So-Magnificent 7?,"The Magnificent 7 arenât looking so magnificent. In fact, theyâre not even looking good. SPY was recently up about 1.4% YTD. Six out of seven of the âMagnificentsâ are underperforming that.",SeekingAlpha,https://finnhub.io/api/news?id=fa1ad01b6fd403fc9eba0ccde230555718e73f672b10c98d5f3da6eca43b07da
2025-02-28 01:06:27,TSLA,"EV maker Polestar secures $450 million loan facility, delays quarterly results","Electric vehicle maker Polestar has secured a 12-month loan facility of up to $450 million, it said on Friday, and would delay its fourth-quarter results in April along with its annual filing for...",Finnhub,https://finnhub.io/api/news?id=11be172dec103f4e57449dbe3dd45234e4deae7f125986586e86593d0df42116
2025-02-28 00:42:00,TSLA,Trump Tariffs and Tech Troubles Are Hitting Markets. Why This Slump Feels Different and 5 Other Things to Know Today.,Trump Tariffs and Tech Troubles Are Hitting Markets. Why This Slump Feels Different and 5 Other Things to Know Today.,MarketWatch,https://finnhub.io/api/news?id=b2aef1183f126cbf6a5a1b9d849f93e36100e27800b88cd49999ebb41c0a2552
2025-02-28 00:15:00,TSLA,John Hancock Asset Allocation Fund Q4 2024 Commentary,The John Hancock Asset Allocation Fund's  equity portfolio outperformed primarily due to favorable security selection in Q4 2024. Click here to read the full commentary. ,SeekingAlpha,https://finnhub.io/api/news?id=b65f4a3441eb72344c39142169127126c9688e821393b2142f6d27d5e3218377
2025-02-27 23:10:05,TSLA,Funding Corporate Governance Litigation With The Company Coffers,"On December 2, 2024 a Delaware judge upheld her prior January 2024 ruling that Elon Musk's compensation package, valued at $55.8 billion, had to be rescinded because it was approved in breach of the...",Finnhub,https://finnhub.io/api/news?id=4f66c83d57578aa847713fde1d127afb3ecb85f7978c2197849e2c351c11660b
2025-02-27 22:43:07,TSLA,Woman arrested for vandalizing Colorado Tesla dealership,"Authorities in Colorado have arrested a 40-year-old woman accused of repeatedly vandalizing a Tesla dealership in Loveland.According to a statement from the police department in Loveland, a city of...",Finnhub,https://finnhub.io/api/news?id=1817798726d6ab5b4783cba8c7f9043ea7c9debd765d0503deb4d9f3a8316947
2025-02-27 20:45:00,TSLA,SaltLight Capital Q4 2024 Co-Investor Letter,The SaltLight FR Worldwide Flexible returned +20.35% in 4Q24 and +63.24% in 2024. Click here to read the full fund letter.,SeekingAlpha,https://finnhub.io/api/news?id=c92c5739d61c4d80d28836119e385622d439d85cfb7025e6a2f41374e845da34
2025-02-27 17:55:00,TSLA,Auxier Asset Management Winter 2024 Market Commentary,Auxier Focus Fundâs Investor Class declined 2.06% in the fourth quarter 2024. Click here to read the full commentary. ,SeekingAlpha,https://finnhub.io/api/news?id=9535a4bbfa9ae344f812c5953ca808c3517c90e3871f4f8e83591fc37748c17f
2025-02-27 13:26:00,TSLA,Tesla: Great Time To Take Profits (Rating Downgrade),"Tesla faces declining market share, intense competition in China, and political risks. Read why I'm downgrading my rating for TSLA stock from Buy to Sell.",SeekingAlpha,https://finnhub.io/api/news?id=13a04532d82f101c5a46c7574029fb90dd778f01a9c58c4d871af8da2ad92195
2025-02-27 11:16:00,TSLA,Microsoft Pushes Trump to Loosen AI-Chip Export Restrictions,Microsoft Pushes Trump to Loosen AI-Chip Export Restrictions,MarketWatch,https://finnhub.io/api/news?id=9751e9898826cefcc37635c1e3132292032ec9dffa774bfdb8290e090963ec9d
2025-02-27 10:41:00,TSLA,OpenAI Unveils New ChatGPT 4.5 Model,OpenAI Unveils New ChatGPT 4.5 Model,MarketWatch,https://finnhub.io/api/news?id=635d147c9687dcc71ef805f6a5a4d937b1e3ac0d5c7a32fb1367b47734155c7d
2025-02-27 10:29:00,TSLA,"These Stocks Moved the Most Today: Nvidia, Super Micro, Snowflake, Moderna, Tesla, Salesforce, Vistra, and More","These Stocks Moved the Most Today: Nvidia, Super Micro, Snowflake, Moderna, Tesla, Salesforce, Vistra, and More",MarketWatch,https://finnhub.io/api/news?id=d18f318be2bb537e22577d98c7647ad74df754bc6ce4c693298718c0c66ae925
2025-02-27 10:27:00,TSLA,"Tesla Stock Fell for 6th Straight Days. It’s Now ‘Attractive,’ Technician Says.","Tesla Stock Fell for 6th Straight Days. It’s Now ‘Attractive,’ Technician Says.",MarketWatch,https://finnhub.io/api/news?id=5b8b4ae8d1d7f2b8f9c4685d09b0e15b69108ab33e4e669ca49577c52acda83d
2025-02-27 10:07:14,TSLA,"Nvidia, Palantir, Google Highlight Vicious Volatility. Now What?","Nvidia, Palantir, Google Highlight Vicious Volatility. Now What?",DowJones,https://finnhub.io/api/news?id=5c2bae3c83a509aed16c9d7b69baac3c3b9869053f187d7551dff3c361dd0fbf
2025-02-27 10:02:07,TSLA,Tesla Has An Elon Musk Problem,"Explore how Elon Musk's controversial image and weak Q4 earnings are impacting Tesla, Inc.'s brand, valuation, and growth in 2025. Click for my TSLA stock update.",SeekingAlpha,https://finnhub.io/api/news?id=e510b394d534c97e7a54221704d6aabb910685f9c8c0cf37bba4dbc5d32e1c4f
2025-02-27 04:29:37,TSLA,Waymo Is Worth More For Alphabet Than You Think,"Alphabet's Waymo could reach a $850B valuation, enhancing its value for shareholders. Find out why GOOGL stock offers major growth opportunities.",SeekingAlpha,https://finnhub.io/api/news?id=0f3a0480f5f8f0f92f3bdd4f3f96d4d7425863862983fa3e49e1dd4788679477
2025-02-27 04:23:08,TSLA,BMW And Electrification,Explore BMW's progress in the BEV revolution and its future hydrogen plans. Discover why investors are eyeing BMW for transportation electrification. Read more here.,SeekingAlpha,https://finnhub.io/api/news?id=47ee947bd7ab160ce9d881109549525825d7c2a28560e04ec093d20eb70e14b3
2025-02-27 04:00:00,TSLA,Large cryptocurrencies mixed as Avalanche climbs,Large cryptocurrencies mixed as Avalanche climbs,MarketWatch,https://finnhub.io/api/news?id=522331adf71771863ce69acfed44d78e2dc89b410170a633c4ffd91a55cb640c
2025-02-27 03:59:50,TSLA,Dow Jones Rises On Trump Tariff Update; Nvidia Sells Off On Earnings,Dow Jones Rises On Trump Tariff Update; Nvidia Sells Off On Earnings,DowJones,https://finnhub.io/api/news?id=241297b6b5210aba975e9eb9b349e5c8d4f606a9b439a48089bee53bee1f3a4f
2025-02-27 03:53:00,TSLA,"SpaceX Might Get FAA Pact. Potential Conflict of Interest, or Potentially Good?","SpaceX Might Get FAA Pact. Potential Conflict of Interest, or Potentially Good?",MarketWatch,https://finnhub.io/api/news?id=b84e858d3c93f1367e6b17fcf2e1e271aee40626b54ffbd2dec4aa5edf6331d7
2025-02-27 03:52:16,TSLA,"Tesla: Down 40% In 2 Months, Is It Time To Buy Again? (Rating Upgrade)","Back in late December 2024, I downgraded Tesla, Inc. to a Sell rating. Read more to see whether TSLA stock is a buy now.",SeekingAlpha,https://finnhub.io/api/news?id=ead9304bd10ff3bf90b877375d465e00961024c99e2851ac25c2339949c1ba9e
2025-02-27 02:03:00,TSLA,Tesla’s Tumble Hits Musk’s Wealth Hard. How Much He’s Worth Now.,Tesla’s Tumble Hits Musk’s Wealth Hard. How Much He’s Worth Now.,MarketWatch,https://finnhub.io/api/news?id=830862b719b5d742d422e84db4636b0785f51e4a3855a23a9c58b6b535916c1b
2025-02-27 02:00:00,TSLA,Aegis Value Fund H2 2024 Portfolio Manager's Letter,"The Aegis Value Fund rose 6.16% in H2 2024 to close the year with a 9.43% gain, outperforming the S&P SmallCap 600 Pure Value Index. Click here to read more.",SeekingAlpha,https://finnhub.io/api/news?id=7d0667baa7f106b36b5be7b829cd9a62cc483463d7c713bc035676b14e403281
2025-02-27 01:15:00,TSLA,Tesla's Perfect Storm: More Downside Ahead,"2025 will likely be a transitory year for Tesla, with relatively shallow vehicle sales growth, if any. Read why I continue to rate TSLA stock as a Hold.",SeekingAlpha,https://finnhub.io/api/news?id=c47f1655666193af37013916f21bbbbe07c28583476a743b92b8a5a2e26ceb1d
2025-02-27 01:05:00,TSLA,A Major Market Disruption Is Underway: My Top Picks,There are overlooked plays set to thrive in the AI boom. Check out 2 opportunities primed for significant AI-driven growth.,SeekingAlpha,https://finnhub.io/api/news?id=c46f7171585d834307b27048e38d5cead04c8f52b5e6c2b7e364a6ae7e8fcf06
2025-02-27 00:48:12,TSLA,"After savage losing streak Tesla shares are near a 'good support level', says Fundstrat","After savage losing streak Tesla shares are near a 'good support level', says Fundstrat",MarketWatch,https://finnhub.io/api/news?id=65d9d2320fef9087ee2cf8f207ef850dfae161bcb8f238a63307a88b6c9adc90
2025-02-26 16:12:00,TSLA,Heartland Small Cap Value Strategy Q4 2024 Commentary,"For the quarter, the Heartland Small Cap Value Strategy was up 6.93%, while the Russell 2000Â® Value Index fell 1.06%. Read more here.",SeekingAlpha,https://finnhub.io/api/news?id=dfe412e92899509972d7d51de85b23cfefa5dbe5b5b9acf77adf69dd1483caeb
2025-02-26 15:36:15,TSLA,Woman suspected in vandalism of Colorado Tesla dealership with Molotov cocktails and graffiti,"DENVER — A woman is suspected in a string of vandalism against a Colorado Tesla dealership that included Molotov cocktails thrown at vehicles, the words “Nazi cars” spray painted on the...",Finnhub,https://finnhub.io/api/news?id=d119b3ed4a41ca508d39569ff197c10b7c627cba60be46e1785e31e73b02146e
2025-02-26 15:05:05,TSLA,Get Weekly Income From The Mag 7 Stocks With YMAG,YMAG offers high-yield weekly income through a covered call strategy on the Magnificent 7 stocks without needing to sell shares. Read why YMAG ETF is a Buy.,SeekingAlpha,https://finnhub.io/api/news?id=04e74a43c312f98af1b50030eb739c901d97a12fb42738ca4876ccc38495f030
2025-02-26 11:40:28,TSLA,"Tesla Faces Protesters, Vandals, Falling Sales","Tesla sales are plunging in some of the world's biggest EV markets, as buyers react to CEO Elon Musk's polarizing behavior. Bloomberg's Craig Trudell joins Caroline Hyde and Jackie Davalos on...",Finnhub,https://finnhub.io/api/news?id=b7c25f9fef2485126002f51c830454ded066e941f87f0a2f4319d9ef7fce7b80
2025-02-26 11:25:41,TSLA,Tesla Stock Keeps Falling. Last-Ditch Support Nears.,Tesla Stock Keeps Falling. Last-Ditch Support Nears.,DowJones,https://finnhub.io/api/news?id=2f18cc1415729faec8aa74d4cfae41dfbea8214aab0905aaa2cf55379fe9b08c
2025-02-26 11:15:35,TSLA,Magnificent 7's Stumble: When To Buy MAGS,"Magnificent 7 stocks have seen notable declines, with Tesla being the most bearish, impacting the MAGS ETF. Click here to find out why MAGS ETF is a Hold.",SeekingAlpha,https://finnhub.io/api/news?id=624a257fcb628b53237c80cb3684b1803c8bf6b9cb25ae20e49cf8917e220eb3
2025-02-26 11:07:00,TSLA,Lucid’s Earnings Beat Estimates. Why the Stock Is Dropping.,Lucid’s Earnings Beat Estimates. Why the Stock Is Dropping.,MarketWatch,https://finnhub.io/api/news?id=f75ab98ff9c648e60ec9dcaea6048d103e893dfd94f3aa25b5646fb3fb5b04c0
2025-02-26 10:50:08,TSLA,Tesla Tries To Revive Growth In China — But It Won't Be Easy,Tesla Tries To Revive Growth In China — But It Won't Be Easy,DowJones,https://finnhub.io/api/news?id=f8b07fc107a52b368fa9cec0fc9d020408c4a462d394ebd8e944aa5ea6b2f2bd
2025-02-26 10:32:00,TSLA,"These Stocks Moved the Most Today: Super Micro, Nvidia, Tesla, GM, Lucid, AppLovin, Intuit, Axon, ZoomInfo, and More","These Stocks Moved the Most Today: Super Micro, Nvidia, Tesla, GM, Lucid, AppLovin, Intuit, Axon, ZoomInfo, and More",MarketWatch,https://finnhub.io/api/news?id=e892dc0bdb5aca50586d3c9f739a8b0d75f9a674d70861f1c8b75a8e229f8012
2025-02-26 08:02:00,TSLA,Tesla Stock Marks 5 Straight Days of Losses. Where It Could Be Headed Next.,Tesla Stock Marks 5 Straight Days of Losses. Where It Could Be Headed Next.,MarketWatch,https://finnhub.io/api/news?id=06caaa56e6841ba55ac0201ec08cad2710c4dfabc4b0b73d318ffd6ed809d3ab
2025-02-26 06:34:00,TSLA,Voya Balanced Large Cap Core-Value SMA (Merrill Lynch) Q4 2024 Commentary,"For the quarter ended December 31, 2024, the SMA outperformed the Index on a gross-of-fees basis due to favorable stock selection. Read more here.",SeekingAlpha,https://finnhub.io/api/news?id=bd52b65e7c1d97899ef276469845db432c433ade296b802c93a30b8f22b1d802
2025-02-26 05:25:00,TSLA,Columbia Select Mid Cap Value Fund Q4 2024 Commentary,Institutional Class shares of Columbia Select Mid Cap Value Fund returned -3.18% for Q4 2024. Click here to read the full commentary. ,SeekingAlpha,https://finnhub.io/api/news?id=df8d913fe91d1bb1ad59ae8c5fc69d6b8161f146eeec9b23e8cced87953aa26c
2025-02-26 04:00:00,TSLA,Most big cryptocurrencies decline as Solana declines,Most big cryptocurrencies decline as Solana declines,MarketWatch,https://finnhub.io/api/news?id=214f269bc822e450694962c28887eee08c84de2dd29873e1b67e02dc84cc0c7a
2025-02-26 03:57:07,TSLA,Berkshire Hathaway Q4: Insurance Gains Surprise To The Upside,"Berkshire Hathaway Inc.'s Q4 2024 earnings indicate growth, a strong cash reserve for strategic moves, and a solid succession plan. Read more here.",SeekingAlpha,https://finnhub.io/api/news?id=7437a8d20a227b7ea2543427abeefed0569a5deeadd360f286b1c4bd98a3c32f
2025-02-26 03:42:40,TSLA,Dow Jones Rises: Nvidia Rallies Ahead Of Earnings; AppLovin Plunges On Short Report,Dow Jones Rises: Nvidia Rallies Ahead Of Earnings; AppLovin Plunges On Short Report,DowJones,https://finnhub.io/api/news?id=1677dc972ab480f220e49cb29f4def50956c61a55234c27b3bd0ac47fa869b62
2025-02-26 00:51:12,TSLA,Wall Street Breakfast Podcast: Super Micro Surges As Delisting Fears Fade,Super Micro surges after filing delayed reports in time with SEC. Tesla's market cap falls below $1 trillion as Europe sales drop. China says Taiwan seeks to give away chip industry to U.S.,SeekingAlpha,https://finnhub.io/api/news?id=e27a01fc5061e3556b0c0801804db588d34e52c102f7b5da2b6a5782868ce8ca
2025-02-26 00:50:00,TSLA,"Nvidia Is Crucial for Markets Amid Trump, Musk, Economic Growth Fears. Here’s Why and 5 Other Things to Know Today.","Nvidia Is Crucial for Markets Amid Trump, Musk, Economic Growth Fears. Here’s Why and 5 Other Things to Know Today.",MarketWatch,https://finnhub.io/api/news?id=bb5586f79aee39a206016294263bb5216dfce545c80711fe88306aa20d8a9bef
2025-02-26 00:03:46,TSLA,"Dow Jones Futures Rise As Nvidia Partner Super Micro Soars; Tesla, Hims Lead Growth Woes","Dow Jones Futures Rise As Nvidia Partner Super Micro Soars; Tesla, Hims Lead Growth Woes",DowJones,https://finnhub.io/api/news?id=e028a7f8e9533594693b21eba20f641cae0e1f510483fb1b122ab3c8a4f8393e
2025-02-25 23:30:00,TSLA,Elon Musk’s DOGE Adventure Leads to Knotty Accounting Question for Tesla,Elon Musk’s DOGE Adventure Leads to Knotty Accounting Question for Tesla,DowJones,https://finnhub.io/api/news?id=037e1dfbc467520f318edaa0d7342a2fa5959234c7b3b369489a720f007c3035
2025-02-25 22:01:15,TSLA,Tesla pays the price for conduct Elon Musk,"Copyright © Emerce 2023It looks like Tesla users are turning away from its CEO Elon Musk. In January, only about half the number of Tesla's sold last year in Europe, and those disappointing sales...",Finnhub,https://finnhub.io/api/news?id=d4ab05a773fe09abdf694196c3a8c2db80ecec59d78247130d33f03d0453eb13
2025-02-25 19:31:20,TSLA,ELECTRIC SLIDE Tesla sales almost half in Europe as Musk faces Trump backlash,"Sales of new Tesla cars plunged in Europe as consumers reacted to CEO Elon Musk's interventions in politics. The carmaker sold 9,945 vehicles in January, down 45 per cent from last year's 18,161. 2025...",Finnhub,https://finnhub.io/api/news?id=d309ea85bacf1ad9fd7075610f77868ec5beaa35dd7b0de885e6ad2c7dca3dec
2025-02-25 11:51:00,TSLA,The D.C. ‘PayPal Mafia’ Goes Beyond Elon Musk. A Guide to Silicon Valley’s Hostile Takeover.,The D.C. ‘PayPal Mafia’ Goes Beyond Elon Musk. A Guide to Silicon Valley’s Hostile Takeover.,MarketWatch,https://finnhub.io/api/news?id=a934c5dc209e5cc92ab3beccf286eb78b5c0594a18bf885e16321f1702f28b73
2025-02-25 11:24:29,TSLA,"Industrials Up as Traders Hedge on Growth, Inflation -- Industrials Roundup","Shares of industrial and transportation companies recouped some of their recent losses, as traders hedged their bets on the outlook for economic growth and inflation. Tesla shares fell sharply...",Finnhub,https://finnhub.io/api/news?id=b2c25876088d4d614b993c72b98bf5e471ed59d15236e8778f5dc0eab386432e
2025-02-25 11:21:03,TSLA,Tesla Drops Below $1 Trillion,Tesla shares sank on Tuesday pulling down the company's market cap below $1 trillion. Bloomberg's Craig Trudell discusses Tesla's plummeting sales in Europe with Caroline Hyde and Jackie Davalos on...,Finnhub,https://finnhub.io/api/news?id=c782bd4552c470812bd9924f18aa5fbb24e183428d18ced5019b2ee855514834
2025-02-25 10:44:00,TSLA,"Forget MAGA, Investors Want MEGA: Make Europe Great Again","Forget MAGA, Investors Want MEGA: Make Europe Great Again",DowJones,https://finnhub.io/api/news?id=7cad54507f33d4e9d230d53d225b703fe1f72c3df2552f9607ad1dce4a3a698f
2025-02-25 10:42:00,TSLA,Tesla’s stock skid pushes valuation below $1 trillion for the first time in 3 months,Tesla’s stock skid pushes valuation below $1 trillion for the first time in 3 months,MarketWatch,https://finnhub.io/api/news?id=66ffd0b411a7ce43fbe16acc9fa511b40c6a1d9b089cff8a6bea9d83c7dff640
2025-02-25 10:31:00,TSLA,Tesla Slips Below $1 Trillion Market Value. Is Musk Hurting the Stock?,Tesla Slips Below $1 Trillion Market Value. Is Musk Hurting the Stock?,MarketWatch,https://finnhub.io/api/news?id=e01cb9a2eeef51427d61f47e03f3d72994c77429eba3d59ae3f859169c504672
2025-02-25 10:13:08,TSLA,Stock Market Today: Dow Jones Improves; Tesla Skids Again While Techs Keep Tumbling (Live Coverage),Stock Market Today: Dow Jones Improves; Tesla Skids Again While Techs Keep Tumbling (Live Coverage),DowJones,https://finnhub.io/api/news?id=9cd6fd3a10d634e3214e5d790b6a6c09da537939e7ad4ce03d61105a4b1d629f
2025-02-25 09:54:13,TSLA,"Tesla Stock Drops Following Slump in European Sales, German Asset Deal","By Connor Hart Shares of Tesla slipped after the company's sales fell 45% in Europe last month, and the company said it would buy certain assets from a struggling German automation-systems...",Finnhub,https://finnhub.io/api/news?id=aff5e3bf1d792bb492dc7dfb1117850e5d50c328ee20309005806fd857c77404
2025-02-25 08:05:16,TSLA,Consumer staples are beating discretionary stocks this month. Here's why.,Consumer staples are beating discretionary stocks this month. Here's why.,MarketWatch,https://finnhub.io/api/news?id=b10b581baa2fa8ba59a802be872f0cea79030dbfd839c51c500a37012e338eea
2025-02-25 08:00:00,TSLA,Wall Street Lunch: A Crisis Of Confidence,The Conference Boardâs February measure of consumer confidence saw the largest drop since August 2021,SeekingAlpha,https://finnhub.io/api/news?id=53f956a4263a6493502ea3532e6df6657f532464e0cb2eacd3e910a9033e323c
2025-02-25 07:58:58,TSLA,Sell Tesla Before Bubble Bursts After Robotaxi (Likely) Disappoints (Downgrade),"See why Tesla, Inc. stock is declining and the potential impact of its Robotaxi struggles on growth, valuation, and market relevance. Explore more details here.",SeekingAlpha,https://finnhub.io/api/news?id=61e5cdb99ba8bba5f919c9b10e7ff5b4264351adef8f75d2045996780c5f396f
2025-02-25 07:12:20,TSLA,Nasdaq off session lows as stocks mostly fall in midday trading,Nasdaq off session lows as stocks mostly fall in midday trading,MarketWatch,https://finnhub.io/api/news?id=9c0713f48ddf849a3d199e445bbff8027be359db3fee4699b9a013d6e4d3d488
2025-02-25 06:41:51,TSLA,Rivian Stock Could Show A Big Boost As Tesla's Brand Image Suffers,"Rivian's strong earnings beat, first-ever gross profit, and surging software revenue boost its outlook, despite macro uncertainties. Click here to read more.",SeekingAlpha,https://finnhub.io/api/news?id=f43c1ca0b21afa3216af0904b125dfb7487156af55a7bd43d041101d635f92a7
2025-02-25 05:59:00,TSLA,Pioneer Global Sustainable Equity Fund Q4 2024 Performance And Market Commentary,"During the fourth quarter, Pioneer Global Sustainable Equity Fund Class Y shares returned -4.75%, underperforming the -0.16% return of the Funds benchmark â the MSCI World Index.",SeekingAlpha,https://finnhub.io/api/news?id=0157004af7e86dc472b4270282f01d03a99791485144ca8471e364f64919c99a
2025-02-25 05:39:14,TSLA,The 'Magnificent Seven' heads for correction territory,The 'Magnificent Seven' heads for correction territory,MarketWatch,https://finnhub.io/api/news?id=ba14bb8d32943ce0e746c08cdc7fe7f91eb4c60fa631c2fcaeaf9ea71d010690
2025-02-25 05:28:41,TSLA,Apple Is Not Worth It At This Price,Apple has reached a sky-high valuation on absolutely no growth. Stock price has been disconnected from fundamentals. Read why I think AAPL's stock is overvalued.,SeekingAlpha,https://finnhub.io/api/news?id=e12355bbc6c2c4c39b5382b924b4ae704795e3fab2ea0f572cfa9108fd69a288
2025-02-25 05:06:00,TSLA,Li Stock Soars as All-Electric EV Opens Door to New Market,Li Stock Soars as All-Electric EV Opens Door to New Market,MarketWatch,https://finnhub.io/api/news?id=097dbf666e26f9493f068dc948d67972f4439807679e5b068f04cdc94cd51530
2025-02-25 05:01:12,TSLA,Elon Musk - and a deleted post by Eva De Bleeker - shows divisions within Open Vld,Copyright © BusinessAMBE 2023Open Vld seems to be divided over Elon Musk. This became clear once again last weekend. Chairwoman Eva De Bleeker first expressed her support for an Elon Musk...,Finnhub,https://finnhub.io/api/news?id=08fbc82ac97eccfa77ec8b6f064c806b43626aee0cac352e2bb15677ebfb5486
2025-02-25 04:39:45,TSLA,"Big Tech ETF slumps, with steep slide in Tesla shares","Big Tech ETF slumps, with steep slide in Tesla shares",MarketWatch,https://finnhub.io/api/news?id=70e830ef97375f0e2d7dcde00096661bcb5413ebf054955b43cada24afa4ceb6
2025-02-25 04:20:00,TSLA,Columbia Select Large Cap Equity Fund Q4 2024 Commentary,"Columbia Select Large Cap Equity Fund Institutional Class shares returned 3.31% for
the three months ending 12/31/2024. Click here to read the full commentary.",SeekingAlpha,https://finnhub.io/api/news?id=369b0d4f7df570e328865349cf6db51f8334ceaaecb1211fafe021f4b172669c
2025-02-25 04:00:00,TSLA,Cardano leads way as large cryptocurrencies fall,Cardano leads way as large cryptocurrencies fall,MarketWatch,https://finnhub.io/api/news?id=84811b951aa4fae06b54746f1705de4e99373e3293af4469b8dce0a33b3517cf
2025-02-25 03:44:59,TSLA,Tesla Europe Sales Fall 45%,"Tesla's sales plunged 45% last month across Europe, where rival carmakers saw a surge in electric-vehicle demand. Elon Musk's company is changing over production lines for by far its most popular...",Finnhub,https://finnhub.io/api/news?id=cf5a65777af6a783aef4d2a3bbffff40fe324af9b036dc7e04aff5f500392afc
2025-02-25 03:44:28,TSLA,Dow Jones Rises As Trump Tariffs 'Going Forward;' Hims Stock Crashes On Earnings,Dow Jones Rises As Trump Tariffs 'Going Forward;' Hims Stock Crashes On Earnings,DowJones,https://finnhub.io/api/news?id=c9640a4c3868221cab183e9bc809409f5ff7bdad27cd54f13f8e254b809ffbb7
2025-02-25 03:33:11,TSLA,Tesla to Buy Some Assets From Beleaguered German Automation Supplier Manz,"By Dominic Chopping Tesla will buy certain assets from Manz, after the struggling German automation systems supplier entered into insolvency proceedings. Tesla Automation, which specializes...",Finnhub,https://finnhub.io/api/news?id=393c7f4472190b4d5b3d4d04eeb26d5336f0b8f997fb1d85090b539e9281ed09
2025-02-25 03:31:00,TSLA,Tesla sales slid by nearly 50% across Europe at the start of 2025,Tesla sales slid by nearly 50% across Europe at the start of 2025,MarketWatch,https://finnhub.io/api/news?id=193fa8492792268c44ffa83e861d2266766e41a649bafcd282102b19f1dabfee
2025-02-25 03:00:00,TSLA,Warren Buffett Just Topped Elon Musk. How Value Beat EVs.,Warren Buffett Just Topped Elon Musk. How Value Beat EVs.,MarketWatch,https://finnhub.io/api/news?id=d6f252f74a216831c9d396431579cccc11e2a17db4f07b3b3f87c62f2ad9afd5
2025-02-25 01:53:00,TSLA,Tesla Updates Driving Tech in China as Competition Revs Up,Tesla Updates Driving Tech in China as Competition Revs Up,DowJones,https://finnhub.io/api/news?id=d12ae687ffdf8807c6c426def733a929cddbb3c8f935594b43f36a32509940e4
2025-02-25 00:49:00,TSLA,"Nvidia Can Halt Tech Stocks’ Slump and Save the Market Rally, Or End It. And 5 Other Things to Know Today.","Nvidia Can Halt Tech Stocks’ Slump and Save the Market Rally, Or End It. And 5 Other Things to Know Today.",MarketWatch,https://finnhub.io/api/news?id=c52e0a02bcad01c3d4ace885a34c1c88d5dfeab8fcb3211f63ef9ea78ee4e9b6
2025-02-24 21:46:10,TSLA,Tesla Rolls out Update to Driver-Assistance Tech in China,"By Jiahui Huang Tesla rolled out an update to its driving-assistance software in China, a move that could signal final regulatory approval is forthcoming, as the technology becomes increasingly...",Finnhub,https://finnhub.io/api/news?id=fb50303c830dda1d4e5a4587aa99ecaa4b07ef7877d4811d83cd3d2b53a34601
2025-02-24 20:25:00,TSLA,RiverPark Long/Short Opportunity Fund Q4 2024 Investor Letter,,SeekingAlpha,https://finnhub.io/api/news?id=12f99051ab75176698da48399b15c88c298d14556e1797372b9cd142190233dc
2025-02-24 15:31:00,TSLA,Hartford Capital Appreciation Fund Q4 2024 Commentary,Hartford Capital Appreciation Fund (I share) underperformed the Russell 3000 Index during the quarter. Read more here.,SeekingAlpha,https://finnhub.io/api/news?id=ac1afa1887f0f6954a9345633a3b5326e2345cf0a4e41deabbb9825378b52de6
2025-02-24 13:29:55,TSLA,"Tesla to add city navigation feature to software in China, sources say","Tesla plans to update software in cars in China to add driving-assistance capabilities that will help drivers navigate city streets, according to a company notification and two people with direct...",Finnhub,https://finnhub.io/api/news?id=ae62674edccb42217d62a0881b9a363a02282048230cd9dae327115bdd098565
2025-02-24 11:10:57,TSLA,Tesla China: Grim Prospects For CY2025,"Tesla, Inc. faces tough competition in China's EV market as BYD and others take the lead. Click to learn how discounts and exports shape TSLA's strategy in 2025.",SeekingAlpha,https://finnhub.io/api/news?id=e5a13757851a2f7d04f13ab7907836c89b2c8a9e2673908965920249d5dd002a
2025-02-24 10:30:00,TSLA,Tesla Stock Slumped Again. A Rebound Depends on These Things.,Tesla Stock Slumped Again. A Rebound Depends on These Things.,MarketWatch,https://finnhub.io/api/news?id=34aa820d5dbdfb52eade0d7e1a2525095ebf34f6a6f7c1678dd16adf26b9251e
2025-02-24 10:17:18,TSLA,"Tesla Falls Despite China FSD Report; Elon Musk's DOGE Doesn't Change EV Giant's 'Holy Grail,' Says Longtime Bull","Tesla Falls Despite China FSD Report; Elon Musk's DOGE Doesn't Change EV Giant's 'Holy Grail,' Says Longtime Bull",DowJones,https://finnhub.io/api/news?id=bb12e2acad3aca4021f98d8a44449ea747bcabf5d0afec15da964a1e366d1d32
2025-02-24 07:02:00,TSLA,Tesla’s stock is back to red: Why China full-self-driving boost was short-lived,Tesla’s stock is back to red: Why China full-self-driving boost was short-lived,MarketWatch,https://finnhub.io/api/news?id=76302416b77dd6f9631d4e6a866affb6f3f75357e9f90c380e826398f6e02112
2025-02-24 06:29:59,TSLA,Tesla: Prepare For The Worst,Discover why Tesla's stock remains overvalued despite recent developments. Learn why experts suggest itâs a SELL in todayâs market climate.,SeekingAlpha,https://finnhub.io/api/news?id=379d1d97fe1b9991a8362d21d585c72c9bfcdb1b8bdd2c8a664fd99bba632cd5
2025-02-24 04:30:00,TSLA,Columbia Large Cap Growth Fund Q4 2024 Commentary,Columbia Large Cap Growth Fund Institutional Share Class Shares returned 5.71% for Q4 2024. Click here to read the full commentary. ,SeekingAlpha,https://finnhub.io/api/news?id=479bbe97802f2ba4774f3161c5aba7ae93a134d6c8186f50916582477de247c0
2025-02-24 04:09:43,TSLA,"US judge blocks Musk's DOGE team from accessing Education Department, OPM data",A federal judge on Monday blocked thegovernment downsizing team created by President Donald Trump andspearheaded by billionaire Elon Musk from accessing sensitivedata maintained by the U.S....,Finnhub,https://finnhub.io/api/news?id=472c545fbaf9ed7ddcbe215f16599cba6751512f581fd95a63b6c3438db0d363
2025-02-24 03:56:40,TSLA,"US auto safety agency laid off 4% of staff, spokesperson says","The National Highway Traffic Safety Administration laid off 4% of its staff as part of a government-wide trimming of probationary employees, a spokesperson said Monday. The agency has...",Finnhub,https://finnhub.io/api/news?id=1e95f88ed3f689f926189284a9f87cc7a416474ead8aba009024383cf1c1181d
2025-02-24 03:44:09,TSLA,Dow Jones Rises Ahead Of Inflation Data; Nvidia At Key Level Before Earnings,Dow Jones Rises Ahead Of Inflation Data; Nvidia At Key Level Before Earnings,DowJones,https://finnhub.io/api/news?id=285dd507fa77d2f71f821b28a0da7aa4ef1243eb74dfa7655257ff38f3636de3
2025-02-24 02:49:53,TSLA,"Tesla prepares to deploy full self-driving features in China, Bloomberg News reports","Tesla is readying a software update for customers in China to offer driving-assistance capabilities similar to its Full Self-Driving features in the U.S., Bloomberg News reported on Monday, citing a...",Finnhub,https://finnhub.io/api/news?id=939de9012a2aff21413347a8ecb7705a91f4d982d456e3974ece63373fdcf1af
2025-02-24 02:43:15,TSLA,Tesla Prepares To Deploy Long-Awaited Fsd Features In China- Bloomberg News,Tesla Inc: * TESLA PREPARES TO DEPLOY LONG-AWAITED FSD FEATURES INCHINA-BLOOMBERG NEWSSource text: https://tinyurl.com/2ydxz9b8Further company coverage: ...,Finnhub,https://finnhub.io/api/news?id=9760cffc84a7374bb22f1dd51f986649d348f87f251d43f6c57ac6843264d700
2025-02-24 02:00:00,TSLA,Apple: I Was Wrong (Technical Analysis)(Rating Downgrade),Appleâs investment prospects start to look much less appealing. Read more to see why I downgrade AAPL stock from buy to hold.,SeekingAlpha,https://finnhub.io/api/news?id=38d687e786f1f5024cdc261139bd49cd02a712177f5ca30b0adcf6ef38c8d899
2025-02-24 01:10:17,TSLA,Significant Amendments Proposed To The DGCL To Stem Business Defections To Other States,"Proposed amendments to the Delaware General Corporation Law introduce safe harbors for liability from transactions involving directors, officers and controlling stockholders and define and limit a...",Finnhub,https://finnhub.io/api/news?id=d27dfaff3ec6757c8b5a0a958cfd012e3a2d2d3097a23e7e07dfe8f324b2c8aa
2025-02-24 00:23:00,TSLA,Afraid Of Investing In Individual Stocks? Consider This ETF Trifecta,I have been recently adding ETFs as these are also great for building wealth. Check out the ETF trifecta you should consider for your portfolio and why.,SeekingAlpha,https://finnhub.io/api/news?id=8b1a8771a01017d172c047f9bd8a971640b181cf823a942d644c382e2b4c99bd
2025-02-23 23:35:00,TSLA,Columbia Dividend Income Fund Q4 2024 Commentary,Institutional Class shares of Columbia Dividend Income Fund returned -1.34% for Q4 2024. Click here to read the full commentary. ,SeekingAlpha,https://finnhub.io/api/news?id=4fb2ba289dc911d2ffc3f50d8dc7e2158e47042abde7d0b7b284ce352cacdecf
2025-02-23 17:00:00,TSLA,Columbia Disciplined Growth Fund Q4 2024 Commentary,Columbia Disciplined Growth Fund Class A shares returned 4.33% (excluding sales charge) for Q4 2024. Click here to read the full commentary. ,SeekingAlpha,https://finnhub.io/api/news?id=8f42afe8fc5f8811ccb54c4ef8a659e95cfc7f0a8ab2d64d067a9b6f23ea130b
2025-02-23 16:35:00,TSLA,Columbia Disciplined Core Fund Q4 2024 Commentary,Columbia Disciplined Core Fund Class A shares returned 2.68% (excluding sales charge) for Q4 2024. Click here to read the full commentary. ,SeekingAlpha,https://finnhub.io/api/news?id=81ffadd3bb17e94ae1676d2c2400de0fe960de85c84ad2550ae561bdc8afdb62
2025-02-23 14:24:37,TSLA,"Get Your Shopping List Ready, Possible Epic Time To Buy",Berkshire Hathaway's record stock selling and Big Cap Tech's downturn could trigger further market declines. Read why this week is a buying opportunity.,SeekingAlpha,https://finnhub.io/api/news?id=735ad653ff53375c6992b269e32cde03c9fe2e288f66bf8d1f238267fe9f8fd9
2025-02-23 07:41:05,TSLA,'Dark MAGA' spreads as conservatives embrace Musk's influence on Trump,"OXON HILL, Md. — At an annual gathering of conservative activists, the signature red “ Make America Great Again ” hats popularized by President Donald Trump were interspersed with a noticeable...",Finnhub,https://finnhub.io/api/news?id=4b4081e72ac6f51df5c0028e05ae90f9a52ba8fd71afffff2180a27ad4df0d5d
2025-02-23 06:17:00,TSLA,"Tesla, Uber Head Toward a Showdown in Austin","Tesla, Uber Head Toward a Showdown in Austin",MarketWatch,https://finnhub.io/api/news?id=18e62ab145b671b7e8e62bcb9313ba7d8d7e36e5222418a62861160f1645b027
2025-02-23 01:00:00,TSLA,VFLO: A More Defensive ETF To Navigate Slower S&P 500 Growth,Victoryshares Free Cash Flow ETF targets companies with high cash flow and growth. Learn why VFLO stock may underperform if the AI sector drives market growth.,SeekingAlpha,https://finnhub.io/api/news?id=e0bc34d5c7ee0f336841bc8b7ae46f4dd76000c646f8110ccb80df54f1e4d258
2025-02-23 00:12:45,TSLA,Tesla: Strong Brand Image To Face Competition While DOGE Executes,"Tesla's balance sheet strength, with more cash than debt, supports its ability to invest in growth opportunities. Read why TSLA stock is a Strong Buy.",SeekingAlpha,https://finnhub.io/api/news?id=8863eea3a83544ac293f506000e5060a0ce114d9132f0ff50f824a2af33c17aa
2025-02-22 05:54:13,TSLA,"Dow Jones Futures: Nvidia Looms After Palantir, Axon, Tesla Lead Market Sell-Off. Here's What To Do.","Dow Jones Futures: Nvidia Looms After Palantir, Axon, Tesla Lead Market Sell-Off. Here's What To Do.",DowJones,https://finnhub.io/api/news?id=c975ed8e1ae99fa4bf022f4b0c35627fb11e8588ce55bc02c8d32c4dbd226ae8
2025-02-22 05:01:05,TSLA,Nissan hopes for Tesla investment after failed merger with Honda,Copyright © BusinessAMBE 2023Key takeawaysTesla is proposed as a strategic investor in struggling Nissan.The investment would allow Tesla to use Nissan's underutilized plants in the U.S. for...,Finnhub,https://finnhub.io/api/news?id=56516ac4a46c311ce8db68f80430a1b6602e7d0da6f5e52f01fd4c090f9c3882
2025-02-22 03:00:00,TSLA,Rivian: Why Buying The Dip Makes Little Sense Now,"Discover why Rivian faces challenges amid shifting EV dynamics, uncertain growth catalysts, and 2025 hurdles.",SeekingAlpha,https://finnhub.io/api/news?id=09dfac65995bf8aae6b09c5bbc93e84c15015fd5cdb732e6151d48e8b7a7d4cc
2025-02-22 02:05:00,TSLA,8 Stocks I'm Buying Amid A Market Rotation Toward Dividend Stocks,"Discover why dividend ETFs are outperforming tech giants, key economic metrics to watch, and a top buy list for dividend stocks & REITs.",SeekingAlpha,https://finnhub.io/api/news?id=e35564a8cf9f70198f323341639516c5eb68f5e60e791a2bf2179f540f252698
2025-02-21 15:15:00,TSLA,Allspring Absolute Return Fund Q4 2024 Commentary,The Allspring Absolute Return Fund delivered a negative total return and outperformed the blended benchmark for Q4 2024. Click here to read the full commentary. ,SeekingAlpha,https://finnhub.io/api/news?id=4a455bb19d1c042d75fa1cf99fdd2f9389c13ce49393831a5a375ab56b02154e
2025-02-21 13:14:07,TSLA,NASA Picks Musk's SpaceX for Near-Earth Object Surveyor Mission,By Sabela Ojea NASA awarded a contract to Elon Musk's SpaceX to provide launch services for the agency's near-Earth object surveyor mission. The National Aeronautics and Space Administration...,Finnhub,https://finnhub.io/api/news?id=c475f1d36e4768ca74ec87b3a035ff75326b664888d45824ac6e04b556eb6ec1
2025-02-21 12:20:00,TSLA,"These Stocks Moved the Most Today: UnitedHealth, Alibaba, Rivian, Celsius, Booking, Block, Akamai, Hims & Hers, and More","These Stocks Moved the Most Today: UnitedHealth, Alibaba, Rivian, Celsius, Booking, Block, Akamai, Hims & Hers, and More",MarketWatch,https://finnhub.io/api/news?id=2bbc7b83b1856b01ce683ef884da2e94a84506b5eb5ac2b3876c371663d96dfd
2025-02-21 11:45:35,TSLA,Trump Media to propose reincorporation in Florida,U.S. President Donald Trump's Trump Media & Technology Groupsaid on Friday it will propose reincorporating the company in Florida at its annual meeting inlate April. We look forward to...,Finnhub,https://finnhub.io/api/news?id=158f80673ae569916dec708cf65dc4699c12a2d40fc886db03a863cb7aac35ee
2025-02-21 10:51:00,TSLA,Tesla Stock Falls. Recalls and Rivian Are in the News.,Tesla Stock Falls. Recalls and Rivian Are in the News.,MarketWatch,https://finnhub.io/api/news?id=a5332f6fc6240471dd30793a09ceadf01ee8f77fd24ab25732b585f30a56bd7d
2025-02-21 10:09:04,TSLA,Rivian Stock Finds Key Support After Diving On EV Delivery Outlook,Rivian Stock Finds Key Support After Diving On EV Delivery Outlook,DowJones,https://finnhub.io/api/news?id=15ccfb0b799d0bee6df9e9b7afdcaac7e127c974739dda40c8dd15f005d9dbea
2025-02-21 09:45:15,TSLA,"Super Micro Computer: Despite Risks, Big Upside Ahead","Explore why Super Micro Computer, Inc. is a standout in the AI megatrend with high-growth potential and low valuation. Click for my updated look at SMCI stock.",SeekingAlpha,https://finnhub.io/api/news?id=1a885449ed80f0bc33d4099f638e9f356756ab38411f803632f7ece817964ee8
2025-02-21 09:39:00,TSLA,Trump Plans to Visit Fort Knox’s Gold Reserve. Selling It Won’t Fix the U.S. Budget.,Trump Plans to Visit Fort Knox’s Gold Reserve. Selling It Won’t Fix the U.S. Budget.,MarketWatch,https://finnhub.io/api/news?id=b03f7fd728fecc066164f5adaf1b30b08cc46416347349d07b89997fcbd01f68
2025-02-21 08:52:00,TSLA,American Century Ultra Fund Q4 2024 Commentary,The reelection of former President Donald Trump initially pleased investors who had worried about another protracted legal battle regarding the electionâs results.,SeekingAlpha,https://finnhub.io/api/news?id=28432d454250134095abc28e662127b36c52d783df7854ae725ef5757b7abdfa
2025-02-21 08:47:10,TSLA,"Power steering issue behind recall of more than 375,000 Tesla vehicles","More than 375,000 Tesla vehicles are being recalled because of issues with their power steering systems, the National Highway Traffic Safety Administration said in a notice issued Friday.The recall...",Finnhub,https://finnhub.io/api/news?id=1d07acb5d14bfa1ce54f63b9f24c4c1dd5924d93884e9487998cc7643a48064d
2025-02-21 04:00:00,TSLA,"Most large cryptocurrencies climb on Avalanche, Ethereum increases","Most large cryptocurrencies climb on Avalanche, Ethereum increases",MarketWatch,https://finnhub.io/api/news?id=212a2d55bdb90170e686e1d123406a36c472d2525f51d493c36691c1a64f7809
2025-02-21 02:37:12,TSLA,Ex-Tesla Director Denies Role in Courting Nissan Investment,By Dean Seal Former Tesla board member Hiromichi Mizuno denied a Financial Times report that says he leads a Japanese group seeking an investment in Nissan Motor from Elon Musk's carmaker. I...,Finnhub,https://finnhub.io/api/news?id=2d708a05fd81d91cfc989b1d75b55c18b1ede205118e31f37c55de3397568f78
2025-02-21 02:20:00,TSLA,Michael Lee On The AI Revolution - Palantir Still The Clear Leader,"Michael Lee, founder of Michael Lee Strategies, why he believesÂ Palantir Technologies is the clear AI leader and why Wall Street is still underestimating the AI revolution.",SeekingAlpha,https://finnhub.io/api/news?id=122773491939185b9bc81ba8169680e326c7cd5b827b5170dbccc69dccc9b4fc
2025-02-21 02:10:10,TSLA,"Tesla recalling more than 375,000 vehicles due to power steering issue","Tesla is recalling more than 375,000 vehicles due to a power steering issue. The recall is for certain 2023 Model 3 and Model Y vehicles operating software prior to 2023.38.4, according to the...",Finnhub,https://finnhub.io/api/news?id=d99eb45448c7f830ee107ebfbad5b4afce9d9de13169fd5c18dc92bde1594796
2025-02-21 01:13:44,TSLA,Nissan Jumps on Report Japan Group Seeks Tesla Investment,Nissan shares jumped after a report in the Financial Times that a high-level Japanese group has drawn up plans to seek investment from Elon Musk's Tesla to aid the struggling carmaker. Craig...,Finnhub,https://finnhub.io/api/news?id=818d052ff9ed516b21b23332db847d15fc905d14734c65fd0d7bc814697027bc
2025-02-21 01:10:26,TSLA,"Japan to Pursue Nissan Investment from Tesla, Financial Times Reports","A Japanese group that includes a former prime minister intends to court Tesla for an investment in Nissan, the Financial Times reports. --The group hopes Tesla will become a strategic investor...",Finnhub,https://finnhub.io/api/news?id=895a05d3fd6f6126b46bde6d134e92ce8373f2b25789e4b181ea7611bf7fb54f
2025-02-21 00:43:31,TSLA,Wall Street Breakfast Podcast: Celsius Surges On Alani Nu Deal,Beverage jolt: Celsius skyrockets after inking deal to acquire Alani Nu. Nissan to seek investment from Tesla after fallout with Honda - report. YouTube plans to roll out 'premium lite'.,SeekingAlpha,https://finnhub.io/api/news?id=b46b86745ec10e55a508a07268698494590fb392586ef71bb3e5dd4e1bfed931
2025-02-21 00:22:00,TSLA,"Why Dividends Matter, Even The Little Ones","Dividend investing can provide a steady income, reduce financial stress, and combat market volatility. Read an analysis here.",SeekingAlpha,https://finnhub.io/api/news?id=8d0a9cb8ddd43a50d951b4ad1003aec02fbb8c1c35c2f9b9ce735bffac886dcf
2025-02-20 23:40:00,TSLA,Voss Capital Q4 2024 Letter To Partners,"As of December 31 st, 2024, the Voss Value Master Fundâs total gross exposure stood at 184.3% and the net long exposure was 84.9%. Read more here.",SeekingAlpha,https://finnhub.io/api/news?id=1462c0030814f469264e9c03c8181545c251793d695a55e3837fa8dd49ce7013
2025-02-20 23:30:00,TSLA,Baron WealthBuilder Fund Q4 2024 Shareholder Letter,"Baron WealthBuilder Fund, a compilation of Baron Funds, increased in the fourth quarter of 2024, outperforming its benchmark, the S&P 500 Index.",SeekingAlpha,https://finnhub.io/api/news?id=d1c2cb984f7a06c1cbd81c25487bae93c3f943a0cd9061d9d9da25abc9023d22
2025-02-20 23:16:42,TSLA,"Tesla recalls 380,000 vehicles in US over power steering issue","Tesla said on Friday it was recalling nearly 380,000 vehicles in the United States due to a power steering assist failure that could increase steering effort, particularly at low speeds, raising the...",Finnhub,https://finnhub.io/api/news?id=4e4d0291f646b26bbaf49630b5e74216e5c8e039d64d5557a8aef58b305f128c
2025-02-20 23:10:00,TSLA,Baron Partners Fund Q4 2024 Shareholder Letter,"Baron Partners Fund increased in the fourth quarter of 2024, outperforming its benchmark, the Russell Midcap Growth Index.",SeekingAlpha,https://finnhub.io/api/news?id=51b0047434f7144b138d2b019c96702071c2809c7708590598611c81aac2ff47
2025-02-20 23:10:00,TSLA,Baron Global Advantage Fund Q4 2024 Shareholder Letter,"Baron Global Advantage Fund advanced during the fourth quarter of 2024, outperforming its benchmark, the MSCI ACWI Index. Read more here.",SeekingAlpha,https://finnhub.io/api/news?id=5511d1a8d4c691c4e155eccb6a17ed42bdb776068d28e71821c9e0d6298e87c0
2025-02-20 22:46:00,TSLA,Nissan stock surges on report it’s seeking Tesla deal. How the odd pairing could work.,Nissan stock surges on report it’s seeking Tesla deal. How the odd pairing could work.,MarketWatch,https://finnhub.io/api/news?id=cfe09f3df9750c49b5325b557014c2a8929efaa649cdecdde4275c25aa287df7
2025-02-20 21:40:14,TSLA,"Italy, AGCM opens investigation into Tesla and Stellantis.","Italy's competition watchdog said Friday it has launched an investigation into four electric vehicle manufacturers, including Tesla Inc and Stellantis NV, for alleged unfair trade practices. The four...",Finnhub,https://finnhub.io/api/news?id=d0732c72fca5056f261d29021f75614637ca12c4596604921d4fb51252b37fcd
2025-02-20 19:38:07,TSLA,"Japanese Group Aims to Court Tesla to Invest in Nissan Motor, Financial Times Reports, Citing Sources","A high-level Japanese group has drawn up plans for Tesla to invest in Nissan Motor, after the Japanese carmaker's merger talks with peer Honda Motor fell apart, the Financial Times reported Friday,...",Finnhub,https://finnhub.io/api/news?id=10cd54462daff0478693d17a17ba3994ef5c71ac14abb3b994253aa8c5f402c4
2025-02-20 19:12:06,TSLA,Kanye's Wife's Grammy Dress Provides A Lesson In Dress Codes,"During the biggest night in music, the 2025 Grammy awards ceremony, Kanye's wife, Bianca Censori, caused quite a commotion by walking the red carpet when she removed her coat to reveal . . . just...",Finnhub,https://finnhub.io/api/news?id=43f2a41897fd8ce5e018311fcb729017fc5ef95126d829786caffcce4a5dee54
2025-02-20 18:24:01,TSLA,"Japan to court Tesla on Nissan investment, FT reports","A high-level Japanese group that includes a former prime minister has drawn up plans for Elon Musk's Tesla to invest in Nissan, following the collapse of its merger talks with rival Honda, the...",Finnhub,https://finnhub.io/api/news?id=5c2b682175011317a698851a9c75a1b3c2cbfc88a83950558d9f646cde130ece
2025-02-20 14:09:26,TSLA,"DOGE cuts nearly half of unit overseeing autonomous vehicles safety, Washington Post reports","Elon Musk-led Department of Government Efficiency has cut three out of roughly seven people in a U.S. auto safety agency unit overseeing the safety of autonomous vehicles, the Washington Post reported...",Finnhub,https://finnhub.io/api/news?id=a56d8dadd8afd446592007b32d2df229c2a173116b6c21e8bcabb8145bd9db1d
2025-02-20 10:27:31,TSLA,Rivian forecasts modest gross profit; shares rise,"Rivian forecast modest grossprofit this year, after reporting its first-ever positiveearnings margin in the fourth quarter, as factory upgrades andsupplier renegotiations improved efficiency at the...",Finnhub,https://finnhub.io/api/news?id=9d914fa4b9227cb3cb6bb053cfbbb7f0f823a803e2f153a65626b3edfcc65a2d
2025-02-20 05:30:00,TSLA,QQQ: My Preferred Way To Bet On AI And US 'Exceptionalism',QQQ is a tech-heavy ETF that provides a diversified bet on AI and the quality of top US Mag7 plays. Learn more about QQQ and why it is rated as a Buy.,SeekingAlpha,https://finnhub.io/api/news?id=12cd2e3e63ac37cb37570918350db91db32da10788099d188c92b011cdef8ed3
2025-02-20 05:29:13,TSLA,"Trump nominee says agency will take fair, objective approach to Tesla safety probes",President Donald Trump's nominee to serve as the second highest ranking official at the U.S. Transportation Department vowed the government will take a fair and objective approach to overseeing auto...,Finnhub,https://finnhub.io/api/news?id=fdab3b5edd757d1252c36435a46779388ac77ca60ef9b1b961cb3043299e1185
2025-02-20 04:14:43,TSLA,Consumer stocks are the biggest losers in the S&P 500 after disappointing Walmart guidance,Consumer stocks are the biggest losers in the S&P 500 after disappointing Walmart guidance,MarketWatch,https://finnhub.io/api/news?id=867358549ac88a891b016b29b3fbb33b811454f7b3a0544508a612444134401a
2025-02-20 04:00:00,TSLA,"Most big cryptocurrencies rise on Avalanche, Sui increases","Most big cryptocurrencies rise on Avalanche, Sui increases",MarketWatch,https://finnhub.io/api/news?id=c99baa6f301ea5d62fa7ef302c11bf28d6cd24fa3529ada42b0b4b007396e401
2025-02-20 04:00:00,TSLA,Aristotle Large Cap Growth Q4 2024 Commentary,"For Q4 2024, Aristotle Atlanticâs Large Cap Growth Composite posted a total return of 6.29% gross of fees, underperforming the 7.07% return of the Russell 1000 Growth Index.",SeekingAlpha,https://finnhub.io/api/news?id=0682376595e315b4aaa043fb1c8a03a5f04c7ca7eccb5d8e631030d9d5b6d8aa
2025-02-20 03:54:16,TSLA,"Dow Jones Falls After Surprise Jobless Claims; Carvana, Walmart Plunge On Earnings","Dow Jones Falls After Surprise Jobless Claims; Carvana, Walmart Plunge On Earnings",DowJones,https://finnhub.io/api/news?id=8db76d50da34ef1b682ee669b80cd140ac1fe58c54b989d84e3daa7470480a5a
2025-02-20 03:17:00,TSLA,"Mercedes-Benz Earnings Are a Bad Sign for EV Sales. What It Means for Ford, Tesla.","Mercedes-Benz Earnings Are a Bad Sign for EV Sales. What It Means for Ford, Tesla.",MarketWatch,https://finnhub.io/api/news?id=9fb386c6f735a337b32f7a67c0f25f588bf9a07fc6d4d0f7c5eac2bf639b72d1
2025-02-20 03:02:54,TSLA,Tesla cited by U.S. regulators over worker's death,"Federal regulators have cited Tesla for violating workplace safety rules in connection with the electrocution of a worker last summer at its Austin, Texas, auto-manufacturing plant. The...",Finnhub,https://finnhub.io/api/news?id=dad04e57161de991b239c3e228a9f8093976890f790f41ce87c58cb467fc29a8
2025-02-20 02:45:00,TSLA,Allspring Common Stock Fund Q4 2024 Commentary,"The Allspring Common Stock Fund underperformed the Russell 2500 Index during the three-month period that ended December 31, 2024. Click here to read more.",SeekingAlpha,https://finnhub.io/api/news?id=6aa976f2add37dc8941bf2d40cd55d53398cc15e4972f3c7db91a2c5c3cd509b
2025-02-20 00:01:38,TSLA,Elon Musk's X platform negotiates funding at $44 billion,Copyright © BusinessAMBE 2023Key takeawaysElon Musk's social media platform X is seeking financing at a valuation of $44 billion.Recent developments indicate a positive shift in investor...,Finnhub,https://finnhub.io/api/news?id=568d28e39c5d14b423b17e91374fe70fd1a5070637f0449cc53bb6ae0778e782
2025-02-19 23:33:00,TSLA,"Tesla Stock Rises. Forget Musk’s DOGE Distractions, This Is What Matters.","Tesla Stock Rises. Forget Musk’s DOGE Distractions, This Is What Matters.",MarketWatch,https://finnhub.io/api/news?id=0e9bd37dc1dd000cdee40a0442d2e11176f3eee2d9cbfe85c4fcf0fe30c54c2d
2025-02-19 22:13:54,TSLA,Here's What I'm Doing With My Tesla Stake (Rating Downgrade),"Despite current challenges, Tesla's long-term growth potential remains strong. Read why I plan to hedge my TSLA position temporarily.",SeekingAlpha,https://finnhub.io/api/news?id=85cc6318db5ca3e8493fe714b00afb40b2b7a6762e9ad4b5118e37f0a0d9e831
2025-02-19 18:39:05,TSLA,Hertz: Another Chance To Sell,"Hertz faces financial challenges from costly EV investments, weak Q4 2024 results, rising debt, and poor cash flow. Read why HTZ stock is a Sell.",SeekingAlpha,https://finnhub.io/api/news?id=372c03f15baabcc76d9dfeb9439960fd16431a8e450017d2fa3da865ecb10f86
2025-02-19 16:59:13,TSLA,Berkshire Hathaway: Ditching The S&P 500 Was Wise (Rating Upgrade),Berkshire Hathaway dumped S&P 500 funds amid high valuations and it remains a strong investment choice with better yield opportunities. See more here.,SeekingAlpha,https://finnhub.io/api/news?id=e845d437de19eebc594c395f8ee35dbfb1e211532607f7db332ef1349e65b8a5
2025-02-19 12:42:21,TSLA,Exclusive-Tesla cited by U.S. regulators over worker's death,"Federal regulators have cited Tesla for violating workplace safety rules in connection with the electrocution of a worker last summer at its Austin, Texas, auto-manufacturing plant. The...",Finnhub,https://finnhub.io/api/news?id=b5dccece386a116fe476ab491c5637d26743d4d6109710f0c438eb183528fc0a
2025-02-19 11:25:06,TSLA,Trump and Musk say they like working together and will keep it at. Will it last?,"WASHINGTON — It's been a burning political question for weeks: How long will President Donald Trump — who doesn’t like sharing the spotlight — be able to do just that with Elon Musk, a...",Finnhub,https://finnhub.io/api/news?id=26a8f186133a42b0d7917bc71dd4597cef6fb19be86ee3533f71e8db334d7f4e
2025-02-19 10:13:49,TSLA,Tesla selects showroom sites in New Delhi and Mumbai – report,The selection of showroom spaces follows a meeting between Indian Prime Minister Narendra Modi and Tesla CEO Elon Musk in the US last week.,Yahoo,https://finnhub.io/api/news?id=e7a3174b7398ed27d498d79dd18bd6a993ff4ee2ee3cb0863e4f84cf8b93d25e
2025-02-19 10:03:14,TSLA,Stock market today: S&P 500 adds to its record as Wall Street drifts higher,"NEW YORK — The S&P 500 added to its record as U.S. stock indexes drifted through a quiet, mixed day on Wall Street. The S&P 500 rose 0.2% on Wednesday after setting an all-time high the day before....",Finnhub,https://finnhub.io/api/news?id=87756665cf4d1944a4e68472d4ea6e2e16d9c9b7c1734a78c01415d865af11ed
2025-02-19 10:03:13,TSLA,Trump says unfair to US if Musk builds factory in India,"U.S. President Donald Trump has said that if Tesla were to build a factory in India to circumvent that country's tariffs, it would be ""unfair"" to the U.S., in an interview with Fox News which aired on Tuesday.  Trump called out India's high duty on cars during Prime Minister Narendra Modi's visit to the U.S. last week, but agreed to work towards an early trade deal and resolve their standoff over tariffs.  Tesla's CEO Elon Musk has long criticised India for having import tariffs of around 100% on EVs which protect local automakers such as Tata Motors in the world's third largest auto market, where EV adoption is still at a nascent stage.",Yahoo,https://finnhub.io/api/news?id=99ce9a58ad536a0a7d332ac057bb5dec436e131c02226a806191f1bb7331bf18
2025-02-19 09:55:32,TSLA,Charged: Tesla braces for delay in China autonomous driving license,"Institutional investors and professional traders rely on The Fly to keep up-to-the-second on breaking news in the electric vehicle and clean energy space, as well as which stocks in these sectors that the best analysts on Wall Street are saying to buy and sell. From the hotly-debated high-flier Tesla (TSLA), Wall Street’s newest darling Rivian (RIVN), traditional-stalwarts turned EV-upstarts GM (GM) and Ford (F) to the numerous SPAC-deal makers that have come public in this red-hot space, The Fl",Yahoo,https://finnhub.io/api/news?id=bddb5caa6bc91d7f093ada579dbe407e02e7669e8257d030bea4198e24ac6a06
2025-02-19 09:55:02,TSLA,"Trump's tariff plans: What to expect from chip, autos players","President Donald Trump proposed new 25% tariffs that could target semiconductor, automobile, and pharmaceutical imports into the US. Lopez Research founder Maribel Lopez joins Morning Brief to highlight this as a starting point for negotiations, emphasizing that the actual tariff rate is yet to be determined. ""This is really an opening volley by Trump to say he's really serious about tariffs. Tariffs will happen. The amount of the tariff and what the negotiation standpoint is still unknown,"" Lopez explains.She highlights that industries like the automotive sector, with a strong US presence, may have a better chance of negotiating exemptions. ""The call to action for everybody right now is to try to figure out what they can do to make a play to say that they're going to invest in America — to either create manufacturing jobs, to create investment in some other type of category that we would consider as beneficial to the economy,"" Lopez explains.While acknowledging the seriousness of tariffs, Lopez reassures that the market (^DJI, ^IXIC, ^GSPC) is not overreacting yet as the Trump administration continues to negotiate with international officials. To watch more expert insights and analysis on the latest market action, check out more Morning Brief here. This post was written by Josh Lynch",Yahoo,https://finnhub.io/api/news?id=3e9fa0ec52c81338eb05e8750376dff82f37d6116151e41a880b89a64aa9ede5
2025-02-19 09:43:13,TSLA,"Tesla Moves Forward With India Expansion, Secures Showroom Locations in New Delhi and Mumbai",Tesla showroom locations secured in New Delhi's Aerocity and Mumbai's Bandra Kurla Complex.,Yahoo,https://finnhub.io/api/news?id=d686ed674575b79f30474b38092fc01afa245aacb25f6602725ef6ce9cba1014
2025-02-19 09:03:25,TSLA,A New Website Lets You 'Spend' Elon Musk's Vast Fortune On Everything From PS5s To NFL Teams—And It's Eye-Opening Just How Much Money He Has,"Have you ever wondered what it would be like to have Elon Musk's fortune? A new website lets you do just that—at least hypothetically. With an estimated net worth of $398 billion, according to Bloomberg, Musk remains the richest person in the world. Now, thanks to an online tool, anyone can attempt to “spend” his wealth on everything from AirPods to mega yachts, and the results are staggering. How the Website Works The website Spend-elon-fortune.com starts by giving you an imaginary bank account",Yahoo,https://finnhub.io/api/news?id=3707963fc1b44e027e369357d984085ac738d6f3dd49849574c910a21cd652e9
2025-02-19 08:51:00,TSLA,Tesla Stock Rises After Musk and Trump Talk Conflicts of Interest in Hannity Interview,"Tesla  stock was rising after President Donald Trump and one of his biggest fans, Elon Musk, sat down for an interview with Fox News’ Sean Hannity.  Shareholders always want to know what CEO Musk is thinking and what he is spending his time on.  Musk heads the president’s Department of Government Efficiency, or DOGE, which has been linked to controversial spending freezes, access to Americans’ personal data, and government layoffs.",Yahoo,https://finnhub.io/api/news?id=f6f6b257802d037c64d710c076ae2289b599e5a473efbce7047826515f6af9b0
2025-02-19 07:51:50,TSLA,Elon Musk's Power Grab? Judge Rules on DOGE as Lawsuits Pile Up--What It Means for Investors,A federal judge just ruled on Musk's controversial control over government data and job cuts--here's why investors should care.,Yahoo,https://finnhub.io/api/news?id=6353a12be1871947af25fb37d74ce45cfb3eeafe27b533d0686d52103acb079d
2025-02-19 07:24:00,TSLA,Elon Musk Has Broken Even On X? Why Tesla Investors Can Breathe Easier.,"Elon Musk’s social-media platform has apparently made an incredible comeback.  Musk’s X, which was called Twitter when he bought it in Oct. 2022, is close to raising money at a valuation of $44 billion, Bloomberg reported Wednesday, citing sources familiar with the deal.  The number represents a remarkable recovery.",Yahoo,https://finnhub.io/api/news?id=1f317a6429f230bcc5c4dd2789d35c669a096c7b849842f3243a054428be0274
2025-02-19 07:22:13,TSLA,The one thing Elon Musk doesn't tweet about: Tariffs,Elon Musk posts a lot but one subject was glaringly absent in recent weeks: President Donald Trump's tariff plans.,Yahoo,https://finnhub.io/api/news?id=d62e7062e4802be9616e81381fad59465ba88895f1b7febf8863d4b9132b7dfd
2025-02-19 06:49:00,TSLA,Trump’s 25% Auto Tariffs Hurts These Stocks the Most,"The performance of car stocks just hasn’t lined up with the threat of new import tariffs.  There are a couple of reasons for that, but investors should consider whether a change is coming as President Donald Trump’s threat likely becomes a reality in a few weeks.  Previously, Trump has threatened 25% tariffs on Canadian and Mexican imports.",Yahoo,https://finnhub.io/api/news?id=d849dc15d6060a534b61e7e067f5270c3b41fd25b1ecb9fa6274bcb83f872bca
2025-02-19 06:44:11,TSLA,Buy And Hold These Ten Cheap Lithium Juniors Ready For A Potential Lithium Recovery From 2026 Onwards,Many investors have no idea the huge lithium demand wave that potentially lies ahead. The article lists our top ten lithium stock picks at his time. Read the list on Seeking Alpha.,SeekingAlpha,https://finnhub.io/api/news?id=434f789f8555cb6d2ace81a5370c1c30132a27fc52996775323d1f5c3239ef43
2025-02-19 06:07:15,TSLA,This Week In Electric Vehicles - Hydrogen Trucks: A Cleaner Future for European Freight,"A recent report focuses on the carbon dioxide emissions lifecycle of fuel cell electric trucks (FCETs) in Europe, emphasizing hydrogen as an alternative fuel for the trucking industry in countries like Germany, France, and Spain. The study evaluates hydrogen's potential to reduce life cycle emissions compared to conventional fuels and examines various hydrogen production methods, including renewable sources. It also highlights the emissions associated with the production of fuel cell...",Yahoo,https://finnhub.io/api/news?id=5ef45f5ed02007a3e0b359aee1b7297af9e0f5c79fedd06eb2ffabf3831b0243
2025-02-19 05:45:58,TSLA,Tesla Vs. BYD: Tesla Speeds Up New Model Y As BYD Skyrockets On Self-Driving Moves,Tesla will begin China deliveries of the new Model Y this month. EV giant BYD has surged to highs on the China EV giant's self-driving push.,Yahoo,https://finnhub.io/api/news?id=e6cdbfbe9fe169da6ab896c4ea529118167cc0158c6d0cdb28a20fd8d00c3515
2025-02-19 04:59:00,TSLA,BNY Mellon Global Equity Income Fund Q4 2024 Commentary,,SeekingAlpha,https://finnhub.io/api/news?id=4c554206834be7e0f26387b96cbd838e08041f83bb259a02a948f544bd94109b
2025-02-19 04:57:00,TSLA,Palantir Stock Is Off the Charts. Why It’s Time to Sell.,Palantir Stock Is Off the Charts. Why It’s Time to Sell.,MarketWatch,https://finnhub.io/api/news?id=38761cfb25f5d9a2f38cbf0c610be956cf53da75b184b917e34131aac2f4a472
2025-02-19 04:45:43,TSLA,Elon Musk Sparks Debate On Social Security Data After Report Finds Millions Of Alive Centenarians In America,"Tesla Inc. (NASDAQ:TSLA) CEO Elon Musk, who serves on the Department of Government Efficiency (DOGE) under the President Donald Trump administration sparked a discussion about Social Security Administration (SSA) data accuracy on Tuesday, sharing statistics showing millions of Americans over 100 years old listed as alive in the system. What Happened: University of Michigan economics professor Justin Wolfers provided context, citing a July 2023 SSA Inspector General audit report that identified a",Yahoo,https://finnhub.io/api/news?id=d378130dc39fe59825b034635508dc421a4fcfb98a39a1d957641b190a4a6e5f
2025-02-19 04:30:00,TSLA,Mairs & Power Growth Fund Q4 2024 Commentary,The Mairs & Power Growth Fund had another positive year and finished 2024 up 19.62%. Read more here.,SeekingAlpha,https://finnhub.io/api/news?id=c7236659dc16741972fdabbb356523f74bf2e9a4b3488698abfd0f099c570ac9
2025-02-19 04:23:50,TSLA,"Tesla, Inc. (TSLA) Maintains $430 Target as AI, EV, and Robotics Drive Growth","We recently compiled a list of the 10 Buzzing AI Stocks Dominating Headlines. In this article, we are going to take a look at where Tesla, Inc. (NASDAQ:TSLA) stands against the other AI stocks. Tiger Brokers, an online brokerage firm, has recently revealed that it has embedded DeepSeek’s model into its AI-powered chatbot. The DeepSeek-R1 model integrated […]",Yahoo,https://finnhub.io/api/news?id=72a71f0e96bb50341403407fec705701fda50d49baed2f5395a8ec3e6fab6ff2
2025-02-19 04:19:19,TSLA,Is Tesla suffering from Musk’s politics in Europe?,Tesla sales have declined rapidly as Elon Musk’s political links to Donald Trump have become more pronounced. Have Musk’s political endeavours had a negative impact on Tesla?,Yahoo,https://finnhub.io/api/news?id=269b6d9b97f5b44467c5516de4276f4f5b349f17ad60aed0d5f82d2418a8936d
2025-02-19 04:06:00,TSLA,Billionaire Ole Andreas Halvorsen Sold Viking Global's Entire Stake in Tesla and Is Piling Into This Potential Stock-Split Stock,Viking Global Investors' billionaire chief kicked Tesla to the curb in the December-ended quarter in favor of an industry-leading company with phenomenal subscription pricing power.,Yahoo,https://finnhub.io/api/news?id=63e3440f7be417ec9225d366950c2315a9c1b523454be21434efb839ec303da4
2025-02-19 04:00:00,TSLA,"Large cryptocurrencies climb on Sui, Tronix increases","Large cryptocurrencies climb on Sui, Tronix increases",MarketWatch,https://finnhub.io/api/news?id=0e1fa4506dbf0826de44a76f37012f2cf546e7516631abaa9a03c0c810e6c6e8
2025-02-19 04:00:00,TSLA,Another EV maker goes bust. Nikola’s stock plunges after bankruptcy filing.,Another EV maker goes bust. Nikola’s stock plunges after bankruptcy filing.,MarketWatch,https://finnhub.io/api/news?id=98f7cf8b922d85ffe1372260983ef11f38ab7304ddba7f9eb4534306dc8cbc6a
2025-02-19 03:58:00,TSLA,"Tesla was hot, Apple was not, hedge-fund holdings filings show","Tesla was hot, Apple was not, hedge-fund holdings filings show",MarketWatch,https://finnhub.io/api/news?id=d3e5b68457fc0b27dc5d0729593bcbb858c5808a7fd0ff907d3a47fde2a327bd
2025-02-19 03:50:19,TSLA,Dow Jones Falls Ahead Of Fed Minutes; AI Stock Arista Dives On Earnings,Dow Jones Falls Ahead Of Fed Minutes; AI Stock Arista Dives On Earnings,DowJones,https://finnhub.io/api/news?id=0dac382eeb779470a70293bd43428823514702219fa237eecc0ef738cc86c702
2025-02-19 03:47:05,TSLA,Rivian Earnings Are Due. Can The EV Startup Foil Elon Musk's Prophecy?,Rivian Earnings Are Due. Can The EV Startup Foil Elon Musk's Prophecy?,DowJones,https://finnhub.io/api/news?id=05978c288e726009e98a13e4955c30ffd791856c7691a468388d42bc4f8a597b
2025-02-19 03:45:00,TSLA,"Short seller Carson Block says don’t bet against Elon Musk, steer clear of China stocks","Short seller Carson Block says don’t bet against Elon Musk, steer clear of China stocks",MarketWatch,https://finnhub.io/api/news?id=e2165b6bb3bba7c35685522b1e5b2c85edc68fc81de3576f41b42b65218246bf
2025-02-19 03:39:24,TSLA,"TSLL Can Help Traders Juice Their Tesla Trading Performance, But Beware The Risks",TSLL is a leveraged ETF strategy that seeks to achieve 2x TSLA sharesâ daily performance. Explore more details here.,SeekingAlpha,https://finnhub.io/api/news?id=f52289f63dc250d8589e4d6ac4091d5e309627c52346b5dfa439af7e4f715005
2025-02-19 03:15:00,TSLA,"Meet the Cheapest Stock in the ""Magnificent Seven"" Right Now. Is it a Buy?","If you're a fan of Westerns, you may think of the silver screen when someone says The Magnificent Seven -- a film by the name came out in 1960.  Each of these companies is involved in the industry of technology, and they also have invested in the hottest tech area of all in recent times: artificial intelligence (AI).  After this top performance, with most Magnificent Seven players advancing in the double digits over the past year, you may expect their valuations to be sky-high.",Yahoo,https://finnhub.io/api/news?id=02a7dee8efc212ac8d749ce9113e05f80380f629e6c357205ec57d573ef76180
2025-02-19 00:37:00,TSLA,The Stock Market Is Dismissing Trump’s Tariffs. Why That’s a Mistake and 4 Other Things to Know Today.,The Stock Market Is Dismissing Trump’s Tariffs. Why That’s a Mistake and 4 Other Things to Know Today.,MarketWatch,https://finnhub.io/api/news?id=dcf6b2879afb01dab0cd4cc2907b2295208c81255ad7002f81cd5de27ef4fd25
2025-02-18 19:20:00,TSLA,"FAA Fires Hundreds of Workers, Sparking Concerns About Air Safety",Staff cuts hit employees who support aviation safety and security operations as the agency is grappling with recent airplane crashes.,Yahoo,https://finnhub.io/api/news?id=6ac20af328831b609a5bdc477bdc1cfd75f82158c4fe4bc6748afa6591a86d86
2025-02-18 15:40:00,TSLA,Harding Loevner Global Developed Markets Equity Q4 2024 Report,"The Harding Loevner Global Developed Markets Equity composite fell 1.0% (gross) in Q4 2024, while the MSCI World Index was about flat. Click here to read more.",SeekingAlpha,https://finnhub.io/api/news?id=7facde2ae5c066853e3c10f645338611f87bab1b8480e5a5ef704337d2dad585
2025-02-18 14:50:00,TSLA,Atai Capital Management Q4 2024 Letter,"Atai Capital returned 3.1% in the fourth quarter, bringing our full-year 2024 returns to 7.7% net of all fees. Click here to read the full fund letter. ",SeekingAlpha,https://finnhub.io/api/news?id=90da3014e55d9b8e3db58180c932085ae3f0a53eb1dd7fa349d4c61577537fcc
2025-02-18 11:44:58,TSLA,The Lucid/Tesla Long/Short,"Discover why Lucid Group outshines Tesla in the EV market with superior management, efficiency, and growth potential.",SeekingAlpha,https://finnhub.io/api/news?id=100eabb3f09620379f5c41d1061ef78bb62af417d2253208962314e32459820a
2025-02-18 10:59:12,TSLA,Push UPs [Stocks] Vs Pull DOWNs [Retail Sales],"This week's review and preview: The S&P 500 and Nasdaq showed bullish behavior, with the Dow Jones leading YTD gains at 4.7%, despite weak retail sales data. Read the full report here.",SeekingAlpha,https://finnhub.io/api/news?id=c31df8fe8b2fca463f42ecc3799b980a278e8518addeb12c05a3ccf4f73c16b1
2025-02-18 09:27:18,TSLA,Alphabet: Cheapest Mag 7 Stock With Bullish Growth Projections,"Alphabet is the cheapest Mag 7 stock, with a forward P/E ratio of only 18.2 for the fiscal year ending 2026. Click here to find out why GOOG stock is a Buy.",SeekingAlpha,https://finnhub.io/api/news?id=468c13d69ee938cf2387d38e6a8cb0411e7c33a03fa870714c612030dc3b11bf
2025-02-18 09:06:33,TSLA,Tesla Has A Popularity Issue,"Tesla faces significant risks in 2025, including declining sales in Europe and China, and potential U.S. market challenges due to policy changes. Read more here.",SeekingAlpha,https://finnhub.io/api/news?id=478de4c217fd9425788415d9017f9556ee8541662694d45ab20a88086f6a047c
2025-02-18 09:03:00,TSLA,"Wall Street Analyst Ratings Are ‘Mostly Useless,’ Unless You Use Them in the Right Way","Wall Street Analyst Ratings Are ‘Mostly Useless,’ Unless You Use Them in the Right Way",MarketWatch,https://finnhub.io/api/news?id=02febb94c4cffd97ab40269fa4a8e9dd776e70150c8b1e94f408ba0621c323ae
2025-02-18 08:10:00,TSLA,Meta Stock’s Huge Rally Ended Today,Meta Stock’s Huge Rally Ended Today,MarketWatch,https://finnhub.io/api/news?id=6deca0c374b365bb8c05aef43c84817d5a9bc60519c24bae1d9fb1011507a3ed
2025-02-18 04:00:00,TSLA,"Large cryptocurrencies drop on Solana, Avalanche declines","Large cryptocurrencies drop on Solana, Avalanche declines",MarketWatch,https://finnhub.io/api/news?id=24ff303a1ec0b20dcfc3c3aa0568490b5e5fa3829b8cf2f4f650b84c3ad47f87
2025-02-18 04:00:00,TSLA,Harding Loevner International Developed Markets Equity Q4 2024 Report,"For Q4 2024, the Harding Loevner International Developed Markets Equity composite fell 8.4% (gross) behind the 7.4% decline of the MSCI World ex US Index. Click here to read more.",SeekingAlpha,https://finnhub.io/api/news?id=2d5246ad3dfc65c082754213ef3843f9b39725e8accb1e5d8505f69dd2c1fdd9
2025-02-18 03:36:54,TSLA,China May Delay Tesla Full Self-Driving Approval; New Model Y Deliveries To Start,China May Delay Tesla Full Self-Driving Approval; New Model Y Deliveries To Start,DowJones,https://finnhub.io/api/news?id=e6ef6a079b032b3c7a02acfd7c0acdeafddcfdd488c86741c18582133573d9f7
2025-02-18 03:32:26,TSLA,Dow Jones Falls But S&P 500 Eyes New High; Nvidia Rallies Near Buy Point,Dow Jones Falls But S&P 500 Eyes New High; Nvidia Rallies Near Buy Point,DowJones,https://finnhub.io/api/news?id=3b8c502ec5e9afd78b307c1122617b811be660103b36dc8d7026fa090231b5e1
2025-02-18 03:04:21,TSLA,"Growth stocks are still doing quite well in 2025, without any help from the 'Magnificent Seven'","Growth stocks are still doing quite well in 2025, without any help from the 'Magnificent Seven'",MarketWatch,https://finnhub.io/api/news?id=b8e84d81a7d4485f4783335434cc7a1a28ddda82bfe0bafd38a338056f48b1b6
2025-02-18 03:00:00,TSLA,Apple: I've Learned Not To Bet Against It (Upgrade),Apple has gained momentum as its AI thesis starts to take off. Click here to find out why I upgrade AAPL stock to a buy rating.,SeekingAlpha,https://finnhub.io/api/news?id=37cf920e309a471906e024e62208d70d3e5f044173d729b0015fd7a2a7b25243
2025-02-18 02:12:10,TSLA,"Dow Jones Futures Rise, Market Eyes Highs; New Tesla Model Y Deliveries Sped Up","Dow Jones Futures Rise, Market Eyes Highs; New Tesla Model Y Deliveries Sped Up",DowJones,https://finnhub.io/api/news?id=e14272109ba868812cf6eb530f8f6794741da38b04d112c15c3811cbbd51ea43
2025-02-18 02:10:00,TSLA,American Century Focused Dynamic Growth Fund Q4 2024 Commentary,The reelection of former President Donald Trump initially pleased investors who had worried about another protracted legal battle regarding the electionâs results.,SeekingAlpha,https://finnhub.io/api/news?id=8d96f1a7ed9b70cba0740677fa661b9715838adf02954ff10196f42620bcc3bc
2025-02-18 02:00:55,TSLA,Tesla: How We Nailed The Last 4 Turns And What's Next,Our methodology consistently identified pivotal moments in Tesla over the last several months. Read why there is immediately bullish scenario for TSLA stock.,SeekingAlpha,https://finnhub.io/api/news?id=e85730f618a135752521d9ffdcaac2836a227e7d293dce2330a3866edf37ad55
2025-02-18 02:00:00,TSLA,Harding Loevner Global Equity ADR Q4 2024 Report,"Harding Loevner Global Equity ADR composite fell 1.12% (gross) in Q4 2024, compared with the 0.89% decline of the MSCI ACWI Index. Click here to read more.",SeekingAlpha,https://finnhub.io/api/news?id=945203791e50bd4f0e8d96824a2b7b3492080c9411c3d1bf6358e65e6fe70196
2025-02-18 01:39:00,TSLA,BYD Faces Backlash Over Free Smart Driving Tech. Tesla Has a Dilemma.,BYD Faces Backlash Over Free Smart Driving Tech. Tesla Has a Dilemma.,MarketWatch,https://finnhub.io/api/news?id=9f41230cf1f90cba8263b2dbac77deabfdd5207ad8187970de1cc48ac4fe6dd4
2025-02-18 01:30:00,TSLA,Harding Loevner International Equity ADR Q4 2024 Report,"For Q4 2024, Harding Loevner International Equity ADR composite fell 7.9%, gross, behind the 7.5% decline of the MSCI ACWI ex US Index. Click here to read more.",SeekingAlpha,https://finnhub.io/api/news?id=8665b4964a871302e0b270fe00fbd63f6ecdb773b7ed32c15dccb78cff325c4b
2025-02-18 01:28:00,TSLA,Tesla’s Musk Is China’s Bargaining Chip With Trump. It’s Not Good for Investors.,Tesla’s Musk Is China’s Bargaining Chip With Trump. It’s Not Good for Investors.,MarketWatch,https://finnhub.io/api/news?id=8938c4781f0a113228e9513454727a84fe91046f66c2b4b33f3d3f4031ab6620
2025-02-18 00:58:00,TSLA,"Buffett Isn’t Buying the Stock Rally. Why Trump, Russia, Fed Could Be Key.","Buffett Isn’t Buying the Stock Rally. Why Trump, Russia, Fed Could Be Key.",MarketWatch,https://finnhub.io/api/news?id=0f64c94ce250dcc0ca7f3778cba592b3b3eab57c3e3a7285d2caa5a0c1273ae2
2025-02-17 23:30:00,TSLA,Harding Loevner International Equity Q4 2024 Report,,SeekingAlpha,https://finnhub.io/api/news?id=0f9b6f0bc8bb2244ae0466ba74041dff308baaba5e55c592a50b95dda121965e
2025-02-17 22:58:00,TSLA,Why Tesla drivers may see higher insurance costs,Why Tesla drivers may see higher insurance costs,MarketWatch,https://finnhub.io/api/news?id=55aebb21cfced0aabec58a12ae519d08f081757766efd472033221c07f41aa46
2025-02-17 05:27:00,TSLA,Stanley Druckenmiller bought Tesla and these tech stocks last quarter,Stanley Druckenmiller bought Tesla and these tech stocks last quarter,MarketWatch,https://finnhub.io/api/news?id=2af914debcd9d2f0cd0e0dce657df2142bef40e3587ed681e53ca2ed8beb5a5e
2025-02-17 02:44:00,TSLA,Tesla May Get Caught Up in U.S.-China Trade Tensions. It’s Not Good for the Stock.,Tesla May Get Caught Up in U.S.-China Trade Tensions. It’s Not Good for the Stock.,MarketWatch,https://finnhub.io/api/news?id=3521f615c628c1402681f37b511d5223499986faf0800be33e5152813cad45d6
2025-02-17 01:55:00,TSLA,Parnassus Growth Equity Fund Q4 And 2024 Annual Investment Commentary,"The Parnassus Growth Equity Fund returned 4.85% (net) for Q4 2024, underperforming the Russell 1000 Growth Indexâs 7.07%. Click here to read the full commentary.",SeekingAlpha,https://finnhub.io/api/news?id=0e91fa81ce79a6a058f2186406389749201e7c0b0c8e23f98408dde776ffd009
2025-02-16 21:35:00,TSLA,Generation PMCA Q4 2024 Quarterly,Generation PMCA discusses each of its new holdings and updates on key holdings if there have been material developments. Click here to read more.,SeekingAlpha,https://finnhub.io/api/news?id=b3d7eadfefa047414dca5b48df534edaefdc8850f813d4ee5b1fd4486eba59dc
2025-02-16 15:25:00,TSLA,Mar Vista Global Quality Q4 2024 Commentary,"The MSCI World Net Index climbed 18.7% for the year, marking its second consecutive annual gain above 15%, and capping a remarkable two-year run with a 47% total return.",SeekingAlpha,https://finnhub.io/api/news?id=5f52c2d27ee6129694f0b3b2c625053d304f5373de979f4b652aa016c253e09c
2025-02-16 15:24:00,TSLA,Mar Vista U.S. Quality Select Q4 2024 Commentary,"Mar Vistaâs U.S. Quality Select strategy returned +0.39% net-of-fees in the fourth quarter of 2024. The Russell 1000Â® Index and the S&P 500Â® Index returned +2.74% and +2.41%, respectively.",SeekingAlpha,https://finnhub.io/api/news?id=1fc94b75ef1eaee94993d7c5f7a68781cb046ba3d2e9392bdf5b8e9530f1abcc
2025-02-16 15:23:00,TSLA,Mar Vista U.S. Quality Q4 2024 Commentary,"Mar Vistaâs U.S. Quality strategy returned -0.18% net-of-fees in the fourth quarter of 2024. Russell 1000Â® Index and the S&P 500Â® Index returned +2.74% and +2.41%, respectively.",SeekingAlpha,https://finnhub.io/api/news?id=8de2f58413a1489d09f4980ae60a5cea873d39aa76e310af34b685b5d948ed5f
2025-02-16 06:33:00,TSLA,Tesla’s New Competitor Is Meta,Tesla’s New Competitor Is Meta,MarketWatch,https://finnhub.io/api/news?id=dd44c9217c2ec43f547145acf4cd74f49525020e62fcd81d6417b52dfaf453ee
2025-02-16 04:00:00,TSLA,Tesla Has A Big Costly Image Problem (Rating Downgrade),Tesla's future in Canada and Europe is uncertain due to political tensions. Find out why TSLA stock could face a significant drop in the coming months.,SeekingAlpha,https://finnhub.io/api/news?id=e7f004b9136d6147ad490d24c33bfa9092ef0525a5f69e4241ec5f7cc133fc2d
2025-02-15 21:00:00,TSLA,"Big Pension Bought Up Palantir, Nvidia, and Tesla Stock. It Sold AT&T.","Big Pension Bought Up Palantir, Nvidia, and Tesla Stock. It Sold AT&T.",MarketWatch,https://finnhub.io/api/news?id=52e68dae5f2ed1436fe557f4de0b4c0de0e1af784d0edd00c15cb5638b04880d
2025-02-14 20:40:00,TSLA,Janus Henderson Responsible International Dividend Fund Q4 2024 Commentary,The Janus Henderson Responsible International Dividend Fund returned -6.46%  for Q4 2024. Click here to read the full commentary. ,SeekingAlpha,https://finnhub.io/api/news?id=316b7c16a75a1d978e2c996ffd821337a637485bcfae081ac2756e7e58e85581
2025-02-14 12:03:29,TSLA,FDIS: Consumer Discretionary Dashboard For February,"Fidelity MSCI Consumer Discretionary Index ETF (FDIS) is a solid alternative to XLY for long-term investors, slightly outperforming its peer with a similar risk profile and expense ratio.",SeekingAlpha,https://finnhub.io/api/news?id=dd6e7eebe206c4aae78152b44224eb8cc22b1960967fdc34c1f16975d665b156
2025-02-14 11:41:00,TSLA,"On This One, Tesla Is a DOGE Loser","On This One, Tesla Is a DOGE Loser",DowJones,https://finnhub.io/api/news?id=f505d31b8b3cf13935f23f49cd1c2b9b60afb150f47241de8efe1b8488737398
2025-02-14 11:26:00,TSLA,Third Point boosts its stake in these ‘Magnificent Seven’ stocks — but offloads this one,Third Point boosts its stake in these ‘Magnificent Seven’ stocks — but offloads this one,MarketWatch,https://finnhub.io/api/news?id=0a638c8cd9329cc985a957cc5dcff52acde14b0b3c6dd4a0e756fa505820d6c6
2025-02-14 10:57:00,TSLA,"Car Tariffs May Start on April 2, Trump Says","Car Tariffs May Start on April 2, Trump Says",MarketWatch,https://finnhub.io/api/news?id=8a291fd1f2a824153b048ff2fe6d673fc22fa57818c90f0baf81b50e1cbff4da
2025-01-30 11:32:15,TSLA,Tesla: China's BYD Now In The Driver's Seat,"BYD Company Limited surpassed Tesla, Inc. as top EV maker with vertical integration strategy through Mexico production facilities. Click for more on TSLA and BYDDF.",SeekingAlpha,https://finnhub.io/api/news?id=c6d981a3bc6cad1c26f37bbb64fa172c291ad2f45af15f0c6b2d6aa542d46797
2025-01-30 10:19:19,TSLA,"Stock Market Today: Dow Jones, S&P 500 Slice Gains; Apple Earnings On Tap (Live Coverage)","Stock Market Today: Dow Jones, S&P 500 Slice Gains; Apple Earnings On Tap (Live Coverage)",DowJones,https://finnhub.io/api/news?id=06b0549ff2875cbe8307a2cce3985a6ca48ac5e1f1575c084ebac28e5b2b8acb
2025-01-30 09:09:56,TSLA,"A Toe, A Foot, And Then A Leg: Maintaining Tesla With A Buy","Tesla has a lofty valuation, and a big part of it is due to CEO Elon Muskâs close ties to President Donald Trump. Click here to read why I reiterate TSLA a Buy.",SeekingAlpha,https://finnhub.io/api/news?id=6c7bb1121584a5c1de682dffb0a045ce5a320c353ead7ace8df41e2c0e15c951
2025-01-30 07:53:00,TSLA,"FSD, Robotics, And AI: Looking Past Tesla's Earnings Numbers","Tesla, Inc.'s Q4 results missed expectations, but future growth prospects in FSD, AI, and robotics make it a top long idea for 2025. Click for my TSLA update.",SeekingAlpha,https://finnhub.io/api/news?id=0db21d6267b9083e5da44fe837c3dddbebee6d3f03f557ce6c8a3c3a4f326634
2025-01-30 05:03:00,TSLA,Franklin Rising Dividends SMA Q4 2024 Commentary,"US equities collectively rose in the fourth quarter of 2024, with the S&P 500 Index reaching new record highs. Read more here.",SeekingAlpha,https://finnhub.io/api/news?id=2d8fad28a024b0bc0bb84735e5e0c25b8dcb860c107eaa36ec36171cda8ba8de
2025-01-30 04:37:30,TSLA,Tesla Q4: Cortex Supports Its Autonomous Driving Technology,"Teslaâs growth in AI, energy storage, and robotics supports a $460 target price. Learn why TSLA stock is a Strong Buy despite challenges in China.",SeekingAlpha,https://finnhub.io/api/news?id=25bd9d2f373133c2617d446d60f07bd220a7036bb527fb99424d2f8fd61de27b
2025-01-30 04:08:39,TSLA,"Meta Platforms: DeepSeek Works In Its Favor, Not Against It - A Tech Favorite",Meta Platforms' AI-driven strategy boosts ad revenue potential. Read why META stock is a buy with strong upside and a cheaper valuation compared to peers.,SeekingAlpha,https://finnhub.io/api/news?id=6c70b17aaa131bb2a9b4a5ec29fc3be48e5d50752b8ec96c5d48ad7db4c804e5
2025-01-30 04:03:53,TSLA,"Dow Jones Rises On Surprise Jobless Claims, GDP; Tesla Reverses Lower","Dow Jones Rises On Surprise Jobless Claims, GDP; Tesla Reverses Lower",DowJones,https://finnhub.io/api/news?id=f46af01b0722a4b030ecb63351efabdd9f9bb975ecf279d2919cd963edf2236d
2025-01-30 03:14:02,TSLA,Tesla Is Officially A Shrinking Company,Teslaâs weak revenue growth and high P/E ratio signal overvaluation. See why TSLA stock is facing pressure amid competition and stagnant vehicle sales.,SeekingAlpha,https://finnhub.io/api/news?id=1926e7e0b099a59d99908289af12705d08823df4207d02347d8aedc95c52608e
2025-01-30 03:12:34,TSLA,Tesla Stock: Musk Hypes Vaporware While Results Stagnate,"Tesla, Inc.'s Q4 earnings show revenue stagnation and declining margins in the automotive division. Read more on TSLA stock prospects.",SeekingAlpha,https://finnhub.io/api/news?id=d4dc4818ecfa1d4d3ec47b202181f01c70a4d09f729ffd5af901b7a2891bd847
2025-01-30 02:30:00,TSLA,Summers Value Partners Q4 2024 Partner Letter,"In 2024, the Summers Value Fund LP (âthe Fundâ) delivered a net1 return of 27.4%. Click here to read the full letter.",SeekingAlpha,https://finnhub.io/api/news?id=8274f9160a843378123789f5c8d814eab39fb1c0b29ab11ed51fae5b7d8e6844
2025-01-30 02:14:41,TSLA,"Dow Jones Futures: Tesla Rises On June Robotaxi Target; Microsoft, ServiceNow Skid","Dow Jones Futures: Tesla Rises On June Robotaxi Target; Microsoft, ServiceNow Skid",DowJones,https://finnhub.io/api/news?id=efd8a5ed36353c14088da5222d6b64ed66843466b7b9fb0629b4799898aa4af8
2025-01-30 02:13:09,TSLA,"Stock market today: Meta and Tesla gain, airlines pressured after American jet crashes near DC",Wall Street pointed mostly higher in premarket trading Thursday while more corporate earnings poured in a day after the Federal Reserve opted to leave its benchmark lending rate alone. Futures for...,Finnhub,https://finnhub.io/api/news?id=a1212052a8211eaa5a4b08e1e2b76017710a63c4a1e3956607af40945c31ce7c
2025-01-30 01:57:28,TSLA,Sirius XM beats quarterly revenue estimates on steady sports livestreaming demand,"Audio company Sirius XM exceeded fourth-quarter revenue estimates on Thursday, driven by steady demand for its live sports shows, which became popular over the 2024-2025 NBA season and the inaugural...",Finnhub,https://finnhub.io/api/news?id=53dc58d07b9cbc981e57fdbc8ecbca20a63c4c944bbc92fb2948d04bf9089de8
2025-01-30 00:18:52,TSLA,"Tesla expects capital expenditure to exceed $11 billion in 2026, 2027","Tesla expects capital expenditure to exceed $11 billion this year and in each of the following two fiscal years, the elctric automaker said in a filing on Thursday. The company had said...",Finnhub,https://finnhub.io/api/news?id=ba34b86023d4a0314f20f043ac57023dd6649e515330891f9ba84f42c678ed6c
2025-01-29 22:24:15,TSLA,Tesla: EPS up 3% in Q4,"Tesla on Wednesday evening reported net income up 3% for the last three months of 2024, to around $2.57 billion, or $0.73 per share, with adjusted EBITDA margin improving by more than 3.4 points to...",Finnhub,https://finnhub.io/api/news?id=6efa24b494032fd60677ba6e5fda0b9e11faa97acb6cc9dba6f132f7b712cc04
2025-01-29 22:09:22,TSLA,"Tesla's Full Self Driving Doesn't Work, Says Gerber","-- Ross Gerber, Gerber Kawasaki co-founder, president and CEO, says Tesla needs to find more ways to grow. He says Tesla's financial performance over the last three years has been horrible and no...",Finnhub,https://finnhub.io/api/news?id=2cef2f8ed9415ae2601336b38e9c8299db34899f7e607ceba4d9d350340cf201
2025-01-29 20:24:39,TSLA,Tesla Stock: The Potential Reward Is Greater Than The Risk (Rating Upgrade),Tesla's missed earnings didn't dampen investor optimism. Click here to read why I'm switching my rating on TSLA stock to a speculative Buy.,SeekingAlpha,https://finnhub.io/api/news?id=dae00231683f09e51053627b48367463fa13fdc5264d5d51e5ea9928de43c783
2025-01-29 20:11:10,TSLA,Tesla shares rise in Frankfurt despite earnings miss,"Tesla shares opened up 3.6% in Frankfurt trading on Thursday, even as quarterly results at the U.S. electric vehicle maker fell short of Wall Street expectations. Tesla said it was on it...",Finnhub,https://finnhub.io/api/news?id=0421fcb44b7183eecb7ee7b46bfdbd943f6ba08019e4edc37ab259f3a832f71a
2025-01-29 18:17:15,TSLA,"Tesla: After Weak Q4 Earnings, I'm Reiterating My 'Sell' Stance","Despite potential in robotaxis and AI, Tesla's Q4 financials showed significant misses. Click here to read what justifies TSLA stock a Sell.",SeekingAlpha,https://finnhub.io/api/news?id=f6d6bba0128f6e385d3910cbc563208a8b3d5d3940c99a56651993d2ca27081e
2025-01-29 16:40:00,TSLA,Giverny Capital Asset Management Q4 2024 Letter,Giverny Capital Asset Management enjoyed market-beating returns in 2024 from an eclectic group of companies. Click here to read the full letter. businesses,SeekingAlpha,https://finnhub.io/api/news?id=d8a232d1e8cd700fad25a7a5e9eeeb83af92d396f377f92b6137abbed5ae7968
2025-01-29 15:53:05,TSLA,Tesla: Q4 Earnings Snapshot,"AUSTIN, Texas — AUSTIN, Texas — Tesla Inc. on Wednesday reported fourth-quarter earnings of $2.32 billion. On a per-share basis, the Austin, Texas-based company said it had profit of 66...",Finnhub,https://finnhub.io/api/news?id=e98c841563b0c1acd5cb8a9356aaa55bace42f56ee445f4875bb46f8ed11eb5d
2025-01-29 15:52:59,TSLA,"Tesla, Inc. (TSLA) Q4 2024 Earnings Call Transcript","Tesla, Inc. (NASDAQ:TSLA) Q4 2024 Earnings Conference Call January 29, 2025 5:30 PM ETCompany ParticipantsTravis Axelrod - Head of IRElon Musk - CEOVaibhav...",SeekingAlpha,https://finnhub.io/api/news?id=c435930f0452177d46d897041358bed026ce52ac721183aef42a66b778b5d582
2025-01-29 15:46:05,TSLA,"Tesla commits to cheaper cars, says robotaxis to come soon",STORY: Tesla says it's working on delivering more affordable cars in the first half of 2025. That's after its quarterly results disappointed Wall Street on Wednesday. In a...,Finnhub,https://finnhub.io/api/news?id=04c7556b8b6b23874c6a3bb1a9a1c6fc5dd61d336501956eaa797356f9ad9a05
2025-01-29 14:05:00,TSLA,Tesla Caps Roller-Coaster Year With Mixed Fourth-Quarter Earnings,Tesla Caps Roller-Coaster Year With Mixed Fourth-Quarter Earnings,DowJones,https://finnhub.io/api/news?id=0b0f725c92f8aef0fe05f1b9d2dab6dfdd566527a689536b8d0cb888ec52dcea
2025-01-29 13:36:35,TSLA,Tesla: The Only Growth Company That Doesn't Grow,"An analysis of Tesla shows underwhelming Q4 results, issues with valuation, and a strong sell rating. Click for this TSLA stock earnings update.",SeekingAlpha,https://finnhub.io/api/news?id=0c17dc88c920c4f3d614fa31ddaaf5f79976f774929664581c9ba8325e51a6fc
2025-01-29 12:52:13,TSLA,Tesla's Q4: Even Worse Than Expected,"Tesla missed Q4 estimates on both revenue and earnings, indicating issues of overcapacity and competition in EV market. Click here to read why TSLA is a Sell.",SeekingAlpha,https://finnhub.io/api/news?id=b2fcec46ab085eb5cfb9cde7a0548010485cc0fc7ed2a6a27e2c286e47434a81
2025-01-29 12:47:14,TSLA,Tesla Rises On Robotaxi Hopes Despite Earnings Miss. Elon Musk Sees 'Epic' 2026. (Live Coverage),Tesla Rises On Robotaxi Hopes Despite Earnings Miss. Elon Musk Sees 'Epic' 2026. (Live Coverage),DowJones,https://finnhub.io/api/news?id=ea7e16ef7a1897b287bfca8c5d77ca56bf0ec200d358448eff8dc18f3969a76d
2025-01-29 11:45:00,TSLA,Tesla Q4: A Real Stinker,"Tesla, Inc.'s Q4 results disappoint with falling revenue and margins despite a record quarter, relying on Bitcoin gains to boost net income. Click for my TSLA update.",SeekingAlpha,https://finnhub.io/api/news?id=7cafc499b52acb5be04bd996beab49b9ac317f21e0b32a0fc33276017d08fac0
2025-01-29 11:34:14,TSLA,Tesla's Q4 results fall short of Wall Street estimates as sales stall and rivals steal customers,Tesla’s fourth-quarter net income fell 71% from a year ago when results were boosted by a one-time tax benefit. The latest results fell short of Wall Street forecasts. The electric vehicle...,Finnhub,https://finnhub.io/api/news?id=f802cbb36f924469e92dd621568bf72b03245bf3449958d8e6562c1e86f2e3ba
2025-01-29 11:04:16,TSLA,Tesla 4Q Revenue Climbs on Energy Generation and Storage Gains,By Sabela Ojea Tesla logged a revenue gain in the fourth quarter helped by its energy generation and storage business. The stock was up 3.5% to $402.67 in post-market trading. Revenue...,Finnhub,https://finnhub.io/api/news?id=f53124eaed7a60c3d747e61386a7a6e26bfc5234c51e4df959dc4093ca522d73
2025-01-29 11:02:12,TSLA,"Tesla, Inc. 2024 Q4 - Results - Earnings Call Presentation","The following slide deck was published by Tesla, Inc.",SeekingAlpha,https://finnhub.io/api/news?id=fd60e3ab5b55b2536b82ddf79b729d309bec58dfa84f6f6ca36458d0c33e57ec
2025-01-29 11:00:00,TSLA,DeepSeek AI Is the Competition America Needs,DeepSeek AI Is the Competition America Needs,DowJones,https://finnhub.io/api/news?id=d8655f587ff8fa0aefe2d9b852eba85bca566b7ed6e5d4a2ccee613c45be1d78
2025-01-29 10:35:07,TSLA,Tesla's fourth-quarter results fall short of Wall Street estimates as rivals steal customers,Tesla’s fourth-quarter net income fell 71% from a year ago when results were boosted by a one-time tax benefit. The latest results fell short of Wall Street forecasts. The electric vehicle...,Finnhub,https://finnhub.io/api/news?id=09d306440d479dc0ba9a4d7cb8f46a2d1bb1659967f5fbf18334948fd61f41ac
2025-01-29 10:12:42,TSLA,"Stock Market Today: Dow Jones Pares Losses As Powell Notes Trump Tariff Uncertainty; Tesla, Microsoft, Meta Earnings Loom (Live Coverage)","Stock Market Today: Dow Jones Pares Losses As Powell Notes Trump Tariff Uncertainty; Tesla, Microsoft, Meta Earnings Loom (Live Coverage)",DowJones,https://finnhub.io/api/news?id=be44474fd693f888d9412c5774e3c288bb318705e1a7f85fb349f27f6c361135
2025-01-29 10:12:03,TSLA,Tesla Releases Fourth Quarter and Full Year 2024 Financial Results,"Tesla has released its financial results for the fourth quarter and full year ended December 31, 2024 by posting an update on its Investor Relations website. Please visit https://ir.tesla.com to view...",Finnhub,https://finnhub.io/api/news?id=398c6581422d311d3aa281fce16d56dcd91204232dd9c9b3191c7240ea55c5d9
2025-01-29 10:11:14,TSLA,Tesla : Q4'24 Earnings Update Letter,Q4 and FY 2024 Update 1 Highlights ...,Finnhub,https://finnhub.io/api/news?id=d698198a130899e2aaad2eeefbec8dcd86b622efbbefcf8df6f9818cbc288ae0
2025-01-29 10:11:09,TSLA,Tesla : Releases Fourth Quarter and Full Year 2024 Financial Results,"AUSTIN, Texas, January 29, 2025 - Tesla has released its financial results for the fourth quarter and full year ended December 31, 2024 by posting an update on its Investor Relations website. Please...",Finnhub,https://finnhub.io/api/news?id=46b09b5aaac11c9bf0bc0401f0dc24a2a1d57ed9f39514c81f2e9b8ff461ba63
2025-01-29 10:10:16,TSLA,Tesla's fourth-quarter profit margin misses estimates,"Tesla fell short of analysts' estimates for gross profit margin in the fourth quarter on Wednesday, as the electric-vehicle maker rolled out financing offers and discounts to spur flagging demand for...",Finnhub,https://finnhub.io/api/news?id=4eb45ba2616da35f6068cfee38a01bbd09edcc6251c568c03edd8c6859824a8d
2025-01-29 05:15:00,TSLA,"Tesla, Proust, And The Power Of Seeing With New Eyes","Countless times, Iâve heard people argue that Teslaâs market value is irrational. On the surface, that seems like a reasonable claim, but is it? Find out.",SeekingAlpha,https://finnhub.io/api/news?id=b15989be1d628a080242f75dc838b42fbb70dda98f4c11e45317ba8c80923962
2025-01-29 04:50:00,TSLA,Uber: Deeply Undervalued Whichever Way You Look At It,"This quarter, some exciting opportunities presented themselves and UBER was one. Click here for our investment thesis on UBER stock. ",SeekingAlpha,https://finnhub.io/api/news?id=a7207f8acf633c9129870ca3c54ea71321675ef2820369b1903f85d51e7ae475
2025-01-29 04:43:40,TSLA,What To Expect From Tesla's Earnings,-- Tesla shares are up almost 90% since its last earnings report. Excitement is building to see what Elon Musk reports after the bell today. Pierre Ferragu of New Street Research just upgraded the...,Finnhub,https://finnhub.io/api/news?id=64e6ff903f274ad718e388a776c623e62fed57c0b5e9662c5d69083b88e8d91a
2025-01-29 04:40:45,TSLA,Forget DeepSeek: Up To 13% Dividend Yields From A.I. Investments,Discover how dividend investors can benefit from AI opportunities after the recent tech stock flash-crash which was triggered by DeepSeek AI. Read our investing recommendations here.,SeekingAlpha,https://finnhub.io/api/news?id=fb207a4e9c287b6903eb1665b90beda3675d6fa015d9ed2f5e2a1d4aaa99f0f4
2025-01-29 04:01:14,TSLA,Polish government calls for Tesla boycott over Elon Musk's far-right comments,Copyright © BusinessAMBE 2023Key takeawaysA Polish government official has called for a boycott of Tesla vehicles in Poland.The boycott is in response to Elon Musk's comments about downplaying...,Finnhub,https://finnhub.io/api/news?id=782f71a1067f1a4ae7e04d4089c22e1a43ffb05316bfb2fdec88c830b1b112e1
2025-01-29 04:00:00,TSLA,DeepSeek's Disruption: The Impact On Nvidia And The Semiconductor Industry,"As DeepSeekâs breakthrough AI news disrupts the semiconductor industry, understand the shift from training to inference and the impacts on dominant players like Nvidia.",SeekingAlpha,https://finnhub.io/api/news?id=8607163cb63d44b7a2a7cacf8bce3221b088a143e6934bccb8cd1c10cbccdf20
2025-01-29 03:15:00,TSLA,Time For Dividend Investors To Capitalize On AI Roller-Coaster,"Trump, by taking the Office, has created an elevated uncertainty in the system, which is supportive for a heightened volatility.",SeekingAlpha,https://finnhub.io/api/news?id=6160a2431ea779c0ceeb8b0a8f95f428e4ca163a91521cc39a688a1bb939643e
2025-01-29 02:00:00,TSLA,Tsai Capital 2024 Investor Letter,"For the year 2024, the Tsai Capital Growth Equity Strategy gained 23.0% after fees, and 24.5% before fees. Click here to read the full letter. ",SeekingAlpha,https://finnhub.io/api/news?id=450bedcb16b0d02fa2c14ed83f57502c219d3ed22cff81a202ddd8cb66795dce
2025-01-28 21:55:00,TSLA,ClearBridge Large Cap Growth ESG Strategy Q4 2024 Commentary,The ClearBridge Large Cap Growth ESG Strategy underperformed its Russell 1000 Growth Index benchmark in the fourth quarter. Read more here.,SeekingAlpha,https://finnhub.io/api/news?id=00c8dc44289fdc166f4a31d57b1af9002d4f44ce3b2eedcf50456b9cc61f0b6d
2025-01-28 18:16:08,TSLA,TSLY: A Better Deal Now More Than Ever Before,"TSLY writes call options against Tesla stock and invests in US Treasury Notes/Bonds, achieving very high distribution rates. Read why TSLY ETF is a Buy.",SeekingAlpha,https://finnhub.io/api/news?id=90e084690fcae4eaa8013803c3d37703e8996a167c7909f936a498fce3f82db2
2025-01-28 10:19:20,TSLA,Elon Musk's Efficiency Under Scrutiny,"-- As Elon Musk is set to cut spending and waste in the government sector with DOGE, many are now criticizing the effectiveness of his cost-cutting leadership at his own companies like Tesla and...",Finnhub,https://finnhub.io/api/news?id=b9667731fcb91640e39231fa590907de088a6f420cd8ef00b7b487483ac636bf
2025-01-28 09:44:26,TSLA,Tesla Stock Is Trading Within The Price Range For Major TSLY ETF Outperformance,YieldMax TSLA Option Income Strategy ETF profits from strategic options. Find out why TSLY stock could deliver better returns than TSLA in the current market.,SeekingAlpha,https://finnhub.io/api/news?id=900604a10dc54a8a27eb3cf6ad8c87eb541910195aa60bec60d595d2479575f0
2025-01-28 06:45:06,TSLA,Sean Duffy is confirmed by the Senate to lead the Transportation Department,"NEW YORK — Sean Duffy was confirmed Tuesday as transportation secretary, giving him a key role in helping President Donald Trump cut regulations and fix the nation's infrastructure. The former...",Finnhub,https://finnhub.io/api/news?id=76cf8218d280996a5387a84f912051bebfe3c3ce2092862c600f7211102361d7
2025-01-28 05:10:00,TSLA,Can The Magnificent 7 Maintain An Upbeat Earnings Season?,The Q4 earnings season continued on a positive note after big banks and other financials struck a bullish tone in the first two weeks of reporting. Click to read.,SeekingAlpha,https://finnhub.io/api/news?id=9088e4f6c67dd7de97921b7048e43b891734359d045aa7ebdb767a797022d508
2025-01-28 04:36:11,TSLA,How Canada and the U.S. can still tackle climate change in a second Trump era,"This article was originally published on The Conversation, an independent and nonprofit source of news, analysis and commentary from academic experts. Disclosure information is available on the...",Finnhub,https://finnhub.io/api/news?id=8001f34786483b15504de2f520dbb1de4902c82b02d1cebf3b46dc55403b3b28
2025-01-28 04:35:00,TSLA,Third Avenue Value Fund Q4 2024 Commentary,"Third Avenue Value Fund returned -9.59% in Q4 2024, as compared to the MSCI World Index 1, which returned -0.07%, and the MSCI World Value Index 2, which returned -4.06%.",SeekingAlpha,https://finnhub.io/api/news?id=7d5aa3d23bbb576f5c38c354f38e253e9c7fbed5a028a362483725b5ccc7079f
2025-01-28 02:41:34,TSLA,Elon Musk clashes with Norway wealth fund CEO; 'friends are as friends do',"Tesla CEO Elon Musk has clashed with Nicolai Tangen, CEO of Norway's sovereign wealth fund, one of the automaker's top investors, according to a record of the conversation released on Tuesday. ...",Finnhub,https://finnhub.io/api/news?id=5765f1d8c37983399c31222d456bd9212b7c5ea95f8cef408ffc90404c5b32e2
2025-01-28 00:34:30,TSLA,"Wall Street Breakfast Podcast: Tesla, BMW Drive Into EU Tariff Battle","Tesla, BMW challenge EU tariffs on China-made EVs. EV success: Norway on track to be first country to go fully electric. Smithfield Foods prices IPO at $20 per share",SeekingAlpha,https://finnhub.io/api/news?id=fd1764d262947bd85ef95487b5c98956479369aad72efc19a3d49fc80615af45
2025-01-27 20:35:24,TSLA,SCAP For Monthly Income And Growth,Retiree seeks income and growth with SCAP small cap value stock investment for higher returns than S&P 500. Read more on SCAP ETF here.,SeekingAlpha,https://finnhub.io/api/news?id=b69b1337ce9505bd6c440a4b68b7ee47e4cb8faca244e67fdd8bb79c681a46ea
2025-01-27 16:23:11,TSLA,"Predator drone maker asks Musk's DOGE to cut Pentagon red tape, letter shows","A leading defense manufacturer has asked the Trump administration to reform the Pentagon's contracting system, saying it was too slow and bureaucratic to combat threats from China and Iran, a letter...",Finnhub,https://finnhub.io/api/news?id=5cdbd968681a1fd404cb7e56b12da2af5ac43bdc244fa9a74f14b7973fa54c75
2025-01-27 12:03:01,TSLA,MAGS: The DeepSeek Crash Is A Warning Flag For Big Tech,I warn of overvalued tech stocks due to speculative trading and rise of Chinese AI firms. Click for this updated look at Roundhill Magnificent Seven ETF (MAGS).,SeekingAlpha,https://finnhub.io/api/news?id=a7095d5d05e83f59b8348f6d69211ae23af33343d9793928c0312307cc7b5645
2025-01-27 09:26:35,TSLA,Rotten Weekly Trading Volume Stats In 2024 May Signal Major Tesla Top,"Tesla's valuation is unsustainable, with potential downside risk targets under $100 per share if economic conditions worsen dramatically. Learn more on TSLA stock here.",SeekingAlpha,https://finnhub.io/api/news?id=0cfb98751f9bdd4a5bf599da1df7db5327cafa05aa856abceba713407676432b
2025-01-27 08:43:33,TSLA,IDE: This High-Yielding Fund Is Better Than The Market Thinks,"The Voya Infrastructure, Industrials and Materials Fund offers high-yield exposure to three sectors with a big yield. Read more about the fund's top holdings.",SeekingAlpha,https://finnhub.io/api/news?id=1b5b3440c5e3895dde3c1e1505c17e7bef2ba4f803af9526f230f0cde2a4fbcf
2025-01-27 07:34:34,TSLA,The Coming Tesla Optimus Flop: The Growing China Threat,"Financial writer analyzes Tesla, Inc.'s Optimus robot and predicts Chinese humanoid robots will dominate, eroding its edge in robotics. Click for this TSLA update.",SeekingAlpha,https://finnhub.io/api/news?id=9088c6619e26066e70543f6259a807c9e18bc7960c4850f5a0cb546e7be86f47
2025-01-27 05:44:26,TSLA,"Tesla, BMW Sue EU as Tension Mounts on Chinese EV Tariffs","By Edith Hancock Tesla and Germany's BMW are suing the European Commission, joining a growing band of Chinese automakers to oppose the European Union on its punitive tariffs on electric vehicles....",Finnhub,https://finnhub.io/api/news?id=74cd9bffdb76ced641229267b637c0a3b1c5e379bfa684cacd10da909216da6d
2025-01-27 05:00:45,TSLA,Tesla: The Trump Factor Could Be A Headwind,"Tesla's profitability and revenue growth are under pressure, with high interest rates and fierce competition from BYD. Learn more about TSLA stock here.",SeekingAlpha,https://finnhub.io/api/news?id=6c94587b65d5f1643d020b95a116b4dbd6c9514666d855ce8a049b8bd74024ef
2025-01-27 04:17:21,TSLA,"Rocket Lab: Still A Buy, Despite These 2 Key Risks",Rocket Lab stock shows 540% returns with risks like valuation and dilution with long-term potential similar to SpaceX's Starlink. Learn more on RKLB stock here.,SeekingAlpha,https://finnhub.io/api/news?id=83614a312b7f042ce3b858e7d01ed6fe49167ba278a77b992268b9ca4ea71b37
2025-01-27 04:04:40,TSLA,PBP: Don't Get Hypnotized By This 9% Yield,Discover why Invesco S&P 500 BuyWrite ETF (PBP) may not be the best choice for income generation compared to other ETFs with similar strategies.,SeekingAlpha,https://finnhub.io/api/news?id=5bff40d8676c34b5152b8609edcad7e24c475c1109ba1ab190231df0071d1b1e
2025-01-27 03:40:30,TSLA,Nvidia Has A DeepSeek Problem,Nvidia is dropping more than 8% in pre-market as news of China's DeepSeek model performance trend in the media. Check out what investors need to know.,SeekingAlpha,https://finnhub.io/api/news?id=8b4a7431373c5fbbd1f1e6ef4a8c2d8d786b3ddc4cf9f010b5eef9074561bedd
2025-01-27 00:23:30,TSLA,Tesla investors pin hopes on cheaper EV model to boost sales after lackluster 2024,Tesla investors will look for more details on the automaker's lower-priced model when it reports quarterly results on Wednesday as some expect the cheaper car to help the company hit its goal to...,Finnhub,https://finnhub.io/api/news?id=dfdf833efe04a58cdd748ecbcbb7b681c41dfcb0e132dd687fd6ab44b8c472ac
2025-01-27 00:14:22,TSLA,Tesla joins court challenges to EU tariffs on Chinese EVs,"Tesla has joined BMW and Chinese producers in filing a challenge at the Court of Justice of the European Union against EU tariffs on China-made electric vehicles, according to a filing on the court's...",Finnhub,https://finnhub.io/api/news?id=2b374806c04c3ccb11c3bdb2f9df7f8b3bc595a188bcfc6bda5225fd2646e73f
2025-01-26 23:07:42,TSLA,I See Demand And Margin Challenges For Tesla Ahead Of Q4 Earnings,Tesla is due to release earnings after market hours on 29 Jan'25. Read why I maintain my hold rating on TSLA stock.,SeekingAlpha,https://finnhub.io/api/news?id=63c67377db8934984ab414489c457ea6fa9ebed24dec4f22d8f8424305f923b8
2025-01-26 15:25:02,TSLA,"If The S&P Tops Out This Week, It May Not Matter - Here's Why",The S&P 500's recent rally is driven by relief over no new tariffs. Read why investors should focus on 493 S&P 500 stocks outside the Magnificent 7.,SeekingAlpha,https://finnhub.io/api/news?id=69504dbe62bd8e246ed243137aff4760909a98ed4df389c0cacb9d57f856d5bc
2025-01-26 12:50:11,TSLA,Elon Musk says $1 million election giveaway wasn't an illegal lottery,Elon Musk asked a federal judge to dismiss a proposed class action by voters who said the world's richest person defrauded them into signing a petition to support the U.S. Constitution for a chance to...,Finnhub,https://finnhub.io/api/news?id=8285f8dd2116f7a6df36991c8805f6df806f8cb2c46cb5a22282dc18328398cd
2025-01-26 09:17:00,TSLA,Wall Street Brunch: Sparks Could Fly At Fed Presser,"Expect questions about Fed independence at the chairman's Q&A. Apple, Microsoft, Met and Tesla report results. Alphabet may be sitting on an Nvidia rival.",SeekingAlpha,https://finnhub.io/api/news?id=eb751fef60ff2dd96d1913ae7d95627bcbc5d3d80f3421170abc666fcc5c0297
2025-01-26 08:00:00,TSLA,"Apple, AT&T, Tesla, GM, Microsoft, and More Stocks to Watch This Week","Apple, AT&T, Tesla, GM, Microsoft, and More Stocks to Watch This Week",MarketWatch,https://finnhub.io/api/news?id=b18bb7578338d74e2199da931940f1376a4d26e0b537d22a734e677e67201227
2025-01-26 07:58:00,TSLA,ClearBridge Large Cap Growth Portfolios Q4 2024 Commentary,The Portfolios and the Russell 1000 Growth Index are coming off two years of historically robust performance. Read more here.,SeekingAlpha,https://finnhub.io/api/news?id=85e7f934f03bf89e7156c94f9b074abf0de9b4f5d05551200889240b2e23579f
2025-01-26 07:13:00,TSLA,ClearBridge Large Cap Growth ESG Portfolios Q4 2024 Commentary,The portfolios and the Russell 1000 Growth Index are coming off two years of historically robust performance. Read more here.,SeekingAlpha,https://finnhub.io/api/news?id=fbc39117e569d7dd6733b4fa5a23c317e613633829117aa29a48837a37c711e8
2025-01-26 06:15:00,TSLA,"S&P 500 Earnings This Week: FOMC Decision, Mega-Cap Tech Earnings, And December PCE On Friday","Tesla, Meta and Microsoft report after the closing bell on Jan. 29; Apple, Intel and Visa report on Jan. 30. December PCE and Core PCE are due on Jan. 31; consensus expects +0.2% Core PCE.",SeekingAlpha,https://finnhub.io/api/news?id=ed3d70cd865e440a55000f4420dc9fa7d684e45d07a80f57cca505631ee39c69
2025-01-26 06:00:00,TSLA,Tesla: A Harsh Wake-Up Call Is Coming,Tesla's first Y/Y decline in annual vehicle sales and weaker Q4 deliveries indicate that its growth story is losing momentum.,SeekingAlpha,https://finnhub.io/api/news?id=9676bc83de19b2c3bd5cbfd2a929289518a7560ddc4412879fcc70f52c01c9af
2025-01-26 03:13:00,TSLA,Conestoga Capital Advisors Q4 2024 Quarterly Commentary,"U.S. equity indices generated modest returns in the fourth quarter of 2024, and closed out the full year with double digit returns for the second year in a row.",SeekingAlpha,https://finnhub.io/api/news?id=e1a28e98a947da469f95e2773d5b14ad45324702d9e9b0c031addc7b6bc3df90
2025-01-26 02:30:00,TSLA,"QQQX: 8% Plus Income Yield, Decent Discount, And Long-Term Growth",QQQX is a closed-end fund that primarily invests in large capitalized high-growth equity holdings. Check out my recommendation for the fund.,SeekingAlpha,https://finnhub.io/api/news?id=134d661f15ebe7453842733e0649d329663bac24bbaadb001a925a5785d551cc
2025-01-26 00:30:52,TSLA,The Week Ahead,,SeekingAlpha,https://finnhub.io/api/news?id=776391aecaed88be39b503aa2ce418e21848846c9af7c30556f617d88d397983
2025-01-26 00:20:12,TSLA,"Donald Trump says Keir Starmer has done a ""very good job thus far""","Donald Trump has said he has a very good relationship with Keir Starmer, adding the UK prime minister has done a very good job thus far.Speaking to the BBC onboard Air Force One, Trump told the...",Finnhub,https://finnhub.io/api/news?id=c88dff0ca6ae625e00f3adc82471a59763f810eb6fc1c9f459e9796d558c56ef
2025-01-25 05:00:00,TSLA,"Tech Takes Spotlight In Busy Earnings Week As Apple, Microsoft, Meta Report Results",Big tech names report earnings this week. Fed's interest rate decision is to be announced on Wednesday. Stay updated on upcoming events with this newsletter.,SeekingAlpha,https://finnhub.io/api/news?id=f0f6e269728527cf69eed6893e6992a4943b99e86434cd4d1ff237da0c85584a
2025-01-25 02:00:00,TSLA,5 Best CEFs This Month For Nearly 10% Yield (January 2025),Discover high-yield closed-end funds for income investors with reasonable total returns. Click for our process of winnowing out the best CEFS this month.,SeekingAlpha,https://finnhub.io/api/news?id=197c5be575be03a4b9586b3090506ccae90f12a685d42c55c0010fb160219701
2025-01-24 21:00:00,TSLA,Is Musk a DOGE Employee? How Ethics Rules Come Into Play.,Is Musk a DOGE Employee? How Ethics Rules Come Into Play.,MarketWatch,https://finnhub.io/api/news?id=113955d52cbbb608139447a2e31407ee1047f27055e90a51e843170c64e3c173
2025-01-24 16:42:00,TSLA,"Dow Jones Futures: Huge Earnings Due; Meta, Tesla, Microsoft Near Buy Points","Dow Jones Futures: Huge Earnings Due; Meta, Tesla, Microsoft Near Buy Points",DowJones,https://finnhub.io/api/news?id=87329b5a5ee460344c8f87db0f0de12d9e936dbf7493bb76e5c920b3f4a7b43c
2025-01-24 13:35:42,TSLA,"Exclusive-FTC chairman says COVID is long over, get back to the office","The chairman of the Federal Trade Commission on Friday acknowledged staff anxiety over returning to full-time in the office at an agency where around 80% work from home most of the week, but said the...",Finnhub,https://finnhub.io/api/news?id=420b2bb878d5eeac8dce87b9cc1c6680f9917df1ea37f7a27f4d778f7428f3c9
2025-01-24 11:13:00,TSLA,Tesla Stock Fell Again. Model Y Price Hike Fuels New Car Speculation.,Tesla Stock Fell Again. Model Y Price Hike Fuels New Car Speculation.,MarketWatch,https://finnhub.io/api/news?id=503c02b4dfddbd0fa5626b2d9cb82d31768d6395fe572c0f51a90b00c9f74d94
2025-01-24 10:54:00,TSLA,"These Stocks Are Moving the Most Today: Texas Instruments, Meta, Verizon, Boeing, Tesla, Amex, Novo Nordisk, and More","These Stocks Are Moving the Most Today: Texas Instruments, Meta, Verizon, Boeing, Tesla, Amex, Novo Nordisk, and More",MarketWatch,https://finnhub.io/api/news?id=7ca6d27da9e9cc2edf90cd502a550723d17188bc1f237421cbe80d752bbc5ebc
2025-01-24 10:20:06,TSLA,"New Tesla Model Y Launches In U.S., Europe. Early Buyers Will Have To Pay Up.","New Tesla Model Y Launches In U.S., Europe. Early Buyers Will Have To Pay Up.",DowJones,https://finnhub.io/api/news?id=860e2f3744b764fd01db29f8df6fff4f56fb5f9767e108c13d43fab5e7e34db6
2025-01-24 09:59:10,TSLA,Autonomous Driving And Other Keys That Could Move Tesla Stock On Earnings,Autonomous Driving And Other Keys That Could Move Tesla Stock On Earnings,DowJones,https://finnhub.io/api/news?id=53c2741deae66af05b69f0397bd14c2c85f3fdb6075f5dbbd1b37e8c3a0fba82
2025-01-24 09:41:16,TSLA,"Big Tech stocks mostly slump, with Nvidia heading for a large loss","Big Tech stocks mostly slump, with Nvidia heading for a large loss",MarketWatch,https://finnhub.io/api/news?id=8c3b17b22ca0fe7c3298c4b288a6b267d867a643087b06cfd8744e014f4ade2f
2025-01-24 08:44:11,TSLA,TSLY: Better To Stay Away,YieldMax TSLA Option Income Strategy ETF offers high yields but limits Teslaâs upside. Find out why TSLYâs risks outweigh its rewards for long-term investors.,SeekingAlpha,https://finnhub.io/api/news?id=5aacf764051dbfd8c9d1c711f9f0f872de1406be2f5030068f403fa7627d24bc
2025-01-24 08:09:36,TSLA,YTSL:CA: 12% Yield Can Offer Downside Protection For Tesla Stock Ahead Of Q4 Earnings,Tesla's high volatility makes it ideal for covered call ETFs like YTSL:CA. Learn why TSLA stock offers strong yields and total return potential.,SeekingAlpha,https://finnhub.io/api/news?id=cbe68eba2684ede29cf004874547fe80235fe29dacd992639c6fb48c3c4977ef
2025-01-24 08:00:00,TSLA,Interesting Earnings Action Coming,"Netflix'sÂ post earnings pop, and why next week looms large in earnings. Contextualizing recent AI news.",SeekingAlpha,https://finnhub.io/api/news?id=b3c86a3bcbb1dd4d4a51284485c8fd40c5ac48978236fef8864481abbc167562
2025-01-24 06:11:00,TSLA,How to lower your investment risk when stocks are so expensive,How to lower your investment risk when stocks are so expensive,MarketWatch,https://finnhub.io/api/news?id=25ebc9ba4a9133d65c539b2858ee48f44c48600f5bb826a328f43b861c0989d1
2025-01-24 04:04:08,TSLA,Dow Jones Falls After Inflation Data; 5 Tech Giants To Buy And Watch,Dow Jones Falls After Inflation Data; 5 Tech Giants To Buy And Watch,DowJones,https://finnhub.io/api/news?id=39cc0a4d20f8a9348659c06c06528a004fe4f962b132563dece869bcf0fc3392
2025-01-24 04:00:00,TSLA,Large cryptocurrencies rise as Solana rallies,Large cryptocurrencies rise as Solana rallies,MarketWatch,https://finnhub.io/api/news?id=01b46f286f20f82fe6560a9672d3a66273548a1038a5f2aad91c37b22dbaa06e
2025-01-24 02:09:50,TSLA,"Dow Jones Futures: S&P 500 Hits High; New Tesla Model Y Launches In U.S., Europe","Dow Jones Futures: S&P 500 Hits High; New Tesla Model Y Launches In U.S., Europe",DowJones,https://finnhub.io/api/news?id=6fe914f4bd6188edc5d05dd0bd6a198dd5aaac4cc692373ebdad7676c17b3d42
2025-01-24 02:00:24,TSLA,Cathie Wood Is Back — But Plays Second Fiddle To This Hotter ETF,Cathie Wood Is Back — But Plays Second Fiddle To This Hotter ETF,DowJones,https://finnhub.io/api/news?id=e3b1f57fa3fea7f10241de5997f37561d5302859706124d45bb11e4a8ebd4f0d
2025-01-24 00:45:00,TSLA,Trump Demands Fed Rate Cuts. Stock Markets Must Separate Reality From His Rhetoric and 5 Other Things to Know Today.,Trump Demands Fed Rate Cuts. Stock Markets Must Separate Reality From His Rhetoric and 5 Other Things to Know Today.,MarketWatch,https://finnhub.io/api/news?id=c3a2f2645d8dfa7294814b5fff8bc5eb1df59622c6a6a0a28ec1c5ec188b66b3
2025-01-24 00:10:11,TSLA,Tesla to Recall 1.2 Million Cars in China on Safety Concerns -- Update,By Sherry Qin Tesla China plans to fix 1.2 million China-made and imported vehicles with software issues as a dozen carmakers recalled vehicles over safety concerns in the world's largest auto...,Finnhub,https://finnhub.io/api/news?id=c12ba0f4ec83405f5cea98336f8e23f77c62180c4b096417b50d81cfc137b6c3
2025-01-23 23:56:00,TSLA,Tesla to Recall 1.2 Million Cars in China on Safety Concerns,Tesla to Recall 1.2 Million Cars in China on Safety Concerns,DowJones,https://finnhub.io/api/news?id=86717c478ee7dddffdb325ad7366a221b267020b7c4cf3df5fd37327c20e3b30
2025-01-23 22:00:00,TSLA,How sidestepping Big Tech has paid off lately in these stock ETFs,How sidestepping Big Tech has paid off lately in these stock ETFs,MarketWatch,https://finnhub.io/api/news?id=9182d87ecf8ced47e7fd34271bd7539f6f1eba67c15ee391d3f66c4e367326b1
2025-01-23 21:03:41,TSLA,"Tesla to fix software for over 1.2 million imported and China-made cars, says regulator","Tesla will fix software for some imported Model S and X, and China-made Model 3 and Y cars over safety hazards, totalling more than 1.2 million units, China's market regulator said. The...",Finnhub,https://finnhub.io/api/news?id=db77d1b7dd9a4a61652bf55a8ec6001417805728a805fe691aabf2243511176f
2025-01-23 19:53:03,TSLA,Nebius Group: My Updates On Avride Valuation,"Read here for a financial analysis of Avride in the robotaxi market, potential investors, and implications for Nebius Group's valuation.",SeekingAlpha,https://finnhub.io/api/news?id=453f552d046190792eef5d935a62176a01a00dfd93932a8a0e4af5cf1fae4262
2025-01-23 14:28:13,TSLA,"Tesla announces revamped Model Y version in US priced at $59,990","Tesla launched a revamped version of its Model Y car in the United States on Thursday, with a starting price of $59,990. The automaker will begin deliveries of the new version of the...",Finnhub,https://finnhub.io/api/news?id=e671bd6dc73910d66cab989140ab01902bcb6550411166f64403d6550dc2c747
2025-01-23 12:53:39,TSLA,Trump waves off criticism from Elon Musk on AI announcement,U.S. President Donald Trump on Thursday dismissed criticism from close ally Elon Musk about a $500 billion artificial intelligence project that Trump announced with great fanfare at the White House...,Finnhub,https://finnhub.io/api/news?id=634892ad2965f1e083bd34f1362015f7ea93a864ea40b1fd70326d85bfbccc7f
2025-01-23 12:29:00,TSLA,DOGE Is What ‘Everybody Wants to Talk About.’ What Will It Do?,DOGE Is What ‘Everybody Wants to Talk About.’ What Will It Do?,MarketWatch,https://finnhub.io/api/news?id=27d1cfdbe90acceaaf06fc287a80a2b13e6305f4215a68b297c8093799ade7ad
2025-01-23 10:41:38,TSLA,"Rivian to launch hands-free driving system in 2025, CEO says","Electric-vehicle maker Rivian plans to launch its advanced hands-free driver assistance systems in 2025 and its eyes-off systems in 2026, CEO RJ Scaringe said on Thursday. The company...",Finnhub,https://finnhub.io/api/news?id=31cf5f861e70c6a496dfed18e6dbd49d10721a65e347abbaa123d181ff9ea711
2025-01-23 10:36:00,TSLA,The Trump-Musk Bromance Is as Strong as Ever Despite Tesla CEO’s Stargate Diss,The Trump-Musk Bromance Is as Strong as Ever Despite Tesla CEO’s Stargate Diss,MarketWatch,https://finnhub.io/api/news?id=2d8f363c21ecf22e92a5849c1dc952203f4ca350f3ebbedee5a8230d48b1929b
2025-01-23 10:16:00,TSLA,Tesla Just Raised Prices in a Key Market. What It Means for the Stock.,Tesla Just Raised Prices in a Key Market. What It Means for the Stock.,MarketWatch,https://finnhub.io/api/news?id=ad093006f963e467fa18c215f863aa5e770cd988a9e7bdf9144379fdfcefbc42
2025-01-23 10:14:53,TSLA,Riding Tesla Stock's Expected Trump Bump? Consider These Factors First.,Riding Tesla Stock's Expected Trump Bump? Consider These Factors First.,DowJones,https://finnhub.io/api/news?id=20afc500ed757316ee536611913485896c9bc400fe54fdf5e686295fcf560875
2025-01-23 04:21:00,TSLA,"Oracle Rises, But Other AI Stocks Fall. Why Trump’s $500 Billion Funding Project Isn’t a Silver Bullet.","Oracle Rises, But Other AI Stocks Fall. Why Trump’s $500 Billion Funding Project Isn’t a Silver Bullet.",MarketWatch,https://finnhub.io/api/news?id=2e9447e716877611ad0d3f45f6fc04ef6f6d469e991df5dc12125f9b2158cb88
2025-01-23 04:00:00,TSLA,Bitcoin leads increases as large cryptocurrencies start mixed,Bitcoin leads increases as large cryptocurrencies start mixed,MarketWatch,https://finnhub.io/api/news?id=4a86a8896977250b51c00c3df7293f0050291945102b2d3fb4be9afcf10cc3a0
2025-01-23 03:59:07,TSLA,"Tesla raising prices for its vehicles in Canada by up to $9,000 starting Feb. 1","TORONTO — Tesla Inc. says it is raising prices by up to $9,000 starting Feb. 1 on its Model 3 vehicle, the cheapest in its lineup.The company says it will also be raising prices on the Model Y, X...",Finnhub,https://finnhub.io/api/news?id=e38949c8fbbce1e33cf67a5f8027c50c5d87b7d1221402d7cc4d46c28598cce4
2025-01-23 03:48:57,TSLA,"Dow Jones Rises After Surprise Jobless Claims; Nvidia Slides, Tesla Reverses","Dow Jones Rises After Surprise Jobless Claims; Nvidia Slides, Tesla Reverses",DowJones,https://finnhub.io/api/news?id=7f285681326bd95219d1afa7e540d5f5706069c43ad6c82f007f366b4c1a23e4
2025-01-23 03:15:00,TSLA,Oracle: Time To Bet Big On $500 Billion Stargate Stardom,Oracle stock took off as President Trump announced the Stargate AI infrastructure project. Read why I maintain my buy rating for ORCL stock.,SeekingAlpha,https://finnhub.io/api/news?id=9c35d266b8406f7915a7587d1f6eed7dec79b3b4710697fbe3e852c9ece82b7a
2025-01-23 01:02:00,TSLA,Dimon Says ‘Get Over It’ on Trump Tariffs. Why Markets Should Ignore That and 5 Other Things to Know Today.,Dimon Says ‘Get Over It’ on Trump Tariffs. Why Markets Should Ignore That and 5 Other Things to Know Today.,MarketWatch,https://finnhub.io/api/news?id=86e0c826de90fe356bafaeeef84b9a7aa6428ce693644ba65b974676e4e96ab4
2025-01-23 00:56:27,TSLA,Wall Street Breakfast Podcast: EU Weighs EV Subsidies Amid Struggles,EU weighs bloc-wide EV subsidies amid weak demand. Nuclear stocks rally as SC utility to reboot project to meet AI demand. CNN laying off 'hundreds' of employees; NBC News cuts some jobs.,SeekingAlpha,https://finnhub.io/api/news?id=158d3f597107eb13c906f8ab7677e75091ac8e42f32efdd40545efc79bd0daca
2025-01-23 00:15:29,TSLA,"Nvidia, Tesla see pressure; Electronic Arts skids","Nvidia, Tesla see pressure; Electronic Arts skids",MarketWatch,https://finnhub.io/api/news?id=7d987c8344de32433fbccbf47e7b2e7150b6a77e5812dfa0fea3ad8c08373427
2025-01-22 23:33:00,TSLA,"Tesla Stock Will Get Help From Trump, Believe Investors. But How?","Tesla Stock Will Get Help From Trump, Believe Investors. But How?",MarketWatch,https://finnhub.io/api/news?id=fe97b776ac30951cd143a76314208eaa2948086c59b2b9bd3091df8a8a9f52e1
2025-01-22 23:12:00,TSLA,"Trump Defends TikTok Ban Delay, Slams Wildfires Response","Trump Defends TikTok Ban Delay, Slams Wildfires Response",MarketWatch,https://finnhub.io/api/news?id=ef8a302f2ae3d64f85f2313d3d11790fb3061fdf8d90708459c9c0f5da9b5f23
2025-01-22 22:08:07,TSLA,High-Quality Tesla OEM Parts Now Available at TheTapai.com,"Tesla owners, rejoice! TheTapai.com, a trusted name in automotive accessories and parts, is proud to announce its comprehensive range of Tesla OEM parts now available for purchase. This new addition...",Finnhub,https://finnhub.io/api/news?id=bed463575be860a81f965fc0edce1970ddd099b566a1fd16f39e3c9e4daa4ec5
2025-01-22 19:21:10,TSLA,Tesla's brand value plummets as consumers sour on Musk,"TESLA's brand value plummeted in 2024, paving the way for Toyota to claim the top spot as the global auto market's most valuable brand.According to research from the consulting firm Brand Finance,...",Finnhub,https://finnhub.io/api/news?id=50108b4962b5931e9d55aee2368ffd9fd6a49bed7da316490d912c6c63ff1a50
2025-01-22 16:39:35,TSLA,"Tesla to raise prices of all cars in Canada from Feb. 1, website shows","Tesla will raise prices of all its cars in Canada from Feb. 1, according to notices on its Canadian website, with Model 3 prices going up by as much as C$9,000 . Model Y prices will...",Finnhub,https://finnhub.io/api/news?id=fe2a76d00017cc7deba6cdee99df6ff88159d9dac0f54ec6d507b20b17e38d86
2025-01-22 15:14:00,TSLA,Elon Musk has his doubts about Stargate. Here’s why he may be right.,Elon Musk has his doubts about Stargate. Here’s why he may be right.,MarketWatch,https://finnhub.io/api/news?id=80ed5d532a9c2fc89c2b71846c5810fe86e599b9310d5ad1dd1ca18c9f015afd
2025-01-22 10:35:21,TSLA,Trump's First Day: Executive Order Stock Ideas,"Trump's first day saw a barrage of executive orders, 26 in total, that are a record for a President's first day. Click here for more insights.",SeekingAlpha,https://finnhub.io/api/news?id=0385936d7fc349027fde69e0b58276423f38f29a9cc261350b998848d39fbe90
2025-01-22 10:30:00,TSLA,Tesla Sits at the Center of a ‘Cambrian Explosion’ in New Tech. What It Means for the Stock.,Tesla Sits at the Center of a ‘Cambrian Explosion’ in New Tech. What It Means for the Stock.,MarketWatch,https://finnhub.io/api/news?id=f710d07b87895293c5df024c83b3e2aad8339f1c8171c5f19b6542631b636408
2025-01-22 08:14:00,TSLA,Will AI take robots to the next level? Tesla and Nvidia think so.,Will AI take robots to the next level? Tesla and Nvidia think so.,MarketWatch,https://finnhub.io/api/news?id=373c667aa8c8fc9127eb44b4642f73083d6933ef6f22bcb87eb3f80a73afb170
2025-01-22 07:45:00,TSLA,'What Is Great For The Country Isn't Always What's Optimal For Your Companies': Sam Altman Lashes Out At Elon Musk Amid Stargate Squabble,'What Is Great For The Country Isn't Always What's Optimal For Your Companies': Sam Altman Lashes Out At Elon Musk Amid Stargate Squabble,DowJones,https://finnhub.io/api/news?id=0afe21bcf2ad65338f260db781b03d4ff8ea20c4f7f075dd2325a93039ba73e9
2025-01-22 07:30:00,TSLA,EV Charging Stocks Are Sliding. How Tesla Stands to Gain.,EV Charging Stocks Are Sliding. How Tesla Stands to Gain.,MarketWatch,https://finnhub.io/api/news?id=7138265cadf326f1adb74396f36767a3ce04b7872f0b4b774631427fe964d2cb
2025-01-22 06:40:06,TSLA,VCR: Consumer Discretionary Sector Dashboard For January,Discover why the Consumer Discretionary sector is overvalued. We look at Vanguard Consumer Discretionary Index Fund ETF Shares (VCR) in particular.,SeekingAlpha,https://finnhub.io/api/news?id=84ccd00be51e774f4c78df7daa1c777fc79949bf839a279f762ba028da6953b1
2025-01-22 06:12:33,TSLA,Meta: Why I'll Buy Aggressively On Any Pullback,Meta Platforms investors celebrate another momentous year of outperforming the market. Click here to read an analysis of META stock now.,SeekingAlpha,https://finnhub.io/api/news?id=1e89397d7a69c669abf6b6ac67ac044d47480e07da6d195f73d6b93299b7c969
2025-01-22 04:07:14,TSLA,Tesla: Wedbush raises its price target,"Wedbush Securities announced on Wednesday that it had raised its price target on Tesla shares from $515 to $550, and sees the company possibly reaching the $650 level this year in the event of a...",Finnhub,https://finnhub.io/api/news?id=dc52b3d6179408fc9493e1ea8b3351b97c2e47f3c2acd1642961e4b880bd0d8a
2025-01-22 03:54:08,TSLA,Mastercard: Charging Ahead,"In Tech is our regular feature highlighting what people are talking about in the world of technology - everything from crypto and NFTs to smart cities and cybersecurity.In the U.S., there's a...",Finnhub,https://finnhub.io/api/news?id=ef222040e33d7061322fcb7f33bc80799bc260c9d16fb627fe881739219eb44f
2025-01-22 03:35:42,TSLA,Dow Jones Rises On Trump AI Project; Netflix Soars On Earnings,Dow Jones Rises On Trump AI Project; Netflix Soars On Earnings,DowJones,https://finnhub.io/api/news?id=ed3165ebd28eb2df955513a7f82c7bbcb135c11b9d5887998798895a72b2f461
2025-01-22 03:15:27,TSLA,Edmunds Top Rated vehicle awards are out for 2025,"Once a year, Edmunds’ car experts gather to decide on the best new vehicles on sale. The annual Edmunds Top Rated Awards are given to the cars, trucks and SUVs that beat out the rest of the...",Finnhub,https://finnhub.io/api/news?id=39aa56df10a119cc6575cc5332614198aff21113e7ac86978f607c404dd093a2
2025-01-22 03:00:00,TSLA,Harding Loevner Global Equity Q4 2024 Report,"The Global Equity composite fell 0.86% gross of fees in the fourth quarter, in line with the 0.89% decline of the MSCI ACWI Index.",SeekingAlpha,https://finnhub.io/api/news?id=88aa6dca33bf2b79b4dd6455ec870b2218dedbf9c6e71a1765d4f728ad2465b7
2025-01-22 02:45:00,TSLA,Baron Focused Growth Fund Q4 2024 Shareholder Letter,"Baron Focused Growth Fund advanced during the fourth quarter of 2024, outperforming its benchmark, the Russell 2500 Growth Index. Read more here.",SeekingAlpha,https://finnhub.io/api/news?id=ba17ccf0e8abc80d156735b48199b05d69c042024730069b1605eea9a4f31829
2025-01-22 02:16:58,TSLA,"Dow Jones Futures Rise: Oracle, AI Stocks Rally On $500 Billion 'Stargate' Plan; Netflix Spikes On Earnings","Dow Jones Futures Rise: Oracle, AI Stocks Rally On $500 Billion 'Stargate' Plan; Netflix Spikes On Earnings",DowJones,https://finnhub.io/api/news?id=6808e8cd54e854f53ba1f6ac9af30ec9fd67d355778dc798094dc7a1f953619d
2025-01-21 23:20:00,TSLA,Polen Focus Growth Portfolio Q4 2024 Commentary,"In the fourth quarter of 2024, the Polen Focus Growth Portfolio returned 4.88% gross of fees, and 4.65% net of fees. Read more here.",SeekingAlpha,https://finnhub.io/api/news?id=debd6f11ca5423d15cd2f2e8eecd260bc3affa09f60c049f49877a62cbc0f302
2025-01-21 12:19:20,TSLA,Assessing Tesla Through The Basics Of Game Theory,"Discover if Tesla, Inc.'s first-mover advantage still holds true in today's market using the Stackelberg model and evaluate its valuation. Click for my TSLA update.",SeekingAlpha,https://finnhub.io/api/news?id=57aeb7f93b6f5df49680b57e0fa588f0c6fa05c68eef980fd9129a480b156dc2
2025-01-21 10:11:29,TSLA,Stock Market Today: Dow Jones Jumps 538 Points As Trump Stock Dives; Cathie Wood Loads Up On This AI Play (Live Coverage),Stock Market Today: Dow Jones Jumps 538 Points As Trump Stock Dives; Cathie Wood Loads Up On This AI Play (Live Coverage),DowJones,https://finnhub.io/api/news?id=626a0b2298ab2cc3ce4752aae01a85f5913c1b21ded7377fdfb9d98969b4e316
2025-01-21 07:12:40,TSLA,Tesla: Lessons I Learned From Stocks With 100+ P/E (Rating Downgrade),"Additional growth catalysts offer Tesla opportunities to further broaden its EV lineup, AI-enabled products, and lower unit costs. Click for our TSLA stock update.",SeekingAlpha,https://finnhub.io/api/news?id=1f22fab6187adcfeb9638a884b1e15a8ac005b1639bb44dbcf7538bf83224f58
2025-01-21 03:52:27,TSLA,"Dow Jones Rises After Trump Tariff Comments; Nvidia Rallies But Tesla, Apple Slide","Dow Jones Rises After Trump Tariff Comments; Nvidia Rallies But Tesla, Apple Slide",DowJones,https://finnhub.io/api/news?id=33b477eae58d20fa1fa3d71d26dc10e3ff10b3094a6541dbae7662c4c4e2cfcb
2025-01-21 02:15:32,TSLA,"Dow Jones Futures Rise Even As President Trump Signals Canada, Mexico Tariff Hikes","Dow Jones Futures Rise Even As President Trump Signals Canada, Mexico Tariff Hikes",DowJones,https://finnhub.io/api/news?id=a8770e49115a57a6349248c13a94678d171eaef7495d913c6fe99fa517237e36
2025-01-21 00:49:28,TSLA,Tesla: Overvalued Without A Catalyst,Tesla stock has been rallying ever since Donald Trump won the USÂ Presidential Election. Click here to find out what makes TSLA the stock at best a hold.,SeekingAlpha,https://finnhub.io/api/news?id=64ef202992cf05c63984816371a763e3c512b0fbb719b03d0e6f1adfbebac771
2025-01-20 23:02:13,TSLA,Tesla Vs. Rivian: Legal Battle Over Trade Secrets Heats Up,"id you hear about the latest Tesla vs. Rivian clash? It's a battle for supremacy in the electric vehicle world. Tesla, the electric car pioneer, has accused its rival, Rivian, of stealing top-secret...",Finnhub,https://finnhub.io/api/news?id=9cdb05029047a1a38c9b10bcb5b18c857970d698d4af6107a330d47cd5b58292
2025-01-20 22:06:00,TSLA,Voya Large Cap Core-Value SMA (Merrill Lynch) Q4 2024 Commentary,"Cyclical sectors, such as consumer discretionary, financials and technology, outperformed defensive sectors. Read more here.",SeekingAlpha,https://finnhub.io/api/news?id=d1dfe59562b77de3f855267a17549ebdf8578c192026b7c05749139ee5dc38f8
2025-01-20 21:04:55,TSLA,Trump raises prospects for a negotiated reset on US-China ties,"Donald Trump unexpectedly held off tariffs on China on his first day back at the White House and did not single it out as a threat, raising the prospect of a rapprochement as both sides look to gain...",Finnhub,https://finnhub.io/api/news?id=a2bc1fa32d9109156cf729935d2bd53ee86a858b2def6ab7c0e547583a9afce3
2025-01-20 13:14:23,TSLA,Trump orders federal workers back to office full-time,"President Donald Trump has ordered federal workers to return to the office five days a week, signing an executive order in front of cheering supporters at Washington's Capital One Arena on Monday. ...",Finnhub,https://finnhub.io/api/news?id=360b5d89030eb407959e78030250d23d610167ac66a190c82d34c26267fc4cf1
2025-01-20 10:53:31,TSLA,Elon Musk's gesture at inaugural event stirs controversy,"STORY: :: Elon Musk's gesture to Trump supporters at post-inauguration rally stirs controversy :: January 20, 2025 :: Washington, D.C. The...",Finnhub,https://finnhub.io/api/news?id=b97ce09d2974cee0791965ba4c1c9e8d4368649ef323d9746cd6c4f44d168f11
2025-01-20 05:37:00,TSLA,Carillon ClariVest Capital Appreciation Fund Q4 2024 Commentary,"At the start of the quarter, Carillon ClariVest Capital Appreciation Fund vs. Russell 1000 Growth Index, was most overweight the healthcare and financials sectors.",SeekingAlpha,https://finnhub.io/api/news?id=54cf828d9caeaafcb426d9422ac96510c78190fca07684df97dbf1bdbb80c73c
2025-01-20 01:55:00,TSLA,ClearBridge Appreciation ESG Strategy Q4 2024 Commentary,The ClearBridge Appreciation ESG Strategy outperformed the benchmark S&P 500 Index in the fourth quarter of 2024. Click here to read the full commentary.,SeekingAlpha,https://finnhub.io/api/news?id=d0b43507d72a706c01efba5d99d3bb9d5b02d85ccda8e897b48dce6f06529f28
2025-01-20 00:40:00,TSLA,BUZZ Investing: Markets React To Fed Rate Cut As Renewed Inflation Risks Emerge,"Markets recently faced volatility driven by Fed cuts, resilient economic data, and persistent inflation concerns, leading to subdued sentiment. Click to read.",SeekingAlpha,https://finnhub.io/api/news?id=c585bcd657ee004527ac8c0f8a76875b52b24d2a15b2fd56b69c643573eed187
2025-01-19 18:45:13,TSLA,Bullish Counterattack - Technical Bounce Or New Trend?,"Financial writer discusses market progress for bulls, mid cap growth stocks, Bitcoin, and Gold.",SeekingAlpha,https://finnhub.io/api/news?id=89cc5562447322c415d93511115c5106e2c143dc8c2257702f93071c2934f0a0
2025-01-19 16:14:14,TSLA,China vice president meets with Elon Musk ahead of Trump inauguration,"China's Vice President Han Zheng met on Sunday with Tesla CEO Elon Musk and other members of the U.S. business community in Washington D.C., the official Xinhua news agency reported on Monday. ...",Finnhub,https://finnhub.io/api/news?id=39867955336f5a84e90883b9baccb400ac7a8b057324016546323acfa1ecbb22
2025-01-18 21:59:24,TSLA,Tesla's Robotaxi Could Stumble Badly As Waymo Races Ahead,"In the last few months, Musk has mentioned that Tesla will finally launch its robotaxis in 2025. Read why I remain bearish on TSLA stock.",SeekingAlpha,https://finnhub.io/api/news?id=7c2703a9face8050d2c23e09309958e15b7cb77bf6dc39682e8be37abb4c9576
2025-01-18 03:00:00,TSLA,Why High-Yielding JEPQ Will Likely Beat The Nasdaq In 2025,"Find out why JEPQ is poised to outperform the Nasdaq 100 in 2025, despite underperforming in recent years.",SeekingAlpha,https://finnhub.io/api/news?id=697494fd83af9aab2d0f0674aeb12d7594431c3c6d467a2b6ed0e58de3cb5c84
2025-01-17 18:32:09,TSLA,VinFast to enter India with premium electric SUV to take on rivals,"Vietnamese electric vehicle maker VinFast will enter the Indian market with two premium electric SUVs, taking on homegrown rival Mahindra & Mahindra and China's BYD, which already has a presence in...",Finnhub,https://finnhub.io/api/news?id=02b3a025fe3162c882fdaf64b21525bb7fbb5ba1e387bf007a7b8875892e537e
2025-01-17 09:35:43,TSLA,Tesla: Aiming For The Moon,"Tesla, Inc. stock soared in 2024 and its growth prospects in 2025 look promising, driven by ambitious goals. Click for my TSLA stock update.",SeekingAlpha,https://finnhub.io/api/news?id=70212a0aac98c9fd34035852e44057995e4be8f7b5cf65ccebf0f58413916543
2025-01-17 06:00:00,TSLA,Can The Bull Market Sustain Itself?,Getting into a richer data-driven environment with recent earnings. Tech in the time of Trump.,SeekingAlpha,https://finnhub.io/api/news?id=d1ffe24c8fb3bd651723171bc5600c161a2c2c272edc0c216ffe055296da31a6
2025-01-17 05:20:00,TSLA,Beware Rotation - S&P 500 Top 10 Stocks' YTD Performance; Top 10 Client Holdings,"YTD through January 15, 2025, none of the top 3 names by market cap (Microsoft, Nvidia, Apple) are beating the S&P 500. Read more here...",SeekingAlpha,https://finnhub.io/api/news?id=8515fbadddca8cfa362e697ca7816ba8c88d9e73cc707fb0adf01effcbb8a1c1
2025-01-17 05:15:00,TSLA,Columbia Select Large Cap Value Fund Q4 2024 Commentary," Institutional Class shares of Columbia Select Large Cap Value Fund returned -2.51%
for the quarter ending December 31, 2024. Click here to read the full commentary. ",SeekingAlpha,https://finnhub.io/api/news?id=ce3d2320fd9258ccb20c4d994464f987c99420aedad188a12d2b81d981e676da
2025-01-16 21:40:45,TSLA,Tesla Needs To Fill A Trillion Dollar Void With Autonomy (Rating Downgrade),"Tesla's stock surge driven by autonomy excitement, but risks of unmet promises and overvaluation could lead to a downgrade to sell. See more here.",SeekingAlpha,https://finnhub.io/api/news?id=0bea96a6c4191b9490de507eb59608acfe0d97e4ba6c5901604f1c84ab204dcd
2025-01-16 19:35:00,TSLA,"Earnings Gains Anticipated In 7 S&P 500 Sectors, Led By Communication Services",Seven of the S&P 500's 11 sectors are expected to achieve cumulative year-over-year growth in normalized earnings per share among their constituent companies in fourth quarter 2024 earnings,SeekingAlpha,https://finnhub.io/api/news?id=f6737372d5a3fcce82a8010d8fec55679f7ef49dbf5eabdf18994e7f828bf725
2025-01-16 07:13:00,TSLA,Battery-Powered Cars Had a Banner Year. There’s a Risk for Car Stocks.,Battery-Powered Cars Had a Banner Year. There’s a Risk for Car Stocks.,MarketWatch,https://finnhub.io/api/news?id=0d393aa57c7d63191bb675c27d9ffa098c74eca4f6c9d4448e0be994392344fc
2025-01-16 06:23:24,TSLA,Tech stocks a drag on equities,Tech stocks a drag on equities,MarketWatch,https://finnhub.io/api/news?id=38d204d792243db3ac02ca621907d889dc4b41db45b72ea4df78b84829a82559
2025-01-16 06:11:00,TSLA,"New Year, Same Bull. Why the Rally Isn’t Done.","New Year, Same Bull. Why the Rally Isn’t Done.",MarketWatch,https://finnhub.io/api/news?id=ff1f84ced5619a47984dfa725a05615b4e96cd35f07e73b6e81d69493eb3bdf1
2025-01-16 05:39:18,TSLA,"Big Tech ETF trades down as Tesla, Apple post sharp losses","Big Tech ETF trades down as Tesla, Apple post sharp losses",MarketWatch,https://finnhub.io/api/news?id=7b6c2fd239c2d5e3f39cbe9a9f0639aafeda3bea86c0fbcee71265c4f02699a0
2025-01-16 04:25:00,TSLA,Exclusive: Cannabis groups combine to push for federal reforms under Trump,Exclusive: Cannabis groups combine to push for federal reforms under Trump,MarketWatch,https://finnhub.io/api/news?id=6cb450fbacde4d045544a1f058c72777b25e2759aca267b561da4e07e061e40e
2025-01-16 04:17:47,TSLA,Stocks turn lower as early gains fade,Stocks turn lower as early gains fade,MarketWatch,https://finnhub.io/api/news?id=4a9a2e93338422a1723205fc9dd8c931e2a47868b4294ea9ef31b1a43c05fe25
2025-01-16 04:00:00,TSLA,Large cryptocurrencies mixed as Ripple increases,Large cryptocurrencies mixed as Ripple increases,MarketWatch,https://finnhub.io/api/news?id=9fcc77170ef342f0282e2024d039719e7dc3f11d2319bf3687c0e5f76c1952d5
2025-01-16 03:57:23,TSLA,Dow Jones Falls After Key Data; Nvidia Chipmaker Surges On Strong AI Chip Demand,Dow Jones Falls After Key Data; Nvidia Chipmaker Surges On Strong AI Chip Demand,DowJones,https://finnhub.io/api/news?id=cbaf89fdcba9304999f872a8bc96a06b22fdf4726a19c6a7622ec0da3a7ad6c9
2025-01-16 03:45:12,TSLA,Is Tesla Stock A Buy Or A Sell Amid Donald Trump's White House Return And Q4 Earnings?,Is Tesla Stock A Buy Or A Sell Amid Donald Trump's White House Return And Q4 Earnings?,DowJones,https://finnhub.io/api/news?id=cbaeaf8b994f2f3a701fc9149b5240b5c1799a35c6b9db8edc70e03ffdb7c1dd
2025-01-16 02:15:19,TSLA,Dow Jones Futures Fall; Nvidia Chipmaker Taiwan Semiconductor Lifts Techs,Dow Jones Futures Fall; Nvidia Chipmaker Taiwan Semiconductor Lifts Techs,DowJones,https://finnhub.io/api/news?id=de5b0d3d73ad2165998c858aa3704a1d471215a4eba08ba3d5db46ca7532ee42
2025-01-16 01:45:46,TSLA,"Trump Executive Orders On Day One: S&P 500 Braces For Tariffs, Deportations","Trump Executive Orders On Day One: S&P 500 Braces For Tariffs, Deportations",DowJones,https://finnhub.io/api/news?id=9aaffce965fb55dbe79f7093a758451293a0de1d4a66b7b353c603fff8b07177
2025-01-16 00:25:00,TSLA,Next Century Growth Investors Q4 2024 Commentary,"In the fourth quarter of 2024, equity markets were positive and large cap stocks generally outperformed small cap stocks. Read more here.",SeekingAlpha,https://finnhub.io/api/news?id=73e8069e54636e4d13a9d94bc0d115cbdc6cab07173db678464c129ad714ba43
2025-01-15 23:44:00,TSLA,Tesla Stock Needs Another Catalyst. 2 Could Be Coming.,Tesla Stock Needs Another Catalyst. 2 Could Be Coming.,MarketWatch,https://finnhub.io/api/news?id=4045437a20bcebe2cfa5f57b64b52d775c3bcc983d3509600ae6fa5953144509
2025-01-15 11:04:53,TSLA,Palantir: Don't Try To Play With The Bubble,"Financial writer discusses Palantir Technologies Inc.'s bear market, high valuation, and concentration risks in government contracts. Click for this PLTR update.",SeekingAlpha,https://finnhub.io/api/news?id=65d7ccf0485d205515da5017edcb89abd773af3225a2a25dd67c519a60f52641
2025-01-15 10:28:00,TSLA,SEC Sues Elon Musk Over Twitter Purchase,SEC Sues Elon Musk Over Twitter Purchase,MarketWatch,https://finnhub.io/api/news?id=4359b53bb0d4aeafbbc6d18701ce6c2d9bb072696a38494768b679994f9b176c
2025-01-15 10:24:00,TSLA,Tesla Stock Is Soaring. Inflation Trumps the SEC.,Tesla Stock Is Soaring. Inflation Trumps the SEC.,MarketWatch,https://finnhub.io/api/news?id=bbd6c080da50ef7393fd95d4985d76fd35111c46c2cb72e5218b132d82d5be9d
2025-01-15 09:17:07,TSLA,Transportation secretary pick vows to buck any pressure to help Elon Musk in agency probes of Tesla,"NEW YORK — Donald Trump’s pick to head the Transportation Department promised Wednesday to scrutinize Boeing's safety issues, streamline regulations and not interfere in ongoing agency...",Finnhub,https://finnhub.io/api/news?id=abbddbb7f7a344da565276576c89b4c77c3180481b6e10c13f831d91d4585fa3
2025-01-15 08:31:21,TSLA,Tick Tock: One Man's Loss Is Another's Gain -- Buy On Meta Platforms,"Meta Platforms, Inc. is the stock to watch as TikTok faces a potential ban, with Instagram Reels poised to benefit from TikTok's demise. Click for my META update.",SeekingAlpha,https://finnhub.io/api/news?id=c7cb1f1ec0d4064c0c26b0fce8fa4edf27bad765bab4941a778c3fe07460d66d
2025-01-15 07:20:58,TSLA,Trump USDOT nominee says Tesla safety probe will continue,President-elect Donald Trump's nominee to head the Transportation Department said he would allow an ongoing government probe into Tesla's advanced driver assistance system to continue. ...,Finnhub,https://finnhub.io/api/news?id=c9e0987cc32b1bf3e3518dcc8a129bbcc7878ba095fd78f3c00d86f2ef97b4bd
2025-01-15 07:05:00,TSLA,ValuEngine's Top 10 Stocks For 2025,"Since the methodology we used last year produced such a resilient portfolio, we repeated the process using ValuEngineâs data from the December 31, 2024 close. Read more here..",SeekingAlpha,https://finnhub.io/api/news?id=45ece6a680c657db7ee2f8153ac954a24d490b42507f34a267402674839826cc
2025-01-15 06:30:14,TSLA,Tesla Q4 Preview: Don't Doubt The Technoking,"Tesla, Inc. is projected for strong growth through 2030, despite risks, based on pivot to autonomy and robotics. Click here to read why I rate TSLA stock a Buy.",SeekingAlpha,https://finnhub.io/api/news?id=528d4c99de2067405595dd9cdba8134b8355dbfec5c3366ed1077c94e2bb994d
2025-01-15 05:58:00,TSLA,GM Invests In EV Batteries. Lower Costs Are Key for Buyers.,GM Invests In EV Batteries. Lower Costs Are Key for Buyers.,MarketWatch,https://finnhub.io/api/news?id=68a58de777f25037bc36826f7bae077e327386436874bad562b02501c2bb7bd9
2025-01-15 04:37:21,TSLA,Elon Musk: A Look At The Tesla CEO's Business Empire,Elon Musk: A Look At The Tesla CEO's Business Empire,DowJones,https://finnhub.io/api/news?id=39991aa18d9d52fedfbf92abd0ff1135a8aa998ba8ee736c303e1b2dec161165
2025-01-15 04:12:26,TSLA,"BMW Is Beaten Down, But A Turnaround Is Likely",BMW Group had a bad year 2024 due to the confluence of several factors.,SeekingAlpha,https://finnhub.io/api/news?id=0aefbacd8d7a96b2c73ce45b0b84aeb00fa1dc4eb490c6f4345b3592d7660028
2025-01-15 04:01:37,TSLA,I'm Selling Stocks Hand Over Fist,I am raising cash by selling stocks with more potential for a negative year and selling covered calls on retained stocks. Read more to see my thoughts.,SeekingAlpha,https://finnhub.io/api/news?id=90d45cae4d0a6fef9db68115cf27748caa101e1c2d4bed4c8a83741b7e684dca
2025-01-15 04:01:34,TSLA,Dow Jones Surges 700 Points On Surprise CPI Report; Nvidia Rebounds From Sell-Off,Dow Jones Surges 700 Points On Surprise CPI Report; Nvidia Rebounds From Sell-Off,DowJones,https://finnhub.io/api/news?id=ebe7aff208e6a6e81b877b3069fcbd046879f717f88c25070f8421dd48dfcf62
2025-01-15 04:00:00,TSLA,Large cryptocurrencies rise as Avalanche climbs,Large cryptocurrencies rise as Avalanche climbs,MarketWatch,https://finnhub.io/api/news?id=3436d4957528134818a9bbdc9888027531e48278a2053655d919ff77aec61b14
2025-01-15 03:55:00,TSLA,"Musk, Zuckerberg, and This Tech Titan Will Gather for Trump’s Inauguration. DJT Stock Is Rising.","Musk, Zuckerberg, and This Tech Titan Will Gather for Trump’s Inauguration. DJT Stock Is Rising.",MarketWatch,https://finnhub.io/api/news?id=e00b670903accab534f72608804bc617fe267d6f9a700df1e0dc72767cdc7842
2025-01-15 02:09:33,TSLA,"Dow Jones Futures Rise With CPI Inflation Due; JPMorgan Beats, Quantum Stocks Jump","Dow Jones Futures Rise With CPI Inflation Due; JPMorgan Beats, Quantum Stocks Jump",DowJones,https://finnhub.io/api/news?id=4e39bd6b5bc83e1e301ab1b35ebe2bac2512177ea071c6e8977683524f335bda
2025-01-15 01:36:00,TSLA,SEC lawsuit against Elon Musk is a big political test for Trump administration,SEC lawsuit against Elon Musk is a big political test for Trump administration,MarketWatch,https://finnhub.io/api/news?id=ee990ab9b0fce506d6dd561afa7bdcfc45b66894304c85fddc6a418428b4a894
2025-01-15 00:55:00,TSLA,Eli Lilly Stumbled But Weight-Loss Drugs Will Continue to Fuel Markets. Here’s Why and 5 Other Things to Know Today.,Eli Lilly Stumbled But Weight-Loss Drugs Will Continue to Fuel Markets. Here’s Why and 5 Other Things to Know Today.,MarketWatch,https://finnhub.io/api/news?id=2e7855d8fc1840fa8fcb54920f1d98e6e8045b778840ef06702338f953e57190
2025-01-15 00:25:00,TSLA,ClearBridge Large Cap Growth Fund Q4 2024 Commentary,"Fund carefully manages its mega-cap exposure to promote diversification, control risk and promote long-term consistency, making it difficult to keep pace when the index is up 30%.",SeekingAlpha,https://finnhub.io/api/news?id=da5dc6c38cc296ecc645c9d31d229a1275729e23ad1d2c80b88ef70ce06e955f
2025-01-15 00:02:40,TSLA,Trump's US presidency return ushers in new era of volatile markets,"Donald Trump's inauguration on Monday could herald a more volatile period for markets, with the Republican seen moving quickly on a wide swath of issues including trade and immigration that are...",Finnhub,https://finnhub.io/api/news?id=8aa413f3a6d1297969b8a562a509dd8471721758943b68f082a173d576ec09cf
2025-01-14 23:47:00,TSLA,TikTok is the last thing Elon Musk needs right now,TikTok is the last thing Elon Musk needs right now,MarketWatch,https://finnhub.io/api/news?id=56b5f40966475c1580cd25c43b13e6956714ebc412fb5d316d7af023f7fa8568
2025-01-14 23:09:45,TSLA,"Tesla to suspend part of new Model Y lines in China for upgrades, Bloomberg News reports","Tesla plans to suspend part of the lines manufacturing its recently refreshed Model Y sport utility vehicles in Shanghai for around three weeks over Chinese New Year, Bloomberg News reported on...",Finnhub,https://finnhub.io/api/news?id=58b832abf41ebb278cfbbf0d2dae9a2fd688ea80e85f39bef781cb900dc62966
2025-01-14 16:35:00,TSLA,Franklin Global Equity Fund Q4 2024 Commentary,"The fund outperformed the benchmark for the last quarter of 2024 primarily due to strong stock selection results, with selection in the United States notably positive. Read more here.",SeekingAlpha,https://finnhub.io/api/news?id=b0e0e88fdbebc6f5e6089a4eb08721b1b92564c6bf34b7b7c753e33ad120b219
2025-01-14 10:31:03,TSLA,"Stock Market Today: Dow Jones, S&P 500 Seesaw To The End; Natural Gas Stocks Break Out (Live Coverage)","Stock Market Today: Dow Jones, S&P 500 Seesaw To The End; Natural Gas Stocks Break Out (Live Coverage)",DowJones,https://finnhub.io/api/news?id=b3ec576a03fbc5ad39641c47e441c0a32f4b0e89c9bd731cbcd50af260782ed6
2025-01-14 10:30:00,TSLA,"Tesla Inc. stock falls Tuesday, underperforms market","Tesla Inc. stock falls Tuesday, underperforms market",MarketWatch,https://finnhub.io/api/news?id=fa9ba85f23b8eeb23d046e16d451c4f3d4ac7d5bd09dd8354eb4a9f648448e7d
2025-01-14 10:18:00,TSLA,Tesla Stock Gave Up Its Gains. What a Robotaxi Is Worth.,Tesla Stock Gave Up Its Gains. What a Robotaxi Is Worth.,MarketWatch,https://finnhub.io/api/news?id=bf2d2104db4d3134bbf075620f7dfb8dcf97f71f396081895794bd4bf4e71ddd
2025-01-14 10:07:44,TSLA,Tesla Stock Has Tumbled From Highs. This Analyst Just Hiked The Bull Case To $800.,Tesla Stock Has Tumbled From Highs. This Analyst Just Hiked The Bull Case To $800.,DowJones,https://finnhub.io/api/news?id=fed8978720ba32676938042f94329b00b64172e674799c07ec1977adc452c868
2025-01-14 06:26:41,TSLA,7 Investments To Avoid In 2025,Seeking Alpha contributors highlight 2025 investment picks. See why this article challenges you to avoid certain investments that may underperform.,SeekingAlpha,https://finnhub.io/api/news?id=46e1914519d62530a905f9211828fbd4b737cfa43d92e8f6bc2adcc8b8475a2b
2025-01-14 06:09:00,TSLA,13 dividend stocks selected for value at a time when the S&P 500 trades sky high,13 dividend stocks selected for value at a time when the S&P 500 trades sky high,MarketWatch,https://finnhub.io/api/news?id=319b604c412ff5769ee4db5434498eb1559a65f320ba8ab88a0ff2169e5b4015
2025-01-14 05:38:00,TSLA,Can Elon Musk save TikTok? Here’s what a potential deal could look like.,Can Elon Musk save TikTok? Here’s what a potential deal could look like.,MarketWatch,https://finnhub.io/api/news?id=94a04d53d310603bfda0b665b7efae9fe0641ce79849601bd56a26abf9a102e5
2025-01-14 05:31:00,TSLA,Franklin DynaTech Fund Q4 2024 Commentary,"As a result of stock selection and allocation decisions, the fund underperformed its benchmark as seven out of 11 equity sectors detracted. Read more here.",SeekingAlpha,https://finnhub.io/api/news?id=09624be33e2c502a8c1563f40c1c0770f07235e5e3efb2570ad819ee8bb81323
2025-01-14 04:29:28,TSLA,How Tesla Plans To Lead In 2025,"Tesla, Inc. plans to launch a $25K EV in 2025, expand energy production, and diversify revenue streams, but faces vulnerability. Click for my TSLA stock update.",SeekingAlpha,https://finnhub.io/api/news?id=09159ffaa53521a4e75ea040bb279e0e171b867e80edaf11fd01e33d18ab7457
2025-01-14 03:56:58,TSLA,"Dow Jones Rises On Surprise Inflation Report; Nvidia, Tesla Rally","Dow Jones Rises On Surprise Inflation Report; Nvidia, Tesla Rally",DowJones,https://finnhub.io/api/news?id=3e4db75d2c9b911a9afc50b1b221abde2395374b360c4d651f4551189e003235
2025-01-14 02:30:00,TSLA,SMH: My Take On A Top Rebound Play For 2025,"SMH's top holdings like Nvidia, Broadcom, and TSMC are well-positioned to partake in the next growth phase. Read why I maintain my buy rating for the fund.",SeekingAlpha,https://finnhub.io/api/news?id=bae28d1fb1bf9f2f2678e8e9ef7d19bc706cf08de66a7c91e0874a5067ebdf3a
2025-01-14 01:41:28,TSLA,Trump Tariffs: Advisers Mull Gradual Hikes To Avoid Inflation Spike,Trump Tariffs: Advisers Mull Gradual Hikes To Avoid Inflation Spike,DowJones,https://finnhub.io/api/news?id=65d1145bd44b3077201ca774c6198cb8ab8626a2502a3db16727334848a56599
2025-01-14 01:28:51,TSLA,TQQQ: Risks Have Gotten Extreme (Rating Downgrade),"The ProShares UltraPro QQQ ETF's underlying portfolio is trading at a nosebleed valuation, while the fund itself is levered to an extreme degree. Read more here.",SeekingAlpha,https://finnhub.io/api/news?id=f2a6a9ad99d30423e62f4ad166465d7d4ef67a1574b924040ddd6121692884b4
2025-01-13 23:43:33,TSLA,"ARKW: Bitcoin And Tesla Have Been Strong, But A Correction Is Ongoing (Rating Downgrade)","ARKW is highly volatile, with significant exposure to Tesla & Bitcoin, comprising nearly quarter of its holdings. See why I downgrade the fund from buy to hold.",SeekingAlpha,https://finnhub.io/api/news?id=161490561d56562476ac785dcfce0665fa3e7507e7cb58d21139b0451460d460
2025-01-13 21:40:00,TSLA,Patient Capital Management Q4 2024 Commentary,"Patient Capital Management's Opportunity Equity Strategy surpassed the market to end up 26.5%, 150bps ahead of the S&P 500âs 25.0%. Click here to read the full fund letter.",SeekingAlpha,https://finnhub.io/api/news?id=c91a9f164536b2ce0ecd620d1784405dbcd0ebf51731ed1a3244af49ec114ad7
2025-01-13 16:50:06,TSLA,"Dow Jones Futures Rise: Nvidia, Palantir, Apple Slide; Donald Trump Stock Soars 21%","Dow Jones Futures Rise: Nvidia, Palantir, Apple Slide; Donald Trump Stock Soars 21%",DowJones,https://finnhub.io/api/news?id=6df7b3e8331d689e893bc427a9b38d48a4ff57af7fca914d1c37487c9a16083b
2025-01-13 13:04:49,TSLA,Global electric vehicle sales up 25% in record 2024,"Global sales of fully electric and plug-in hybrid vehicles rose by a quarter last year to over 17 million cars, helped by a fourth consecutive month of record sales in December as China continued to...",Finnhub,https://finnhub.io/api/news?id=d6f3fcd822e1cc040236019f9c3a7ace1c5c6ab6eddfc7e8463fb59d7a3093e5
2025-01-13 10:00:38,TSLA,"As Nvidia Gets Skewered, This Mag 7 Holds Up. Now What?","As Nvidia Gets Skewered, This Mag 7 Holds Up. Now What?",DowJones,https://finnhub.io/api/news?id=bb275150316691ea2a1758a537dc7a9bdc6708939bc5cc9c692b6fd97440ac3e
2025-01-13 06:50:23,TSLA,"Tesla: Nvidia CEO Validates Elon Musk's Vision, Then Kills It","Tesla benefits from strong FSD data, but NVIDIAâs Cosmos Model challenges its lead. Learn why TSLA stock may face tougher competition in AI and robotics.",SeekingAlpha,https://finnhub.io/api/news?id=1421df11611304e4978eae3c4d176e6f80b3c4a34bc2710b39e17bf97141d44e
2025-01-13 05:16:15,TSLA,Tesla: Morgan Stanley raises its target,"Morgan Stanley on Monday raised its price target for Tesla from $400 to $430, while renewing its 'overweight' recommendation on the stock.According to the analyst, Wall Street is increasingly...",Finnhub,https://finnhub.io/api/news?id=47b24c63da6e01ba2f6f33d23959b8a0d4f71242160f3bd2580d5e31ba28353c
2025-01-13 05:00:00,TSLA,Tesla: Don't Wait Till The Dominoes Fall And Crumble,Teslaâs 20-30% delivery growth target looks increasingly unlikely. Find out why TSLA stock might face a steep pullback in the near future.,SeekingAlpha,https://finnhub.io/api/news?id=54ed099ce89bbecb577959ee7bc269921d80dc0868b737daa4a428b9ecf5de0e
2025-01-13 04:05:00,TSLA,Heartland Value Fund Q4 2024 Commentary,"The Heartland Value Fund outperformed its benchmark for Q4 2024 and also the past 1, 3 and 5 years. Click here to read the full commentary. ",SeekingAlpha,https://finnhub.io/api/news?id=b268b79f1bc904ba14bba23f063deca1da260f8d62e88f26dc1b65c9ae4006f3
2025-01-13 04:03:03,TSLA,Dow Jones Reverses; Nvidia Dives After Triggering Sell Signal,Dow Jones Reverses; Nvidia Dives After Triggering Sell Signal,DowJones,https://finnhub.io/api/news?id=1aef80afa3c5370c58492ac929a430676b6dddc717eb96a15b4aecc290c95851
2025-01-13 03:38:32,TSLA,Stock market today: Drops for Nvidia and other star stocks keep Wall Street in a rut,NEW YORK — Drops for Nvidia and other superstar stocks are dragging U.S. indexes lower and keeping Wall Street stuck in its weekslong rut. The S&P 500 fell 0.8% early Monday. The index is coming...,Finnhub,https://finnhub.io/api/news?id=bf390a90a1b478832660732116363606cd2b806f4cb72d450b61d30aa3de156c
2025-01-13 03:22:06,TSLA,Stock market today: Wall Street falling again as strong US economy puts damper on rate cut hopes,"U.S. markets are reeling again Monday following economic data last week that reflected a still-thriving economy and labor market, dampening hopes that the Federal Reserve will cut interest rates...",Finnhub,https://finnhub.io/api/news?id=90ffdd6b12666837058dce69fbbcd9672ecefad3882dd28910adaf6a61a646b0
2025-01-13 00:36:54,TSLA,Wall Street Breakfast Podcast: Canada Ready To Counter Trump Tariffs,Trudeau says Canada ready with counter-tariffs. Europeâs largest pension fund sells Tesla stake over Musk's pay package: report. White House delays order for US Steel deal.,SeekingAlpha,https://finnhub.io/api/news?id=f445a7b58b09534e14e57226506b931bacd5deda0ba5b1964a6d3dd1dcfab927
2025-01-13 00:00:00,TSLA,Forget Fundamentals - Tesla Stock Exposed To Inevitable Trump-Musk Standoff,Tesla valuation is underpinned by sentiment and future hopes. See why a potential fallout between Musk and Trump could trigger significant selling in TSLA shares.,SeekingAlpha,https://finnhub.io/api/news?id=0a3c9f13510b29a68e6ab3fa060cccf91d32537e9686cd4b26de7729eec092be
2025-01-12 18:03:00,TSLA,Investors Hope Earnings Season Can Revive Faltering Stock Rally,Investors Hope Earnings Season Can Revive Faltering Stock Rally,DowJones,https://finnhub.io/api/news?id=4461cc31e9cedee31920e0078d53aff9c27ed9209d1854b10e32577f9ea63002
2025-01-11 02:05:00,TSLA,A Dozen Stocks I'm Buying As Rising Interest Rates Break The Market,"Financial writer discusses the impact of interest rates on S&P 500 and REITs, Baby Boomers' economic influence, and dividend growth stock choices.",SeekingAlpha,https://finnhub.io/api/news?id=e91e0bf342e60a4acc8760ac0727d86426913bb3d5c621c18fbc0ec9b9f952b3
2025-01-10 09:53:17,TSLA,"HPE secures $1 billion AI server deal for Elon Musk's X, Bloomberg News reports","Hewlett Packard Enterprise has struck a deal worth over $1 billion to provide Elon Musk's social media platform X with servers optimized for artificial intelligence work, Bloomberg News reported on...",Finnhub,https://finnhub.io/api/news?id=155b53a18c2b1ff653dd77c50c132e2c8614105d62295b7785555b8cf009ea4f
2025-01-10 04:03:19,TSLA,Uber And Nvidia Vs. Tesla: Who Will Win The Autonomous Race?,"Uber Technologies leverages AI and vast data to compete with Tesla. Find out why UBER stock, with a cheap valuation, warrants a Strong Buy rating.",SeekingAlpha,https://finnhub.io/api/news?id=e2dab35354edfae5acd4c580576a6bbd494081f0a6dee9a173b32f3b823c7659
2025-01-10 03:00:00,TSLA,CES And AI: What's The 'Next Big Thing' For 2025?,"AI leads at CES 2025, but robotics and autonomous driving are the future. Learn why Tesla and Serve Robotics stocks are key for the next two years.",SeekingAlpha,https://finnhub.io/api/news?id=e7af13f991a76a600232f65e0790b964abdf653969997c529958062f94a6f0f1
2025-01-10 02:59:12,TSLA,"DOGE sends representatives across US government, Washington Post reports","U.S. President-elect Donald Trump's aides with the Department of Government Efficiency have spoken with staffers at more than a dozen federal agencies to begin preliminary interviews, The Washington...",Finnhub,https://finnhub.io/api/news?id=cd32a634263c7405d3f173289d3c148a184c4c0d86900be4504cb19b34416e0c
2025-01-10 01:51:35,TSLA,"VUG: Mag 7, Still Room To Run",The Vanguard Growth Index Fund ETF outperformed the S&P 500 by 11%. See why VUGâs focus on the Mag 7 positions it for long-term gains.,SeekingAlpha,https://finnhub.io/api/news?id=0c21fca9ca7308c11c15b94105217684811140b8a941a2c8cbbf9e8e6d207d6d
2025-01-09 23:48:36,TSLA,Tesla debuts major model update in China for first time,Tesla has taken the unprecedented step of debuting a major model update in China as the US electric-car maker counters intense local competition...,Yahoo,https://finnhub.io/api/news?id=4bb8a8e8e8793f542157e70bf427acf88f8ce94a8df5768554af7df6cf31f5ba
2025-01-09 23:35:00,TSLA,ClearBridge Appreciation Strategy Q4 2024 Commentary,"The Strategy outperformed its benchmark during a volatile quarter, as strong contributions from our financials and energy holdings overcame detractors in consumer staples.",SeekingAlpha,https://finnhub.io/api/news?id=be71aab0b2d2b2410706072f2cd7c2cc78142ae8486f8cd73424913fb6a82738
2025-01-09 23:26:55,TSLA,"Tesla recalls about 239,000 vehicles over rear-view camera issue","Tesla said on Friday it was recalling about 239,000 vehicles over an issue that could cause the rear-view camera to not display an image, increasing the risk of a crash. ...",Finnhub,https://finnhub.io/api/news?id=99bd49ac00581fa85b71f18b053933cc7f3e2bd1f12bdd737b22851371f36c87
2025-01-09 19:34:58,TSLA,Tesla Vs. BYD: New Model Y Launched After Rival Seizes BEV Crown,"Tesla deliveries fell in2024, but the refreshed Model Y is here. BYD's sales continue to surge, seizing the BEV crown in Q4. TSLA stock remains strong.",Yahoo,https://finnhub.io/api/news?id=d1665db057e66d4f366a94b663cfac9697d07a7d6ef63035908516ccc2012dc7
2025-01-09 14:28:20,TSLA,"Tesla announces revamped Model Y version in China, priced from $35,938","Tesla on Friday launched a revamped version of its Model Y car in China, its best selling yet aging model, with a starting price of 263,500 yuan . The revamped version includes a Model...",Finnhub,https://finnhub.io/api/news?id=fb317f36e35ec8cc548e87423e8e580d588bc4df52a204c6fdbf80457e0ee38d
2025-01-09 14:09:29,TSLA,"Musk asks state AGs to auction off OpenAI stake in nonprofit restructuring, sources say",A lawyer for billionaire Elon Musk has asked attorney generals in the states of California and Delaware to push OpenAI to auction a major stake in its business to decide fair value of its charitable...,Finnhub,https://finnhub.io/api/news?id=040507e28c743bfb37aada060396f4fb3adf5309e3a8659ac9490f977a68c5ba
2025-01-09 12:24:07,TSLA,Canada's tariffs on Chinese-made EVs pose quandary for next prime minister,"Policymakers are wondering whether Trump will keep U.S. tariffs on Chinese-made EVs, and how this will affect Canada's trade policy",Yahoo,https://finnhub.io/api/news?id=a29753d69089931cb3818834097a36bebe1fd5ec6df3d774d7323d194ffa4b06
2025-01-09 12:09:08,TSLA,"Tesla, Inc. (TSLA) Downgraded to Neutral by Bank of America Amid Execution Risks, Price Target Raised to $490","We recently compiled a list of the 10 Buzzing AI Stocks on Latest News and Ratings. In this article, we are going to take a look at where Tesla, Inc. (NASDAQ:TSLA) stands against the other AI stocks. Artificial intelligence startups are playing a big role in US venture capital funding. As per PitchBook data reported by […]",Yahoo,https://finnhub.io/api/news?id=508cd9cdaa4730b583424cab1ef04113b869c04806b3df9f3f09143797a0e4bc
2025-01-09 11:25:41,TSLA,Why Dogecoin Is Falling Today,"Dogecoin (CRYPTO: DOGE) is falling in Thursday's trading.  The cryptocurrency's token price was down 3.9% over the previous 24 hours, as of 10:15 a.m. ET.  Dogecoin is losing ground today in conjunction with rising macroeconomic risk indicators.",Yahoo,https://finnhub.io/api/news?id=c0c66ef572e1f072b6cd1d9f2798a21a6b9478b6dfa323d1bbcc1210bb29c475
2025-01-09 10:16:06,TSLA,Tesla: Reality Check On Robotaxi Hype,"Analysis of Tesla, Inc.'s stock surge and issues, including regulatory changes, falling profitability, demand issues, and robotaxi delays. Click for more on TSLA.",SeekingAlpha,https://finnhub.io/api/news?id=2eccaf271998d360ddcdb7b7367d0669d202489e50f74df09b681379aff432ef
2025-01-06 04:51:22,TSLA,This Is The Average Stock Market Return Over 60 Years,This Is The Average Stock Market Return Over 60 Years,DowJones,https://finnhub.io/api/news?id=367e0bb4b82b5729d86d219a09887a4c8948862a5d19506d95f3ea9362a41c1f
2024-12-31 17:51:21,TSLA,'X Money' payment system to launch in 2025: X CEO,"X CEO Linda Yaccarino announced on New Year's Eve ""X Money"" will launch in 2025.",Yahoo,https://finnhub.io/api/news?id=d4a34bcf19cd6861b79d95ae859505ff4cc080c8640d6beedba088ef0be11972
2024-12-31 16:10:06,TSLA,S&P 500 Gains and Losses Today: Index Slips as Stocks Close Out Strong Year,"The S&P 500 fell on Tuesday, Dec. 31, 2024, stumbling into the finish line at the end of an upbeat year for stock market returns.",Yahoo,https://finnhub.io/api/news?id=44c5051cadc5713b7e4a1f760f563aeca91873b86366404eed8c88abe1365c7a
2024-12-31 15:55:39,TSLA,Stocks To Watch in January—And What to Watch For,Editors' Picks for Companies That Are Likely to Be in the Spotlight,Yahoo,https://finnhub.io/api/news?id=7f83ad63c6268b129d37dd6882e4083633192ec9d4ffbfa640d80aaf31bfb476
2024-12-31 15:32:00,TSLA,Tesla Stock Caps Incredible Year With Lousy 4 Days. Now Onto 2025.,Electric-vehicle maker Tesla is expected to release fourth-quarter production and delivery numbers this week.,Yahoo,https://finnhub.io/api/news?id=6d23aa960600e7476b8728be94d4ebc49efe8e70a437d79398a3558a8b13b69d
2024-12-31 15:13:00,TSLA,Stocks Cap Best Two Years in a Quarter-Century,Some investors caution against thinking that the rapid pace of gains can continue because interest rates may remain higher than anticipated.,Yahoo,https://finnhub.io/api/news?id=84a7f4553b61d77afae502485d6664fdff243988c1cdd856ce1c576bf174f0dd
2024-12-31 14:09:00,TSLA,The Trillion Dollar Stock Club Is Bigger—and Richer—Than Ever,"Apple still reigns supreme, but there’s a notable newcomer. Two other companies have clawed their way back into the club.",Yahoo,https://finnhub.io/api/news?id=56ecaa3dccd73896ecadfcfe04a64140cbc8bd498c8ce05b18795365e8525faa
2024-12-31 14:03:04,TSLA,"World’s richest man Elon Musk leaves Jeff Bezos $237 billion in the dust, thanks to Donald Trump’s friendship",The combined net worth of the world’s 500 wealthiest individuals hit an unprecedented $10 trillion in 2024.,Yahoo,https://finnhub.io/api/news?id=edf3f1b84f0b71cffd65787e08c5b5ebc894ec2b11f4b6fae66b1ed8eef6ab2a
2024-12-31 12:11:38,TSLA,Tesla's China Growth Drives Optimism Amidst Software Recalls,"Shanghai's Megapack factory commenced trial production, with mass production expected in early 2024.",Yahoo,https://finnhub.io/api/news?id=6899b5b641cc9f37a36b50d159bcc4ff3c435cfffea396bb2986cbb7d10ca496
2024-12-31 12:00:00,TSLA,5 Top-Performing Dividend ETFs of 2H Yielding At Least 20%,"High-yield ETFs provide investors with avenues to compensate for capital losses, if they occur at all.",Yahoo,https://finnhub.io/api/news?id=a381a9fac727199a00f4f0e8f159b207017a372c34ebfb9f640fb3488d69fc13
2024-12-31 11:50:00,TSLA,1 Way the Magnificent 7 Stocks Disappointed in 2024,"The group—which boasts  Apple Nvidia Microsoft Alphabet Amazon.com Meta Platforms  and  Tesla  —averaged a gain of 65% this year, compared with an average of 111% last year, according to Dow Jones Market Data.  The good news: That means other stocks had a chance to perform well, and names like  Palantir Technologies Vistra Walmart AppLovin  and  MicroStrategy  found themselves as top performers.  “The stalwart cloud/hyper scale players in 2025 will continue to play an instrumental role in this key phase of the AI Revolution being led by Microsoft and now also seeing Google (  GCP  ) and Amazon (AWS) both finding major cloud and AI momentum into the coming years,” he added.",Yahoo,https://finnhub.io/api/news?id=efbc957fb989478774520ba53a350e0133fc6eb7f5059a812f03343e240c9454
2024-12-31 11:25:32,TSLA,Tesla Stock Drops Ahead of Q4 Report--Investors Wary of Full-Year Shortfall,Tesla Stock Stumbles Before Key Q4 Results Amid Ongoing Uncertainties,Yahoo,https://finnhub.io/api/news?id=83b8f5583d95430007fbd288f7e01229fdc0d517d503307fccd972ce526301e1
2024-12-31 11:17:05,TSLA,Tesla's Q4 Numbers Could Shock Investors: A Record Year or Falling Short?,"High stakes, policy shifts, and Musk's divided focus--can Tesla keep its EV momentum alive?",Yahoo,https://finnhub.io/api/news?id=e4e89eea00f09e1f9686c1148318dc8aeeff82ec536e369224f5c6d471df067c
2024-12-31 11:15:40,TSLA,Tesla's $202M Megafactory in Shanghai Begins Trial Production,Tesla's Shanghai Megafactory: Trial Production Kicks Off as Global Expansion Gears Up,Yahoo,https://finnhub.io/api/news?id=6a64c67c16945aff0bf7c9adf737598d39c9b214b3b77c74d5111e82ca92311a
2024-12-31 11:03:10,TSLA,Elon Musk leads world's 500 richest people in 2024 as wealth grew,"The top 500 wealthiest individuals globally accumulated a combined net worth exceeding $10 trillion in 2024. Tesla (TSLA) CEO Elon Musk emerged as one of the year's most significant gainers, with his net worth climbing to $442.1 billion following the US presidential election, solidifying his position as the world's wealthiest person. Wealth! host Madison Mills explores this development, examining the other executives who substantially increased their fortunes throughout 2024. To watch more expert insights and analysis on the latest market action, check out more Wealth here. This post was written by Angel Smith",Yahoo,https://finnhub.io/api/news?id=f9c5190819d7f2da994ce0e9921ac86ba0a6466200e8aff8122a3e66d7921361
2024-12-31 10:58:47,TSLA,Why Rivian Stock Is Jumping Today,"Rivian Automotive (NASDAQ: RIVN) stock is making gains in Tuesday's trading.  The electric vehicle (EV) company's share price was up 5% as of 11:30 a.m. ET.  Today is 2024's final trading day, and investors are making relatively few buying and trading moves compared to the average session.",Yahoo,https://finnhub.io/api/news?id=f9a97a33193e9ff78b4dc7e1273cb2daf413207ca249f2ab89c9bb51bfa39d89
2024-12-31 10:58:04,TSLA,"Ralph Lauren, Yum! Brands, Tesla: Market Minute","Wealth host Madison Mills takes a look at the top stories on Wall Street in today's Market Minute: Argus Research analysts upgrade Ralph Lauren (RL) to Buy from Hold, citing international demand. Yum! Brands (YUM) — the parent company of KFC, Pizza Hut, and Taco Bell — also received an upgrade from Argus analysts based on strong same-store sales and artificial intelligence (AI) marketing. Tesla (TSLA) is set to release its fourth quarter delivery numbers this Thursday, January 2, 2025. To watch more expert insights and analysis on the latest market action, check out more Wealth here. This post was written by Naomi Buchanan.",Yahoo,https://finnhub.io/api/news?id=8e5d2ad1eeb481dfe80c5d872932a200befbf80465ef5bd06ed93ffaa9f94664
2024-12-31 09:00:22,TSLA,"Elon Musk's Ex-Wife And Mother Of 5 Kids Says He Won't Take No For An Answer – He Locks His Gaze On To Something And Says, It Shall Be Mine","Elon Musk isn't just a man of the world – he's actively building worlds, whether it's on Mars or in your driveway. The billionaire entrepreneur and richest man in the world may be best known for Tesla, SpaceX and his Twitter antics, but his first ex-wife, Justine Musk, offers a more personal look at what makes Musk tick. Her stories paint a picture of a man who doesn't just dream big – he demands big. ""He would call very insistently,"" Justine said in Ashlee Vance's biography Elon Musk: Tesla, Sp",Yahoo,https://finnhub.io/api/news?id=a996e2d7733180e31ec6c77c497b194dfee8ab0e1fd77703335b1f3a0a16a0fe
2024-12-31 08:38:58,TSLA,The S&P 500's most volatile stocks in 2024,"Looking back on 2024, the year saw monumental gains across the major indexes (^DJI, ^IXIC, ^GSPC) while still proving to be a roller coaster ride of volatility for several individual stocks. The Morning Brief anchors Seana Smith and Madison Mills take a look at several of the S&P 500's most volatile names in 2024, including Palantir Technologies (PLTR), Tesla (TSLA), Enphase Energy (ENPH), and Super Micro Computer (SMCI) after its shares plummeted, tied to the resignation of its auditor. To watch more expert insights and analysis on the latest market action, check out more Morning Brief here. This post was written by Luke Carberry Mogan.",Yahoo,https://finnhub.io/api/news?id=3e5e15de413ef598075962206b26f8ad4ab3965924a6888504dfa738f1ef4157
2024-12-31 07:20:00,TSLA,"Tesla, Palantir, and 8 Other Stocks Will Dominate 2025. The Case to Buy Big Tech.","Deregulation, AI, and a “goldilocks” economic set-up will set up these plays next year, Wedbush analyst Dan Ives says.",Yahoo,https://finnhub.io/api/news?id=521c01d3f7b866b9b84744fc866409405f11a5f03cee2ebdb140288149965149
2024-12-31 07:09:00,TSLA,Tesla Stock Rebounds Ahead of Fourth-Quarter Deliveries,The electric-vehicle maker is expected to release fourth-quarter production and delivery numbers this week.,Yahoo,https://finnhub.io/api/news?id=257c6a936b0f13b61f1c0ca1c35c8d268760e5bbfcf59a3dfdb4c510c8035c3d
2024-12-31 06:50:59,TSLA,Tesla stock surge runs up against a potential annual sales drop,"(Bloomberg) -- For all the exuberance about Tesla Inc. benefiting from Donald Trump’s return to the White House, Wall Street isn’t so sure the carmaker can avoid its first annual sales decline in over a decade.Most Read from BloombergMigrant Crisis Pushed US Homelessness to Record High in 2024Analysts surveyed by Bloomberg are estimating the company may deliver around 510,400 vehicles in the final three months of the year. That would set a new quarterly record for Tesla, but the company would ne",Yahoo,https://finnhub.io/api/news?id=a930d7b4b8cfcf3df9f19fead7d3eee6d3e7acd345232d6ae1c66f59e1086f7c
2024-12-31 06:05:00,TSLA,"S&P 500 Heads for Biggest 2-Year Gain This Century, History Has a Warning. And 3 Other Things to Know Today.","Super Micro is index’s most volatile stock in 2024, Trump’s backing of foreign worker visas is a boost for tech, and more news to start your day.",Yahoo,https://finnhub.io/api/news?id=53f03c0fb6ff3f40eb3871c63debbc431f5ce994d5b9a7fe04999ad52e21e51f
2024-12-31 05:45:56,TSLA,"Tesla to Recall 77,713 China Vehicles Over Software Glitch, Airbag Fabric","Tesla's (TSLA) China division will recall some of its imported and domestically produced vehicles, B",Yahoo,https://finnhub.io/api/news?id=9d954978d1258f82465e227cb67e8b8913af17705c208cfa5de4b7fe0354b2bd
2024-12-31 05:16:11,TSLA,"Trending tickers: Tesla, Bitcoin, Sangamo, Endeavour",The latest investor updates on stocks that are trending on Tuesday.,Yahoo,https://finnhub.io/api/news?id=eac82272acd617ea59320ce6b8ea604b1199b8d59470e275f63c7f3adb1b1991
2024-12-31 05:00:00,TSLA,Is Tesla Stock a Buy in 2025?,"Tesla might be a great company, but investors should think twice before buying the stock.",Yahoo,https://finnhub.io/api/news?id=85824f59465603d254ff36720482730a895be772015b488fc5a5eb086668e808
2024-12-31 04:00:00,TSLA,Tesla stock's bumpy road through 2024 was erased by Musk and Trump's bromance,Tesla (TSLA) began 2024 with a bang.,Yahoo,https://finnhub.io/api/news?id=87718608d2b9f91cb0bff798fc3ff45f3c1a00076c626cb358aa43756149fbd3
2024-12-31 04:00:00,TSLA,"Elon Musk, Jensen Huang, and the other billionaires who made bank in 2024","2024 was a major year for the world’s wealthiest Americans as the stock market continued to notch new highs. The S&P 500 hit more than 50 record highs over the past 12 months, with its first occurring as early as Jan. 19.",Yahoo,https://finnhub.io/api/news?id=851cc980822e069839908a00f379b725a430bc88b4c9e5e632156a5aa10de275
2024-12-31 03:36:57,TSLA,"Why Tesla, Inc. (TSLA) Is the Best Environmental Stock to Invest in Right Now?","We recently published a list of the 10 Best Environmental Stocks To Invest In Right Now. In this article, we are going to take a look at where Tesla, Inc. (NASDAQ:TSLA) stands against the other best environmental stocks to invest in right now. The United Nations Climate Change Conference (COP29), held in Baku, Azerbaijan, concluded […]",Yahoo,https://finnhub.io/api/news?id=dd071a0745f5369468d97ac48025ae148f98f5e6dcdf679a839c05415ce0dcf6
2024-12-31 03:32:02,TSLA,"Tesla to fix software for 77,650 China-made vehicles, says market regulator","Tesla will fix software in 77,650 China-made Model 3 and Model Y cars over safety hazards, China's market regulator said on Tuesday.  The action, due to software issues that may fail to display the monitored tyre pressure immediately after the vehicle starts, is described as a product recall under Chinese regulations, the regulator said.  It was not immediately clear if drivers might need, or would be eligible, to return vehicles to Tesla for refunds.",Yahoo,https://finnhub.io/api/news?id=f1a899cbf2c716ee40fa9ff1f72273bede5bea27786c6e71417c85973dffe4f7
2024-12-31 02:35:00,TSLA,Market Outlook 2025: Don't Be Blindsided By A Reality Check,"The stock market rallied more than 25% in 2024, making another highly successful year of outperformance. Read more on what investors can expect in 2025.",SeekingAlpha,https://finnhub.io/api/news?id=ac5c32b60d29b0b28dc34c4a94d134719653fd322dac7faff2ec76e96b3d99a0
2024-12-31 01:38:48,TSLA,Li Auto: Consistent Performer And Undervalued,"Li Auto, a Beijing-based company founded in 2015 by Xiang Li, focuses on REEV SUVs, offering extended range and leading sales in China. Explore more details here.",SeekingAlpha,https://finnhub.io/api/news?id=16d888027dc44cf983f1c4bc93defd07bda9ead94abae51843f595fe80d86587
2024-12-31 00:30:00,TSLA,EV Sales Will Tumble in 2025. What It Means for Tesla and the Rest of the Auto Industry.,"Investors in all car stocks, including  Tesla  should buckle up for a bumpy ride.  President-elect Donald Trump is widely expected to eliminate EV purchase tax credits worth up to $7,500 per vehicle.  If that happens, it amounts to a big price increase for most electric cars.",Yahoo,https://finnhub.io/api/news?id=8ddffc4efc080b0eae3cf0f2c3a06ce68636cfac9962b84e1a18869c6a2fa053
2024-12-31 00:00:32,TSLA,How major tech stocks could perform in 2025,Tech stocks including Nvidia and Apple continued to have a big influence on market performance this year. Here's how experts think they could perform next year.,Yahoo,https://finnhub.io/api/news?id=e28b54f9010878ad4a2bf60d30d6b2a9355f9b10b161ae286b66172524b63d50
2024-12-30 22:20:20,TSLA,Tesla's Shanghai energy storage gigafactory begins trial production,"BEIJING (Reuters) -     Tesla's energy storage gigafactory in Shanghai has started trial production, with mass production expected early next year, according to Tesla China on Tuesday.",Yahoo,https://finnhub.io/api/news?id=a042911c9568cbec528ef211dfecbf4fa74f5e7323e70ebc63994c52c10ac1b6
2024-12-30 22:00:00,TSLA,Stocks on Pace for Best Two Years in a Quarter-Century,Some investors caution against thinking that the rapid pace of gains can continue because interest rates may remain higher than anticipated.,Yahoo,https://finnhub.io/api/news?id=75b440bd29bdd3458c8e44ffc8faf37329cc25b1a287724fb89c291c9d43db2b
2024-12-30 21:52:51,TSLA,Markets in 2024: Wall Street's high-octane rally keeps investors captive to the US,"Markets that began the year with investors expecting a global stock rally to fizzle, swift U.S. interest rate cuts to boost Treasuries and soften the dollar and emerging market currencies to...",Finnhub,https://finnhub.io/api/news?id=954d1e1782ba94562d794416478248f1596535e02e082474b4b8610adec439f3
2024-12-30 15:23:00,TSLA,"These Stocks Moved the Most Today: Boeing, Tesla, Super Micro, Palantir, Nissan, and More","Boeing stock tumbles, and shares of Tesla decline. Super Micro continues to fall in the wake of a tech-sector selloff. Apple extends losses, while Palantir loses ground.",Yahoo,https://finnhub.io/api/news?id=41da39e3d83390b83e4f43358aa898a404bcd4dc9c575d04d4678b61609fd8db
2024-12-30 14:38:59,TSLA,Nvidia may be entering a 'limitless' era: Investor,"Nvidia is entering its next phase of growth, and it could be as impressive as its most recent phase, one investor argued.",Yahoo,https://finnhub.io/api/news?id=023df19cebc86ab82dfd4144c5bf0b2b1405fdd03d86c799165ca98c3acf6d10
2024-12-30 14:33:06,TSLA,Tesla’s (TSLA) Autonomous Future: What’s Next for Driverless Cars?,"We recently compiled a list of the 10 AI News Investors Shouldn’t Miss. In this article, we are going to take a look at where Tesla, Inc. (NASDAQ:TSLA) stands against the other AI stocks. Famously known as the “godfather of artificial intelligence”, British-Canadian computer scientist Professor Geoffrey Hinton has recently warned that the pace of technological […]",Yahoo,https://finnhub.io/api/news?id=460be9f174c72d0f892594085f647fd4b95bde16eab48cc1b1e18c32119ad6e3
2024-12-30 14:30:27,TSLA,China And Musk Could Both Contribute To Tesla’s (TSLA) Commercial Deployment of Robotaxis,"As the political temperature cools down in the aftermath of Donald Trump’s victory, analysts are now starting to evaluate the possible implications. Everyone saw Elon Musk’s involvement in the political campaign and it is clear he intends to be an integral part of policymaking going forward. But Elon Musk shouldn’t be the only one eager […]",Yahoo,https://finnhub.io/api/news?id=f13a68fd9c65f508f7e9b71fe9951700357315de99f2bd73044a5cea68b9b13c
2024-12-30 14:24:08,TSLA,"More sectors, stocks need to 'carry the ball' in 2025: Strategist","The Magnificent Seven tech stocks are pulling back as US market indexes (^DJI, ^IXIC, ^GSPC) decline, contrary to Wall Street's hopes for a Santa Claus rally. What is the next phase of the AI trade and Mag Seven momentum looking like going into 2025? MDB Capital president and chief market strategist Lou Basenese sits down in-studio with Seana Smith and Madison Mills for a conversation about where he expects market momentum to broaden out in the coming new year. ""The heavy concentration is the fact that if we look at the other 493 stocks in the S&P 500 (^GSPC), expectations are for their growth in earnings to accelerate significantly. So from about 4% this year to 13%,"" Basenese explains. ""So we need other names to pick up and carry the ball in 2025. And I think we're going to see that happen. The tech sector is obviously going to have the strongest growth, but we need to see everyone else participating."" Basenese goes on to comment about where bitcoin (BTC-USD), the volatility index (^VIX), and even the Federal Reserve fit into market expectations. Bernstein Private Wealth Management Senior Investment Strategist Roosevelt Bowman told Yahoo Finance earlier today that the next AI investment plays could include power and energy suppliers and semiconductor cooling technology. To watch more expert insights and analysis on the latest market action, check out more Morning Brief here. This post was written by Luke Carberry Mogan.",Yahoo,https://finnhub.io/api/news?id=99dfeda31f4b02a46c84ca7a7e34216286ade460d77dfa25b658f9ea78014209
2024-12-30 12:04:44,TSLA,"Elon Musk wants weak Europe, says Germany's vice chancellor","U.S. billionaire Elon Musk's support for Germany's far-right Alternative for Germany is a logical and systematic play for a weak Europe that will not be able to regulate as strongly, Vice Chancellor...",Finnhub,https://finnhub.io/api/news?id=26bd1924d63c98a610251faeaa9f12fbb397d3d4b9b041dcdbec3e59f6c0bade
2024-12-30 11:48:33,TSLA,"Elon Musk eyes a deal with his native South Africa to let SpaceX offer Starlink service in exchange for a Tesla battery plant, report says",Musk’s political influence continues to grow.,Yahoo,https://finnhub.io/api/news?id=5293b28b894ee50a72e0f0fb9d60784105ecffce0a38079ffa0fc29f99c055d5
2024-12-30 11:36:09,TSLA,Tesla Collaboration Drives LiveOne to Three-Month High Amid Surging User Growth,LiveOne hits three-month high as Tesla collaboration fuels subscriber growth and investor optimism,Yahoo,https://finnhub.io/api/news?id=e6750a24e6b4d641d0e4c02964993c9925b8b17cd0d67f577b8f5cb0cd82fa2c
2024-12-30 11:25:27,TSLA,Uber: A Growth-at-a-Reasonable-Price Opportunity for 2025,"Robotaxis might be stealing the spotlight, but Uber's fundamentals are still driving the real value -- here's why now's the time to buy.",Yahoo,https://finnhub.io/api/news?id=90ce280adf9c0205551eba54d2d7b653aa68070ffac16f8307392e46cd11c3d7
2024-12-30 11:16:05,TSLA,Autonomous Driving Revolution? Tesla Grapples with State Laws Amid NHTSA's New AV Framework,State-level rules and federal proposals complicate Tesla's self-driving tech as regulators push for transparency.,Yahoo,https://finnhub.io/api/news?id=5358a7a3700f6159a6b2f8622b8ee05f198cd21acfb07f338d2466cb25fa8968
2024-12-30 11:15:00,TSLA,"Trump Says H-1B Visas Are ‘Great.’ Why That’s Good News for Amazon, Tesla and Google.","Donald Trump’s outspoken support of the H-1B visa program bodes well for companies like  Amazon  and  Alphabet’s  Google, who are among the top employers of foreign workers.  Data from U.S. Citizenship and Immigration Services shows that Amazon.com remained a top sponsor for foreign workers in fiscal 2024.",Yahoo,https://finnhub.io/api/news?id=933070766af36ed0c8cbb49aa9b1bf947305559b5efb1b622ee7a9d8aa0e14ea
2024-12-30 09:44:54,TSLA,Tesla investor: Elon Musk is working more for Trump and less for Tesla,"Tesla shareholders may want to begin paying attention to who is really running the EV giant, one prominent investor says.",Yahoo,https://finnhub.io/api/news?id=ba460d4dd84dbe18e1de41274302ab4e8cbe2ea07a19b010e3bf32ddff06621c
2024-12-30 09:19:58,TSLA,"Tesla Eyes Record Q4 Deliveries Amid Growth, But Analysts Flag Value Disconnect","Tesla aims for record Q4 deliveries, but analysts see stock gains fueled by technical trading, not fundamentals",Yahoo,https://finnhub.io/api/news?id=dae6a041b777dd86627ab2fa77b8f765465c355f3de2565278a6dd8dee093998
2024-12-30 09:10:00,TSLA,Tesla Stock Falls for a Third Day. Here’s What We Know.,"Investors remain worried that the Federal Reserve won’t cut interest rates as aggressively as hoped in 2025.  Aside from the market move, there haven’t been any new analyst reports or price target changes to pin Tesla’s move on.  The current average analyst target price for Tesla shares is about $296, according to FactSet.",Yahoo,https://finnhub.io/api/news?id=e9d472e7ad875d8d9d49d52255788c945a2edd8c2dc83ef2eec1539d504039ca
2024-12-30 08:00:18,TSLA,"Tesla, Inc. (TSLA) Is a Trending Stock: Facts to Know Before Betting on It","Tesla (TSLA) has been one of the stocks most watched by Zacks.com users lately. So, it is worth exploring what lies ahead for the stock.",Yahoo,https://finnhub.io/api/news?id=e6f9b5ac8d29d62d1dd2b5d3fa89b226e61253f3dbf3950ce6a1cfd4013cfad1
2024-12-30 08:00:11,TSLA,"Tesla, Inc. (NASDAQ:TSLA) is a favorite amongst institutional investors who own 46%","Key Insights Given the large stake in the stock by institutions, Tesla's stock price might be vulnerable to their...",Yahoo,https://finnhub.io/api/news?id=434731256a35646aaf5c5469531ee9645ce1d5a7a93374a0f42710797b9e95ad
2024-12-30 07:46:00,TSLA,"Super Micro, Tesla, Palantir and More of 2024’s Most Volatile Stocks",AI server maker Super Micro unsurprisingly topped the list of S&P 500's most volatile stocks this year.,Yahoo,https://finnhub.io/api/news?id=04428a5207989b3e5368b34f2d1962d0f8f5416c4bf8f79b3d5336f98c89d4f7
2024-12-30 07:37:19,TSLA,Downing Street rejects Musk’s suggestion companies are turning away from UK,The tech entrepreneur said ‘very few companies’ were willing to invest in the UK under Sir Keir Starmer’s administration.,Yahoo,https://finnhub.io/api/news?id=bbc92bc407acd92e5fa4c15482fd0513006433fe7bd39a870607a693e7a6e6a3
2024-12-30 07:21:58,TSLA,EV car buyers may ditch Tesla for new rivals in 2025,Tesla cars will face off against highly anticipated new models in 2025.,Yahoo,https://finnhub.io/api/news?id=5530f55eb3484071d5438e873f93f781a8ed3d6637eba2b70b3c0ad6292ba37e
2024-12-30 07:05:37,TSLA,"Is Tesla, Inc. (TSLA) the Biggest EV Stock In the World Heading Into 2025?","We recently compiled a list of the 12 Biggest EV Stocks In the World Heading into 2025. In this article, we are going to take a look at where Tesla, Inc. (NASDAQ:TSLA) stands against the other EV stocks. Vehicle Market Outlook for 2025 Reflects Mixed Opportunities According to the S&P Global Mobility report, global vehicle sales […]",Yahoo,https://finnhub.io/api/news?id=7d3187ccc8aa903b7afc9e37a8a49c3785194947cf33271c81a19c2bdc500167
2024-12-30 06:36:00,TSLA,"These Stocks Are Moving the Most Today: Boeing, Tesla, Super Micro, Apple, Palantir, and More","Boeing stock tumbles and shares of Tesla decline. Super Micro continues to fall in the wake of a tech-sector selloff. Apple extends earlier losses, while Palantir loses ground.",Yahoo,https://finnhub.io/api/news?id=e572a035d7643e89bde113c4edc0a3e3b5f6be97fc07dccffa3c8d961b3d072b
2024-12-30 05:36:21,TSLA,"Social Buzz: Wallstreetbets Stocks Mostly Lower Pre-Bell Monday; Boeing, Tesla to Retreat",The most-talked-about stocks in the Reddit subforum Wallstreetbets were mostly lower in the early ho,Yahoo,https://finnhub.io/api/news?id=7a8019faef379c0f16c58b7c3dfc9b8ffa0bb51bc136ee18067b5646b861c042
2024-12-30 05:00:44,TSLA,10 charts that tell the story of markets and the economy in 2024,Here's why the S&P 500 is on track to rise more than 20% in two consecutive years for the first time since the late 1990s.,Yahoo,https://finnhub.io/api/news?id=73f2ad40119a09642fd5f5da937a21ddacf26a149901579e46caa76ac8402962
2024-12-30 05:00:05,TSLA,Tesla's self-driving tech: Why states' rights could be an issue,"Ross Gerber, Co-founder and President of Gerber Kawasaki Wealth and Investment Management, joins Catalysts to discuss Tesla’s (TSLA) self driving regulation issues. Gerber believes the self-driving regulation is a state-by-state battle for Tesla, mentioning federal government “doesn't actually have authority over state roads.” ""...The federal government doesn't actually have authority over state roads, so you have interstate highways, which are part of the federal government, and then you have most states,"" the Tesla shareholder says. ""All states have their own, you know, it's the California Highway Patrol. It's not the Federal Highway Patrol,"" he adds. Gerber also notes that federal agencies — which he believes are biased against autonomy — are slowing progress. To watch more expert insights and analysis on the latest market action, check out more Catalysts here. This post was written by Josh Lynch",Yahoo,https://finnhub.io/api/news?id=2bc01c786f07a167af708f996c4699a402bc2b7ff1ddf2f07185460d1666058d
2024-12-30 04:44:21,TSLA,"Total Return Breakouts: Records, Skew, And All New Portfolios For 2025","Discover top stock picks for 2025 like SoundHound AI, Banco Macro, and Tesla, and learn how to navigate market conditions for optimal returns.",SeekingAlpha,https://finnhub.io/api/news?id=5030ea66f47721c4d30e228bb243e3639787f374ffbd91594a158718480a9767
2024-12-30 04:30:13,TSLA,"Trending tickers: Nvidia, Boeing, Tesla and Palantir",The latest investor updates on stocks that are trending on Monday.,Yahoo,https://finnhub.io/api/news?id=8fd4292c6c44506e0b3db9cacaba23aeae90820d4349802234872bfe6ae2b72c
2024-12-29 23:18:07,TSLA,"Jim Cramer on Tesla, Inc (TSLA): ‘Shares Of Tesla Are Down About 13% Year To Date’","We recently published an article titled Jim Cramer’s Bold Predictions About These 15 AI Stocks. In this article, we are going to take a look at where Tesla, Inc (NASDAQ:TSLA) stands against the other AI stocks Jim Cramer talked about. As trading in 2024 heads towards a close, major stock market indexes have had a good […]",Yahoo,https://finnhub.io/api/news?id=3d3abfa77e7295b0bb921cf3aa3ff4f725030b44d799bc530dffaa3e75766c48
2024-12-29 21:23:41,TSLA,Watch These Tesla Price Levels as Stock Hits Brakes Ahead of Q4 Deliveries Report,"Tesla shares will be in focus to start the week after logging two consecutive days of losses, as investors look ahead to the EV maker’s fourth-quarter deliveries report. Monitor these important chart levels.",Yahoo,https://finnhub.io/api/news?id=f14e20a027af34bd57e253bc8bfa5a49840f7cb6e0bbc80ed927b1d782de05c8
2024-12-29 06:36:08,TSLA,"Is Tesla, Inc. (TSLA) A Good Car Stock To Invest In Now?","We recently compiled a list of the 10 Best Car Stocks To Invest In Now. In this article, we are going to take a look at where Tesla, Inc. (NASDAQ:TSLA) stands against the other car stocks. The automotive industry has witnessed a constant churn of innovation over the last several decades, with car makers continuously providing […]",Yahoo,https://finnhub.io/api/news?id=8cb604301b07f9304d5f3b0bfd02484857e3c99e1c79a101f2e4285ab9383ecf
2024-12-29 05:06:00,TSLA,Prediction: These Will Be the Biggest (and Most Anticipated) Stock Splits for 2025,"Similarly, a high-priced stock can dampen an investor's enthusiasm.  After all, would you rather have five shares of a stock, each worth $100, or half a share that is worth $500?  With that in mind, let's examine a few high-priced stocks that investors are hoping will execute a stock split in 2025.",Yahoo,https://finnhub.io/api/news?id=0b96d6c823ce89d89ea5e6e376a6e0669cb8ce14eae9af52a8a065f86143ff87
2024-12-29 04:30:00,TSLA,Discounts on the Dealership Lot Lift Car Sales,"New-vehicle prices are expected to ease further in 2025, with discounts continuing to flow as many automakers return to prepandemic inventory levels.",Yahoo,https://finnhub.io/api/news?id=29bada82b242c70dbfadba2b081b3ac75f1a44f606e53a72ff561fc7a975b650
2024-12-28 11:00:13,TSLA,"Trump Fires Back At Critics, Denies Ceding Presidency To Elon Musk: 'I'm Safe ... He Wasn't Born In This Country'","President-elect Donald Trump has addressed speculation about Tesla Inc. (NASDAQ:TSLA) CEO Elon Musk’s growing political influence. What Happened: On Sunday, speaking at Turning Point USA’s AmericaFest conference, Trump dismissed suggestions that he had “ceded the presidency” to Musk, pointing to the Constitution’s natural-born citizen requirement, reported NBC. “No, he’s not going to be president, that I can tell you,” Trump stated. “And I’m safe. You know why? He can’t be. He wasn’t born in thi",Yahoo,https://finnhub.io/api/news?id=a6e3d5152ae3499158ad09e35f1f18a712eb9208fe2f9446474930bccdf54465
2024-12-28 10:00:25,TSLA,What US buyers (and investors) can expect from the auto industry in 2025,Changes are coming for the auto industry in 2025 both in the US and overseas.,Yahoo,https://finnhub.io/api/news?id=4fb3db9ee69633f6fbf6a2a5ff880d3454aa36c542ed9087ef75e8363b83feef
2024-12-28 09:49:46,TSLA,Tesla's 5% Stock Plunge Mirrors the Gaming World's Unpredictability,Tesla's Market Volatility Offers Strategic Insights for Gamers,Yahoo,https://finnhub.io/api/news?id=d7f1716a8607898fccc9df0a85bcf5521a36d065860cdc7a4dcf6c0ad7c09145
2024-12-28 07:41:42,TSLA,Elon Musk vows 'war' over H-1B visa program amid rift with some Trump supporters,"Elon Musk, the billionaire CEO of Tesla and SpaceX, vowed to go to war to defend the H-1B visa program for foreign tech workers late on Friday amid a dispute between President-elect Donald Trump's...",Finnhub,https://finnhub.io/api/news?id=f566175c614d2c5a4a72b84dba4fc6d371e496eb064a729ed1c60494ef3ffd97
2024-12-28 04:57:00,TSLA,Investing pros think these stock-market losers are set to rebound in 2025,"Also: Technical analysis for trading in shares of Nvidia, how MicroStrategy burns cash, and tips for people with student loans in 2025",Yahoo,https://finnhub.io/api/news?id=7f3ca12b0ce13e9da717ec7e6632beed3eec9aacb333c43713d98e3944294204
2024-12-28 04:30:00,TSLA,A Thrill-Seeking Trade Amps Up Heading Into 2025,"About 48 million options contracts have changed hands daily on average this year, on pace for a record in data going back to 1973, according to the Options Clearing Corp., or OCC.  Now, they have become wildly popular among rookie traders seeking to amplify their bets, especially on extremely volatile stocks.  The contracts allow traders to make directional bets on stocks by offering the right to buy or sell shares at a specified price, by a set date.",Yahoo,https://finnhub.io/api/news?id=c88b8f4943e6e6c479668fca0eff7a6b57a423aca46d7ae3a884137292639920
2024-12-28 04:17:00,TSLA,Should You Buy Tesla Stock Before Jan. 2?,"CEO Elon Musk put his cash and influence behind Donald Trump's election campaign, which may have helped him bring the victory home.  As a result, investors are speculating that Tesla will benefit from the incoming administration's policies, which is why most of the gain in its stock for 2024 occurred after Election Day on Nov. 5.  With the year drawing to a close, the company is almost due to report its fourth-quarter production and delivery numbers for its electric vehicles (EVs).",Yahoo,https://finnhub.io/api/news?id=2827993b1f4f12eb7f2508e29b4a90ac02321359b8e5d82b75fca2cfb827508d
2024-12-28 02:00:00,TSLA,How Elon Musk’s Tesla became one of Britain’s fastest growing power companies,"Elon Musk has been one of Labour’s most vocal antagonists since July’s election. The billionaire boss of Tesla and SpaceX hit out at Sir Keir Starmer’s handling of the summer riots, was snubbed over an international investor conference and has supported a petition for a new election.",Yahoo,https://finnhub.io/api/news?id=b4b73ff5795e6598d893becefe507d278d339b7befd704f604ba99130ade9713
2024-12-28 01:26:11,TSLA,"If Robotaxi Is The Next Frontier, Either Tesla Or Google Is Completely Mispriced","Financial analysis comparing Tesla and Alphabet's Waymo, highlighting overvaluation of Tesla and potential for Alphabet due to Waymo's progress. Read more here.",SeekingAlpha,https://finnhub.io/api/news?id=713cfaabdafbbbf8ad671f85af199b2062ffae99c01f863180c5513d292e65ec
2024-12-27 20:00:00,TSLA,The Ultrarich Still Love Tech Stocks. They’re Upbeat on 2025.,The Ultrarich Still Love Tech Stocks. They’re Upbeat on 2025.,MarketWatch,https://finnhub.io/api/news?id=b9a8c1e2f8e1ba9e8b55a62fd9be5fbcd240f0dda39fcf9283c07c8775f6c2d7
2024-12-27 17:05:55,TSLA,Analyst on Tesla (TSLA): ‘No Cause To Be Concerned’,"We recently published a list of Analysts Are Talking About These 10 AI Stocks. In this article, we are going to take a look at where Tesla Inc (NASDAQ:TSLA) stands against other stocks analysts are talking about. Marco Argenti, Chief Information Officer at Goldman Sachs, recently said that in 2025, the world will witness the […]",Yahoo,https://finnhub.io/api/news?id=016454b9c04d2611d325826b3379186c1abdcc87faf1a6d9fbfd00329a81ddf4
2024-12-27 16:25:00,TSLA,"Tesla Recalled 700,000 Cars. This Time Was Different.","Tesla  made headlines recently with another large recall.  On Dec. 17, the electric-vehicle maker recalled 694,304 vehicles to correct a potential error with the tire-pressure monitoring system.  An indicator light might not remain illuminated, “failing to warn the driver of low tire pressure,” says the notice from the National Highway Traffic Safety Administration.",Yahoo,https://finnhub.io/api/news?id=27bdbfd9605a33a79c9e44ddea63d2d8fa7fececff6a645757b0cbac42ae6310
2024-12-27 16:04:31,TSLA,AI stock trade goes beyond Mag 7 in 2025,"While the increase in AI enthusiasm in 2025 is expected to drive even more growth for the ""Magnificent Seven,"" which comprises Amazon (AMZN), Alphabet (GOOG, GOOGL), Meta (META), Nvidia (NVDA), Apple (AAPL), Microsoft (MSFT), and Tesla (TSLA), equity strategists also predict the AI buzz will extend to other sectors in the S&P 500 (^GSPC) next year. Yahoo Finance's Josh Schafer joins Market Domination to share his outlook for AI's expansion in 2025. To watch more expert insights and analysis on the latest market action, check out more Market Domination here. This post was written by Josh Lynch",Yahoo,https://finnhub.io/api/news?id=8afe8b2d0f96770dfece4bc5ce8ef87098ca84920e7f0dbf043dccfed0422e88
2024-12-27 15:58:23,TSLA,S&P 500 Gains and Losses Today: Tech Stocks Fall to Finish Holiday Week,"The S&P 500 fell 1.1% on Friday, Dec. 27, 2024, as tech stocks lost ground heading into the final weekend of the year.",Yahoo,https://finnhub.io/api/news?id=7180544b1ef797eeb95d7da7e7b1781e9f6b07318905840aef7bc447b64ef74b
2024-12-27 15:20:00,TSLA,"These Stocks Moved the Most Today: Tesla, Super Micro, Nvidia, Rigetti Computing, Palantir, and More","Tesla declines and Super Micro Computer shares fall. Nvidia slips along with other semiconductor stocks, while Rigetti Computing gains after Thursday’s record close.",Yahoo,https://finnhub.io/api/news?id=a7dda959748952aa668c8d0c47d40227731a2abbcbc2569dff04bbe991997318
2024-12-27 14:49:58,TSLA,Daniel Ives Bullish on Big Tech Tesla (TSLA) and Palantir (PLTR) and Cryptocurrencies on Regulation Getting Defanged,"Expect another big tech rally under Donald Trump on regulation getting defanged. That’s the sentiment echoed by Wedbush Dan Ives, who believes tech stocks will continue edging higher in 2025 after hitting record highs in 2024. Senior analysts foresee artificial intelligence propelling big tech to new heights amid increased technology adoption. While cloud adoption in […]",Yahoo,https://finnhub.io/api/news?id=f8979b0b33b88c72f5b092db2211bc8c3dabc7d385b87cdbff81ac298e5a49da
2024-12-27 13:59:00,TSLA,Tech Slide Weighs on U.S. Stocks,"Major indexes, which had barely budged Thursday, remained on track to finish little changed for the week—and are closing in on strong full-year gains.",Yahoo,https://finnhub.io/api/news?id=1affc8a5ec78f8ac03d16edd11575e2aa5d52d9ff7c55fb35e5d5c9516c10b10
2024-12-27 12:48:04,TSLA,Tesla's Musk Uses Weight-Loss Drugs as Eli Lilly and Novo Nordisk Dominate the Market,"Musk revealed using Novo Nordisk's Ozempic and Eli Lilly's Mounjaro, highlighting their popularity for weight management.",Yahoo,https://finnhub.io/api/news?id=b217155a465da8ef3498efdea19b2f509a2b7c99c666047829f1eee7fd866a5a
2024-12-27 12:22:02,TSLA,Why the Tesla Stock Rally Is Fading Today,"Tesla (NASDAQ: TSLA) shares have been soaring since the U.S. election in early November.  As of 12:35 p.m. ET Friday, Tesla shares were down 4.3%.  Most of that gain has come after Donald Trump won the U.S. presidential election with backing from Tesla CEO Elon Musk.",Yahoo,https://finnhub.io/api/news?id=01b26192221336c3c9e8651441d400428b5cd8d623bb45feca7489cecfe3e61e
2024-12-27 12:05:58,TSLA,2025 is the year Tesla leaders need to deliver: Investor,"Ross Gerber, Co-founder and President of Gerber Kawasaki Wealth and Investment Management, joins Catalysts host Brian Sozzi to discuss Tesla (TSLA) and CEO Elon Musk’s leadership. While Musk is still “setting the tone” for Tesla, the leader is likely no longer involved in day-to-day operations from a company standpoint — instead spending more time with President-elect Trump, Gerber argues. ""...I think Tesla shareholders are more than aware that their CEO works for Donald Trump at this point,"" Gerber says. So, you know, it's yet to be seen whether this team can prove themselves,"" Gerber adds. To watch more expert insights and analysis on the latest market action, check out more Catalysts here. This post was written by Josh Lynch",Yahoo,https://finnhub.io/api/news?id=3f9fadcbef3a8ebee6429f639903d791b8514da6c71607e2ec4029bebad0cc01
2024-12-27 11:44:00,TSLA,The Dow sinks 500 points as Nvidia and Tesla lead tech decline,"The Dow fell sharply on Friday, dropping more than 500 points as tech giants within the so-called “Magnificent Seven” saw significant declines.",Yahoo,https://finnhub.io/api/news?id=1c415c3439745d0231c8045da99af1c653e7a7f26c13de2d2662fcfe30a9c09c
2024-12-27 11:37:00,TSLA,Tesla Stock Falls for a Second Day. Why Shares Are Limping Into Year End.,"Tesla  stock declined Friday as interest rates knocked shares of highfliers lower.  Shares of the maker of electric vehicles fell 3.4% to $438.58 in midday trading, while the  and  dropped 1.2% and 1.8%, respectively.  Tesla has a “beta of about 2 with the Nasdaq,” pointed out  exchange-traded fund co-founder and Tesla shareholder Gary Black.",Yahoo,https://finnhub.io/api/news?id=f0b05d32e243086654275360fa2bfe14f7512c645dd189ba3031c36f0ca7d561
2024-12-27 11:24:50,TSLA,Analyst: Tesla (TSLA) Will Benefit in ‘Tough’ Environment for EV Companies Under Trump Administration,"We recently published a list of Top 10 AI Stocks That Should Be On Your Watchlist for 2025. In this article, we are going to take a look at where Tesla Inc (NASDAQ:TSLA) stands against other top AI stocks that should be On your watchlist for 2025. Investors are looking for new growth horizons in […]",Yahoo,https://finnhub.io/api/news?id=ffebf0584af0f9ea6e705006b82510cc850f95034345991c4cc76403193fc777
2024-12-27 11:16:13,TSLA,"U.S. Market Tumble: Tesla Drops 4.5%, Nvidia Slides 3%, Microsoft Falls 2.2%","Tech Leaders Under Pressure: Tesla, Nvidia, and Microsoft See Sharp Declines",Yahoo,https://finnhub.io/api/news?id=3a7ea86f084f81ef681041246c8978211568e67b7cfe085c27b7c1d7d85064b1
2024-12-27 11:14:00,TSLA,MAGA vs. Musk: Immigration Fight Cracks Populist-Tech Bro Alliance,The Tesla CEO’s argument to welcome high-skilled immigrants has stoked worries about foreigners taking American jobs.,Yahoo,https://finnhub.io/api/news?id=eb72902a7d5ea05d4d3aaf58853fb37e5cb6d9c26aad8e84f5e778ab4e9fbeeb
2024-12-27 11:12:42,TSLA,"Magnificent Seven"" Dominate 2024: Nvidia, Tesla Lead AI-Fueled Market Surge!","""Magnificent Seven"" tech stocks soar in 2024, with AI expansion driving record gains and broader economic growth.",Yahoo,https://finnhub.io/api/news?id=c927743ba0d17fed2197c561d295456adf76aef9c5343744779bc772119a32bb
2024-12-27 11:00:00,TSLA,The Top ETF of December & its Best-Performing Stocks,WISE is the best-performing ETF of December. Let's find out which stocks made it a top performer.,Yahoo,https://finnhub.io/api/news?id=3abb2d30f3641bbfc399d08a699ea4f163209605b779ba485c99acc381361e0b
2024-12-27 11:00:00,TSLA,Mag 7 is turning to 'lag 7': How to play tech in 2025,"Piper Sandler managing director and chief market technician Craig Johnson joins Josh Lipton on Market Domination. He suggests that, although stocks like Apple are trending upward, the ""Magnificent Seven"" — which comprises Nvidia (NVDA), Alphabet (GOOG, GOOGL), Tesla (TSLA), Microsoft (MSFT), Amazon (AMZN), Meta (META), and Apple (AAPL) — may become the ""lag seven"" in 2025 as ""the relative performance has not been nearly as strong."" Johnson shares his strategy for navigating the shifting tech landscape in the coming year. ""I would rather see investors — and I suspect this will happen as you get into early 2025 — taking some, not all, but some of their profits out of those larger cap stocks, reducing those positions, and then again, recognizing some of those gains that they may not have wanted to recognize in 2024 and [shifting] down cap, looking at stocks like Twilio (TWLO)."" He also highlights Robinhood (HOOD) as an opportunity for investors, given the ""more friendly crypto policy from the new administration."" Johnson advises viewers not to forget optical companies, like Coherent (COHR), which ""could be a better place to put some money to work."" To watch more expert insights and analysis on the latest market action, check out more Market Domination here. This post was written by Naomi Buchanan.",Yahoo,https://finnhub.io/api/news?id=c829b5dbe0b9cd17febadd0e1a1ea2ecfe8ec61a3755f5a8999cce9356de9019
2024-12-27 10:28:41,TSLA,Is Tesla's Stock Flying Too High? Here's What You Need to Know,"Trump, AI, and China Helped Tesla Soar, But Can It Keep Up With The Hype?",Yahoo,https://finnhub.io/api/news?id=b172518339f4650e9a30ad47e270f81c8e9ec513b3eae6f099e4399c3c4e98b9
2024-12-27 10:26:07,TSLA,Why Tesla (TSLA) Shares Are Falling Today,"Shares of electric vehicle pioneer Tesla (NASDAQ:TSLA) fell 4.6% in the morning session after the major indices declined sharply (Nasdaq down 1.9%, S&P 500 down 1.1%) as investors appeared to be locking in some gains in a year marked by significant progress in the Fed's effort to deliver a soft landing—taming inflation without causing more damage to the economy—despite early signs of weakness in the labor market.",Yahoo,https://finnhub.io/api/news?id=997fe6178c909ce8e9f0631ce8516f981de420c8db7ed77b8cb5faef9a955a1d
2024-12-27 09:43:52,TSLA,Consumer Discretionary: How Tesla led the sector's gains in 2024,"The Consumer Discretionary Select Sector SPDR Fund (XLY) has surged approximately 30% in 2024, with Tesla (TSLA) emerging as the sector's leading performer. Yahoo Finance Special Reporter Akiko Fujita examines the key factors behind this impressive performance. To watch more expert insights and analysis on the latest market action, check out more Morning Brief here. This post was written by Angel Smith",Yahoo,https://finnhub.io/api/news?id=20ac8ed0401f4a465bd0056bee033d28c88b11500a9b73d9e538b9d0b668493c
2024-12-27 09:28:13,TSLA,Analyst: It’s Hard to Go Long Tesla (TSLA) Because ‘It’s All On Promises’,"We recently published a list of 10 Buzzing AI Stocks on Latest Analyst Ratings and News. In this article, we are going to take a look at where Tesla Inc (NASDAQ:TSLA) stands against other buzzing AI stocks on latest analyst ratings and news. CJ Muse, Cantor Fitzgerald analyst, explained in a latest program on CNBC […]",Yahoo,https://finnhub.io/api/news?id=2d7fc4b1dfe754851e38b2d0004cd75b8ab751033baed922a49f57c68f6371a9
2024-12-27 09:16:00,TSLA,"These Stocks Are Moving the Most Today: Tesla, Super Micro, Nvidia, Netflix, Coinbase, and More","Tesla declines and Super Micro Computer shares fall. Netflix tumbles following its coverage of two Christmas Day NFL games, and Coinbase gains as the price of Bitcoin rises.",Yahoo,https://finnhub.io/api/news?id=c4f0c63358af05228a073ac386742ff816833cc552632898884e1d0e44ec00b7
2024-12-27 09:10:31,TSLA,Tesla: A Cult-Like Stock? Fund Warns of Speculative Growth Behind 77% Surge!,"Tesla labeled a ""cult-like"" stock as valuation concerns grow despite a 77% surge over the past year.",Yahoo,https://finnhub.io/api/news?id=3b25cdcf07d7e25edf7bda4c0bfe02b4d058e6987d0e1a3e4fda0fba502249cc
2024-12-27 05:45:19,TSLA,Uber: A Great Buy Amidst Market Panic,"Discover why Uber's stock is undervalued and a buy, with strong fundamentals, competitive advantages, and growth potential in the ride-hailing sector.",SeekingAlpha,https://finnhub.io/api/news?id=9d1e030961d5952dcf7bdef4ee6f0494a0651829c86cdf4af8893c599c91d57e
2024-12-27 05:05:25,TSLA,Ark's Cathie Wood calls for tax clarity as she rides 'Trump bump',"U.S. tech investor Cathie Wood is calling on Donald Trump's incoming administration to boost economic growth and policy certainty by backdating promised corporate and personal tax cuts to Jan. 1, 2025, she told Reuters.  A laggard in recent years, Wood's flagship ARK Innovation exchange-traded fund has surged 17% since Trump's victory, which is expected to bring policy changes that will benefit the fund's holdings.  ARKK's other top holdings include Robinhood and Block, both of which could also benefit from friendlier crypto and AI policies.",Yahoo,https://finnhub.io/api/news?id=3aa98b7d82caaba28097e28b806b410ceaae637afadb7ca43bb19ecdbcabb37b
2024-12-27 03:30:00,TSLA,Tesla: Nobody Ever Lost Money Taking A Profit (Rating Downgrade),"Tesla's stock is overbought despite bullish technical momentum, posing significant near-term downside risk. Click here to find out why I rate TSLA stock a Sell.",SeekingAlpha,https://finnhub.io/api/news?id=766f198b9b852f0202cfddfd0a8d34acde9c3d337efe62e3682de8867ac496a6
2024-12-27 03:06:00,TSLA,5 Seemingly Unstoppable Stocks I'd Sell Right Now,Five of Wall Street's most-popular stocks could be in for a rude awakening in the new year.,Yahoo,https://finnhub.io/api/news?id=8350e765700d2ecc47c4d3a014d4f41c503464a4f19f33d87d6a9e813f78d348
2024-12-26 22:57:07,TSLA,OP-One in four passenger cars financed in Finland this year was a low emission-model - accidents resulting in total loss are most common between December and January,"Low-emission models accounted for nearly one in four cars financed in Finland in 2024 , according to OP's data.Sales of new cars have slowed in the past year. Winter conditions in December and...",Finnhub,https://finnhub.io/api/news?id=e3c06bf9caf423dfadc329183a7ccd4e5014d20641393be050935be346d78667
2024-12-26 18:03:00,TSLA,Elon Musk just got the best Christmas gift he could ask for,Multiple industry leaders are lining up behind this Musk venture.,Yahoo,https://finnhub.io/api/news?id=52aee6b9891f45c2477ba799754776482afa122f36c03eac547b57ecb4ecbe15
2024-12-26 16:45:21,TSLA,Tesla (TSLA) Declines More Than Market: Some Information for Investors,"In the latest trading session, Tesla (TSLA) closed at $454.13, marking a -1.76% move from the previous day.",Yahoo,https://finnhub.io/api/news?id=548196c947053451119fa0e0d43fc114030604e9aaa41506476f73a351d49433
2024-12-26 14:48:53,TSLA,Top 5 freight fraud stories of 2024,FreightWaves reviews the most read fraud fiascos from the past year The post Top 5 freight fraud stories of 2024 appeared first on FreightWaves.,Yahoo,https://finnhub.io/api/news?id=657a00e2b2c43017604405ab76bc07a250ec27618e0632561addc1a517f374b9
2024-12-26 14:00:00,TSLA,Tesla Just Unveiled a New Mezcal—and We Got a Taste,This is a bottle that may not be worth the splurge.,Yahoo,https://finnhub.io/api/news?id=bc9e6c5b785e2680e535eeb5ca60f66960614fd8732233aab560f06c042edcf1
2024-12-26 12:28:42,TSLA,"Elon Musk Praises Boeing's Leadership Overhaul, Slams Artemis Moon Missions as 'Inefficient","Musk lauds Boeing's leadership shift, criticizes NASA's Artemis program, and emphasizes innovation in aerospace and beyond",Yahoo,https://finnhub.io/api/news?id=b6549b49bcee93cb576097e3edb455d4af3655a29b92c1467197e5e55a547f0b
2024-12-26 12:26:15,TSLA,Nasdaq 100 Adjusts Weightings Amid Record Gains by Major Tech Firms,"This marks the second adjustment to the Nasdaq 100 this year, aimed at limiting the dominance of the largest constituents.",Yahoo,https://finnhub.io/api/news?id=3ff8adc81bcf2da141e1adf7d9d07a919bca007907d7a52e65d16518202c8b6f
2024-12-26 10:28:11,TSLA,"Tesla to Report Delivery Numbers Soon, as Analysts Weigh 2025 Outlook","Tesla targets delivery growth in 2024, aiming to surpass 1.8 million units.",Yahoo,https://finnhub.io/api/news?id=677fdae7cb8ec8c067050dde25c2dbf2b4fe9ec652f0d3aeb547424427ccbffa
2024-12-26 09:52:52,TSLA,GameStop Jumps After 'Roaring Kitty' Flashes New Cue; Are Meme Stocks A Buy Now?,"Meme stocks like AMC and GameStop get their price spikes from strong buying interest.  GameStop jumped Thursday morning after meme investor Keith Gill, a.k.a.  ""Roaring Kitty,"" posted the image of a gift on Twitter/X on Wednesday.",Yahoo,https://finnhub.io/api/news?id=84d95ed4368a3473b4480efe5ee5b643e66701d9751300fbcc24f44cfe8ad6af
2024-12-26 09:35:34,TSLA,"Tesla, Inc. (TSLA): AI and Autonomous Driving Drive Long-Term Bull Case Amid Q4 Delivery Projections","We recently compiled a list of the 10 AI News You Can’t Miss. In this article, we are going to take a look at where Tesla, Inc. (NASDAQ:TSLA) stands against the other AI stocks you can’t miss. According to a Department of Energy-backed study, U.S. data center power demand could nearly triple in the next three years. […]",Yahoo,https://finnhub.io/api/news?id=ef1a022dc3ef707f2d3e376c5ee527ed799c760e78fb003aea6f084f0ebb4cd2
2024-12-26 09:00:00,TSLA,5 Most-Bought Stocks & ETFs of 2024: AI Rules,"The most-bought securities of 2024 are NVIDIA, SPY, Tesla, QQQ, and AMD. It demonstrates one thing: in 2024, AI was king.",Yahoo,https://finnhub.io/api/news?id=44ef9f23814142928fa6313db4771217f23698d055cec2a8d5c6505cac5a9410
2024-12-26 08:40:25,TSLA,"Toyota: Stock Rises On ROE Target, Can't Wait For The New Hybrid 4Runner",Toyota Motor (TM) shares surged due to its ambitious 2030 goals. Check out my thoughts on Toyoto's ROE target and see why I believe TM stock is a Buy.,SeekingAlpha,https://finnhub.io/api/news?id=6e3d073e0d1871db6b82d518acbc61fccf17f1d1848ffb2efa94912c4b57f06c
2024-12-26 08:07:00,TSLA,Top 3 Large-Cap US Auto Stocks to Steer Your Portfolio in 2025,"As the U.S. auto industry navigates an uncertain landscape in 2025, large-cap stocks like TSLA, GM and KMX offer a balanced blend of stability and growth potential.",Yahoo,https://finnhub.io/api/news?id=f7ded4ff3ee02db0c2ba6d23d9995a992d2352bba35823988853e26a4aa00685
2024-12-26 08:06:00,TSLA,"Zacks Investment Ideas feature highlights: General Motors, Ford and Tesla","General Motors, Ford and Tesla are part of the Zacks Investment Ideas article.",Yahoo,https://finnhub.io/api/news?id=f210f76575dbd4ed0914acf3139b91c6c063227084614ea96b44e12dde940b6c
2024-12-26 08:05:00,TSLA,The Surprising Thing That the 5 Best Stocks of the Past Decade All Have in Common,"According to MacroTrends, the five best stocks of the past decade are Nvidia (NASDAQ: NVDA), AMD (NASDAQ: AMD), Camtek (NASDAQ: CAMT), Fair Isaac (NYSE: FICO), and Tesla (NASDAQ: TSLA).  On the low end, a $10,000 investment in Tesla 10 years ago is worth $290,000 today.",Yahoo,https://finnhub.io/api/news?id=a1315a0e28fe9abccb7591f888e1e7252ad3501ddb6aef9c8a42400d6afab694
2024-12-26 08:00:00,TSLA,The Hedge-Fund Trade of the Year: Betting on Argentina’s Chain-Saw-Wielding President,"One of Wall Street’s hottest trades has nothing to do with crypto, EVs or AI. It’s the country infamous among investors for serial debt defaults.",Yahoo,https://finnhub.io/api/news?id=405d73f8ce8cd298b5166bdf8c7981998b4523427dcb8fb3247fe03dd606dfad
2024-12-26 07:51:12,TSLA,"Analysts bullish on Honda amid Nissan merger news, Baird has doubts about Rivian","Also, a Chinese Tesla rival is promising something Tesla is rumored to offer.",Yahoo,https://finnhub.io/api/news?id=da6bc0ee54f776f95e015ae67fef2825666133c9f482035dfa1ed003c2320f30
2024-12-26 06:00:37,TSLA,"How the stock market defied expectations again this year, by the numbers","U.S. stocks ripped higher and carried the S&P 500 to records as the economy kept growing and the Federal Reserve began cutting interest rates.  The year featured many familiar winners, such as Big Tech, which got even bigger as their stock prices kept growing.  Remember when President Bill Clinton got impeached or when baseball's Mark McGwire hit his 70th home run against the Montreal Expos?",Yahoo,https://finnhub.io/api/news?id=d23e2fab26a8e264868813578b9faebdf85b3c4a52798c0de794e0df1490c442
2024-12-26 05:45:19,TSLA,"Social Buzz: Wallstreetbets Stocks Mostly Higher Pre-Bell Thursday; Tesla, KULR Technology to Advance",The most-talked-about stocks in the Reddit subforum Wallstreetbets were mostly higher in the early h,Yahoo,https://finnhub.io/api/news?id=87430e745ef15e83ae5a5d7a0cc044d9228bdc55773c2e6f27914dd2cdd7e3f5
2024-12-26 05:09:00,TSLA,"These Stocks Are Moving the Most Today: Tesla, Super Micro, MicroStrategy, Uber, Netflix, and More","Tesla shares edge higher and Super Micro Computer dips after both stocks posted sharp gains on Tuesday, while MicroStrategy follows Bitcoin’s price lower.",Yahoo,https://finnhub.io/api/news?id=fba1d54b7e073af9c451c77f982ab20b28c5091ca79eb29bee5580ab22781a60
2024-12-26 04:30:00,TSLA,Tech That Will Change Your Life in 2025,"Weather forecasts will get smarter, EVs could get pricier, crypto will be for everyday investors and AI will be everywhere",Yahoo,https://finnhub.io/api/news?id=633da55c5ad78154459634d377f2f4a6a16e1d358bac93664e3fa96ba78e2edc
2024-12-25 18:45:49,TSLA,JGRO: Losing Steam Compared To Its Peers,"JGRO's performance was promising in its first 20 months, but it has lagged passive large-cap growth ETFs for six months. Read why JGRO ETF is a Hold.",SeekingAlpha,https://finnhub.io/api/news?id=2f6e89fae79deea794936c2ac7d63ab4f3bc65c77a832ce731932580fd5d7833
2024-12-25 14:17:00,TSLA,Elon Musk's xAI lands $6B in new cash to fuel AI ambitions,"Updated December 25, 12:21 p.m. Pacific: Added details of xAI's valuation and Kingdom Holdings' contribution. xAI, Elon Musk's AI company, has raised $6 billion in a Series C financing round. The company announced this week that Andreessen Horowitz , Blackrock, Fidelity, Lightspeed, MGX, Morgan Stanley, OIA, QIA, Sequoia Capital, Valor Equity Partners, Vy Capital, Nvidia, AMD, and others participated. Kingdom Holdings, the Saudi conglomerate holding company, invested roughly $400 million in the",Yahoo,https://finnhub.io/api/news?id=069ddadc3b6bd323e5dea17b6eb085e0ac33722abc9d25e5fa1b24aa5577690a
2024-12-25 10:00:13,TSLA,38-Year-Old Military Vet With Pension Wants High-Risk Bets for $500/Month – 'Should I Dump It All in TSLA or Go All-In On Leverage?',"Tesla (TSLA) is one of the most talked-about stocks in the market, which has attracted both skeptics and avid supporters. Some investors see it as a game-changing company with much more to give, while others are not impressed by its stock volatility. ...",Yahoo,https://finnhub.io/api/news?id=a446007fff8df8aec4aae72cfb145cab6cd1df5878efbaf4dae3f8b48bb6d4b3
2024-12-25 06:38:30,TSLA,Dow Jones Futures: Markets Closed After Santa Left Gifts; Tesla Surges,Dow Jones Futures: Markets Closed After Santa Left Gifts; Tesla Surges,DowJones,https://finnhub.io/api/news?id=7321bb5e765d01c69e99ac3c45da95e80f4848585a4993a8b70c66e50206a4a3
2024-12-25 06:00:43,TSLA,Thinking of buying an EV? You might want to move quickly,"The best time to buy an electric vehicle may be right now. That’s because a $7,500 federal tax credit could soon disappear.",Yahoo,https://finnhub.io/api/news?id=006f9595daf04f2e54c4edd5f4e4842257553816a163151675b104be53965975
2024-12-25 04:30:00,TSLA,"How Trump’s AI, Crypto Push Would Spur Clean Energy",Data centers are projected to guzzle as much electricity as renewable and fossil sources can produce.,Yahoo,https://finnhub.io/api/news?id=42929858de69b08e6b1100074e7c6df739847136a96612c86c46b378e0622fac
2024-12-25 04:25:00,TSLA,Should You Forget Tesla and Buy 2 Artificial Intelligence (AI) Stocks Right Now?,"Tesla could be a powerful AI company in the future. However, the companies already leading in AI might be better buys instead.",Yahoo,https://finnhub.io/api/news?id=f4c34a2b6b1c5ac748084afb7702281a0a2f0a87a3e70f9a607ad1e7ff9cc322
2024-12-25 03:37:43,TSLA,General Motors: Attractive On Valuation And EV Market Share Gains,"General Motors' revenue increased by 10.5% in Q3, driven by higher volumes and favorable product mix in North America. Find out why GM stock is a Buy.",SeekingAlpha,https://finnhub.io/api/news?id=fe0e46381d7cb46231f169447569ffd176fc75e1aa029737b7fcabadc27c365f
2024-12-25 01:02:54,TSLA,Tesla: Dream Big Or Overpriced? The High Bar Of Justifying A Buy,"Tesla's current valuation reflects significant optimism in new ventures like Robotaxi, FSD, and Humanoid robot. Find out why I rate TSLA stock a Sell.",SeekingAlpha,https://finnhub.io/api/news?id=c59902508ae047b036b34c680144973a3cb4e3aae5afae8d2cae0cddae3e0b09
2024-12-24 23:20:00,TSLA,Carillon ClariVest Capital Appreciation Fund Q3 2024 Commentary,"During the third quarter of 2024, stock selection contributed the most to Fund performance, while sector allocation detracted.",SeekingAlpha,https://finnhub.io/api/news?id=6baa8059ce85ac5f9c323737fb1dee04564d27f885d6fd788d923941eb2c945e
2024-12-24 18:01:00,TSLA,This Is the Cheapest Magnificent Seven Stock. It’s Worth Considering for the New Year.,This Is the Cheapest Magnificent Seven Stock. It’s Worth Considering for the New Year.,MarketWatch,https://finnhub.io/api/news?id=f00e6e34bfaecbc4850682c5afc2585816318db1b46f79cf92f367220223e6ad
2024-12-24 13:06:01,TSLA,S&P 500 Gains and Losses Today: Tech Stocks Help Drive Christmas Eve Rally,"The S&P 500 jumped 1.1% in a shortened Christmas Eve trading session Tuesday, Dec. 24, 2024, boosted by strength in the tech sector.",Yahoo,https://finnhub.io/api/news?id=0bdc3673511db75a98702ff83f4e71de951032aa045193793fac0be1697477ff
2024-12-24 12:52:41,TSLA,"Equities Close Higher as Tesla Helps Lift S&P 500, Nasdaq","US benchmark equity indexes rose Tuesday as markets closed early on Christmas Eve, with Tesla (TSLA)",Yahoo,https://finnhub.io/api/news?id=6e57c1a6a972e8611d5bdcc1765065d530c1b9d6b3ca902add2df859f17951a5
2024-12-24 12:14:59,TSLA,"Santa Rally Kicks Off On Wall Street: Stocks Gain, Tesla Soars, Bitcoin Hits $98,000","Wall Street kicked off the Santa Rally season on a positive note, with all major indices and sectors closing higher in a shortened session ahead of the Christmas holiday. The S&P 500 climbed 1%, extending its gains for a third consecutive session following last week’s volatile Federal Reserve meeting. The Dow Jones Industrial Average rose 0.9%, while the tech-heavy Nasdaq 100 gained 1.3%, nearly erasing last week’s losses. Consumer discretionary stocks, the top-performing sector of the year, led",Yahoo,https://finnhub.io/api/news?id=2f7f3d6ba95d687b9afe7f1a13f7acaffb6fc0984c8aed7c8a193a76fa3cbeab
2024-12-24 10:36:28,TSLA,Why Tesla Stock Popped on Christmas Eve,"Tesla (NASDAQ: TSLA) stock investors received an early Christmas gift from Hyundai (OTC: HYMTF) this morning: at least 112,000 new potential customers for its Supercharger electric car charging system.  Tesla stock is up 4.5% through 10:45 a.m. ET on the news.  Tesla spent the bulk of 2023 reporting a series of alliances with other carmakers around the world, in the form of announcements that these other carmakers -- Hyundai, Honda, GM, Ford Motor Company, and others -- would switch their electric cars' primary charging technology from the putative ""Common Charging System"" for all carmakers, to Tesla's North American Charging Standard (NACS) instead.",Yahoo,https://finnhub.io/api/news?id=dde3719a0bcef346575b1152ff5875b0eabd7a3f39432f8bb23985d28e3adc0f
2024-12-24 09:49:59,TSLA,Tesla Stock Leads Magnificent Seven Shares Higher,Tesla's shares were the S&P 500's top gainers Tuesday as the Magnificent Seven big tech stocks rose on Christmas Eve.,Yahoo,https://finnhub.io/api/news?id=74d209b3fac014b1cafe08fdb90886ed5b3aa8769f8cc4228118519aa3395213
2024-12-24 09:16:56,TSLA,3 Powerful Forces Driving Honda And Nissan Into Each Other's Arms,3 Powerful Forces Driving Honda And Nissan Into Each Other's Arms,DowJones,https://finnhub.io/api/news?id=300bb4cafbffbca98c4a594e16141c8da1bb43e0c90041439205b457418c6416
2024-12-24 09:16:03,TSLA,Investors Can Take Advantage Of Tesla's Price Dislocation,"Tesla sales have slumped in Europe and may face a political boycott in North America, affecting future earnings. Find out why I recommend a Sell for TSLA stock.",SeekingAlpha,https://finnhub.io/api/news?id=39d6dd77a0477e439934c794495e98058af50f087af0622d70f123c015053346
2024-12-24 09:12:06,TSLA,"Analyst Says Tesla (TSLA) In ‘Very Early Innings,” Sees “Compounding Throughout The Decade’","We recently published a list of Top 10 AI Stocks to Watch Right Now. In this article, we are going to take a look at where Tesla Inc (NASDAQ:TSLA) stands against other top AI stocks to watch right now. Tom Hancock, GMO U.S. quality ETF portfolio manager, said in a latest program on CNBC that […]",Yahoo,https://finnhub.io/api/news?id=8ef592de597321c32ea3dc2e483ef97880175aa85a305ee2ca130b165c08d246
2024-12-24 09:05:20,TSLA,Charged: Analyst sees Tesla Q4 deliveries just above expectations,"Institutional investors and professional traders rely on The Fly to keep up-to-the-second on breaking news in the electric vehicle and clean energy space, as well as which stocks in these sectors that the best analysts on Wall Street are saying to buy and sell. From the hotly-debated high-flier Tesla (TSLA), Wall Street’s newest darling Rivian (RIVN), traditional-stalwarts turned EV-upstarts GM (GM) and Ford (F) to the numerous SPAC-deal makers that have come public in this red-hot space, The Fl",Yahoo,https://finnhub.io/api/news?id=99815643ac3a412de5b45987e4c20411da196df4f033f522b8c7bc119631f8b7
2024-12-24 08:13:00,TSLA,Wall Street Lunch: No Starbucks For You?,Starbucks (SBUX) may be facing its biggest barista strike ever on Christmas Eve.,SeekingAlpha,https://finnhub.io/api/news?id=21990cc45242d9c0a479ecb193264adb3109ba5ed6b29d78c0a4ab5c8b60ea10
2024-12-24 07:25:23,TSLA,Tesla: A House Of Cards Ready To Collapse,Tesla stock had an extraordinary run in the last month. Click here to find out why we continue to believe that TSLA stock is a sell.,SeekingAlpha,https://finnhub.io/api/news?id=247d6b5ff697967cb306cc691f3f07c015cfc3e81ed743f54d8b30494ccc9d5d
2024-12-24 07:18:00,TSLA,Tesla Stock Rises. It’s Ending a Very Good Year on a High Note.,The auto industry is getting increasingly competitive and midsize car makers are feeling the pressure.,Yahoo,https://finnhub.io/api/news?id=ae97080063042be2b2852b39d9b49174a2ae610c4d4da8bca6b8c65777349b90
2024-12-24 07:12:37,TSLA,Stock Market Today: Dow Jones Rises As Santa Claus Rally Revs Up; This Stock Warren Buffett Is Selling Hits New High,Stock Market Today: Dow Jones Rises As Santa Claus Rally Revs Up; This Stock Warren Buffett Is Selling Hits New High,DowJones,https://finnhub.io/api/news?id=1a443d08405efb30027df5c35f40de915e707f084d7a158711e8523dc6953157
2024-12-24 07:04:57,TSLA,Tesla Announces Quarterly Deliveries Next Week. China Continues To Offer Good News.,Tesla Announces Quarterly Deliveries Next Week. China Continues To Offer Good News.,DowJones,https://finnhub.io/api/news?id=bdd62168411232c3a4e0a773d67a168ed216f334caed79f2b4098907ca6edfc1
2024-12-24 07:03:26,TSLA,Tesla Record Deliveries Expected. This Is Why It Probably Doesn't Matter For TSLA.,Tesla Record Deliveries Expected. This Is Why It Probably Doesn't Matter For TSLA.,DowJones,https://finnhub.io/api/news?id=34ce023198a12488ccd5c762fa0d8f35118b088f904d59f9695706c4bae11412
2024-12-24 07:03:00,TSLA,A year in review: the most important tech news stories of 2024,This year brought some truly innovate new products and updates from tech leaders,Yahoo,https://finnhub.io/api/news?id=a21e841bb16f1a5f4893030a4fab08d3ecadc2ba22fd72641974caa0dce3441c
2024-12-24 06:30:00,TSLA,Better Electric Vehicle (EV) Stock: Lucid vs. Tesla,"The electric vehicle (EV) market is uncertain right now, with the potential for federal EV tax credits to be canceled and some consumers choosing hybrids over electric cars.  If you want to increase your portfolio's exposure to the space, would it be better to put your money toward established leader Tesla (NASDAQ: TSLA) or EV start-up Lucid (NASDAQ: LCID)?  It's not unusual for young car companies to be unprofitable while they're building up their production, but after three years of making cars, Lucid's losses should be narrowing, not widening.",Yahoo,https://finnhub.io/api/news?id=dffa683611959ccd3f57064f6c139a3318cecd1c5b12ae8dc58a94280f7eea0e
2024-12-24 06:26:52,TSLA,Consumer discretionary stocks buoy the S&P 500 in shortened Christmas Eve trading session,Consumer discretionary stocks buoy the S&P 500 in shortened Christmas Eve trading session,MarketWatch,https://finnhub.io/api/news?id=0e74ff926880a137792072d79e310dc574dd708ef65da2d22fef400f030a800b
2024-12-24 04:52:26,TSLA,Tesla Robotaxi: Potentially $1.3 Trillion Of Incremental Enterprise Value In 2030,Tesla's robotaxi ambition offers considerable value upside for investors. Read why TSLA stock is a hold.,SeekingAlpha,https://finnhub.io/api/news?id=59e17375711b6c8a38132e656eb5b204e89d65d9e068d9aa8877711f6b8138eb
2024-12-24 04:30:00,TSLA,Justin Sun Wants to Be the Musk of Crypto,The Tron blockchain entrepreneur is President-elect Donald Trump’s ally in the cryptocurrency markets.,Yahoo,https://finnhub.io/api/news?id=9f4bf93f56416b2f157202bc174b9bd60d69834d071c812420b8a5da6d729b0c
2024-12-24 04:07:00,TSLA,Cathie Wood’s ETF keeps selling Tesla stock even as she gets more bullish,Cathie Wood’s ETF keeps selling Tesla stock even as she gets more bullish,MarketWatch,https://finnhub.io/api/news?id=ebe1e95deb1ee6e87e1930acc179332ea86b1ea24f92848cbf23cacbb3c440f4
2024-12-24 04:00:00,TSLA,"Large cryptocurrencies climb on Avalanche, Ripple increases","Large cryptocurrencies climb on Avalanche, Ripple increases",MarketWatch,https://finnhub.io/api/news?id=ee4f2f6edec4364069242f49450596c7e95c8e75ad5e45cd9d035b6d8711736c
2024-12-24 03:58:00,TSLA,Subaru Cars Have a Cult U.S. Following. Its Stock Is a Bargain.,Subaru Cars Have a Cult U.S. Following. Its Stock Is a Bargain.,MarketWatch,https://finnhub.io/api/news?id=bfbeae8c6ae51f6a04e2b279fe3e61064256c446c257c15ac976a760e0dbb66c
2024-12-24 03:56:49,TSLA,"Can Tesla's Core Business Support Valuation As Energy, Robotaxi Revenues Ramp Up?","Tesla, Inc.'s core auto business faces declining sales and margins, with increased competition and market share losses, especially in the US and China. Read more here.",SeekingAlpha,https://finnhub.io/api/news?id=a532fe1a9e628aa4a9f1fafb5a6e7dab07391f9a05722428a9181b750be178cb
2024-12-24 03:47:15,TSLA,Dow Jones Falls As Nvidia Hits Key Level; AI Chip Leader TSMC Breaks Out,Dow Jones Falls As Nvidia Hits Key Level; AI Chip Leader TSMC Breaks Out,DowJones,https://finnhub.io/api/news?id=e553d4f8cb2d401ff98561d09327f0d8501745083c8ec87c028c214247730589
2024-12-24 03:24:49,TSLA,Jim Cramer Says Tesla (TSLA) Is ‘No Longer Constrained’ By P/E Multiple,"We recently published a list of Jim Cramer’s Latest Calls Before 2025 Begins: Top 10 Stocks. In this article, we are going to take a look at where Tesla Inc (NASDAQ:TSLA) stands against other stocks in Jim Cramer’s latest calls before 2025 begins. Jim Cramer in a latest program talked about the market reaction to […]",Yahoo,https://finnhub.io/api/news?id=d07f330a620d6f264ac7403bcc617133dc278ae48ad294459e1cb34e939541bc
2024-12-24 01:37:04,TSLA,Dow Jones Futures: Bitcoin Continues To Slide; Nvidia Chipmaker Breaks Out,Dow Jones Futures: Bitcoin Continues To Slide; Nvidia Chipmaker Breaks Out,DowJones,https://finnhub.io/api/news?id=00f8b9ab60369fc289acab378b5520e63e5acd40192f4e78e49370180cda509f
2024-12-24 01:30:00,TSLA,Spear Advisors Q3 2024 Fund Letter,"3Q24 quarterly update for the Spear Alpha ETF (SPRX), with performance highlights and trends that are shaping our investment approach. Read more here...",SeekingAlpha,https://finnhub.io/api/news?id=e4d6d134287b16ddbd81606c98726b63d74c8763d546ed84717c54982e9193ad
2024-12-23 23:12:54,TSLA,TSLY: Why It's Better Than Tesla Stock Right Now,YieldMax TSLA Option Income Strategy ETF has to mechanically sell a lot of calls every month. Find out why TSLY is a Hold.,SeekingAlpha,https://finnhub.io/api/news?id=3a725bd851171992505d9e0e424ae1ee2a1a96e9bae9206313d82caf32fb1634
2024-12-23 22:56:00,TSLA,Did Elon Musk kill a bill blocking investments in China to help Tesla?,Did Elon Musk kill a bill blocking investments in China to help Tesla?,MarketWatch,https://finnhub.io/api/news?id=ddf0ff1ca0e81c15eb70756a5b92e9017a3d1ed8efbdaa7bf0d628077355cc2d
2024-12-23 22:26:06,TSLA,Tesla Energy and Vikta Energy Partner to Enhance Power Resilience in Texas Ahead of Winter,"With Texas facing another potentially severe winter, the state's power grid is once again under scrutiny. In light of the catastrophic failures during Winter Storm Uri in 2021 and Hurricane Beryl this...",Finnhub,https://finnhub.io/api/news?id=63d06163c51c92145e2d578480a661c89885d12e3ce02677d73bfe452ddd5f42
2024-12-23 20:39:58,TSLA,Tesla's former China factory head joins renewable energy firm Envision,"The former head of Tesla's China factory has joined Envision Energy this week, the Chinese energy firm said on Tuesday. Song Gang has taken on the role of senior vice president for...",Finnhub,https://finnhub.io/api/news?id=ff7e74e8866e06e295eb071520184c3e580b0cfb7f30eb46fa4043506eb2ebaf
2024-12-23 18:10:36,TSLA,Tesla or Rivian: Baird Picks the Superior EV Stock to Buy,"Events have been gathering speed since last month’s election, reminding us of Ferris Bueller’s classic line, “Life moves pretty fast. If you don’t stop and look around once in a while, you could miss it.” So let’s look around at the electric vehicle industry. EVs are likely to lose a substantial portion of their governmental support when the new Trump administration takes office, and that has both analysts and investors working to figure out how the sector landscape will take shape in the next f",Yahoo,https://finnhub.io/api/news?id=da98813a2053af46b49ad47792210b533a31b3539bd176ed2a6f6341735f700d
2024-12-23 15:56:00,TSLA,"Retail investors are 'optimistic,' but 'realistic' going into 2025","Retail investors are feeling bullish about the market (^DJI, ^IXIC, ^GSPC) in 2025, eToro's fourth quarter Retail Investor Beat shows. eToro investment analyst Bret Kenwell joins Josh Lipton and Seana Smith on Market Domination to discuss how retail investors are thinking about the market headed into the new year. Kenwell says retail investors are ""optimistic"" but ""realistic"" for the new year. ""They're looking to gain more exposure to crypto in 2025. They're looking to gain more exposure to equities in 2025. But they're also looking to raise some cash here,"" he says, later adding: ""I think they're being prudent, but also, you know, keeping one foot in at least is so they keep getting taking advantage of, you know, more gains to come in 2025 if that is the case."" The analyst reports that the survey found retail investors to prefer the financials sector and big-cap tech, including Magnificent Seven names and other artificial intelligence (AI) plays. To watch more expert insights and analysis on the latest market action, check out more Market Domination here. This post was written by Naomi Buchanan.",Yahoo,https://finnhub.io/api/news?id=c3b459599b84c2e2d0d7300fe26d2a6eb1f8607c3c353cbc2736fce05ad0a7d9
2024-12-23 15:41:38,TSLA,"""Real-world AI"" is the next phase of this tech: Portfolio mgr.","Nightview Capital portfolio manager Dan Crowley discusses the transformative potential of artificial intelligence (AI) in 2025 on Market Domination Overtime. ""We think we're headed toward a period of rapid technological shifts. Historically, whenever that's happened, significant opportunities have been unlocked,"" Crowley explains. He believes AI's economic impact could rival that of the internet revolution. Crowley identifies ""real-world AI"" as the sector's next evolution, highlighting two key investment opportunities. First, he points to ""entirely new product-category"" companies like Tesla (TSLA), which is advancing autonomous driving technology. Second, he sees potential in established companies with ""existing business lines,"" such as Amazon (AMZN), which can leverage AI to enhance operational efficiency. ""We're kind of trying to move into the next phase here of where we see AI playing out,"" he tells Yahoo Finance. To watch more expert insights and analysis on the latest market action, check out more Market Domination Overtime here. This post was written by Angel Smith",Yahoo,https://finnhub.io/api/news?id=194928e0fc14ebc2a1bdd62a6703d4abcf06d93653b8a479b24d4c9725c4c49c
2024-12-23 15:29:00,TSLA,Tesla Stock Is Rising. Analyst Sees  ‘Limited’ Focus on Fundamentals.,"Tesla  stock fell while the market rallied on Friday, which makes Monday’s gain a relief for investors watching the stock after its recent surge.  “To me, [Tesla stock] was wildly overbought and long hedge funds needed a reason to take some profits,” says  exchange-traded fund co-founder and Tesla shareholder Gary Black.  Coming into Monday, Tesla stock had risen 69% this year and 67% since the Nov. 5 election.",Yahoo,https://finnhub.io/api/news?id=f8116a8aa6f35d62ef70d29e04e5a182a5b3ae17d3f0c8b7bd0a425492fab94e
2024-12-23 15:21:29,TSLA,"TSLA, LI, or RIVN: Which EV Stock Could Deliver the Highest Upside Potential?","Several electric vehicle (EV) makers have been under pressure due to intense competition, macro uncertainties, and concerns over the potential elimination of EV tax credits under President-elect Donald Trump’s administration. However, the long-term road for EVs looks attractive, given the growing focus on climate change. Using TipRanks’ Stock Comparison Tool, we placed Tesla (TSLA), Li Auto (LI), and Rivian (RIVN) against each other to find the EV stock with the highest upside potential, accordi",Yahoo,https://finnhub.io/api/news?id=cb3261a543c9d1ce9a23eb3cd1eb17577a2f8a41e54e26607ca5a8860d198ba1
2024-12-23 14:11:05,TSLA,"Tesla, Meta, and Broadcom Weights Reduced in Nasdaq 100 Rebalance",The weights were reduced in the Nasdaq 100 Index to ensure balanced representation.,Yahoo,https://finnhub.io/api/news?id=47619b00bc276dba4d6407edb1234a8c65c6c2b839cd8a369502efadbb0bae64
2024-12-23 13:45:00,TSLA,Should Investors Still Buy Tesla Stock After Such an Extensive Rally?,Tesla (TSLA) shares have rallied +25% in December and are up over +75% year to date with investor sentiment remaining high for the EV leader's long-term initiatives.,Yahoo,https://finnhub.io/api/news?id=07ae606f422377af1ec21a7ec3da5464f07764cf80fd9e032dee3ce59c7b8024
2024-12-23 13:41:00,TSLA,Why Musk Is Wrong About the Fed Being ‘Absurdly Overstaffed’,"Tesla CEO Elon Musk, who is set to lead a new government efficiency initiative under President-elect Trump, is criticizing the Federal Reserve as being “absurdly overstaffed.”  The Fed system’s total employee headcount was nearly 24,000 at the end of 2023.  Unlike expenses at federal agencies such as the State Department, none of the Fed’s spending comes out of taxes paid by Americans.",Yahoo,https://finnhub.io/api/news?id=3d6cf6a00ad8d4aa7c38e1aafadad7e9507c08ccd3fd73d167f05d2439d33b7e
2024-12-23 13:08:31,TSLA,"Tesla, Meta and Broadcom Weights Shrink in Nasdaq 100 Rebalance","(Bloomberg) -- Three of the world’s biggest companies have had their influence reduced in the Nasdaq 100 Index after the giant technology rally of 2024 swelled them to unprecedented size.Most Read from BloombergHo Chi Minh City Opens First Metro Line After Years of DelayThe Architects Who Built MiamiReviving a Little-Known Modernist Landmark in BuffaloNew York’s Congestion Pricing Plan Still Faces Legal HurdlesNew York City’s Historic Preservation Movement Is Having a Midlife CrisisTesla Inc., M",Yahoo,https://finnhub.io/api/news?id=c6267f02e784ccfd42f1254d5ce426f8d57002decf40ecc19e7663a8f11a0cc8
2024-12-23 12:59:06,TSLA,"Palantir, Anduril In Talks With OpenAI, Elon Musk's SpaceX To Take On Defense Giants: FT","Palantir, Anduril In Talks With OpenAI, Elon Musk's SpaceX To Take On Defense Giants: FT",DowJones,https://finnhub.io/api/news?id=a5f3bf679c01b1a8d24b9944b3d609e64daf1de2d3afdc36c9dd9387f159607b
2024-12-23 10:28:00,TSLA,"These Stocks Moved the Most Today: Honda, Qualcomm, Broadcom, Lilly, ResMed, Tesla, Walmart, Rumble, and More","These Stocks Moved the Most Today: Honda, Qualcomm, Broadcom, Lilly, ResMed, Tesla, Walmart, Rumble, and More",MarketWatch,https://finnhub.io/api/news?id=8b2bac30985cf7605710b7123a6e9b06a41edc41f2a181e9bd2f8c5d9e6e72b0
2024-12-23 10:16:01,TSLA,Tesla is facing a Cybertruck demand slowdown. Here's how they're fixing it.,"Tesla (TSLA) appears to be facing a slowdown in Cybertruck demand. Reports suggest the company may be removing badges from Foundation Series vehicles—its limited edition version—to sell them as standard models at lower price points. This strategy shift follows Tesla's recent move to introduce leasing options for Cybertrucks in November 2024. Catalysts anchors Brian Sozzi and Seana Smith break down the details. To watch more expert insights and analysis on the latest market action, check out more Catalysts here. This post was written by Angel Smith",Yahoo,https://finnhub.io/api/news?id=930cf4b59fa92fbdd429fc41099df8d0c042a820b681058ad4dc12dded6874cc
2024-12-23 10:15:42,TSLA,Stock Market Today: Dow Jones Surges As Broadcom Lifts; Drug Giant Climbs A Second Day After FDA Nod (Live Coverage),Stock Market Today: Dow Jones Surges As Broadcom Lifts; Drug Giant Climbs A Second Day After FDA Nod (Live Coverage),DowJones,https://finnhub.io/api/news?id=a8f74bca677abc7060721494ef521f5b09ec2512ed62e9a5e2c9981c9b66b2c0
2024-12-23 10:10:33,TSLA,"This Non-Mag 7 Joins Nvidia, Google, Meta On Leaderboard As Tesla Lurks Enviously","This Non-Mag 7 Joins Nvidia, Google, Meta On Leaderboard As Tesla Lurks Enviously",DowJones,https://finnhub.io/api/news?id=dca942833e315cf99167d76710e69778976e507d88337a74b5d85ede75c12f47
2024-12-23 09:16:54,TSLA,"Tesla Q4 Deliveries to Hit Record, But Stock Impact Likely Minimal: Says Barclays",Barclays Sees Little Stock Reaction Despite Tesla's Record Q4 Deliveries,Yahoo,https://finnhub.io/api/news?id=df9bd153c844e6b05ffb06edea0cc5cabc17081a3ddfc39eec9f13ea79daedb9
2024-12-23 08:41:43,TSLA,"Nvidia's stock surges, but not by enough to get above its 50-day moving average","Nvidia's stock surges, but not by enough to get above its 50-day moving average",MarketWatch,https://finnhub.io/api/news?id=b37b48c2e1a82aec46f99641d960105ce0182d8ad06395fe743ea31c95b3f59a
2024-12-23 07:48:00,TSLA,Tesla Stock Rises. How to Make Sense of Its Recent Market Divergence.,"Tesla  stock fell while the market rallied on Friday.  “To me, [  Tesla  stock] was wildly overbought and long hedge funds needed a reason to take some profits,” says  cofounder and Tesla shareholder Gary Black.  Coming into Monday trading, Tesla stock was up about 69% year to date and about 67% since the Nov. 5 election.",Yahoo,https://finnhub.io/api/news?id=f90ac79298a92583d7532ec1db85f437c998e49f70f8e359d8c8f1bb9b6c96c1
2024-12-23 07:41:34,TSLA,Trump Efficiency Co-Chief Elon Musk Calls Fed ‘Overstaffed’,"(Bloomberg) -- Elon Musk, the billionaire tasked with making the US government more efficient come January, has zeroed in on the Federal Reserve.Most Read from BloombergHo Chi Minh City Opens First Metro Line After Years of DelayReviving a Little-Known Modernist Landmark in BuffaloThe Architects Who Built MiamiNew York’s Congestion Pricing Plan Still Faces Legal HurdlesNew York City’s Historic Preservation Movement Is Having a Midlife CrisisThe central bank in charge of protecting the world’s la",Yahoo,https://finnhub.io/api/news?id=20d72a784eb9f8ff7d7fa3f446b133479593b006072f71fad016d7863b95fd00
2024-12-23 07:25:00,TSLA,"Honda, Nissan, and Mitsubishi may merge to compete with Tesla and China's EV makers",Nissan Motor (NSANY) and Honda Motor (HMC) have officially begun talks to merge by 2026 as Japan’s automakers seek an edge over tough Chinese rivals and Tesla (TSLA).,Yahoo,https://finnhub.io/api/news?id=3c22b9f6402981397c5e1a61ff40959dd04b71a4931ed47b61f5e17b23790adb
2024-12-23 06:49:32,TSLA,It's Time To Rotate Out Of The S&P 500,"Analysis of stock markets: U.S. large caps overvalued, European small caps undervalued, U.S.",SeekingAlpha,https://finnhub.io/api/news?id=4d8bec52a5529b7c0bb8e4117de218934baa882b81bc110cc2d1e706134e79d5
2024-12-23 06:39:00,TSLA,"If Mars Attacks the Rally, Drones Should Drive Diversification","If Mars Attacks the Rally, Drones Should Drive Diversification",MarketWatch,https://finnhub.io/api/news?id=9eafd94d6ca165fc34457e53428cf5e3c2e02d322eec3294d648bff280ad167b
2024-12-23 05:48:37,TSLA,"Social Buzz: Wallstreetbets Stocks Mostly Higher Pre-Bell Monday; Advanced Micro Devices, Tesla to Advance",The most-talked-about stocks in the Reddit subforum Wallstreetbets were mostly higher in the early h,Yahoo,https://finnhub.io/api/news?id=385112fb2e67b16f7a895005c3866fbf501f25d9467afddf4aaa5c33aa502115
2024-12-23 05:38:37,TSLA,Honda and Nissan Merge Forces to Battle Tesla and BYD in $50 Billion Auto Industry Shake-Up,"Two Japanese auto giants unite to create the world's third-largest carmaker, aiming to dominate the EV revolution.",Yahoo,https://finnhub.io/api/news?id=409c72c1f3d811647eed3db4f8f852a308df76934895f7b59c3e2e551cca7e16
2024-12-23 05:14:45,TSLA,"The 1-Minute Market Report: December 22, 2024",,SeekingAlpha,https://finnhub.io/api/news?id=e570b9de10c837fc5e6056ae1afc899a23febb0200a9d1401dfc12a4b8dafa16
2024-12-23 05:12:45,TSLA,"Market Pulls Back On The Fed, Heading Down Or Just A Shakeout?",Learn how to navigate volatile markets with strategic trimming and trailing stops to manage risk and lock in profits.,SeekingAlpha,https://finnhub.io/api/news?id=9c4d9574be438f63d8c1570ebd8b9e98ec9472a784695f1f96c7e6ead23320e9
2024-12-23 04:26:00,TSLA,"These Stocks Are Moving the Most Today: Honda, Nissan, Qualcomm, Eli Lilly, Tesla, Rumble, and More","Honda and Nissan begin merger talks with a plan for the combination to be completed in 2026, Qualcomm scores a victory in its licensing dispute with Arm Holdings, and the FDA approves Eli Lilly’s Zepbound for some sleep-apnea patients.",Yahoo,https://finnhub.io/api/news?id=5566e283061d879ebf86a280606232f2005fac2a1c2bc7026529da7db1617269
2024-12-23 04:00:00,TSLA,Solana leads rises as large cryptocurrencies start mixed,Solana leads rises as large cryptocurrencies start mixed,MarketWatch,https://finnhub.io/api/news?id=f5d70b31c7fcdae8a0374396b463df66db047df47f4c311d58851ece6f0b3095
2024-12-23 03:58:17,TSLA,"Dow Jones Falls After Funding Bill Averts Shutdown; Nvidia, Tesla Rally","Dow Jones Falls After Funding Bill Averts Shutdown; Nvidia, Tesla Rally",DowJones,https://finnhub.io/api/news?id=2217e3bac0b64eaa53668bf02e92de11be59f702a465989809a17b8b5812f3a9
2024-12-23 03:55:00,TSLA,Voya Corporate Leaders Trust Fund Q3 2024 Commentary,"For Q3 2024, the Voya Corporate Leaders Trust Fund outperformed its benchmark, the S&P 500 Total Return Index on a NAV basis. Click here to read the full commentary.",SeekingAlpha,https://finnhub.io/api/news?id=0bcba6b38af1119a9912a5a1dfd590d173b850b6ea8b8fab2e88c1c6cec59156
2024-12-23 03:32:00,TSLA,"Tesla recalls nearly 700,000 EVs for tire-safety issue, but owners can sit tight","Tesla recalls nearly 700,000 EVs for tire-safety issue, but owners can sit tight",MarketWatch,https://finnhub.io/api/news?id=770388786517421492b3e54ccd430e6730336c159ffecd24b7f1ea06f981010b
2024-12-23 03:22:00,TSLA,Tesla Stock Fell Friday While the Market Rallied. Monday Will Be Interesting.,"Tesla  stock fell while the market rallied on Friday.  “To me, [  Tesla  stock] was wildly overbought and long hedge funds needed a reason to take some profits,” says  cofounder and Tesla shareholder Gary Black.  Coming into Monday trading, Tesla stock was up about 69% year to date and about 67% since the Nov. 5 election.",Yahoo,https://finnhub.io/api/news?id=1469a6c35a39078efaa73f57a6b7f8273386496d7d516a5007dd3eda7107cb33
2024-12-23 03:00:00,TSLA,Voya Large Cap Growth Fund Q3 2024 Commentary,"For the quarter, the Voya Large Cap Growth Fund underperformed its benchmark, the Russell 1000 Growth Index on a NAV basis. Click here to read the full commentary. ",SeekingAlpha,https://finnhub.io/api/news?id=6f0addd24163dda0cf32ee224374899d4b1d0b044a34d2c47f27b6c96bac1b15
2024-12-23 02:38:00,TSLA,China’s Stock Market Faces Another Year of Turmoil. How to Profit From the Volatility.,China’s Stock Market Faces Another Year of Turmoil. How to Profit From the Volatility.,MarketWatch,https://finnhub.io/api/news?id=525f55c3ca29ff555ac28c8b356ddb9f172147b63838acc4567dcecc3c2328ff
2024-12-23 02:10:26,TSLA,"Dow Jones Futures Fall After Bulls Fight Back; Palantir, SpaceX In Talks","Dow Jones Futures Fall After Bulls Fight Back; Palantir, SpaceX In Talks",DowJones,https://finnhub.io/api/news?id=7543be80ce48d9a3a529b0d962ca7899c71b9d1a3bfd1faf96fefa3f5b872a95
2024-12-23 00:23:00,TSLA,There are signs that sales of the Tesla Cybertruck are slowing,There are signs that sales of the Tesla Cybertruck are slowing,MarketWatch,https://finnhub.io/api/news?id=f8947009b3fe527853bedf75f5c60aade7ff1a07647de65568cebd87acc0986f
2024-12-22 23:50:00,TSLA,Hartford Growth Opportunities Fund Q3 2024 Commentary,"The Hartford Growth Opportunities Fund (I Share) underperformed the Russell 3000 Growth Index during the quarter, however delivered overall positive returns. Read more here.",SeekingAlpha,https://finnhub.io/api/news?id=54f9d904961b49bbf5bdaf2ca2c5ab979fb0d4fcf62f6e5860e7c3dab31aa30e
2024-12-22 23:26:57,TSLA,Top trending global stocks of 2024,Here are the stocks that have reflected the key market trends of 2024 and have been closely watched by investors.,Yahoo,https://finnhub.io/api/news?id=430ff2115556c869444e0fbbf833a9f0c97a1281dfeed67f6398a65ccde6fbda
2024-12-22 22:56:00,TSLA,"EV registrations grew in October, GM gained ground over Tesla","EV registrations grew in October, GM gained ground over Tesla",MarketWatch,https://finnhub.io/api/news?id=cb5a7fc3f7d62663d99d2c967c8b7c8cba9028ea9405464462ee9d12e77c665f
2024-12-22 19:00:00,TSLA,Tracking Philippe Laffont's Coatue Management Portfolio - Q3 2024 Update,Coatue Management's 13F portfolio increased from $25.69B to $26.92B. Click here for a detailed analysis.,SeekingAlpha,https://finnhub.io/api/news?id=3a0ce3b009051f6ec77df1457126f3d55d4c025c525ef846af9e14fd619bf3e3
2024-12-22 16:30:12,TSLA,Elon Musk Accused Of Bullying Republicans To Scrap US-China Investment Safeguards To Protect Tesla's Interests,"Tesla Inc. (NASDAQ:TSLA) CEO Elon Musk has been accused by Rosa DeLauro of pressuring Republicans to abandon key U.S.-China investment restrictions to safeguard the EV giant's business interests in China. What Happened: In a letter on Friday, DeLauro, the top Democrat on the House Appropriations Committee, stated that Musk used his influence to have Republicans scrap provisions aimed at regulating U.S. investments in China, reported Reuters. She pointed to Musk's ""extensive investments in China",Yahoo,https://finnhub.io/api/news?id=69b306ed1d6fffd9de5c6f194adf10216501c068c50a37bb210593d5d18cc45e
2024-12-22 14:05:54,TSLA,"Inflation, elections and war dominated 2024","Inflation dropped in most economies around the world in 2024, but voters didn't care. Angered by the hefty ramp-up in prices for everything from eggs to energy over the past few years,...",Finnhub,https://finnhub.io/api/news?id=1ab996bd38703eff533b906869fd3f3e681968a11ea364c1367b9064fbdb2181
2024-12-22 12:00:19,TSLA,"'Rockefeller Rich' – Elon Musk's Wealth Hits 'Rockefeller Rich' Levels, Equivalent To A 1.6% Share Of The U.S. GDP","Elon Musk, the richest person in the world, has reached a level of wealth that only one other individual in history has come close to – oil magnate John D. Rockefeller. Musk’s staggering net worth of $474 billion at the time of writing, or 1.61% of the U.S. GDP based on third-quarter data, is reminiscent of Rockefeller’s dominance when his fortune peaked at 1.5% of GDP. In other words, Musk's wealth has surged into a realm not seen in contemporary times, much like Rockefeller’s unparalleled econ",Yahoo,https://finnhub.io/api/news?id=2b21cc0bee66042227a69aa530ccd00d88746bb7a0678667816bb99bb536af28
2024-12-22 10:15:36,TSLA,Why Tesla (TSLA) Is Among the Best Stocks to Buy and Hold for 3 Years?,"We recently published a list of the 10 Best Stocks to Buy and Hold For 3 Years. In this article, we are going to take a look at where Tesla, Inc. (NASDAQ:TSLA) stands against the other best stocks to buy and hold for 3 years. What to Expect From the Stock Market in 2025? On […]",Yahoo,https://finnhub.io/api/news?id=3f6f954fb7e096e9416e690b3c0306b9d2319f97751ef8c0a8cde4a390f4365d
2024-12-22 08:30:15,TSLA,"Before His 180 On Climate Change, Elon Musk Advocated For Action, Cautioning That Oceanfront Real Estate Values Would Plummet","Elon Musk wasn't always the polarizing figure we see today in climate discussions. Once celebrated as a green-tech pioneer, Musk was vocal about the urgent need to combat climate change. In 2006, he described Tesla's mission as a way to ""help expedite ...",Yahoo,https://finnhub.io/api/news?id=e7e2005c7ecc1b97e35ea1b481d0ce0073025a54836a3680ba3ba9f45224a7e0
2024-12-22 08:13:00,TSLA,Lawmakers Discuss What Funding Drama Means for Trump,Lawmakers Discuss What Funding Drama Means for Trump,MarketWatch,https://finnhub.io/api/news?id=a0e4fe11ec7a31e13e177a7a4b3bba12fd6b5f32a07cd0183bc5aa1e3085e4ea
2024-12-22 08:00:18,TSLA,Is Tesla (NASDAQ:TSLA) A Risky Investment?,"David Iben put it well when he said, 'Volatility is not a risk we care about. What we care about is avoiding the...",Yahoo,https://finnhub.io/api/news?id=b698c705fab6ff88e5cd755e4251ad89767ed10481b0b7714302c9d423538147
2024-12-22 07:00:00,TSLA,3 Bold Stock Market Predictions for 2025,"In this article, three Motley Fool contributors draw on their experience to forecast what may be in store for the stock market next year.  Here's what they have to say about Artificial Intelligence (AI) software stocks, Ark Innovation ETF, the Magnificent Seven, and more!  Jake Lerch (AI software stocks): My prediction is that 2025 will be the year of software stocks.",Yahoo,https://finnhub.io/api/news?id=1c74524c393b96860717ad1ebb057314723eba81c9bebf0e6246664cdcb38adf
2024-12-22 04:30:00,TSLA,The Investing Cult Fueling MicroStrategy’s Ascent: ‘Have Fun Staying Poor’,"The rally has been propelled by a group of rabid followers who are mixing songs, pouring whisky and spending hundreds of hours researching the stock.",Yahoo,https://finnhub.io/api/news?id=adfba97895df0845f1b8664ac52668bd43a8cbf7a1fbfd9a4dad32b5e2179743
2024-12-22 04:12:00,TSLA,Hartford Dividend And Growth Fund Q3 2024 Commentary,Hartford Dividend and Growth Fund (I Share) outperformed the S&P 500 Index for the quarter. Read more here.,SeekingAlpha,https://finnhub.io/api/news?id=d6b91e66b60ce817a196dda9fc9d7700bac525efdc0602ae0536a1c3c842d8b1
2024-12-22 04:12:00,TSLA,Is Tesla a Millionaire Maker?,"Through the first 10 months of 2024, shares of Tesla (NASDAQ: TSLA) were essentially flat despite the extreme volatility they exhibited.  Looking toward the future, let's see if Tesla is a millionaire maker?  This means that had you invested about $31,000 in Tesla in mid-December 2014, you'd be sitting on a cool $1 million today.",Yahoo,https://finnhub.io/api/news?id=035d017b4e00017b2724b8c39645bac5a6dbd420b4f56f56b34eef2f6751444d
2024-12-21 17:18:00,TSLA,Will Tesla Stock Pop or Drop in 2025?,"Tesla (NASDAQ: TSLA) has been one of the biggest surprises of 2024.  The company first impressed investors with its third-quarter earnings report, which showed strong profit growth, and CEO Elon Musk predicted that vehicle production would increase by 20% to 30% in 2025, a significant improvement from flat growth in 2024.  Then, Tesla soared following the election as Musk's big bet on Trump seemed to pay off.",Yahoo,https://finnhub.io/api/news?id=9c474fd539bf2022f7bce2bdbd333aa6ff47b5ea728f6cb7d533e734e412539f
2024-12-21 17:02:00,TSLA,"Meet the Supercharged Growth Stock That's One of This Year's Biggest Winners. The Company Could Hit $50 Trillion by 2034, According to 1 World-Renowned Analyst","Nvidia's long track record of innovation, strong secular tailwinds, and market leadership could drive its market cap to wild levels.",Yahoo,https://finnhub.io/api/news?id=1163d373106e787522dbd6859355760d762871eaae5d01f2605bc27a46431ae2
2024-12-21 16:36:46,TSLA,"Tesla (TSLA) and LiveOne Achieve 350,000 Subscribers, Enhancing In-Car Entertainment with AI","We recently published a list of 10 Buzzing AI Stocks on Latest News and Ratings. In this article, we are going to take a look at where Tesla, Inc. (NASDAQ:TSLA) stands against other buzzing AI stocks on latest news and ratings. Predictions of artificial intelligence reaching human-level intelligence have been made for over 50 years. […]",Yahoo,https://finnhub.io/api/news?id=067d39bdb69c926a59d92e2c2095faf474ec64adf86a3dec840618b8d3de84f6
2024-12-21 11:15:00,TSLA,Cathie Wood sells $21.5 million of soaring tech stocks as stocks whipsaw,"The Nasdaq Composite is up 30% this year, while the ARK Innovation ETF has returned 11.1%.",Yahoo,https://finnhub.io/api/news?id=6b831b78962c86a010489995cfe3b04a43ab0be10d88863ebeb782080ca40741
2024-12-21 08:00:32,TSLA,Tesla 2024: 3 things that defined its big year,"Tesla’s 2024 went out with a bang, thanks to CEO Elon Musk and one of his biggest gambles yet.",Yahoo,https://finnhub.io/api/news?id=cbfc639a86369f755acae4b59db416d1bd1a1c5b2e793c5f32a55031e8bc8d45
2024-12-21 07:03:00,TSLA,Tesla financial history exposes Elon Musk hypocrisy,Elon Musk has radically changed his perspective on something that has done a lot for him.,Yahoo,https://finnhub.io/api/news?id=34b1601215b87fb80425972e5b14e33f10a6e3e6fc727d17bb82426022ba60d7
2024-12-21 07:00:07,TSLA,Musk’s Trump Trade Makes Tesla a Winner With $570 Billion Rally,"(Bloomberg) -- Less than two months ago, shares of Tesla Inc. were on their way to just the third losing year in the electric-vehicle maker’s decade-and-a-half as a public company. But after a furious rally in the last seven weeks, the stock is suddenly among the S&P 500 Index’s best performers for 2024.Most Read from BloombergThe Architects Who Built MiamiReviving a Little-Known Modernist Landmark in BuffaloNew York’s Congestion Pricing Plan Still Faces Legal HurdlesNew York City’s Historic Pre",Yahoo,https://finnhub.io/api/news?id=b99786216c8131fe37ea8587262f8014719604ff923c4820b18d7711605124da
2024-12-21 04:30:00,TSLA,Elon Musk Brings His Messy Way of Doing Things to Washington,The billionaire is blowing up plans and taking names as he and the GOP-controlled House start to learn about working with each other.,Yahoo,https://finnhub.io/api/news?id=ffb8f174a0ae9ef7d9a38ff290e6ded1ef0da48fd2a30a260cad32c727a718a8
2024-12-21 04:12:00,TSLA,"2 Popular AI Stocks to Sell Before They Fall 49% and 62% in 2025, According to Certain Wall Street Analysts",Shares of Tesla (NASDAQ: TSLA) have surged 75% since the presidential election.  The median 12-month target of $275 per share implies 38% downside from the current share price of $440.  Joseph Spak at UBS is especially skeptical.,Yahoo,https://finnhub.io/api/news?id=887d558366a6cd343516e08d2218c544602e6421a3dc5f347f4b6c0fcc9a07b5
2024-12-21 03:00:00,TSLA,NIO: Robust Growth And Margin Expansion Can Deliver Bullish Trend In 2025,"NIO stock is slumping. There are silver linings like improved margins and strong revenue growth projections, making it a potential opportunity. See more here.",SeekingAlpha,https://finnhub.io/api/news?id=b718a9c48cfbf448af38bc5c210e969f3d338cc606478b8dc8d61e134dcaae13
2024-12-21 02:24:00,TSLA,2 No-Brainer Electric Car Stocks to Buy With $200 Right Now,"When it comes to electric car stocks, none can match the scale of Tesla (NASDAQ: TSLA).  This advantage could cement Tesla stock as the EV stock for years to come.  From Fisker to Lordstown Motors, countless electric car start-ups have gone bankrupt over the years.",Yahoo,https://finnhub.io/api/news?id=c4c9ab14d845beee3bbce4ac23fe5a7c7388644adca6f6ca8852cf79d3ee9456
2024-12-20 23:51:00,TSLA,How a Routine Spending Bill Turned Washington Upside Down,President-elect Donald Trump hoped for a smooth transition to the White House. Then GOP divisions burst into public view.,Yahoo,https://finnhub.io/api/news?id=3510589de91b36f43e000e80896e27dc01ad263c1ffe29bcb4c84b696b29de7d
2024-12-20 17:06:25,TSLA,Tracking Ron Baron's BAMCO Portfolio - Q3 2024 Update,"Read more on BAMCO's Q3 2024 portfolio growth and focus on key securities like Tesla, Gartner, and more for long-term investment opportunities.",SeekingAlpha,https://finnhub.io/api/news?id=c29b4743a54114857d77b0218213710c42289d89a83a9871fd6c10e8626772d2
2024-12-20 16:24:21,TSLA,House Democrat says Republicans protecting Elon Musk's Chinese investments,"WASHINGTON (Reuters) -The top Democrat on the House of Representatives Appropriations Committee said on Friday that Republicans in Congress were protecting Elon Musk's Chinese investments by scrapping provisions restricting U.S. investments.  Representative Rosa DeLauro said in a letter that Musk, CEO of electric car maker Tesla, may have upended the government funding process to remove a provision that would regulate U.S. investments in China given his ""extensive investments in China in key sectors and his personal ties with Chinese Communist Party leadership, and calls into question the real reason for Musk’s opposition to the original funding deal.""",Yahoo,https://finnhub.io/api/news?id=6134101d3113b61b4890d1ce75aef9261b52217c3d842d80de8dd52b945352ff
2024-12-20 15:32:00,TSLA,"These Stocks Moved the Most Today: FedEx, Novo Nordisk, Lilly, Tesla, DJT, Carnival, BlackBerry, U.S. Steel, Sirius XM, and More","FedEx, the shipping and logistics giant, plans to spin off its freight trucking business, Novo Nordisk sinks after disappointing obesity drug data, and Carnival rises after better-than-expected earnings.",Yahoo,https://finnhub.io/api/news?id=40b8d1ec84fd7f5f6d1ec7a88db8ce753739a44db8663be103b50de80a515a9d
2024-12-20 15:12:00,TSLA,Tesla Stock Slides. Why Shares Dipped Today.,Tesla stock ended the week with a wild trading session bobbing into the red and green—appropriate for the week before Christmas.,Yahoo,https://finnhub.io/api/news?id=0c9bc27cd3737333a96f7d6c7037e69a310233fecdc3d9d39e26884e2b8ee032
2024-12-20 14:30:16,TSLA,Elon Musk Told The U.N. If They Could Show A Plan For Ending World Hunger He'd Donate $6 Billion – 'I Will Sell Tesla Stock Right Now And Do It',"In a world where hunger kills more people each year than malaria, tuberculosis and AIDS combined, Elon Musk's bold proposition in October 2021 sparked an unusual yet critical conversation. The tech billionaire, known for electrifying industries and aiming for Mars, turned his attention back to Earth when David Beasley, head of the UN's World Food Programme (WFP), pleaded for billionaires to step up now ""on a one-time basis."" Beasley declared on CNN that ""$6 billion to help 42 million people that",Yahoo,https://finnhub.io/api/news?id=b95d2c669a74e94b08b6d6fe7170c8ebf35711d658235886c367cfbf9c40d772
2024-12-20 13:42:51,TSLA,Tesla recalls over 694K vehicles software update related to tire pressure,"Tesla, the electric vehicle maker helmed by billionaire Elon Musk, has recalled more than 694,000 of its Model 3, Model Y and Cybertruck electric vehicles.",Yahoo,https://finnhub.io/api/news?id=d1065e3aa0cd9356cd89d59c477c8069776ad19c06425fff241d5df5c340fca3
2024-12-20 12:58:55,TSLA,"Tesla’s 15th recall of 2024 hits 700,000 Cybertruck, Model 3, and Model Y Owners",A faulty tire pressure warning light is the latest in a series of recalls for the Elon Musk–led automaker.,Yahoo,https://finnhub.io/api/news?id=5a19dddb44e1cbf3186a096694e7ad446bc760763385d0d756e1947cf0aac8ee
2024-12-20 12:49:04,TSLA,Hyundai and Samsung in talks for automotive chips – report,Hyundai aims to establish a domestic supply chain for its autonomous driving semiconductors.,Yahoo,https://finnhub.io/api/news?id=9b3c3d658405e409cf0bebd9d4684365d9625f2d9c868ff20e1683846c24a815
2024-12-20 12:24:00,TSLA,House Passes Funding Bill With Just Hours Left to Avert a Government Shutdown,House Passes Funding Bill With Just Hours Left to Avert a Government Shutdown,MarketWatch,https://finnhub.io/api/news?id=2b420b32c9695af7c5faa504c99e6138ab0115e96884ff48116295f846650443
2024-12-20 06:13:00,TSLA,"These Stocks Are Moving the Most Today: FedEx, Nike, Novo Nordisk, Lilly, U.S. Steel, Tesla, Occidental, Micron, and More","FedEx stock jumps on plans by the shipping and logistics giant to spin off its freight trucking business, while Nike tumbles after saying it expects revenue to fall under its restructuring plan.",Yahoo,https://finnhub.io/api/news?id=e7d203f8e6c910421bb074c16558c3de7d876c4365455dd10ad57dd6f6dc554f
2024-12-01 14:46:53,TSLA,Australia appoints Tesla chair Denholm to lead review on R&D performance,"Australia appointed Tesla chair Robyn Denholm on Monday to lead a review of the country's research and development performance, in an attempt to improve economic growth. Denholm and...",Finnhub,https://finnhub.io/api/news?id=1e4ad129b1207dd8d5561edfe88c099895004378af83543de9f4b6c5b7008b9f
2024-12-01 14:34:19,TSLA,December Is Best For Stocks But Prepare For January 6,"December is the best month for stocks, but expect potential profit-taking in the first week of January. Read why investors should focus on stock picking.",SeekingAlpha,https://finnhub.io/api/news?id=82829c7d65f2bc292c251eec49a5a41f4c4dfdc111b0e5062b627b1c30ace21b
2024-12-01 12:00:16,TSLA,It Costs 10 Times More To Protect This Billionaire Than It Costs To Protect Elon Musk,"Being rich and famous comes with perks such as private jets, luxury homes and expensive vacations. But there’s another side to being in the spotlight that many people don't think about – the need for constant security. And when you're one of the world's most well-known billionaires, that protection can come at an eye-popping cost. Don't Miss: Over the last five years, the price of gold has increased by approximately 83% — Investors like Bill O’Reilly and Rudy Giuliani are using this platform to",Yahoo,https://finnhub.io/api/news?id=0ec941ff5b058f96350c60c78d33dea12353a6acfc0ea231b5d115f4b008fcf1
2024-12-01 11:09:58,TSLA,Tesla Stock Near Highs As FSD v13 Launches; BYD Sales Hit New High,Tesla is holding near two-year highs after Trump's election and with FSD v13 rolling out. BYD has topped Tesla revenue and has eyes on the BEV crown.,Yahoo,https://finnhub.io/api/news?id=5e473e4d85484c91da98e0427e50784e45163180962723b443c79d6f4953fbbb
2024-12-01 10:23:00,TSLA,Tesla Rolls Out New Version of Its Self-Driving Software,"Ashok Elluswamy, Tesla’s vice president of AI software, tweeted Saturday night that version 13 of Tesla’s highest-level driver assistance software called Full Self-Driving began rolling out to customers.  Tesla believes it’s the product that will ultimately turn the millions of Tesla vehicles on roads into truly self-driving cars.  Coming into Monday trading, Tesla stock was up about 39% this year while the  was up about 26%.",Yahoo,https://finnhub.io/api/news?id=e83c0a467ba371b3402069a5c6dd40d935b1f2c009a5673008575e46fef4db2f
2024-12-01 07:30:48,TSLA,Tesla's Elon Musk may not be the only one cashing in on humanoid robots,The race to cash in on humanoid robots is well underway.,Yahoo,https://finnhub.io/api/news?id=43131e62ea599789f1c30ad32fb1ba5b7211962a03abecfa5fbffaaf4f609977
2024-12-01 06:40:17,TSLA,Crucial jobs report kicks off December trading: What to know this week,Key updates on the health of the US labor market are set to greet investors in the first week of December trading.,Yahoo,https://finnhub.io/api/news?id=4ca06bf6948a8490032834fb5a075d4fa7330bd903dd239b630c7a6baba02ba5
2024-12-01 06:32:38,TSLA,"Tesla, Inc. (TSLA): Advancing Full Self-Driving Technology with AI-Driven FSD v13 Enhancements","We recently compiled a list of the Top 10 AI News Updates This Weekend. In this article, we are going to take a look at where Tesla, Inc. (NASDAQ:TSLA) stands against the other AI stocks. According to JP Morgan, the S&P will propel to new heights this New Year, and artificial intelligence is one of the reasons […]",Yahoo,https://finnhub.io/api/news?id=b0fc9eab780d543c3b3b1c28dd12440110825dfbbb1ef369028e898f50cf56a4
2024-12-01 06:08:46,TSLA,"Ford: The Hidden Red Flag, And How You'll Know It's Turned The Corner","Understanding Ford's warranty accounting methods is crucial for investors, as they impact profits.",SeekingAlpha,https://finnhub.io/api/news?id=87342a987b45dcd17b27565871d9493953c5d866cf7722b2b39d868473a6c009
2024-12-01 04:00:00,TSLA,Trump’s Commerce Pick Hawked Buzzy Investments That Went Bust,"Cantor Fitzgerald CEO  Howard Lutnick  was pitching a startup that said it made a key component of self-driving cars, which would soon be valued at $2 billion.  “I’m brilliantly successful because I select brilliantly,” Lutnick said during a 2021 video call selling investors on  AEye  which had almost no revenue at the time.  Lutnick was behind a blank-check company, or SPAC, that planned to merge with AEye to take it public.",Yahoo,https://finnhub.io/api/news?id=d81f47b77fe331a1a48ad5d0fdfd34bb589a39b4169ebf33a349d84236a030cc
2024-12-01 04:00:00,TSLA,Where Will Tesla Be in 10 Years?,"It will probably take you quite a while to find any businesses that have rewarded their investors quite like Tesla (NASDAQ: TSLA) has.  If you're looking to buy shares, you might be wondering where Tesla will be 10 years from now.  Tesla's stock performance can be partly attributed to the success of its disruptive and innovative culture.",Yahoo,https://finnhub.io/api/news?id=6e6e97ed98536361ba17c22b4ad70307df21ea82fbb9533e0e888172ed8b130e
2024-12-01 00:28:40,TSLA,"Is Tesla, Inc. (TSLA) the Best New Pick in Brad Gerstner’s Portfolio?","We recently published a list of 7 new stock picks in Brad Gerstner’s portfolio. In this article, we are going to take a look at where Tesla, Inc. (NASDAQ:TSLA) stands against other stock picks in Brad Gerstner’s portfolio. Gerstner Expects More M&As in New Term Strategists and investors are confident that the new administration will […]",Yahoo,https://finnhub.io/api/news?id=d7ede63d7c3684d974bf0762820eb5371829204b9c794971727c5d3962a709a2
2024-11-30 10:00:00,TSLA,Is Tesla Stock a Buy?,"Shares of Tesla (NASDAQ: TSLA) have been revving faster recently.  If you've been watching it from the sidelines, is now finally the time to buy Tesla stock?  By disrupting the automotive industry with its slick and technologically advanced EV models, Tesla has grown into one of the world's most valuable companies, currently sporting a market cap of $1.1 trillion.",Yahoo,https://finnhub.io/api/news?id=5c992bd4761bd5aa0be6eadb0fbcf6a5b2e6bf92f5c43095b80520a2a050d16b
2024-11-30 08:15:58,TSLA,Tesla Stock Holds Near Highs Amid FSD News; Rival BYD Eyes BEV Crown,Tesla is holding near two-year highs after Trump's election and with FSD v13 is coming. BYD has topped Tesla revenue and has eyes on the BEV crown.,Yahoo,https://finnhub.io/api/news?id=459ee26a06dacea1971cd315b9312df006aa1b61dbc6368326b373a4a9a9b3f9
2024-11-30 08:00:00,TSLA,"Weekend Tech Innovation Roundup November 30, 2024",California Gov. Gavin Newsom is ruffling a lot of feathers — including Elon Musk’s — with his new proposal for electric vehicle incentives that would exclude Tesla’s (TSLA) popular models. - William Gavin Read More,Yahoo,https://finnhub.io/api/news?id=c432d262752d7763362b9ccf8bb153f1046de8164c1d01cba195bbb2a66d4e26
2024-11-30 06:00:00,TSLA,5 Stocks To Watch in December—And What To Watch For,Editors' Picks for Companies That Are Likely to Be in the Spotlight,Yahoo,https://finnhub.io/api/news?id=3c76cf8bc88d10c4d859ca2c3411cbc41d46b0199118b7f900bf0765cc714cd1
2024-11-30 04:30:00,TSLA,In the Desert With an EV Entrepreneur Who Insists Trump Will Be Good for Business,JB Straubel brims with optimism for the electric-vehicle market he helped create and his plans for again disrupting another industry: mining.,Yahoo,https://finnhub.io/api/news?id=a28e498d712b7ae5018d9849a80a9224d26adf4f2a228e8180a3032f6f2c2cf3
2024-11-30 03:36:00,TSLA,"Up 38%, Is Tesla Stock a Buy?","With shares up 38% since Nov. 5, Tesla (NASDAQ: TSLA) has been a huge beneficiary of Trump's presidential election victory.  CEO Elon Musk played a key role in the campaign, and many investors believe his company stands to benefit from the new economic and regulatory framework.",Yahoo,https://finnhub.io/api/news?id=99b66095e3087ac9aa2540e09be2432391d138e5a759e38ea4cb1e74a31a0ad1
2024-11-30 03:06:00,TSLA,Could Buying Rivian Stock Today Set You Up for Life?,"Rivian (NASDAQ: RIVN) hasn't had the best year in 2024.  In fact, the problems are more likely growing pains than anything else, given that the upstart electric vehicle (EV) company is focused squarely on reaching profitability as soon as possible.  Is Rivian following Tesla's lead?",Yahoo,https://finnhub.io/api/news?id=864496dbd240beeca43d9179e4e8239a38a8742d6ea9996e6a6a2b2389bf95fd
2024-11-30 02:00:00,TSLA,Tesla: Downgrade To Hold After 38% Gain In 9 Weeks (Technical Analysis),"Downgrading Tesla to hold from buy, following a 38% gain in 9 weeks. T.",SeekingAlpha,https://finnhub.io/api/news?id=1278733cdddfdaa4121a9b15438006d253f941071fd5e3c0368e77dddcffbbfb
2024-11-29 20:48:05,TSLA,JPMorgan agrees to drop lawsuit against Tesla over stock warrants,"The move to drop the lawsuit was announced in a one-page court filing by both companies in a Manhattan court, where they said they will drop their claims against each other.  Neither company disclosed settlement terms, according to the court filings.  JPMorgan and Tesla did not immediately respond to Reuters' requests for comment.",Yahoo,https://finnhub.io/api/news?id=d66199b5eb5274bcb1559a9ffd50deb77189451d91eff2e2744dbe9f31f17583
2024-11-29 20:05:00,TSLA,New GenAI Trends Emerge At Web Summit 2024,Generative artificial intelligence emerged as a central theme at a global tech conference.,SeekingAlpha,https://finnhub.io/api/news?id=8247e9fee54812218ce3b52e4746c13ef61d2a06ff06c0001a8447682232273f
2024-11-29 18:23:08,TSLA,JPMorgan Drops Suit Against Tesla Over Musk Tweet and Warrants,"(Bloomberg) -- JPMorgan Chase & Co. agreed to drop a lawsuit it filed against Tesla Inc. three years ago seeking $162 million tied to stock warrant transactions.Most Read from BloombergIn Traffic-Weary Toronto, a Battle Breaks Out Over Bike LanesIn Italy’s Motor City, Car-Free Options Are GrowingNew York City’s ‘Living Breakwaters’ Brace for Stormier SeasThe move to end the litigation was announced Friday in a one-page court filing by both sides, in which they dropped their claims against each o",Yahoo,https://finnhub.io/api/news?id=1d39c68520e5572c6809da2b3c36059b9e2ccc51d5ac396677006f6bdacdfd65
2024-11-29 14:50:00,TSLA,Tesla Stock Rises to End Its Best Month Since January 2023,"President-elect Donald Trump on Monday said he would put 25% tariffs on goods from Canada and Mexico until “such time as drugs, in particular Fentanyl, and illegal aliens stop this invasion of our country.”  Later that day, California Gov. Gavin Newsom said his state would offer a $7,500 tax credit on purchases of electric vehicles if Trump killed the federal credit, which is the same size, as is widely expected.  There also is a chance that Newsom would exclude Tesla purchases from qualifying for the state credit.",Yahoo,https://finnhub.io/api/news?id=c3dbbc5fb89a04bd08a18d0a5626ef3cc475ebd7cf01acacec9f0892a5b8be5b
2024-11-29 13:21:33,TSLA,Jim Cramer: Buying Tesla (TSLA) Stock Only Because of Possible Trump Support is ‘Bad Reason’,"We recently published a list of Jim Cramer Is Talking About These 10 Stocks Heading Into December. In this article, we are going to take a look at where Tesla Inc (NASDAQ:TSLA) stands against other stocks Jim Cramer is talking about as heading into December. Jim Cramer in a recent program talked about President-elect Donald […]",Yahoo,https://finnhub.io/api/news?id=f8972a194fca1542c54eb93a852b369cb4dff9b15a78c9dbe1889d32bdaf2ab4
2024-11-29 13:21:02,TSLA,S&P 500 Gains and Losses Today: Index Logs Record Close in Black Friday Session,"The S&P 500 added 0.6% in a shortened trading session on Friday, Nov. 29, 2024, wrapping up November with an all-time closing high.",Yahoo,https://finnhub.io/api/news?id=80c104c5680ca6f0694cef397fd4ae98ee0cf1caabcfbec37e9f421bf170cf5e
2024-11-29 13:16:56,TSLA,Tesla Stock Finished Black Friday on a High Note,"The EV maker’s stock gained 3.7% on Friday, leaving the shares ahead nearly 40% for the year and giving it a market value of around $1.07 trillion.",Yahoo,https://finnhub.io/api/news?id=b3ba8bf6c471a8000155210ea656a9672d8f92a245f1ef494c117cc279436e34
2024-11-29 12:32:32,TSLA,"S&P 500, Dow Rally To Record Highs, Dollar Snaps 8-Week Streak, Bitcoin Soars Above $97,000: What's Driving Markets Friday?","Risk-on sentiment gained momentum on Wall Street after the Thanksgiving holiday, fueled by investor optimism over fourth-quarter profit forecasts for U.S. corporations, lifting both the S&P 500 and Dow Jones to fresh record highs. The S&P 500 broke past the 6,040-point mark on Friday and closed at 6,032, extending its year-to-date gains to an impressive 27%. If the year ended on Friday, the broader U.S. stock market would have surged by a staggering 57% over the last two years, representing the",Yahoo,https://finnhub.io/api/news?id=c3aac3b22eeef64a9e428dcfa0fc48a2f4c45bd3642af6824e5c942543fddc97
2024-11-29 11:41:28,TSLA,"Tesla's AI Push Could Pave Way for $2 Trillion Valuation, Wedbush Says","A potential Trump administration may ease regulations for self-driving vehicles, accelerating Tesla's progress",Yahoo,https://finnhub.io/api/news?id=d16d84610ac9268710d54ee3e65c6b23686b669f5ebba0db18e7ba3cbb90d186
2024-11-29 10:48:00,TSLA,"Trump Will Be Bad for EVs But Could Be Good for Tesla, Analyst Says. Plus, Exxon Mobil, AppLovin, and More Stocks.","Wall Street analysts weigh in on Shift4 Payments, Applied Industrial Technologies, Old National Bancorp, AppLovin, Exxon Mobil, and Tesla.",Yahoo,https://finnhub.io/api/news?id=8d7a03b6fcbef40f38cdcf5bea87ecb92ffaa559c6b1464281dd81ea3cfb372c
2024-11-29 09:39:26,TSLA,"Pony AI IPO Raises Stakes in Autonomous Driving, Intensifying Competition with Tesla, Inc. (TSLA)","We recently compiled a list of the 15 AI Stocks Taking Wall Street by Storm. In this article, we are going to take a look at where Tesla, Inc. (NASDAQ:TSLA) stands against the other AI stocks. Artificial intelligence continues to achieve remarkable breakthroughs, yet its latest contribution might come as a surprise to many. According to a […]",Yahoo,https://finnhub.io/api/news?id=78efefaa3d553e71cf4b091da9a9f3fbd0d190a11d8dd541549320e65de7c1e9
2024-11-29 09:12:33,TSLA,"Nvidia, Macy’s, Walmart: 3 shocking PE ratios investors need to know","Yahoo Finance Executive Editor Brian Sozzi on Morning Brief to take a look at three forward price-to-earnings (P/E) ratios that he's watching: Macy's (M), Walmart (WMT), and Nvidia (NVDA). Market Domination Julie Hyman also discusses the high forward P/E ratios of Tesla (TSLA) and Palantir (PLTR). To watch more expert insights and analysis on the latest market action, check out more Morning Brief here. This post was written by Naomi Buchanan.",Yahoo,https://finnhub.io/api/news?id=bfa2a4c8980af1a59a56b93297414d440575c9b66c9d903ef63a3f47c76c606b
2024-11-29 09:08:54,TSLA,"Tesla likely to find $1 trillion AI, autonomous opportunity under Trump, Wedbush says",Tesla (TSLA) is likely to unlock $1 trillion worth of artificial intelligence and autonomous opportu,Yahoo,https://finnhub.io/api/news?id=662151782eb051eafa95df65319c9c8fc5ee71c71e3dcd5ecd96f687a839af62
2024-11-29 08:16:22,TSLA,"November Post-Election Boom: Stocks Soar Before The Holidays, Bitcoin Nears $100k","US stocks surged post-election, driven by consumer spending and optimism. Financials led gains, while Health Care lagged. Bitcoin soared.",SeekingAlpha,https://finnhub.io/api/news?id=3818832ca29f363c1b14497771fd263b2293b1301da02c65522287df18f26803
2024-11-29 08:09:00,TSLA,European Defense Stocks Face Uncertainty Amid Trump’s Government Efficiency Plans,"The planned creation of a Department of Government Efficiency co-run by Elon Musk is weighing on valuations of European defense companies that rely heavily on U.S. contracts, according to analysts.",Yahoo,https://finnhub.io/api/news?id=6a901f03469f67b46ae83eff0861f0876023465e4ab47dc23b1779b6d3565bf2
2024-11-29 07:13:29,TSLA,Elon Musk’s DOGE partner Vivek Ramaswamy says they’ll scrutinize $6.6 billion Biden loan to Tesla rival Rivian,Critics advise the incoming Trump administration to pull the plug on 'corporate-welfare loans handed out for political reasons'.,Yahoo,https://finnhub.io/api/news?id=f10a35e60e2791edbc5acb2624185cba320ab6401d803336e0e436fcf1c1adfe
2024-11-29 05:44:12,TSLA,Tesla's Withdrawal Pushes India to Broaden EV Incentives for Existing Factories,India Expands EV Incentives to Attract Global Automakers,Yahoo,https://finnhub.io/api/news?id=29516053c6cddd71096b6af5ac7c074c279594d7fe41713a301004ca057a4a4d
2024-11-29 05:30:23,TSLA,QQQ: Don't Let The Skeptics Fool You,Invesco QQQ Trust ETF is a tech-focused ETF that has demonstrated its outperformance over time. Click here to find out why I maintain a buy rating on QQQ.,SeekingAlpha,https://finnhub.io/api/news?id=12bcd200a2fd1d7c516fbd323445365087e10e9232bc3f9b1d05798359f8b61b
2024-11-29 04:55:00,TSLA,Tesla Stock vs. Alphabet Stock: Wall Street Only Thinks 1 Will Head Higher From Here,Wall Street's price targets predict these self-driving car stocks will head down different roads over the next year.,Yahoo,https://finnhub.io/api/news?id=8b9a6bacaba2e8d1a219004335dad394488f4e273daf97274276ee072cd32994
2024-11-29 04:30:00,TSLA,"For EV Startups, Things Are Going From Bad to Worse","Makers and suppliers of electric cars are dealing with diminishing cash, uneven sales and the prospects of an unfriendly Trump administration.",Yahoo,https://finnhub.io/api/news?id=4ab65ca7c38b88302980584f346bbeecd7d096e1c61fa96386d90799137d43e1
2024-11-29 04:00:00,TSLA,"Biden Rushes to Trump-Proof His Signature Energy, Chip Policies","The White House is racing to lock down President Biden’s dearest policy goals, distributing billions of dollars to safeguard favored projects before President-elect  Donald Trump  takes office in January.  With less than two months left in his term, Biden plans to pursue a laundry list of items including funding weapons for Ukraine, pressing for stability in Gaza and winning confirmation of roughly a dozen federal judges.  The judicial confirmations could bring him close to the 234 Trump accomplished during his first term.",Yahoo,https://finnhub.io/api/news?id=82e2b56d348fc9ab79325e582ae42089c8f7bd36afb6ea742735ce1bce75c6dc
2024-11-29 04:00:00,TSLA,From Jensen Huang to Elon Musk: The biggest wealth gainers of 2024 have added $585 billion to their fortunes,"Elon Musk led the way, with the world's richest man adding $119 billion to his fortune.",Yahoo,https://finnhub.io/api/news?id=7e450425d93898f993e51834be0c18533fac03febb447a865c39f67659be15e0
2024-11-29 03:37:00,TSLA,"1 Glorious Growth Stock to Buy Hand Over Fist Before 2025, According to Wall Street",Autonomous driving could be a significant tailwind for this ride-hailing company.,Yahoo,https://finnhub.io/api/news?id=b78fa633e4ea5884e021e2ccb3b649802166d6bf843899d0e3cfb3f0cc98d817
2024-11-29 03:11:45,TSLA,Nvidia: Rightfully Declining Further Into Potential Buying Territory,Nvidia Corporationâs strong CAPEX growth faces deceleration. Learn why NVDA stock could be an attractive buy as it approaches its fair value range.,SeekingAlpha,https://finnhub.io/api/news?id=0be8f3f127b9a8fc1c0e85a3a3812db111bee4f65c18ed804ae7b7a8800fbfc3
2024-11-29 02:54:15,TSLA,Pony AI IPO: What To Make Of It,"Pony AI, a Chinese autonomous vehicle company, recently went public, raising $260 million. See why I think PONY stock is a high-risk, high-reward investment.",SeekingAlpha,https://finnhub.io/api/news?id=8cdb86eb3f620c1be11939288fafcf02f389dbbead778402b25f636facc67b3f
2024-11-29 01:57:47,TSLA,"India to expand EV manufacturing incentives after Tesla disappointment, source says","India plans to expand electric vehicle incentives to automakers building models at existing factories in the country, instead of limiting the benefits to automakers willing to build new plants, a person with direct knowledge of the matter said.  India's EV policy, which is still being finalised, was originally designed to encourage Tesla to enter the market and manufacture locally but the U.S. automaker backed off from those plans earlier this year.  Other foreign automakers have shown interest in making EVs in India at existing and new factories, according to minutes of a meeting with India's ministry of heavy industries that was seen by Reuters.",Yahoo,https://finnhub.io/api/news?id=35ce6445030fa18c4609c4a22a31da5447b1cbb1e2a72d37ad4f04bc65f2983e
2024-11-29 00:29:50,TSLA,Rivian: EV Subsidies Are Ending (Rating Downgrade),"Rivian faces significant challenges as EV subsidies end, making it difficult to compete with Tesla and Ford. Find out why I believe RIVN shares are a sell.",SeekingAlpha,https://finnhub.io/api/news?id=a2138b3a15c8cf888d6234441b7539d239e5665b2d24c280b78aa469dd06bf8f
2024-11-28 23:00:34,TSLA,Elon Musk: the ‘wild card’ in Trump’s dealings with China,"Donald Trump is set to begin his second term in the White House surrounded by China hawks. His pick for secretary of state, Marco Rubio, has...",Yahoo,https://finnhub.io/api/news?id=10f5096d617912fa5bacbd5b15809072544589e4af278916e90bd4a036d5c896
2024-11-28 11:37:00,TSLA,Analysts mixed on Tesla's Chinese rivals,Bank of America analysts also provide new insight into Ford.,Yahoo,https://finnhub.io/api/news?id=dd86851c75479859af0aa0d5069921aba44822e0ec5198cee0372d7351c0b7a8
2024-11-28 10:35:55,TSLA,"RBC Capital Reiterates Buy on Tesla, Inc. (TSLA) as Robotaxi and AI Initiatives Gain Momentum","We recently compiled a list of the 15 Buzzing AI Stocks Making Headlines. In this article, we are going to take a look at where Tesla, Inc. (NASDAQ:TSLA) stands against the other buzzing AI stocks. Power needs for artificial intelligence and cloud computing are expanding so rapidly that some data center campuses may use more electricity than […]",Yahoo,https://finnhub.io/api/news?id=9cb1ed630c49d995383f1c97f92cc4ff2eaa6a39b47a4e49bf685151e4af9492
2024-11-28 09:37:00,TSLA,Musk’s Wealth Has Soared Since Trump’s Win. But These Billionaires Have Lost Money.,Donald Trump’s election victory has been great for investors but it’s been even better for Elon Musk.,Yahoo,https://finnhub.io/api/news?id=a4e2b78412d6cd6cbf77039613369958cc704797f6cf5826bee0c65ebe27fe2f
2024-11-28 06:11:00,TSLA,Janus Henderson Emerging Markets Fund Q3 2024 Commentary,Janus Henderson Emerging Markets Fund returned 5.46% and the MSCI Emerging Markets IndexSM returned 8.72%. Read more here.,SeekingAlpha,https://finnhub.io/api/news?id=ad888e5fa26119c77f6936173141181fa543ac1ca654cff5544697276b5c398a
2024-11-28 04:30:00,TSLA,Meet the Everyday Traders Riding MicroStrategy’s Furious Rally,"An unprofitable software company has become one of the market’s hottest stocks, with the help of 386,700 bitcoins and a legion of individual investors.  MicroStrategy  has transformed itself into a bitcoin holding company—and a leveraged crypto play for many investors—with a stash worth about $37 billion.  The price of bitcoin has more than doubled this year, while MicroStrategy’s share price has soared more than 500%.",Yahoo,https://finnhub.io/api/news?id=82dd18917accd44539aeb0f2a32b0be01848af0f45bce190e22cd1b46e740181
2024-11-28 04:00:00,TSLA,Musk’s DOGE Plans Rely on White House Budget Office. Conflicts Await.,"Elon Musk’s  influence over federal spending will flow through a White House budget office that helps develop regulations that affect his business empire.  President-elect  Donald Trump  has asked Musk, chief executive officer of  Tesla  and SpaceX, and  Vivek Ramaswamy,  the biotech entrepreneur who ran for president, to open a Department of Government Efficiency that will suggest ways to cut spending.",Yahoo,https://finnhub.io/api/news?id=8739fe22f06af8966ecad927bf953e818ad1b9def6fe8049e6077a592f6976e8
2024-11-28 03:22:00,TSLA,"Better Buy: Dogecoin, Shiba Inu, or Bitcoin?",The cryptocurrency markets are booming this year.,Yahoo,https://finnhub.io/api/news?id=a397643d6f5b0001ed4886fe4e46459cc68aa6ec4bc85e9cc619f13667e8505e
2024-11-28 03:12:00,TSLA,"1 AI and Robotics Stock to Buy Before It Soars 400% to $5 Trillion, According to a Wall Street Expert","Billionaire Ron Baron is the founder and CEO of Baron Capital Group, an investment advisor and fund manager.  Baron is undoubtedly one of the biggest Tesla bulls on Wall Street.  The stock accounts for 33% of the Baron Partners Fund, which has returned 195% during the last five years, beating the S&P 500 (SNPINDEX: ^GSPC) by more than 100 percentage points.",Yahoo,https://finnhub.io/api/news?id=96fc2df7467dff25e1deb369603ea2d7379c6b102cc6176d7a8d4c6e6e1b26ee
2024-11-28 02:00:00,TSLA,Lattice Has A Challenging Macroeconomic Environment To Overcome,"Lattice Semiconductor's Q3â24 earnings were in line with estimates, reporting $127.1M in revenue and $0.24 EPS. Read why I downgrade LSCC stock from buy to hold.",SeekingAlpha,https://finnhub.io/api/news?id=34c9967aa3c73e42093def51b00a67b7acd228b80e1f8e5592ff4210a03b1df0
2024-11-28 00:00:00,TSLA,Tesla and Bitcoin Have Soared Since Election Day. We Size Up the Valuations.,The EV maker and crypto have dramatically outpaced the S&P 500 since Election Day. The valuations have gotten steep and the analysis tricky. Why Peter Pan is relevant to Bitcoin.,Yahoo,https://finnhub.io/api/news?id=7856ec380a48c49548ec3bf7fe583fdd8e53702c298c5b2bc751de4f40da41c0
2024-11-27 19:22:08,TSLA,"Three dead, one hospitalized following Cybertruck crash in California",Three people are dead and a fourth has been hospitalized with serious injuries after their Tesla Cybertruck was involved in a single-vehicle collision and became engulfed in flames in northern...,Finnhub,https://finnhub.io/api/news?id=294713aa712906df88c4b860700c45dad5f24be407cf30ba551351c5ccb34cb3
2024-11-27 17:16:40,TSLA,"This is the next catalyst that could push Nvidia stock up to 27% higher by January, according to Citi","Nvidia CEO Jensen Huang will deliver the opening keynote at CES 2025 on January 6, followed by a Q&A event for financial analysts on January 7.",Yahoo,https://finnhub.io/api/news?id=da6d83be64cc218a36f84e71283edcd582c5bc49c1d99626cc7e893448634658
2024-11-27 15:00:38,TSLA,Big 3 automakers could feel pressure from Trump's Mexico tariffs,"President-elect Donald Trump's newly proposed tariffs against Mexico could hit major automakers Ford (F), General Motors (GM), and Stellantis (STLA), as all three have manufacturing plants across the region. ""A car purchase is one of the highest optical purchases you could possibly make, I think second to your house. If we see car pricing which is already high, go up even further, I think that would be optically negative,"" RBC Capital Markets Global Autos Analyst Tom Narayan tells Seana Smith and Madison Mills on Catalysts. The analyst outlines the stock pressure this could have on the Big Three automakers, and what tariffs could mean for Tesla (TSLA). To watch more expert insights and analysis on the latest market action, check out more Catalysts here. This post was written by Luke Carberry Mogan.",Yahoo,https://finnhub.io/api/news?id=7c00ae962161b3f1cebc9dbbcc095a2168e1c620218fa77cc704fa3cb4ce4561
2024-11-27 11:31:00,TSLA,Tesla Stock Falls. Why It Can Ride Out Trump Tariffs.,"Coming into Wednesday trading, Tesla stock was up about 35% since the Nov. 5 presidential election and up about 36% year to date.",Yahoo,https://finnhub.io/api/news?id=bd0472b4797c68aa5508d4747009576e84ae61c790b6c52280308d0a370185cf
2024-11-27 10:03:22,TSLA,CSM: Unconvincing Long-Short ETF,"The ProShares Large Cap Core Plus (CSM) employs a 130/30 strategy, targeting large-cap U.S. stocks with a multi-factor model. Read the full ETF analysis here on Seeking Alpha.",SeekingAlpha,https://finnhub.io/api/news?id=eb7bde2b420d0bf0d064a877741ca1135101f1d2150bc5a51abdc70bd11573ea
2024-11-27 09:58:48,TSLA,"Tesla’s (TSLA) AI Push Sparks Momentum, But UBS Questions Valuation","We recently published a list of 15 AI News That Broke The Internet. In this article, we are going to take a look at where Tesla, Inc. (NASDAQ:TSLA) stands against other AI news that broke the internet. OpenAI has been making headlines in the artificial intelligence realm ever since its existence, and it seems the […]",Yahoo,https://finnhub.io/api/news?id=2372fd147781375c9c3c9970eb2581415fe61ca01216f8f1d3341e46699a27d5
2024-11-27 08:38:00,TSLA,"BYD Shows China’s Car Business Isn’t Getting Easier for Anyone, Including Tesla","Prices wars have many casualties, including suppliers who get squeezed by customers looking to save money.",Yahoo,https://finnhub.io/api/news?id=a4cc07490a5889455eae221334e5ea0f63e42944637b82b2ce9de7a14da10027
2024-11-27 07:00:00,TSLA,Donald Trump Assumes Office in Fewer Than 60 Days. It's Clear Investors Expect Something Big From These 3 Stocks.,"On Jan. 20, 2025, Donald Trump will take the presidential oath of office for the second time.  The question for investors is this: Which stocks are the ones to own as we head into this new -- but also familiar -- administration?  Three Fool.com contributors have identified their favorite ""Trump 2.0"" stocks: Palantir Technologies (NYSE: PLTR), ASML Holding (NASDAQ: ASML), and Tesla (NASDAQ: TSLA).",Yahoo,https://finnhub.io/api/news?id=ba045aabde6a89bb0a8101ae7e2550bb0d6915bf44399f21f3a807f943074d05
2024-11-27 06:00:51,TSLA,2 bullish charts showing how Block is breaking out post-election,"Technical patterns don't only measure prices, they measure belief.",Yahoo,https://finnhub.io/api/news?id=b58ed94f46b7b15a47c18c52f698433a066eee7fda01ebb7d5605215005cef1b
2024-11-27 04:30:00,TSLA,Inside Elon Musk’s Quest to Beat OpenAI at Its Own Game,"The Tesla CEO is racing to make xAI, which launched after its competitors, the world’s most advanced AI company.",Yahoo,https://finnhub.io/api/news?id=78059ae383597979fc5dcb6f2c149f9b2f3f55a0cf6b484f70925d8435df14dd
2024-11-27 04:01:37,TSLA,Nvidia: I Am Buying The Drop (Technical Analysis) (Rating Upgrade),Nvidia's earnings show strong growth with Q3 revenue up 94% YoY and data center sales driving impressive performance. Learn more about NVDA stock here.,SeekingAlpha,https://finnhub.io/api/news?id=b8e82134a1d37f731a2eff81b30fa7fcc14d677edf50cf963863d125439142d4
2024-11-27 04:00:00,TSLA,Trump is set to end the EV tax credit. Here are 7 electric cars to buy before it goes away,"President-elect Donald Trump’s return to the White House is expected to be largely negative for the electric vehicle industry, given his years of past opposition and personal distaste for the technology. His team has already started plotting out his anti-EV moves.",Yahoo,https://finnhub.io/api/news?id=3bf1e3079e2c09a6a2025903a197c33d1f2fecfc70a02fd382430a1f073feb13
2024-11-27 02:14:50,TSLA,The Chinese Nightmare: Tesla Vs. BYD - Maintaining Both With A Buy,"BYD's October sales hit a record, and its Q4 is typically strong, suggesting it may surpass Tesla in BEV sales in the near term and regain its position as King. Read more here.",SeekingAlpha,https://finnhub.io/api/news?id=3f04d688cc16f0f8796345715f5d6b4238a2e7324254045d4ea197554402c01d
2024-11-27 00:53:07,TSLA,"After fast start, electric cars need a recharge as range limits, cost leave some drivers skeptical","While sales of electric vehicles surge in China, adoption of more environmentally friendly vehicles is stumbling in the United States and Europe as carmakers and governments struggle to meet years-old promises about affordability and charging stations.  Adding to those headwinds: an incoming new U.S. president who has disparaged government support for electric vehicles.  China is the exception.",Yahoo,https://finnhub.io/api/news?id=9a5c6cdb57a8a1b05abb818e509f378e9213bab587cfe2c332be75d657bb1a2f
2024-11-27 00:22:00,TSLA,"Zacks Investment Ideas feature highlights: Nvidia's, Coinbase, Tesla and Astera Labs","Nvidia's, Coinbase, Tesla and Astera Labs have been highlighted in this Investment Ideas article.",Yahoo,https://finnhub.io/api/news?id=c24a65b6e8452f244581497dad5357354c15fe3e809879c6fc75eb9cb6233c4a
2024-11-27 00:10:00,TSLA,Invesco Main Street Fund Q3 2024 Commentary,"Underperformance mainly resulted from stock selection in the consumer discretionary, financials and industrials sectors.",SeekingAlpha,https://finnhub.io/api/news?id=d5fd56b89824b74f2467c11f52ac53160a876a10f128a23ff4b6c99157cbc25d
2024-11-26 23:45:00,TSLA,Invesco Equally-Weighted S&P 500 Fund Q3 2024 Commentary,The fundâs positioning within the information technology and industrial sectors had the largest positive effect on relative return.,SeekingAlpha,https://finnhub.io/api/news?id=1eaa728bac120999a9735daa287e77798dbdb8e9fdb2564b66fdc87f2c394ac8
2024-11-26 22:09:18,TSLA,Rivian Catalysts Fluctuate the Stock Price Amid Expansion and Strategic Moves,Rivian is experiencing ups and downs in stock price amid multiple catalysts.,Yahoo,https://finnhub.io/api/news?id=afffba828d8fd6ac229592eea5a17f14cae03d31cda042a277dd384164282ad5
2024-11-26 20:35:04,TSLA,Lidar Maker Hesai Sees Technology Becoming as Common as Airbags,"(Bloomberg) -- China’s Hesai Group, the world’s largest maker of lidar sensors used in driver assistance systems, is on a growth trajectory that won’t be stopped by geopolitics, according to Chief Executive Officer David Li. Most Read from BloombergNew York City’s ‘Living Breakwaters’ Brace for Stormier SeasIn Italy’s Motor City, Car-Free Options Are GrowingIn Kansas City, a First-Ever Stadium Designed for Women’s Sports Takes the FieldNYC's Underground Steam System May Be Key to a Greener Futur",Yahoo,https://finnhub.io/api/news?id=596a7484dd5bac35a51ba6d54e1943cd16c94586debb007aecde7267d6245c35
2024-11-26 20:03:08,TSLA,Brookfield: The Trump Trade Nobody's Talking About,"Investors are pouring money into stocks like Tesla and regional banks, seen as benefiting from the Trump administration's regulatory approach. See more here.",SeekingAlpha,https://finnhub.io/api/news?id=aa1518bf447d720f7d3b6e6fdc65fde5d50862a3132ddf2cebf34e66abe88481
2024-11-26 19:01:41,TSLA,"Exclusive-China's Hesai to halve lidar prices next year, sees wide adoption in electric cars","China's Hesai Group, the world's largest maker of lidar sensors for autonomous driving, said it plans to slash the price of its key product by half next year which should lead to far wider adoption of...",Finnhub,https://finnhub.io/api/news?id=a66bc8f4faaf612780ce80147276b879ebd05d303f38b5699d80580b5e72f712
2024-11-26 18:03:00,TSLA,Political fever over EVs has Tesla expert buzzing with confidence,A prominent Tesla bull believes the latest developments provide leverage for a chess move.,Yahoo,https://finnhub.io/api/news?id=46293ce62f92e3fdeb4affe23e2dae415204bef532778250a9ffe519212cb551
2024-11-26 15:39:00,TSLA,2025 Could Be Horrendous for Car Sales. It’s a Huge Test for EVs.,"Tariffs, tax credits, and emissions regulations are all in flux, creating nearly unprecedented uncertainty for investors.",Yahoo,https://finnhub.io/api/news?id=45b1118facdd05338551e3e449e3cb1fc36e8e09e84d2fd30f600e4fe2f3fa2a
2024-11-26 14:13:00,TSLA,How California Could Exclude Tesla From EV Credits—and Why It Won’t Work,The auto industry just had a “soap opera moment” with California Governor Gavin Newsom riding in to save EV purchase tax credits.,Yahoo,https://finnhub.io/api/news?id=6b3b3ff9d0d9d113982b4c5953c95349d9a2eee082bb82a294084f1d61531329
2024-11-26 13:28:33,TSLA,California Governor Newsom Proposes State Rebates Excluding Tesla,The state has sold over 2 million zero-emission vehicles,Yahoo,https://finnhub.io/api/news?id=342642b455d3181eb79d1fe1c15aef47ef7180dace5b66631a2e4ffee4c33a4f
2024-11-26 11:59:51,TSLA,Tesla Excluded From Proposed California EV Buyer Credits,"-- Tesla's electric vehicles would be shut out from consumer rebates under a proposal by California Governor Gavin Newsom, pitting the prospective Democratic presidential hopeful against Republican...",Finnhub,https://finnhub.io/api/news?id=b414a9c79ef0eecc41359ff7760d4625339878ce8544d5e3906dca75ce96a3f7
2024-11-26 10:42:03,TSLA,California may exclude Tesla from EV rebate program,California Gov. Gavin Newsom may exclude Tesla and other automakers from an EV rebate program if the incoming Trump administration scraps a federal tax credit for EV purchases.,Yahoo,https://finnhub.io/api/news?id=2afd05b0e97897c06d4bd4844cbf525cafc1604610280196ee94656e7d5e4a98
2024-11-26 09:58:24,TSLA,Rivian wins preliminary approval for $6.6B federal loan for Georgia EV plant,"Rivian won a “conditional commitment” from the Department of Energy for a $6.6 billion loan, highlighting Rivian’s improving capital condition.",Yahoo,https://finnhub.io/api/news?id=164b913cf0e90cb6bf769e4d9a699efdeed5f1937624e4df659a95bd091cf9ae
2024-11-26 09:47:42,TSLA,"Tesla's Possible Exclusion From California's Electric Vehicle Rebate Program a Political Move by Governor Gavin Newsom, Wedbush Says","Tesla's (TSLA) possible exclusion from California's electric vehicle rebate program is a political move by Governor Gavin Newsom, Wedbush said in a note Tuesday.",Yahoo,https://finnhub.io/api/news?id=832196874b9822659a7c2a754e9143821b83ea8cb945f7db905fbc13d6f8830f
2024-11-26 09:29:08,TSLA,"Intel, Qualcomm, Tesla: 3 Stocks in Focus","Intel (INTC) has secured more than $7.9 billion in federal funding from the Biden administration's CHIPS Act. Qualcomm (QCOM) is reportedly less interested in pursuing an acquisition of Intel, according to a Bloomberg report. Tesla (TSLA) could be excluded from California Governor Gavin Newsom's proposed electric vehicle (EV) rebates, which the governor said will take effect if President-elect Donald Trump kills federal EV tax credits. To watch more expert insights and analysis on the latest market action, check out more Morning Brief here. This post was written by Naomi Buchanan.",Yahoo,https://finnhub.io/api/news?id=58c98ad79bdc6a00658b4460ccec601437a89965c4d6a29766a19a1816f68d19
2024-11-26 09:20:40,TSLA,Tesla's exclusion from a new EV proposal could ignite a 'Game of Thrones' style feud,California Gov. Gavin Newsom is ruffling a lot of feathers — including Elon Musk’s — with his new proposal for electric vehicle incentives that would exclude Tesla’s (TSLA) popular models.,Yahoo,https://finnhub.io/api/news?id=29249c4851b760080da04f162fa67ea3903b71bbc4612be14e0eeff2174bdf16
2024-11-26 08:10:29,TSLA,Royal Society scientist quits in protest over ‘Bond villain’ Elon Musk’s fellowship,"A professor at the Royal Society has quit in protest over Elon Musk’s fellowship at the institution, accusing the billionaire of “modelling himself on a Bond villain”.",Yahoo,https://finnhub.io/api/news?id=29a70f0e82d3f07cd4ee597b40e227f82e1f3a229588150ac8f626629f75741e
2024-11-26 07:43:31,TSLA,Watch These Tesla Price Levels as Stock Hits Brakes on Post-Election Rally,Tesla shares were little changed Tuesday morning after falling 4% yesterday amid uncertainty over new California electric vehicle tax credits and bearish commentary from analysts at UBS. Monitor these key chart levels.,Yahoo,https://finnhub.io/api/news?id=3c715c77899cb0d0104946209713a5d0ce5b862037e4f2c2cf34ea92e1294c6a
2024-11-26 06:01:00,TSLA,"Trump Tariffs and Fed on Collision Course, Stock Markets Will Be Collateral Damage. And 5 Other Things to Know Today.","Biden administration finalizes Chip Act grant for Intel, Warren Buffett raises effort to give away most of his wealth, and more news to start your day.",Yahoo,https://finnhub.io/api/news?id=e6436ed71bc7bf077e82da0790ff7e816faea98ccf75fb7d9cd6e8f5d4aa01f2
2024-11-26 05:55:29,TSLA,Tesla price target raised to $226 from $197 at UBS,"UBS raised the firm’s price target on Tesla (TSLA) to $226 from $197 and keeps a Sell rating on the shares. Shares of Tesla have spiked 40% since the U.S. election, adding over $350M of market cap, the analyst tells investors in a research note. Since the election, some policy proposals have emerged that could favor Tesla, but UBS tells investors in a research note that the removal of the EV consumer tax credits is not an absolute positive for U.S. electric vehicle and Tesla demand, and if credi",Yahoo,https://finnhub.io/api/news?id=7f1632d9faccaf3aea34638babd9d0ff6987a5de0f587845dbd4ea6743c6d4b6
2024-11-26 05:00:35,TSLA,"Tesla, Inc. (NASDAQ:TSLA) is favoured by institutional owners who hold 47% of the company","Key Insights Given the large stake in the stock by institutions, Tesla's stock price might be vulnerable to their...",Yahoo,https://finnhub.io/api/news?id=13a6f06b71ea0200b9f618727a676f2a8777cfd66edc30c09bd00bc40fc2f089
2024-11-26 04:45:00,TSLA,Invesco Charter Fund Q3 2024 Commentary,"The Invesco Charter Fundâs Class A shares at NAV returned 5.37% for Q3 2024, underperforming the Russell 1000 Index. Click here to read the full commentary.",SeekingAlpha,https://finnhub.io/api/news?id=827ba3456ae87f9e272d78455907937af12e18fe74c271e84b307d2438ae7a90
2024-11-26 04:36:10,TSLA,"Trump eyes ""AI czar"", Axios reports","Republican President-elect Donald Trump is considering naming an ""AI czar"" in the White House to coordinate federal policy and governmental use of artificial intelligence, Axios reported on Tuesday, citing sources. Tesla chief Elon Musk will not be the AI czar, but is expected to be involved in shaping the future of the debate and use cases, the report added.",Yahoo,https://finnhub.io/api/news?id=e7774b2683825d95d7e45d428d3b62cd1df5bfc3641c3e2d7a41d17756cfa784
2024-11-26 04:30:00,TSLA,"Tesla Stock: Buy, Sell, or Hold?",The company's Robotaxi ambitions could leap forward under the incoming Trump administration.,Yahoo,https://finnhub.io/api/news?id=518da699b92ac997e41d3f3e8924fdf15b59e80bedd25694bf1b05260098e7a9
2024-11-26 03:39:00,TSLA,Can Dogecoin Reach $1?,"Dogecoin is heading toward its record high of $0.73 from 2021, following President-elect Trump's win and Elon Musk's role in the incoming administration.",Yahoo,https://finnhub.io/api/news?id=f76230b468367da921402461364167408251f0e73146e386812ccb45b9b19e41
2024-11-26 03:29:00,TSLA,"Trump Tariff Threat Unleashes Carpocalypse. Why GM Stock, Other Autos Are Getting Hit.","Trump Tariff Threat Unleashes Carpocalypse. Why GM Stock, Other Autos Are Getting Hit.",MarketWatch,https://finnhub.io/api/news?id=5078ce2bb18892df4825b95a0874a8b2b81770055c2effab73babda115ec9234
2024-11-26 02:35:00,TSLA,"The Zacks Analyst Blog NIO, XPeng, Workhorse  Tesla and Rivian","NIO, XPeng, Workhorse Tesla and Rivian are included in this Analyst Blog.",Yahoo,https://finnhub.io/api/news?id=ba273b42cfd6b8c4b22cf909b137f0665e37e0f38c086bb0aa1b1965acf3ea62
2024-11-26 02:06:00,TSLA,"Why GM, Ford stocks are falling after Trump’s tariff plan for Mexico and Canada","Why GM, Ford stocks are falling after Trump’s tariff plan for Mexico and Canada",MarketWatch,https://finnhub.io/api/news?id=031a4a26df9169816f34f2f60dd55c3193f2612debb24274f855fdffa9e1674b
2024-11-26 00:31:00,TSLA,Rivian Stock Rises. How $6.6 Billion From Biden Can Reignite the EV Maker.,Rivian Stock Rises. How $6.6 Billion From Biden Can Reignite the EV Maker.,MarketWatch,https://finnhub.io/api/news?id=03c762fdfb8510feac229e2631f685eabc2f7c2d782dcba18aa61e8df19852eb
2024-11-25 22:40:00,TSLA,BUZZ Investing: Election Sparks 'Trump Trade' Rally,"The US election results fostered a wave of market optimism, contributing to a significant rally across major indices.",SeekingAlpha,https://finnhub.io/api/news?id=22954776023fba792c41549a581f21115334dd9b6193fd1161e8a5e0126c7d27
2024-11-25 22:00:53,TSLA,Global companies that might be affected by Trump's promised tariffs,"Here are companies with a manufacturing presence in Mexico.  Honda Motor sends 80% of its Mexican output to the U.S. market and its chief operating officer Shinji Aoyama warned on Nov. 6 that it would have to think about shifting production if the U.S. were to impose permanent tariffs on vehicles imported from the country.  Nissan Motor has two plants in Mexico where it makes the Sentra, Versa and Kicks models for the U.S. market.",Yahoo,https://finnhub.io/api/news?id=de1603fc865ad0b39993009320a912889ef7945696112455dba9ef846ecca86a
2024-11-25 21:01:12,TSLA,Auto industry's shift toward EVs is expected to go on despite Trump threat to kill tax credits,"DETROIT — If President-elect Donald Trump makes good on his threat to kill federal tax credits for electric vehicle purchases, it's likely that fewer buyers will choose EVs. Yet tax credits or...",Finnhub,https://finnhub.io/api/news?id=2a958d5245ad849b3310f6d0024fade7d4431977772aa0a1db7703c8b80199dc
2024-11-25 19:45:00,TSLA,Prediction: President-elect Donald Trump's Plan to Cancel Tax Credits on Electric Vehicles Will Help Tesla,President-elect Donald Trump has toyed with the idea of removing tax credits for electric vehicles.,Yahoo,https://finnhub.io/api/news?id=e88b2136cbaac7f54c6a8e49ac09a90b932a369224ff9d1fd0d209d2c894be23
2024-11-25 18:19:00,TSLA,"Elon Musk Buying MSNBC? A Difficult Feat, Because It Isn’t for Sale","Can  Elon Musk  make a run at acquiring MSNBC?  Last week,  Comcast  said it was moving forward with a plan to spin off its NBCUniversal cable networks into a separate company.  It is unclear how serious Musk is about MSNBC, but buying the network wouldn’t be an easy feat.",Yahoo,https://finnhub.io/api/news?id=8035a445715da5fe194b3a95be03ef70eefa76d74c9a0ff9cd17bb9d46a216cd
2024-11-25 17:00:53,TSLA,Companies that might be affected by Trump's promised tariffs,"President-elect Donald Trump on Monday pledged tariffs on the United States' three largest trading partners - Canada, Mexico and China - detailing how he will implement campaign promises that could...",Finnhub,https://finnhub.io/api/news?id=c45a1e81febf7e00fd1d4bb17b34e24f5473e6b2114452ae6b309647268cc439
2024-11-25 16:48:21,TSLA,Dow Jones Futures Fall: Nvidia Stock Tumbles To Key Level; Fed Inflation Data Looms,Dow Jones Futures Fall: Nvidia Stock Tumbles To Key Level; Fed Inflation Data Looms,DowJones,https://finnhub.io/api/news?id=fb8c8a571d4c8c1cd6cb4055d27d6657334ef7b567279db232a1532b2978268e
2024-11-25 14:11:26,TSLA,"Tesla Stock Falls As Analyst Says 'Animal Spirits' Spur Post-Election Rally, Not Fundamentals","Tesla Stock Falls As Analyst Says 'Animal Spirits' Spur Post-Election Rally, Not Fundamentals",DowJones,https://finnhub.io/api/news?id=e804ae46fd13e4422a28fc1867d4766a2a40bfcc5ef58b9f987e57036cca90ae
2024-11-25 11:38:00,TSLA,Newsom says California could offer EV rebates if Trump drops federal tax credit,Newsom says California could offer EV rebates if Trump drops federal tax credit,MarketWatch,https://finnhub.io/api/news?id=85e0cc6195c3c5dca19225f79cecb5587ef328206dda7d1d85f653b4b876ca18
2024-11-25 11:08:00,TSLA,Tesla Stock Drops. It May Get Excluded From New California EV Credits.,Tesla Stock Drops. It May Get Excluded From New California EV Credits.,MarketWatch,https://finnhub.io/api/news?id=ca2cdeb4de62ad649a11056658ebebfa6f9ae7ef3653d8fd76a6b19a30846d12
2024-11-25 10:55:00,TSLA,"Newsom Vows to Offer EV Rebates if Trump Cuts $7,500 Federal Tax Credit","Newsom Vows to Offer EV Rebates if Trump Cuts $7,500 Federal Tax Credit",DowJones,https://finnhub.io/api/news?id=5f33bcf9dbf229dac08b4b1dcc36c826dfe849d111d19901681c85901c319b13
2024-11-25 10:31:00,TSLA,Elon Musk Versus Lockheed? Say It Ain’t So.,Elon Musk Versus Lockheed? Say It Ain’t So.,MarketWatch,https://finnhub.io/api/news?id=ce55567c01c6c2dff1a05384e45c542eb6b1c709b42a516f4c4b3e01cec32387
2024-11-25 10:31:00,TSLA,"Tesla Inc. stock falls Monday, underperforms market","Tesla Inc. stock falls Monday, underperforms market",MarketWatch,https://finnhub.io/api/news?id=fb559f7acab77f936be63bc5267ab21b1556b3b015c48027262eae8fceb1f99c
2024-11-25 09:33:31,TSLA,Tesla's $350 Billion Post-Election Surge,"-- Tesla's post-election stock surge has more to do with market exuberance than actual improvement in the fundamentals of its business, UBS Group AG analysts cautioned in a report. Bloomberg's Craig...",Finnhub,https://finnhub.io/api/news?id=6cff17952938a4e0fb7c91d18fa87ea5fe3fa67791cabf5230277f16dc2cee16
2024-11-25 09:32:00,TSLA,Thankful Investors - Last 5 Years,Bespoke highlights the 25 best-performing stocks in the S&P 1500 on a total return basis over the last five years.,SeekingAlpha,https://finnhub.io/api/news?id=e65f7bc2db91d10e8373abb44b9a990454342d3945004cb4509e8eb0fabc385a
2024-11-25 04:48:34,TSLA,Tesla racked up greenhouse emissions credits in 2023 as other automakers lagged,"Tesla generated nearly 34 million metric tons of greenhouse gas credits in the 2023 model year by selling electric vehicles, as the auto industry racked up significant credit deficits in the face of...",Finnhub,https://finnhub.io/api/news?id=881dfb0ee93a8e8895d952462be8460be8d74bec97e7fe6726b2329aedff062a
2024-11-25 04:11:23,TSLA,"The 1-Minute Market Report: November 24, 2024","The market's long-term momentum remains strong, but stretched valuations and geopolitical uncertainties suggest continued volatility. Read what investors need to know.",SeekingAlpha,https://finnhub.io/api/news?id=34b3fc8385abf69203248c600fd43fd83cb3e5343e72d835f4e4ab31db2e5b03
2024-11-25 04:05:08,TSLA,Dow Jones Rallies 450 Points As Tesla Reverses From New Highs; Bitcoin Stock MicroStrategy Sells Off,Dow Jones Rallies 450 Points As Tesla Reverses From New Highs; Bitcoin Stock MicroStrategy Sells Off,DowJones,https://finnhub.io/api/news?id=0ab53e915bbe4521bca338dba3d4769bf86e98ca21e41d236e42b951b67ce25c
2024-11-25 04:02:00,TSLA,NIO Stock Got a Downgrade. Goldman Has This Laundry List of Woes.,NIO Stock Got a Downgrade. Goldman Has This Laundry List of Woes.,MarketWatch,https://finnhub.io/api/news?id=d58dc3a494cec8d79e6a507fffdf9cfecf1f591ad2dbe990b5068bff6f8c8416
2024-11-25 04:00:00,TSLA,Avalanche leads gains as large cryptocurrencies start mixed,Avalanche leads gains as large cryptocurrencies start mixed,MarketWatch,https://finnhub.io/api/news?id=1dc8dc5e234645643d4e646ab8206037634a2852d56b77ac84e2391c7694a4d6
2024-11-24 23:11:24,TSLA,Why Elon Musk's Mother Is Popular in China,"-- Tesla Chief Executive Officer Elon Musk's mother, Maye, has risen to fame in China, partnering with several local brands and gaining popularity on Chinese social media. Bloomberg's Adrian Wong...",Finnhub,https://finnhub.io/api/news?id=5d9b1b528d8dc1e7da8faf116dee7710a46f015e27d72442f0727ff5da7ae099
2024-11-24 23:10:06,TSLA,"Tesla Unveils ""Cybercab"" Robotaxi","Tesla unveiled a new robotaxi, the Cybercab. The new Cybercab, expected to be priced at less than $30,000, has two gull-wing doors and no steering wheel or pedals - the vehicle is designed to be...",Finnhub,https://finnhub.io/api/news?id=ef5f4ee9cfd7d46791cc22cae78cb22928884d973730e0dcf6cb31be296a12ae
2024-11-24 18:02:36,TSLA,Is This A Momentum Market?,The market put in some healthy digestion of last week's gap down. Click here for a detailed analysis.,SeekingAlpha,https://finnhub.io/api/news?id=a87977a466a320a3e08ea916870d308380e23cd41693ccecbc95de7870c525fd
2024-11-24 15:00:00,TSLA,Musk Says He Wants to Save the Planet. Tesla’s Factories Are Making It Dirtier.,Musk Says He Wants to Save the Planet. Tesla’s Factories Are Making It Dirtier.,DowJones,https://finnhub.io/api/news?id=b7498c2c4e09469c1363e725f24444ff1918999c5bed8d43ec01ce68f1c24e5e
2024-11-24 09:21:31,TSLA,"ARKK And ARKQ: As Tech Advances, These Busted Growth ETFs May Reward Patient Buyers","Financial writer bullish on ARK Invest's disruptive tech funds ARKK and ARKQ, sees potential for growth despite recent underperformance.",SeekingAlpha,https://finnhub.io/api/news?id=92ea7551f8960a1f77741b3ceaa97b24a0f80b7404d2091d410e4c51491c4446
2024-11-24 09:00:00,TSLA,More Great News for Lucid Heading Into 2025. Is It a Buy Now?,"Just like that, with the 2024 Presidential election in the books, electric vehicle (EV) investors are left to wonder if the U.S. is about to hit a major industry speed bump.  President-elect Donald Trump has occasionally spoken out against EVs, and the transition team is rumored to be heavily considering ending the $7,500 federal tax credit, which could soften EV demand.  This delivery momentum, if you want to call it that, could hit a speed bump with Reuters reporting that Trump's transition team is ""planning to kill"" the industry's $7,500 federal tax credit.",Yahoo,https://finnhub.io/api/news?id=50d3a9fde091b8cbcf0bd8421f10b259f0e376c3525c63584707f4fd190d8cb2
2024-11-24 04:04:00,TSLA,"Could Investing $10,000 in QuantumScape Make You a Millionaire?","Like any other millionaire-making stock pick, this one requires a risky leap of faith to achieve the massive gains some investors are hoping for.",Yahoo,https://finnhub.io/api/news?id=ab590dcbb4a69830ad359bd010d203bb40e372f1f4272d933351b507d28bf2bf
2024-11-24 02:00:00,TSLA,"Largest U.S. Pension Sold GE Aerospace and Tesla Stock, Bought AT&T and Costco","Calpers sold GE Aerospace and Tesla stock, and bought more shares of AT&T and Costco in the third quarter.",Yahoo,https://finnhub.io/api/news?id=6903775d20587b6963f69ff000be0e7470c827f1ad6d8d132bfb93b8e6a4b8f1
2024-11-24 00:00:00,TSLA,How Trump could launch Elon Musk to Mars,"Elon Musk, as a businessman, is primarily known for three of his many enterprises.",Yahoo,https://finnhub.io/api/news?id=169f18c81c75bdd1d0b04c990f5dabe21322d21ddfb17201cf4968cda5d85683
2024-11-24 00:00:00,TSLA,Elon Musk is changing the course of human history,"Elon Musk, as a businessman, is primarily known for three of his many enterprises.",Yahoo,https://finnhub.io/api/news?id=974ea354f32b6bd8721ea326ddc26334c0a89757ae5ce6d896910e86d4f98de2
2024-11-23 20:00:00,TSLA,"China Looks to Musk as Conduit to Trump, Seeking to Ward Off Harsh Policies","With billions invested in Shanghai, the Tesla chief has much at stake in the next administration’s plans.",Yahoo,https://finnhub.io/api/news?id=a41532768c0c29a687e0c75b18fb4242ac44f61ed645c396c8be5bedc247f030
2024-11-23 14:47:46,TSLA,"‘First buddy’ Elon Musk is a source of insight into Trump for TikTok’s CEO as key deadline looms, report says","Musk was asked for his opinions on an array of issues, including the incoming Trump administration and potential tech policy, the Wall Street Journal said.",Yahoo,https://finnhub.io/api/news?id=c8902aac60e33f6e5ab2fa30a32e8e18e10ad54627b17eaf72e0e102438c8539
2024-11-23 09:32:00,TSLA,TikTok CEO Seeks Musk’s Counsel on Incoming Trump Administration,The popular video app and Chinese parent ByteDance view the rival social-media owner as a conduit to the president-elect.,Yahoo,https://finnhub.io/api/news?id=5f4bd1348130352d0f97dc714e883d9b703e7c82699b8857e08615aaaa65bd7f
2024-11-23 08:00:00,TSLA,"Google vs. the feds, Elon Musk vs. Big Tech, and an AI arrest: Tech news roundup",The founder of an AI startup once featured on Forbes’ “30 Under 30” list was charged Tuesday with defrauding investors.,Yahoo,https://finnhub.io/api/news?id=3a2d15af56a4228ebc5a53814025efe4dc89aa06d15ed7b7be8bee74563b2188
2024-11-23 02:31:00,TSLA,Rivian: Don't Be Fooled By The Market,I argue why Rivian's ability to demonstrate a more robust production and delivery ramp profile is crucial to lift investor sentiment. Read more on RIVN stock here.,SeekingAlpha,https://finnhub.io/api/news?id=07a0d42879f4c6258ee0e3716c72b219731c03854ff1bc40be2245f061855021
2024-11-23 02:06:00,TSLA,Should You Buy Lucid Motors While It's Below $2.50?,"Tesla has positive margins and free cash flow, but you can see in the chart below that margins were highest during the pandemic when the supply of vehicles was low.  Like most EV makers, Lucid's challenge isn't just selling more vehicles; it's making a profit on the vehicles it sells.",Yahoo,https://finnhub.io/api/news?id=21707aaab04fac95be540262f17153bfa64a1d0e05b152b1caad448a71973194
2024-11-22 20:00:00,TSLA,These Startups Are Finally Bringing EV Chargers to America’s Cities,The lack of charging infrastructure is the biggest barrier to owning an electric car in many urban areas. New York City startups aim to install curbside solutions to address ‘charge anxiety.’,Yahoo,https://finnhub.io/api/news?id=aab55ee5a49b7eee1988a3dada44385dbb334ff9f3f7d9c75a389ec88364153f
2024-11-22 18:11:56,TSLA,Elon Musk has never been richer. He’s now worth nearly $350 billion,The Tesla founder has seen his wealth surge since the 2024 US presidential election.,Yahoo,https://finnhub.io/api/news?id=ea7294515dff3017dcc0cef1747fa86ca315c9d9e257b4076e02db8372eca40e
2024-11-22 15:18:00,TSLA,Tesla Stock Is Surging. Here’s Why.,The automotive lobbying group Alliance for Automotive Innovation is leading efforts to keep the EV purchase tax credit.,Yahoo,https://finnhub.io/api/news?id=f21f047b6ab2deec1afe7b61d6d08f93f96ad33e2f28d423dd85ef1f0969e221
2024-11-22 14:42:00,TSLA,Musk Unleashes Online Army on Federal Workers. ‘A Tough Way to Find Out She’s Losing Her Job.’,"As co-director of President-elect  Donald Trump’s  nascent Department of Government Efficiency,  Elon Musk  has wasted no time posting to his 205 million followers on X about specific government departments he views as bloated.  One recent post by the billionaire zeroed in on Ashley Thomas, a little-known director of climate diversification at the U.S. International Development Finance Corp., after another user on Musk’s social-media platform X questioned her role.",Yahoo,https://finnhub.io/api/news?id=bf2c9220b6250f2e967ac4f5677a453f420c601e9013c72c5e7b8f4bfcfd4196
2024-11-22 13:29:58,TSLA,Why Tesla Stock Ended the Week on a High Note,Tesla (NASDAQ: TSLA) shares have been on a roll in recent weeks.  Tesla shares were higher by 3.7% as of 1:45 p.m. ET.  Much of the recent euphoria has been related to CEO Elon Musk and his relationship with President-elect Donald Trump.,Yahoo,https://finnhub.io/api/news?id=46f8cc2eb7e3684c7cbcd62e2cb67b29ea3b4eb01823d800dfa9775009800306
2024-11-22 13:12:00,TSLA,Maybe Trump Won’t Kill the EV Tax Credit After All,Traditional auto makers might be responsible for saving the EV purchase tax credit from the chopping block.,Yahoo,https://finnhub.io/api/news?id=2c6472dcbd38bd3e9d3c6fc6e47a2911d05c72c28ff42e03f7d892323e3ba3ad
2024-11-22 13:05:00,TSLA,Trump Taps Wall Street Vet Scott Bessent to Run the Treasury Department,Trump Taps Wall Street Vet Scott Bessent to Run the Treasury Department,MarketWatch,https://finnhub.io/api/news?id=4a165d2fc01912b466a9225ea4d25802f781e53c9611c2affd5dfee6b259d8ea
2024-11-22 12:53:52,TSLA,Does the EU need to make nice with Elon Musk?,"To meet its climate goals, the EU needs Elon Musk.",Yahoo,https://finnhub.io/api/news?id=b2a7a60f9dcc5ebcc0963cff0fdfad6a6aa247ec5fbff4a13d6e448f081be9d0
2024-11-22 10:50:00,TSLA,Relative Strength Line: Good Guide For Buys And Sells In Postelection Bump,Relative Strength Line: Good Guide For Buys And Sells In Postelection Bump,DowJones,https://finnhub.io/api/news?id=b8f4b882302992eed485470df8159e147824671c242463e152a30b4ad3dac290
2024-11-22 10:31:09,TSLA,Tesla (TSLA) Up 30.4% Since Last Earnings Report: Can It Continue?,Tesla (TSLA) reported earnings 30 days ago. What's next for the stock? We take a look at earnings estimates for some clues.,Yahoo,https://finnhub.io/api/news?id=1684497847719fe4f5c965fc662ba49d5e4a21853a3c72ab179f69ba63898fc9
2024-11-22 10:31:00,TSLA,"Tesla Inc. stock rises Friday, outperforms market","Tesla Inc. stock rises Friday, outperforms market",MarketWatch,https://finnhub.io/api/news?id=75ba74ede04ab85bab1266208925003e235f9bf05b07d46eb146aed6c1824182
2024-11-22 09:51:57,TSLA,"Tesla, Inc. (TSLA): A Bull Case Theory","We came across a bullish thesis on Tesla, Inc. (TSLA) on Substack by Antonio Linares. In this article, we will summarize the bulls’ thesis on TSLA. Tesla, Inc. (TSLA)’s stock was trading at $339.64 as of Nov 21st. TSLA’s trailing and forward P/E were 93.05 and 102.04 respectively according to Yahoo Finance. Tesla is poised for another […]",Yahoo,https://finnhub.io/api/news?id=bf9c210194372356fa5e4b792d056a91a3b2714b234129c08a8979277a5d5475
2024-11-22 06:10:10,TSLA,Elon Musk claims Jeff Bezos told people to sell Tesla stock ahead of U.S. election,Tesla CEO Elon Musk claimed Amazon founder Jeff Bezos told people to sell shares in the EV maker because Trump would lose election. Bezos denies this.,Yahoo,https://finnhub.io/api/news?id=fe12c66a326a898969cc16fcb3ed59c2d38941dfbcd12fdcc72a21415e90ae28
2024-11-22 05:10:00,TSLA,"Nvidia and the Magnificent Seven probably make up too much of your high-priced index fund, especially when the S&P 500 is this expensive","Nvidia and the Magnificent Seven probably make up too much of your high-priced index fund, especially when the S&P 500 is this expensive",MarketWatch,https://finnhub.io/api/news?id=56cdad5a1450bad731d9e9ffe03a7b25d551566927d40518dae7089907c8fb32
2024-11-22 04:05:00,TSLA,Franklin Rising Dividends SMA Q3 2024 Commentary,"US equities collectively finished the third quarter of 2024 with record-high performance, helped by a variety of factors. Click here to read the full commentary. ",SeekingAlpha,https://finnhub.io/api/news?id=d522c6a8c20befd0a804d051f3aeb81855a08c1b7b0104c11747eb3b292af528
2024-11-22 04:00:00,TSLA,"Zacks Investment Ideas feature highlights: Oklo, Coinbase Global, Tesla, GEO and Energy Select Sector SPDR ETF","Oklo, Coinbase Global, Tesla, GEO and Energy Select Sector SPDR ETF have been highlighted in this Investment Ideas article.",Yahoo,https://finnhub.io/api/news?id=f93db0db99463fab71c61cde64dc1e910d113e7dd815f3f1d81feed380f549f6
2024-11-22 04:00:00,TSLA,Tesla and Hershey have been highlighted as Zacks Bull and Bear of the Day,Tesla and Hershey have been highlighted as Zacks Bull and Bear of the Day.,Yahoo,https://finnhub.io/api/news?id=5eaa40dbae7ef4a8a44251c3ff3581a813dc23505fbf715db6ab0cd59d6c6dff
2024-11-22 03:50:41,TSLA,Dow Jones Rallies Ahead Of Inflation Survey; Nvidia Slides From Record Highs,Dow Jones Rallies Ahead Of Inflation Survey; Nvidia Slides From Record Highs,DowJones,https://finnhub.io/api/news?id=29eac458fb9568af202a50fc70e2e0f29ebc8b41d1c1cd596ada0aa7a18caf1b
2024-11-22 03:02:00,TSLA,"Billionaire Philippe Laffont Sold Millions of Shares of Nvidia and Meta Platforms and Is Piling Into 4 Other ""Magnificent Seven"" Stocks Instead","Nowhere is that more apparent than the stunning rise of the ""Magnificent Seven"" stocks, a collection known for its strong ties to the technology.  Billionaire investors have taken notice, and many hold positions in the Magnificent Seven stocks.  Among these closely watched billionaires is Philippe Laffont, who made a name for himself by building Coatue Management into the world's best-known tech-centric hedge fund, parlaying a $50 million investment in 1999 into $27 billion in assets under management.",Yahoo,https://finnhub.io/api/news?id=6691e4df45ed04b524d53fa0f81f6451c8ef10a904bba0c08a378c54f7c2fa65
2024-11-22 03:00:00,TSLA,Bull of the Day: Tesla (TSLA),"EV king Tesla has returned to glory. However, Donald Trump's election victory is likely to inject even more life into the stock into the stock in 2025.",Yahoo,https://finnhub.io/api/news?id=a66584d393f7ec947cdf5816a9f141c76490cbf682febf0ba7623f58e1b25dea
2024-11-22 03:00:00,TSLA,Tesla's Valuation Creates A Wait And See Scenario (Rating Downgrade),"We have downgraded Tesla (TSLA) stock to neutral due to high valuation, risks, and uncertain legislation. Read an investment analysis here.",SeekingAlpha,https://finnhub.io/api/news?id=068895a979c994ab072576138257165e368bf43196404ea15783b2c089362cb9
2024-11-22 02:00:16,TSLA,"Stock Market Rallies After Key Test; Nvidia, Target, Google, Bitcoin In Focus: Weekly Review","Stock Market Rallies After Key Test; Nvidia, Target, Google, Bitcoin In Focus: Weekly Review",DowJones,https://finnhub.io/api/news?id=0fb00d3ffbc1bf2a9331c9f889ebcca9cbee4e6c59a3448471f6c39396146e93
2024-11-22 01:04:00,TSLA,Bitcoin Price Is on Fire. Watch Out for These Crypto Market Red Flags and 5 Other Things to Know Today.,Bitcoin Price Is on Fire. Watch Out for These Crypto Market Red Flags and 5 Other Things to Know Today.,MarketWatch,https://finnhub.io/api/news?id=54cbf7f364978421797bf12e2bdb36d48d43589d6edf3fbf1e6c2677c474c5ed
2024-11-21 16:37:00,TSLA,"These Magnificent 7 Reports Impressed Investors: AMZN, TSLA","With Nvidia's release out of the way, the Q3 cycle for the Mag 7 group has ended. The group overall posted strong growth, though Amazon and Tesla were among the few to see post-earnings momentum.",Yahoo,https://finnhub.io/api/news?id=a5d8ad3cfebf970e1e76cf9f28388afaa7bfc81addd00924f2b93a3c05388e00
2024-11-21 16:11:00,TSLA,"Tesla Stock Drops After Nvidia Earnings, European EV Sales. This Was the Biggest Surprise.","Tesla  stock fell Thursday after  Nvidia  reported earnings.  Nvidia shares rallied to finish up 0.5% at $146.67 on Thursday.  For the coming quarter, Nvidia expects to generate sales of about $37.5 billion, while analysts projected $37.1 billion.",Yahoo,https://finnhub.io/api/news?id=01b226dbb78b7f42274238ea8793e4b56545f8e4cb05b68aadb534909a0f6e16
2024-11-21 15:49:00,TSLA,"Jaguar Rebrand Is Pink, Diverse and Doesn’t Feature Any Cars","The U.K. legacy carmaker successfully turns eyes toward its Dec. 2 design concept reveal, but is mocked online meanwhile.",Yahoo,https://finnhub.io/api/news?id=0d89fbaf6447fc0600c89e2a08eb15a29838d42d9710be0b214fb544a28e4be4
2024-11-21 13:41:35,TSLA,'Not trivial': EV sales could drop nearly 30% if Trump repeals tax credit,"For the automotive industry, reports that President-elect Donald Trump and his team are looking to repeal the $7,500 federal tax credit are not surprising. However, the effect of a potential repeal could be massive for automakers betting on EVs being the future.",Yahoo,https://finnhub.io/api/news?id=7936357300a2b96eaf7346940368347b7940fe9a1ca7a70f4333c5cbe7378366
2024-11-21 12:19:00,TSLA,Elon Musk Jabs at Billionaire Rival Jeff Bezos Over Trump,"Elon Musk  reignited a public dispute with fellow billionaire and space-industry rival  Jeff Bezos,  saying the  Amazon.com  founder had said President-elect  Donald Trump  would lose the election and that people should sell stock tied to Musk.  Bezos says no.  “Just learned tonight at Mar-a-Lago that Jeff Bezos was telling everyone that @realDonaldTrump would lose for sure, so they should sell all their  Tesla  and SpaceX stock,” Musk said on X, the social-media platform he owns.",Yahoo,https://finnhub.io/api/news?id=274be89144b2f7cb62a8236fda64de996e44bc6552a0804751172b2214c981c9
2024-11-21 10:45:20,TSLA,"Nvidia Q3 Earnings: A Tale Of Blackwell, Jetson, And The Omniverse","Nvidia Corporation's Q3 earnings beat expectations, positioning the company for growth in Industrial AI, Automotive, and Robotics. Click for my NVDA update.",SeekingAlpha,https://finnhub.io/api/news?id=c2f4c3ca86d1cb51f29f577277107d5dde751d1bae58cce92f976aa95cce07e5
2024-11-21 10:31:00,TSLA,"Tesla Inc. stock falls Thursday, underperforms market","Tesla Inc. stock falls Thursday, underperforms market",MarketWatch,https://finnhub.io/api/news?id=da5146ecfe9bdd2603fc8e9d1a544b51e4d2a63b222b1614638a4f6fce4a137c
2024-11-21 10:24:46,TSLA,Marjorie Taylor Greene to work with Musk's new government efficiency panel,"Republican Marjorie Taylor Greene said on Thursday she will chair a U.S. House of Representatives panel on government efficiency, working with billionaire Elon Musk and Vivek Ramaswamy in their effort...",Finnhub,https://finnhub.io/api/news?id=927c3a7d6797155ebffb83f8e17dec105a7bd24361c9b9da7a74b15d76a807ba
2024-11-21 10:02:00,TSLA,Bezos denies Musk's claim he told people to sell Tesla and SpaceX stock since Trump would lose,Jeff Bezos has officially thrown cold water on Elon Musk’s latest claim about his billionaire rival.,Yahoo,https://finnhub.io/api/news?id=99ae348d860e05aad207e6d1a023b0a2739e5689da1e1a834eb20c0eab4dad72
2024-11-21 09:57:00,TSLA,Musk and Ramaswamy's DOGE will work with Marjorie Taylor Greene on cost-cutting,"Elon Musk and Vivek Ramaswamy have laid out their plans for the Department of Government Efficiency (DOGE). Despite being labeled an “outside of government” group by President-elect Donald Trump, the two say that DOGE will work closely with Congress and the executive branch.",Yahoo,https://finnhub.io/api/news?id=39834695cedf69f359dc2d27c6cb001543948cbcc736f4e47d40327b0096847d
2024-11-21 09:47:42,TSLA,Kim Kardashian and Optimus Robot Drive Tesla's Cultural Takeover,"Optimus robot steals the spotlight, fueled by Tesla's marketing genius and Kim Kardashian's viral posts",Yahoo,https://finnhub.io/api/news?id=da2bdb32441e91adbab8328536b51554a3d20477a3c52a30e9b942a5c2d4cde2
2024-11-21 09:45:16,TSLA,Most Tesla Semi Customers Have Waited Seven Years Already. Will They Really Have To Wait A Full Decade?,"When it was announced in 2017, the Tesla Semi was supposed to be a game-changer. With promises of a greener future for the trucking industry and orders from big-name companies like PepsiCo, UPS and Sysco, Tesla’s electric truck generated a lot of excitement. But now, seven years later, many customers are still waiting. And some might wait a decade before they see their trucks roll in. Don't Miss: ‘Scrolling to UBI': Deloitte's #1 fastest-growing software company allows users to earn money on the",Yahoo,https://finnhub.io/api/news?id=79e5113faf51e2b0d3987a805940d0583c9536d0cd30cc1477379658e97c594c
2024-11-21 09:43:17,TSLA,Major companies that are also popular short-selling stocks,"Investor confidence in certain major companies has propelled markets higher, but there are also those betting against big-name stocks through short selling.",Yahoo,https://finnhub.io/api/news?id=ef36cbb6e5effbbb2e069c2e202455f6dbbe3c74945907ed9c6eafc2be38c1a0
2024-11-21 09:10:00,TSLA,"These Stocks Are Moving the Most Today: Nvidia, Alphabet, Super Micro, Snowflake, Deere, MicroStrategy, PDD, and More","These Stocks Are Moving the Most Today: Nvidia, Alphabet, Super Micro, Snowflake, Deere, MicroStrategy, PDD, and More",MarketWatch,https://finnhub.io/api/news?id=4b90b4aba33730530ab80d6525bbefba0539f9c4c3dd673032d15a58c48b5c34
2024-11-21 08:52:00,TSLA,1 Wall Street Analyst Thinks Tesla Stock Is Going to $400. Is It a Buy?,"Tesla (NASDAQ: TSLA) shares have been on quite a roll since the U.S. election on Nov. 5.  CEO Elon Musk has become a confidant to President-elect Donald Trump, and investors feel future public policy on electric vehicles (EVs) could give Tesla a major boost.  With another big gain to start this week's trading, Tesla shares have now soared by more than 30% since Election Day.",Yahoo,https://finnhub.io/api/news?id=8f9309186400c304a3c96332946e93d83d7a702eb4247e9ac36584d93625f5e3
2024-11-21 06:33:20,TSLA,Making Sense Of Nvidia's $3.6 Trillion Market Cap,"Analyzing Nvidia Corporation's stock surge and valuation based on growth expectations, revenue projections, margins, and market trends. Click for my NVDA update.",SeekingAlpha,https://finnhub.io/api/news?id=914b1d60ed357283532209a28e242cd3c8d1662948bfb0f04ecd598de40ccfaa
2024-11-21 05:55:48,TSLA,Nissan calls on UK to relax EV mandate amid sluggish demand,The Japanese automaker cautioned that failing to meet the target could lead to hefty fines for manufacturers.,Yahoo,https://finnhub.io/api/news?id=786bba016752fff1f46ea18b7ed5f966d77b6ae175bf083ce8ba32d6cc8713f0
2024-11-21 04:58:13,TSLA,Value of Nvidia's stock traded is nearly triple the next closest in the S&P 500,Value of Nvidia's stock traded is nearly triple the next closest in the S&P 500,MarketWatch,https://finnhub.io/api/news?id=60887fcf0fa6394e6c91f70f93a02484306283ed046524a24653cf992c828723
2024-11-21 04:28:00,TSLA,"Tesla Stock Is Down After Nvidia Earnings, European EV Sales","Tesla Stock Is Down After Nvidia Earnings, European EV Sales",MarketWatch,https://finnhub.io/api/news?id=17a0b32893212a158b1a7b95b5bb154f30062fc104d11787162314f8b4601e52
2024-11-21 04:00:00,TSLA,Most big cryptocurrencies increase as Ethereum  rallies,Most big cryptocurrencies increase as Ethereum  rallies,MarketWatch,https://finnhub.io/api/news?id=b3d78937fd5aabafdc7317ba7e228e8e04323575245b6365bfc32d6eaa77ce9e
2024-11-21 03:47:00,TSLA,Billionaire Ken Griffin Is Loading Up on Nvidia and Tesla Stocks. Should You?,"Any list of the greatest hedge fund managers of all time should include Ken Griffin.  Today, Citadel ranks among the largest and most successful hedge funds in the U.S. And Griffin is worth around $46.7 billion, making him the 31st wealthiest person in the world.  Citadel recently submitted its quarterly 13F filing to the U.S. Securities and Exchange Commission.",Yahoo,https://finnhub.io/api/news?id=ed8cafb5642d8f857247a664079a52c9abec4bc5ebb9f5460bb5486d815b53f3
2024-11-21 03:33:00,TSLA,Ark’s Cathie Wood lets retail investors bet on Elon Musk’s private startups and potentially  profit from his proximity to Trump,The fund has 15% exposure to Musk’s private companies.,Yahoo,https://finnhub.io/api/news?id=f2fd4f12e65a89639a66b695e3abf8114df82496ca3923e4501c107b5b6d369e
2024-11-21 03:09:02,TSLA,Automobile Manufacturers Stocks Q3 Earnings: General Motors (NYSE:GM) Firing on All Cylinders,"As the Q3 earnings season comes to a close, it’s time to take stock of this quarter’s best and worst performers in the automobile manufacturers industry, including General Motors (NYSE:GM) and its peers.",Yahoo,https://finnhub.io/api/news?id=ba26f381703b25325a377b6118061b08b0275e4d6600a8505c367da8a02cf5d7
2024-11-21 01:01:00,TSLA,Nvidia Gives Market Reasons to Sell the Stock. Why That’s a Good Thing and 5 Other Things to Know Today.,Nvidia Gives Market Reasons to Sell the Stock. Why That’s a Good Thing and 5 Other Things to Know Today.,MarketWatch,https://finnhub.io/api/news?id=abba21c40a8880b5f1a522892586ff6a75817605e0bd5a53cbfd24314ba0e471
2024-11-20 17:22:00,TSLA,Billionaire Ken Griffin Increased His Position in Tesla Stock By 395%. Should You Buy Tesla During Its Post-Election Surge?,"Billionaire investor Ken Griffin has been known for making some rather eccentric purchases.  Griffin has amassed his fortune as a hedge fund manager, specifically as the CEO of Citadel Advisors -- one of Wall Street's most elite portfolio management funds.",Yahoo,https://finnhub.io/api/news?id=88f37857790b17ea0afed0aa48bb82a4d441d01d0c4fee4365f7c800a26cb1c0
2024-11-20 16:30:59,TSLA,"Morgan Stanley Maintains ‘Buy’ Rating on Tesla, Inc. (TSLA), Bullish on AI and Autonomous Technology Leadership","We recently compiled a list of the 15 AI News Shaping Wall Street Today. In this article, we are going to take a look at where Tesla, Inc. (NASDAQ:TSLA) stands against the other AI stocks that are shaping Wall Street today. In recent news reported by Reuters, a U.S. congressional commission proposed a Manhattan Project-style initiative to […]",Yahoo,https://finnhub.io/api/news?id=f7d26c61d1e441c19c681d9c230cfff49fae10714f7f028de8618f49bdcd67a2
2024-11-20 16:07:16,TSLA,Nvidia releases earnings: Takeaways from Mag 7 Q3 results,"Nvidia released its third quarter earnings release, with revenue and earnings beating Wall Street expectations. The chipmaker's results close out the ""Magnificent Seven"" third quarter earnings, as Tesla (TSLA), Microsoft (MSFT), Meta (META), Alphabet (GOOG, GOOGL), Amazon (AMZN), and Apple (AAPL) have already released results for the quarter. Yahoo Finance's Josh Schafer joins Asking for a Trend Josh Lipton to go over his takeaways from the Magnificent Seven earnings: earnings growth is not an issue, Nvidia is still the leader of the pack, and 2025 outperformance is uncertain. To watch more expert insights and analysis on the latest market action, check out more Asking for a Trend here. This post was written by Naomi Buchanan.",Yahoo,https://finnhub.io/api/news?id=a736f6a702a90cf188fd344b73643acd77662e3421b74adb992af48bec149bc7
2024-11-20 15:42:00,TSLA,"Tesla Stock Dropped. It Waited on Nvidia Earnings, Just Like the Rest of Us.","Shares of the electric-vehicle maker have moved an average of 6%, up or down, each day since the Nov. 5 election.",Yahoo,https://finnhub.io/api/news?id=4289295fb22c57d5c00c06f8951b461614875f712d117227eacdf633783d0993
2024-11-20 14:33:19,TSLA,Tesla Keeps Pushing To Meet This Elon Musk Target. Here's The Latest Incentive.,Tesla Keeps Pushing To Meet This Elon Musk Target. Here's The Latest Incentive.,DowJones,https://finnhub.io/api/news?id=5e4e9a9b9730b0678b9c103c6a0d3c38abe57986be0c817b0ebe1ac9c2069291
2024-11-20 14:04:05,TSLA,"Despite slowing sales, automakers are expanding electric vehicle models, including family haulers","Even though sales of electric vehicles aren't growing as fast as in past years and President-elect Donald Trump may ditch tax credits for EV buyers, automakers are moving ahead with new models that...",Finnhub,https://finnhub.io/api/news?id=4c8b789e6d7dbbde72bb457f8555872fafbae0ec119292080cec942fc5e71adf
2024-11-20 12:31:25,TSLA,"If Trump cuts EV tax credits, it's bad news for Tesla and others","Electric vehicle (EV) demand is expected to plunge as President-elect Donald Trump has indicated he plans to cut EV tax credits during his second term in the White House. Yahoo Finance's Akiko Fujita joins Wealth! Host Brad Smith to break down the current EV tax credits and what the change means for EV makers like Tesla (TSLA) and Rivian (RIVN), as well as traditional automakers pushing into electric and hybrid options like Ford (FORD), General Motors (GM), and Stellantis (STLA). To watch more expert insights and analysis on the latest market action, check out more Wealth here. This post was written by Naomi Buchanan.",Yahoo,https://finnhub.io/api/news?id=deaf2e5990fee9a532a93d5f7e24fc723edfa2684edf3225abbd038c86457fa8
2024-11-20 10:31:00,TSLA,"Tesla Inc. stock falls Wednesday, underperforms market","Tesla Inc. stock falls Wednesday, underperforms market",MarketWatch,https://finnhub.io/api/news?id=2c1d2d7f2d92a2ed29de898c5cbd795961191d2312126c3136fef5f912e738b0
2024-11-20 10:15:17,TSLA,Elon Musk's Father Says It Would Be 'A Big Concern' If Elon Had To Step Away From Board Meetings At His Companies To 'Go To Government',"Errol Musk, the father of billionaire entrepreneur Elon Musk, recently spoke about his son's new role in Donald Trump's administration, where Elon Musk and Vivek Ramaswamy were appointed to lead the newly formed ""Department of Government Efficiency"" (DOGE). The planned presidential advisory commission aims to reduce waste, cut bureaucracy and improve efficiency across federal agencies. Don't Miss: Deloitte's fastest-growing software company partners with Amazon, Walmart & Target – You can still",Yahoo,https://finnhub.io/api/news?id=9969a01ab0af9343c23885aae0c61d1645712abd45973695f1c0b7056ef7244a
2024-11-20 10:08:35,TSLA,"Tesla Rides High on New Self-Driving Regulations, Thanks to Musk's Trump Support",Tesla shares surge as Elon Musk's support for Trump aligns with favorable federal self-driving regulations,Yahoo,https://finnhub.io/api/news?id=e4bfc12146ea30cd3345c3dcbf94ce8e3f2cebdc0b338616ccf6b3ccb8c0d33a
2024-11-20 10:03:16,TSLA,Tesla Chair Sells $35M in Stock Amid Post-Trump Election Surge,Tesla Chair Cashes in $35 Million as Stock Gains Post-Trump Election,Yahoo,https://finnhub.io/api/news?id=906dc83b87727f0166bde90cf471ebc78153d006e93bf4ec75e62df623c11b6e
2024-11-20 09:19:23,TSLA,"STMicroelectronics, TJX, Tesla: 3 Stories In Focus","STMicroelectronics (STM, STMPA.PA) pushes back its long-term $20 billion revenue target to 2030, saying it expects lower chip demand to extend into 2025. TJX Companies (TJX) shares are in focus after the TJ Maxx and Marshalls parent company reported third quarter results, lifting its earnings forecast. The consumer discretionary sector is under pressure, with Target (TGT) shares tumbling after missing on earnings and sales. Tesla (TSLA) Chair Robyn Denholm sold $35 million of Tesla stock after the 2024 US election, although the transaction has been noted to have been prearranged. To watch more expert insights and analysis on the latest market action, check out more Morning Brief here. This post was written by Naomi Buchanan.",Yahoo,https://finnhub.io/api/news?id=1a6c602b6b3137a7b3bb54152ae231be583c4b98daa6f821dbf3451403e755ce
2024-11-20 09:00:00,TSLA,Uber Stock Got Crushed by Tesla Fears. The Case for Buying Now.,Worry about self-driving taxis has knocked shares of the ride-hailing company down almost 20% since Tesla hosted its Robotaxi Day on Oct. 10.,Yahoo,https://finnhub.io/api/news?id=17f76728412bbac1acd2fa49244a5173925b86427e305876abc045fbcf6e0b4a
2024-11-20 08:46:57,TSLA,"In business-friendly Delaware decision, company wins OK to move to business-friendly Nevada",The Trade Desk needed only a simple majority vote to reincorporate in Nevada after a Chancery Court ruling found a supermajority vote wasn’t needed.,Yahoo,https://finnhub.io/api/news?id=95bce2df3cbc28726ce4e177c778826d6401323feaf0b82b28dda35ead258adc
2024-11-20 08:11:24,TSLA,CET: This Stellar CEF Offers Outperformance And Diversification,Central Securities Corporation offers a 4.86% yield and has outperformed the S&P 500 over 30 years. Read why this fund may be attractive for long-term capital appreciation.,SeekingAlpha,https://finnhub.io/api/news?id=3f42eda7176cc5b90c095bf337ec83c4d23b12a1d1e18ee28cf4704bdbccf0f8
2024-11-20 07:18:00,TSLA,Taiwan Semiconductor and CVS Health have been highlighted as Zacks Bull and Bear of the Day,Taiwan Semiconductor and CVS Health have been highlighted as Zacks Bull and Bear of the Day.,Yahoo,https://finnhub.io/api/news?id=ec92c9b4ac59e9f47bbce1e2cd6972fbe053deb06ac6be773b2373f05242e56c
2024-11-20 06:44:00,TSLA,Tesla Stock Will Have Quiet Wednesday—Until Nvidia Reports Earnings,"Shares of the electric-vehicle maker have moved an average of 6%, up or down, each day since the Nov. 5 election.",Yahoo,https://finnhub.io/api/news?id=7579fb45b4ff4732306b911b2d4f534b86a977c125f005ad09160ad6f835d19b
2024-11-20 06:01:23,TSLA,Tesla Insiders Cash In Big: Millions Sold as Stock Soars,Robyn Denholm and Kimbal Musk rake in millions from pre-planned Tesla stock sales amid EV boom,Yahoo,https://finnhub.io/api/news?id=6fa8d94dc83f5b9e308d0452864eecebebd05aba306a88cf68b77d2ddd80be50
2024-11-20 05:30:48,TSLA,How much of Musk’s wealth comes from tax dollars and government help?,Elon Musk is the world’s richest person partly due to his companies’ impressive innovations. But his wealth is also due to government contracts and programs that affected his two main businesses – electric vehicles and space travel.,Yahoo,https://finnhub.io/api/news?id=6a0b0641b22e5bf18494dc7466ce1bf44ceab1595cd8ced2c1796dda249602a2
2024-11-20 05:22:30,TSLA,Big Tech stocks fall sharply as investors await Nvidia earnings,Big Tech stocks fall sharply as investors await Nvidia earnings,MarketWatch,https://finnhub.io/api/news?id=be7216898a874960d562fa5bc49fcbb09c4a16403f840ffdbba83f215979e3c0
2024-11-20 05:05:00,TSLA,Trump’s return to the White House is ushering in a ‘stock picker’s paradise’,Trump’s return to the White House is ushering in a ‘stock picker’s paradise’,MarketWatch,https://finnhub.io/api/news?id=5b0335dc1bc90203f6f142a71c64209b8a1b8ce0e54d13c0aafaa40ea1a7b62c
2024-11-20 04:32:58,TSLA,"Tech stocks weigh on the broader market, Target drags down the S&P 500","Tech stocks weigh on the broader market, Target drags down the S&P 500",MarketWatch,https://finnhub.io/api/news?id=7e3cc06368109ad2034150a76e35947db2bbfb990ff0a454463e73e631e2fc8c
2024-11-20 04:16:00,TSLA,NIO Stock Falls After Earnings. What’s Driving Shares Lower.,NIO Stock Falls After Earnings. What’s Driving Shares Lower.,MarketWatch,https://finnhub.io/api/news?id=e15c19009eb128020a0b485af1f5b5ed7b7df11b93a4d041f95f7907280a1c0d
2024-11-20 04:13:00,TSLA,"Tesla Stock Drops. It’s Waiting on Nvidia Earnings, Just Like the Rest of Us.","Tesla Stock Drops. It’s Waiting on Nvidia Earnings, Just Like the Rest of Us.",MarketWatch,https://finnhub.io/api/news?id=580068acd6887ba6f05dedccbd112a1123d60c0e333e9c5b59bc06e40033c48c
2024-11-20 04:11:00,TSLA,There Are More Billionaires Than Ever. And They Keep Getting Richer.,There Are More Billionaires Than Ever. And They Keep Getting Richer.,MarketWatch,https://finnhub.io/api/news?id=9f9662dad5a6104bc996ce269a6f3761d155be1d54fd1dcf4c13d9ca1dacff3a
2024-11-20 04:00:00,TSLA,"Large cryptocurrencies climb on Cardano, Ripple increases","Large cryptocurrencies climb on Cardano, Ripple increases",MarketWatch,https://finnhub.io/api/news?id=c2b3dfbd1d1ea96cfdd0fe11a9130733ff2beeb48a01d3727b753b130b1bd802
2024-11-20 04:00:00,TSLA,Why Does Elon Musk Support Ending EV Tax Credits? Here Are Two Reasons,"Tesla CEO Elon Musk has reportedly endorsed President-elect Donald Trump's plans to eliminate federal electric vehicle tax credits, raising questions about why the presidential advisor would support policies that might not help Tesla.",Yahoo,https://finnhub.io/api/news?id=9c1b0a231c2dd507bb4ce3be23b40036f9d692ce71305b8d28500fd9fafbff7f
2024-11-20 03:59:48,TSLA,Q3 Earnings Outperformers: Tesla (NASDAQ:TSLA) And The Rest Of The Automobile Manufacturers Stocks,"As the Q3 earnings season comes to a close, it’s time to take stock of this quarter’s best and worst performers in the automobile manufacturers industry, including Tesla (NASDAQ:TSLA) and its peers.",Yahoo,https://finnhub.io/api/news?id=cbb6aef02b6a352fb6e0fe8b14222ad8d480eae9bfb7e1de9f8cfda9c569d96b
2024-11-20 03:51:18,TSLA,"Dow Jones Falls Ahead Of Nvidia Earnings, Jensen Huang; Target Plunges On Earnings","Dow Jones Falls Ahead Of Nvidia Earnings, Jensen Huang; Target Plunges On Earnings",DowJones,https://finnhub.io/api/news?id=42469a00e46d17bd36cb7fbd58a1eda4fccc82ed5d1e821767ef127f16f04398
2024-11-20 03:30:00,TSLA,Elon Musk's China ties 'a profound threat' to US national security: senator,"Elon Musk's involvement in the incoming Donald Trump administration is drawing scrutiny over possible conflicts of interests, with a senator warning that the Tesla and SpaceX CEO's business ties with China could jeopardise US national security. ""I think it is beyond dangerous. I think it is a profound threat to our national security that Mr. Musk and SpaceX are in this position,"" said Richard Blumenthal, chairman of the Senate judiciary subcommittee on privacy, technology and the law. Trump has",Yahoo,https://finnhub.io/api/news?id=3eeea9c117af34a99bad45466aaaed0cc7b29051c9d315963351f4d61ee7a3e6
2024-11-20 03:16:09,TSLA,Tesla's Trump Card Is A Key Catalyst In Its Autonomous Future,"Tesla, Inc. remains a Buy despite its high valuation due to long-term growth potential. Read more on TSLA stock update.",SeekingAlpha,https://finnhub.io/api/news?id=36e93d2fd41aac7d8f06f2ea391042cfef0dec34f784b18d71d432ae3579dd81
2024-11-20 03:15:22,TSLA,Tesla chair sold $35 million of stock amid post-election surge,"(Bloomberg) -- Tesla Inc. Chair Robyn Denholm cashed in from a well-timed sale of shares this month, reaping more than $35 million from stock that soared after the US election.Most Read from BloombergParis to Replace Parking Spaces With TreesNew York’s Transit Agency Approves $9 Congestion TollTrump Promises Could Have Seismic Impact on Washington EconomyTokyo’s Scorching Summers Focus Public Anger Against Tree CuttingNY Congestion Pricing Survived a Pause. Here’s What Could Kill ItDenholm exerc",Yahoo,https://finnhub.io/api/news?id=e7abc984cf5bd093a892def6195c8ffefd0f5c5f6c5803fc2e9959c322015804
2024-11-20 03:00:00,TSLA,Microsoft: Basing Before Next Moves Higher (Technical Analysis) (Rating Upgrade),Microsoft had a strong growth in its cloud segment. Click here to read what makes MSFT stock a Buy amidst short-term bearish trends.,SeekingAlpha,https://finnhub.io/api/news?id=41ae726d996ee5a44b91d9e94cf0f0fd349d2b8687beb6eb32fdf48d63fafc4e
2024-11-20 02:52:00,TSLA,"Billionaire Izzy Englander Just Sold Apple, Amazon, and Nvidia but Bought 4 Other ""Magnificent Seven"" Stocks","Meanwhile, Millennium Management hedge fund manager Israel ""Izzy"" Englander continues to buy and sell stocks with gusto.  Englander either added to or reduced Millennium's positions in many of its holdings in the third quarter of 2024.  Buffett trimmed Berkshire's position in Apple (NASDAQ: AAPL) by 25% in Q3.",Yahoo,https://finnhub.io/api/news?id=9328682c65d1364094634b211c95e53e19280cd6d65bbf3f0816a935face82aa
2024-11-20 00:14:57,TSLA,"Tesla, Inc. (TSLA) Poised for Growth as U.S. Government Moves Toward Self-Driving Car Framework, Says Analyst","We recently compiled a list of the 15 AI News Making Waves Right Now. In this article, we are going to take a look at where Tesla, Inc. (NASDAQ:TSLA) stands against the other AI stocks that are making waves right now. With Donald Trump having won the elections, it seems Elon Musk is going to be […]",Yahoo,https://finnhub.io/api/news?id=bf1909b7652b7c732fefee0d67f14cd71fa8ae0ef7e43bb7cac726abfa748e8f
2024-11-19 15:13:00,TSLA,Tesla Stock Climbs Again. Is Kim Kardashian Helping?,A big influencer showing off a Tesla robot appears to be offsetting worries of an escalating war between Russian and Ukraine.,Yahoo,https://finnhub.io/api/news?id=763e1e891b59b394c7a4d2557bfd0f75145a203ec1d94bc6082f420e6c41414e
2024-11-19 15:00:00,TSLA,Trump Administration to Fast-Track Self-Driving Car Regulations,"Tesla's stock continues to climb as the Trump administration plans to ease regulations on self-driving cars, signaling a potential boom for Elon Musk's companies.",Yahoo,https://finnhub.io/api/news?id=06092b3ff3aa5fcec269cef1613f3627c068738f2ebe188c80ad249c7048e0b7
2024-11-19 14:55:20,TSLA,"Kim Kardashian experiences Tesla's robot, cybercab firsthand",Businesswoman and reality TV star Kim Kardashian recently got to experience some of Tesla’s upcoming technology — the Optimus robot and Cybercab robotaxi — firsthand.,Yahoo,https://finnhub.io/api/news?id=a1c6562b3f113e920a2db0dd459ad1fa06c917b73200ee7580302ca3c9dd8d47
2024-11-19 14:32:34,TSLA,Mexico warns about Trump tariff impact on U.S. companies,"Mexico's top economy officials on Tuesday downplayed concerns about trade talks with Donald Trump's administration, saying the potential impact on American companies could give the incoming U.S....",Finnhub,https://finnhub.io/api/news?id=a2d5c8803d96ff93075100676d2d6606aec453f16a7779a46f5063e15c09b22b
2024-11-19 14:15:44,TSLA,Musk-Led Panel Considers Mobile Tax-Filing App Under Trump Administration,Tesla CEO Elon Musk and Vivek Ramaswamy will oversee the Department of Government Efficiency under Trump,Yahoo,https://finnhub.io/api/news?id=19f9502cf6bcbea33d48004d5915ea049a1e703afb45cf00ebc06b52dfee7f28
2024-11-19 14:00:04,TSLA,Tesla: Be Careful What You Ask For,"Read here for an analysis of Tesla's (TSLA) surge post election, challenges ahead under the Trump administration, and advises awaiting a pullback.",SeekingAlpha,https://finnhub.io/api/news?id=c4f59ff7702572a23fea3b5053838f5605fe51e8e225b580af72e490bc54a9ba
2024-11-19 13:42:20,TSLA,EVgo Expands Charging Network in Midwest with $1.05 Billion DOE Loan Guarantee,EVgo will install 480 public fast charging stalls at Meijer grocery stores in six Midwest states,Yahoo,https://finnhub.io/api/news?id=046b473a7252c8ab5bb48ce7ca1205559b5a8d33496cdefdd8a9fd879dcf66fd
2024-11-19 13:34:31,TSLA,Investors Bet on a Surge in Tesla Shares,Tesla shares have been on a tear this month.  Investors are betting that they have more room to run.  The electric vehicle-maker's recent gains come after a report that Donald Trump's transition team wants a federal framework for self-driving vehicles.,Yahoo,https://finnhub.io/api/news?id=7e14c26459e7545d3a006e3c35cda329ee9bd166826abf1a5a9457ceef906b18
2024-11-19 11:15:18,TSLA,"'No Grand Family Compound,' Elon Musk Says Amid Rumors Of $35M Texas Estate","Billionaire Elon Musk shot down reports about a sprawling family compound in Austin, Texas, disputing claims that he’s building a $35 million estate for his eleven children and their mothers. “I don’t own, nor am I building a compound in Austin,” Musk told Page Six last month. “No grand family compound/home has been built or is expected to be built.” Don't Miss: This Jeff Bezos-backed startup will allow you to become a landlord in just 10 minutes, and you only need $100. Warren Buffett once said",Yahoo,https://finnhub.io/api/news?id=3804fbeecd3212abc8b885d6841b85c5e79a3521b833ce781aa2c73f3c6e7da5
2024-11-19 11:14:05,TSLA,Trump Tasked Elon Musk To Oversee Government Efficiency. Here's How Musk Has Streamlined Costs At His Own Companies,"President-elect Donald Trump has recently appointed Elon Musk to colead a new Department of Government Efficiency. The goal? To cut down on government waste and make things run smoother, all while saving money. Musk will work alongside Vivek Ramaswamy, which, as many have pointed out, is unusual for a cost-cutting department. But what makes Musk qualified for this role? Well, he’s no stranger to maximizing efficiency in his companies, although this has put him in hot water with the unions. Don't",Yahoo,https://finnhub.io/api/news?id=b9376b938e63b552feda4cbb97b06dd6ad9e926e96cb27839001364e06a14d0e
2024-11-19 10:31:00,TSLA,"Tesla Inc. stock rises Tuesday, outperforms market","Tesla Inc. stock rises Tuesday, outperforms market",MarketWatch,https://finnhub.io/api/news?id=ad715a5087c2569215bf6ae09a231dabb2dd7e5815346b5c185434a258e8e4a0
2024-11-19 10:27:51,TSLA,Tesla Protest Camp Cleared: Police Crack Down Amid Gigafactory Expansion Backlash,German police clear Tesla protest camp amid controversy over Gigafactory expansion and environmental concerns,Yahoo,https://finnhub.io/api/news?id=ca82a6c58f4d330ac59fe88742985a563fc30d68fdb474381984d54a9f16fa4a
2024-11-17 10:10:58,TSLA,Tesla Stock Soars On Trump Victory; Rival BYD Eyes BEV Crown,Tesla stock spiked on Donald Trump's election. BYD has topped Tesla revenue and is set to win the BEV crown. But the China EV stock has retreated.,Yahoo,https://finnhub.io/api/news?id=2d856365828dd272da396999ba99975489399a6fe30752fc75048962e8653ebc
2024-01-26 09:10:00,TSLA,Layoffs in 2024: A List of Companies Cutting Jobs This Year,"Google said it planned to lay off more employees this year but at a smaller scale than in 2023, when it cut more than 12,000 workers as part of large trims across the tech industry.  Chief Executive  Sundar Pichai  told employees in a Jan. 17 memo the company would have to make tough choices as it funded investments in areas like artificial intelligence.",Yahoo,https://finnhub.io/api/news?id=00ae9fef0806f577893746e912a579b9b59440a85c44c983455b3a84bccb7d3b
